{"type":"FeatureCollection","features":[{"type":"Feature","properties":{"no":1},"geometry":{"type":"Polygon","coordinates":[[[135.52288,34.77506],[135.52324,34.77496],[135.52406,34.77499],[135.52433,34.77512],[135.52487,34.77557],[135.52678,34.7759],[135.52713,34.7762],[135.52719,34.77642],[135.5271,34.7771],[135.52719,34.77733],[135.52759,34.7775],[135.52841,34.7775],[135.52868,34.77778],[135.52862,34.77801],[135.52788,34.77868],[135.52765,34.77936],[135.52709,34.78026],[135.52691,34.78093],[135.52698,34.78138],[135.52717,34.78161],[135.52811,34.78215],[135.5292,34.78264],[135.53064,34.78342],[135.53123,34.78455],[135.53125,34.78478],[135.5311,34.78491],[135.53028,34.78494],[135.52946,34.78517],[135.52906,34.78545],[135.52894,34.7859],[135.52918,34.78617],[135.52946,34.78614],[135.53,34.78593],[135.53028,34.78594],[135.53164,34.78635],[135.53185,34.78658],[135.53198,34.78704],[135.53218,34.78725],[135.53245,34.78737],[135.533,34.78742],[135.53437,34.78728],[135.53516,34.7875],[135.53543,34.78772],[135.53572,34.7884],[135.53631,34.78931],[135.53657,34.78998],[135.53656,34.79021],[135.53616,34.79088],[135.53585,34.79201],[135.53592,34.79291],[135.53632,34.79359],[135.53607,34.79449],[135.53624,34.79472],[135.53678,34.79479],[135.53716,34.79494],[135.53734,34.79517],[135.53759,34.79585],[135.53843,34.79675],[135.53854,34.7972],[135.53841,34.79734],[135.53813,34.79737],[135.5367,34.79697],[135.53647,34.79674],[135.53639,34.79584],[135.53596,34.79547],[135.53569,34.79542],[135.53479,34.79561],[135.53377,34.79625],[135.5335,34.79632],[135.53213,34.79613],[135.53159,34.79591],[135.53104,34.79579],[135.52967,34.7959],[135.52885,34.79561],[135.52803,34.79575],[135.52694,34.79573],[135.52639,34.79595],[135.52557,34.79649],[135.5253,34.79653],[135.52517,34.79647],[135.52448,34.79598],[135.52394,34.79592],[135.52351,34.79602],[135.52284,34.79651],[135.52229,34.7966],[135.52204,34.79646],[135.52257,34.79586],[135.52339,34.79524],[135.52386,34.79467],[135.52385,34.79377],[135.52402,34.79309],[135.5249,34.79197],[135.52547,34.79039],[135.52545,34.79017],[135.52526,34.78994],[135.52207,34.78831],[135.52173,34.7879],[135.5215,34.78745],[135.5213,34.78654],[135.521,34.78587],[135.52017,34.78514],[135.51993,34.78473],[135.52004,34.78428],[135.52063,34.78384],[135.521,34.7833],[135.5217,34.78271],[135.52163,34.78204],[135.52173,34.78136],[135.52133,34.77978],[135.52057,34.77865],[135.51992,34.7773],[135.51988,34.77662],[135.52022,34.77633],[135.52214,34.77572],[135.52288,34.77506]],[[135.5254,34.77889],[135.52538,34.77912],[135.52547,34.77912],[135.52547,34.7789],[135.5254,34.77889]]]}},{"type":"Feature","properties":{"no":2},"geometry":{"type":"Polygon","coordinates":[[[135.48275,34.77647],[135.48308,34.77638],[135.48335,34.77641],[135.48352,34.77647],[135.48373,34.7767],[135.48358,34.77692],[135.48323,34.77715],[135.48279,34.7776],[135.48251,34.77805],[135.48254,34.77827],[135.48302,34.77917],[135.48333,34.7794],[135.48406,34.77963],[135.48418,34.77986],[135.48417,34.78031],[135.48435,34.78076],[135.48465,34.78121],[135.48527,34.78189],[135.48577,34.78284],[135.48604,34.783],[135.48631,34.78299],[135.48714,34.78252],[135.48741,34.78253],[135.48768,34.78274],[135.48802,34.78325],[135.48806,34.78348],[135.48774,34.78415],[135.48777,34.78438],[135.48799,34.7846],[135.48884,34.78506],[135.4891,34.78551],[135.48902,34.78596],[135.48875,34.78624],[135.48848,34.78636],[135.48739,34.78631],[135.48693,34.78618],[135.4863,34.7858],[135.48602,34.7859],[135.48575,34.7864],[135.48547,34.78671],[135.4852,34.7869],[135.48437,34.78725],[135.4841,34.78751],[135.48339,34.78842],[135.48324,34.78887],[135.48295,34.78932],[135.48289,34.78954],[135.48296,34.78977],[135.48381,34.79053],[135.48408,34.79112],[135.48408,34.79135],[135.48346,34.79202],[135.48309,34.7927],[135.48305,34.79292],[135.48313,34.79315],[135.48477,34.79518],[135.48551,34.79564],[135.48568,34.79586],[135.48561,34.79609],[135.48541,34.79622],[135.48514,34.79624],[135.48475,34.79608],[135.48364,34.79518],[135.48294,34.79473],[135.48269,34.79446],[135.4822,34.79337],[135.48161,34.79292],[135.48079,34.79269],[135.47997,34.79223],[135.47929,34.79201],[135.47861,34.79146],[135.47834,34.7914],[135.47697,34.79164],[135.47615,34.79202],[135.47514,34.79109],[135.47509,34.79086],[135.47534,34.79053],[135.4763,34.79019],[135.47715,34.78952],[135.47781,34.78927],[135.47803,34.78907],[135.47811,34.78884],[135.47807,34.78862],[135.4772,34.78749],[135.47733,34.78726],[135.47782,34.7869],[135.47804,34.78659],[135.478,34.78614],[135.47777,34.78569],[135.47774,34.78546],[135.47787,34.78524],[135.47838,34.78497],[135.4792,34.78496],[135.47947,34.78483],[135.48001,34.78435],[135.48057,34.7841],[135.4808,34.7839],[135.48087,34.78345],[135.48067,34.783],[135.47988,34.78232],[135.47971,34.78187],[135.47987,34.78142],[135.48037,34.78074],[135.4804,34.78052],[135.4802,34.77961],[135.48027,34.77849],[135.48143,34.77718],[135.48275,34.77647]]]}},{"type":"Feature","properties":{"no":3},"geometry":{"type":"Polygon","coordinates":[[[135.65168,34.77549],[135.65188,34.77538],[135.65216,34.77539],[135.6527,34.77561],[135.65297,34.77564],[135.65489,34.77556],[135.65516,34.77561],[135.65543,34.77581],[135.6557,34.7762],[135.65654,34.77686],[135.65744,34.77799],[135.65755,34.77821],[135.65716,34.77889],[135.65719,34.77911],[135.6576,34.7796],[135.65815,34.77986],[135.65897,34.77999],[135.66006,34.78028],[135.6606,34.7803],[135.66142,34.78008],[135.66189,34.78025],[135.66209,34.78048],[135.66214,34.78071],[135.662,34.78093],[135.66165,34.78115],[135.66151,34.78138],[135.66175,34.78228],[135.66164,34.78273],[135.66168,34.78339],[135.6618,34.78363],[135.66272,34.78454],[135.66284,34.78476],[135.66282,34.78499],[135.66163,34.78634],[135.66133,34.78679],[135.66127,34.78701],[135.66149,34.78769],[135.66145,34.78792],[135.66099,34.78859],[135.66065,34.78949],[135.66104,34.79129],[135.66119,34.79152],[135.66174,34.79197],[135.66202,34.79242],[135.66205,34.79265],[135.66192,34.79295],[135.66164,34.79318],[135.6611,34.79333],[135.66082,34.79326],[135.65973,34.79267],[135.65864,34.79245],[135.65837,34.79247],[135.65809,34.79257],[135.65727,34.79312],[135.65595,34.79376],[135.65573,34.79398],[135.65575,34.79466],[135.65481,34.79497],[135.65433,34.79533],[135.65327,34.79668],[135.65206,34.79771],[135.65179,34.79803],[135.65148,34.79916],[135.65124,34.7994],[135.65047,34.7996],[135.65017,34.79983],[135.65006,34.80005],[135.6499,34.80095],[135.64959,34.80121],[135.64931,34.80124],[135.64904,34.80111],[135.64859,34.8005],[135.64792,34.80005],[135.64688,34.79914],[135.64648,34.79847],[135.64605,34.79836],[135.6455,34.79843],[135.64523,34.79838],[135.64503,34.79824],[135.64492,34.79801],[135.64494,34.79778],[135.64515,34.79643],[135.6457,34.79553],[135.64587,34.79508],[135.64582,34.79463],[135.64552,34.79409],[135.64525,34.79392],[135.64497,34.79388],[135.64388,34.79398],[135.64336,34.79417],[135.64345,34.79485],[135.64333,34.79508],[135.64306,34.79524],[135.64278,34.79525],[135.64257,34.79507],[135.64257,34.79485],[135.64279,34.79457],[135.64331,34.79417],[135.64295,34.7935],[135.64293,34.79305],[135.64353,34.79237],[135.64388,34.7917],[135.64447,34.79125],[135.64479,34.7908],[135.64466,34.79012],[135.64445,34.78979],[135.64398,34.78944],[135.64397,34.78922],[135.64513,34.78809],[135.64527,34.78805],[135.64637,34.78815],[135.64664,34.78805],[135.64681,34.78787],[135.64684,34.78765],[135.64674,34.78742],[135.64614,34.78674],[135.64616,34.78652],[135.64663,34.78607],[135.64692,34.78539],[135.64747,34.78472],[135.64777,34.78404],[135.64857,34.78336],[135.64911,34.78225],[135.64945,34.7818],[135.64954,34.78135],[135.64932,34.78067],[135.64938,34.78022],[135.65,34.77887],[135.65048,34.77729],[135.65086,34.77662],[135.65168,34.77549]]]}},{"type":"Feature","properties":{"no":4},"geometry":{"type":"Polygon","coordinates":[[[135.59437,34.75345],[135.5949,34.75337],[135.59526,34.75346],[135.59587,34.75413],[135.59641,34.75459],[135.59762,34.75543],[135.59871,34.75588],[135.59919,34.7564],[135.59913,34.75662],[135.59898,34.75667],[135.59816,34.75667],[135.5974,34.75684],[135.5971,34.75707],[135.59699,34.75729],[135.59693,34.75932],[135.59719,34.76067],[135.59718,34.76225],[135.5971,34.7627],[135.59694,34.76293],[135.59649,34.76317],[135.59486,34.7633],[135.59431,34.76349],[135.59349,34.76395],[135.59251,34.76472],[135.59212,34.76494],[135.59157,34.76504],[135.58993,34.76506],[135.58954,34.76516],[135.58931,34.76538],[135.5893,34.76606],[135.58911,34.76629],[135.58828,34.76672],[135.58801,34.76675],[135.58774,34.7667],[135.58747,34.76652],[135.58678,34.76582],[135.58478,34.76424],[135.58311,34.76279],[135.57903,34.76012],[135.57658,34.75873],[135.57549,34.75826],[135.57528,34.75812],[135.57513,34.7579],[135.57522,34.75763],[135.57549,34.75752],[135.57577,34.75755],[135.57686,34.75817],[135.5774,34.75836],[135.57849,34.75906],[135.57986,34.7592],[135.58122,34.75998],[135.58231,34.76048],[135.5834,34.76081],[135.58449,34.76128],[135.58531,34.76136],[135.58612,34.76157],[135.5864,34.76152],[135.58886,34.75994],[135.58914,34.75988],[135.58941,34.75994],[135.59023,34.7604],[135.5905,34.76042],[135.59077,34.76029],[135.59093,34.75998],[135.59092,34.75953],[135.59101,34.7593],[135.59169,34.75863],[135.59183,34.7584],[135.59199,34.75773],[135.59251,34.75705],[135.5928,34.75638],[135.59332,34.7557],[135.59337,34.75548],[135.5933,34.75525],[135.59272,34.75457],[135.5927,34.75435],[135.59299,34.75406],[135.59354,34.75388],[135.59437,34.75345]]]}},{"type":"Feature","properties":{"no":5},"geometry":{"type":"Polygon","coordinates":[[[135.62737,34.74522],[135.62774,34.74522],[135.62798,34.74539],[135.6282,34.7459],[135.62843,34.74612],[135.62891,34.74635],[135.6295,34.7468],[135.63009,34.74703],[135.63033,34.74726],[135.6303,34.74793],[135.63069,34.74935],[135.63097,34.74956],[135.63151,34.7498],[135.63168,34.74997],[135.63178,34.75027],[135.63205,34.75039],[135.6326,34.75037],[135.63287,34.75043],[135.63323,34.75065],[135.63369,34.75132],[135.6344,34.752],[135.6346,34.75245],[135.63474,34.75313],[135.63504,34.75368],[135.63532,34.75384],[135.63559,34.75387],[135.63723,34.75355],[135.6375,34.7536],[135.63782,34.75382],[135.63823,34.75585],[135.63808,34.75742],[135.63861,34.75855],[135.63867,34.75923],[135.63884,34.75959],[135.63911,34.75973],[135.63939,34.75977],[135.64021,34.75973],[135.64048,34.75986],[135.64071,34.76013],[135.64102,34.76034],[135.64129,34.7604],[135.64157,34.76037],[135.64184,34.76022],[135.64208,34.75991],[135.6421,34.75969],[135.64197,34.75924],[135.64199,34.75901],[135.64212,34.75887],[135.64239,34.75881],[135.64294,34.75914],[135.64376,34.75913],[135.64403,34.75935],[135.64412,34.75969],[135.64403,34.75999],[135.64375,34.76017],[135.64321,34.76025],[135.64266,34.76063],[135.64184,34.76099],[135.64154,34.76126],[135.64147,34.76149],[135.64155,34.76171],[135.64183,34.76193],[135.64273,34.76217],[135.64297,34.76239],[135.64305,34.76262],[135.64323,34.76352],[135.64316,34.76375],[135.64239,34.76442],[135.64229,34.76465],[135.64232,34.7651],[135.6425,34.76532],[135.64346,34.76595],[135.64537,34.76612],[135.64673,34.76597],[135.64755,34.76613],[135.64837,34.76615],[135.6489,34.76647],[135.64897,34.76669],[135.64889,34.76692],[135.64812,34.76759],[135.64802,34.76782],[135.6482,34.76895],[135.64811,34.7694],[135.6478,34.77007],[135.64779,34.7703],[135.6479,34.77052],[135.64834,34.77097],[135.64857,34.77143],[135.64884,34.77165],[135.64917,34.77172],[135.64971,34.77168],[135.64999,34.77176],[135.65009,34.77188],[135.6504,34.77346],[135.65082,34.77436],[135.65139,34.77504],[135.6515,34.77549],[135.65134,34.77594],[135.65048,34.77729],[135.65,34.77887],[135.64938,34.78022],[135.64932,34.78067],[135.64954,34.78135],[135.64945,34.7818],[135.64911,34.78225],[135.64856,34.78337],[135.64802,34.78374],[135.64775,34.7838],[135.6472,34.78373],[135.64665,34.78337],[135.64652,34.78314],[135.64622,34.78201],[135.64524,34.78111],[135.64517,34.78088],[135.6452,34.78021],[135.64512,34.77998],[135.64476,34.7795],[135.64395,34.77885],[135.64331,34.77795],[135.64313,34.77782],[135.64286,34.77775],[135.64204,34.77778],[135.64177,34.77771],[135.64117,34.77726],[135.64085,34.77681],[135.6408,34.77591],[135.64068,34.77546],[135.63994,34.77433],[135.63971,34.7741],[135.63932,34.77385],[135.63878,34.77364],[135.63769,34.77358],[135.63743,34.77342],[135.63714,34.77303],[135.63687,34.77287],[135.63496,34.77285],[135.63452,34.77274],[135.63344,34.77116],[135.63346,34.77093],[135.63361,34.77071],[135.63463,34.76981],[135.63516,34.76913],[135.63717,34.76761],[135.63747,34.76711],[135.63772,34.76689],[135.63817,34.76666],[135.63838,34.76576],[135.63834,34.76554],[135.638,34.76487],[135.63746,34.76418],[135.63746,34.76328],[135.63737,34.76283],[135.63621,34.76125],[135.63604,34.76057],[135.63556,34.75989],[135.63549,34.75944],[135.63475,34.75894],[135.6342,34.75841],[135.63369,34.75809],[135.63344,34.75741],[135.63296,34.75673],[135.63231,34.75605],[135.63203,34.7559],[135.63176,34.75588],[135.63094,34.75612],[135.63039,34.75613],[135.62903,34.75574],[135.62879,34.75559],[135.62862,34.75537],[135.6286,34.75514],[135.62878,34.75469],[135.62903,34.75449],[135.62985,34.75424],[135.63013,34.75407],[135.63033,34.75379],[135.63033,34.75357],[135.6302,34.75334],[135.62991,34.75312],[135.62866,34.75244],[135.62768,34.75142],[135.62667,34.75085],[135.62622,34.74995],[135.62631,34.74927],[135.62621,34.7486],[135.62628,34.74815],[135.62648,34.74792],[135.62712,34.74747],[135.62723,34.74725],[135.62722,34.7468],[135.62683,34.74612],[135.62681,34.74589],[135.62702,34.74544],[135.62737,34.74522]],[[135.63742,34.77205],[135.63716,34.77229],[135.63742,34.77256],[135.63761,34.7723],[135.63742,34.77205]]]}},{"type":"Feature","properties":{"no":6},"geometry":{"type":"Polygon","coordinates":[[[135.61892,34.71928],[135.61936,34.71913],[135.61976,34.71928],[135.6209,34.72086],[135.62127,34.72108],[135.62208,34.72131],[135.62247,34.72154],[135.62294,34.72199],[135.62366,34.7229],[135.62368,34.72312],[135.62348,34.72357],[135.62206,34.72514],[135.62155,34.7265],[135.62087,34.72785],[135.62086,34.72987],[135.62144,34.73145],[135.62151,34.7319],[135.6214,34.73213],[135.62079,34.73258],[135.62121,34.73299],[135.62151,34.73348],[135.62175,34.73484],[135.62294,34.73619],[135.62315,34.73664],[135.62302,34.73709],[135.62245,34.73799],[135.62201,34.7383],[135.62119,34.73853],[135.62064,34.73848],[135.61973,34.73776],[135.61846,34.73718],[135.61762,34.73663],[135.61726,34.73617],[135.61707,34.73527],[135.61694,34.73505],[135.6164,34.73459],[135.61602,34.73453],[135.61574,34.73458],[135.61492,34.73503],[135.61465,34.73509],[135.61383,34.73486],[135.61274,34.73502],[135.61001,34.73462],[135.60958,34.73435],[135.60933,34.73389],[135.60943,34.73322],[135.60928,34.73277],[135.60866,34.73227],[135.60811,34.7322],[135.60756,34.73232],[135.60724,34.73231],[135.60675,34.73208],[135.60593,34.73148],[135.60566,34.73136],[135.60484,34.73123],[135.60375,34.73051],[135.60348,34.73046],[135.60266,34.73048],[135.60211,34.73035],[135.60184,34.7302],[135.60103,34.72952],[135.60021,34.72921],[135.60005,34.72891],[135.60025,34.72823],[135.60049,34.72801],[135.60076,34.72791],[135.60131,34.72785],[135.6024,34.72809],[135.60322,34.72812],[135.60376,34.728],[135.60405,34.72779],[135.60434,34.72734],[135.60441,34.72644],[135.60564,34.72532],[135.60569,34.72509],[135.60524,34.72442],[135.60525,34.72419],[135.60622,34.72307],[135.60707,34.72151],[135.60762,34.72113],[135.60789,34.72101],[135.60816,34.72101],[135.60844,34.72119],[135.60873,34.72172],[135.60898,34.72192],[135.60952,34.72202],[135.61007,34.72188],[135.61171,34.72102],[135.61335,34.72036],[135.61445,34.72028],[135.61608,34.72056],[135.6169,34.72043],[135.61745,34.7202],[135.61892,34.71928]]]}},{"type":"Feature","properties":{"no":7},"geometry":{"type":"Polygon","coordinates":[[[135.62219,34.72898],[135.62314,34.72887],[135.62505,34.72891],[135.62587,34.72927],[135.62662,34.72989],[135.62664,34.73012],[135.62651,34.73034],[135.62549,34.73147],[135.62512,34.73214],[135.62429,34.73304],[135.62402,34.73349],[135.62392,34.73394],[135.62456,34.73484],[135.6247,34.7362],[135.62502,34.7365],[135.62586,34.73688],[135.62611,34.73712],[135.62641,34.73778],[135.62646,34.73823],[135.62612,34.73913],[135.62612,34.73936],[135.62646,34.74026],[135.62675,34.74161],[135.62663,34.74219],[135.62636,34.74232],[135.62581,34.74211],[135.62499,34.74157],[135.62445,34.7407],[135.6232,34.73957],[135.62303,34.7389],[135.62261,34.73822],[135.62265,34.73777],[135.62302,34.73709],[135.62315,34.73664],[135.62294,34.73619],[135.62192,34.73506],[135.62166,34.73461],[135.62158,34.73371],[135.62137,34.73281],[135.62154,34.7319],[135.62151,34.73168],[135.62086,34.72987],[135.62091,34.72942],[135.62115,34.7292],[135.62219,34.72898]]]}},{"type":"Feature","properties":{"no":8},"geometry":{"type":"Polygon","coordinates":[[[135.46762,34.63179],[135.47253,34.63098],[135.47307,34.63099],[135.47362,34.63122],[135.47393,34.63151],[135.47501,34.63287],[135.47639,34.63491],[135.4777,34.63784],[135.47829,34.64055],[135.47836,34.64145],[135.47857,34.64235],[135.47836,34.64348],[135.47857,34.64438],[135.47856,34.64573],[135.47833,34.64663],[135.47823,34.64753],[135.47812,34.64776],[135.47788,34.64795],[135.47706,34.64804],[135.47678,34.64818],[135.47582,34.64955],[135.47541,34.64977],[135.47459,34.64975],[135.4735,34.64933],[135.47241,34.64939],[135.47187,34.64933],[135.47159,34.64935],[135.47121,34.64953],[135.46984,34.65065],[135.46866,34.65223],[135.46842,34.6529],[135.46818,34.65493],[135.46791,34.65538],[135.46761,34.6556],[135.46692,34.6559],[135.46625,34.65672],[135.46594,34.65695],[135.46554,34.65704],[135.46473,34.6571],[135.46391,34.65702],[135.46336,34.65686],[135.46309,34.6567],[135.46222,34.65558],[135.46205,34.65513],[135.46209,34.6549],[135.46228,34.65468],[135.46296,34.65423],[135.46316,34.65401],[135.4632,34.65378],[135.46313,34.65355],[135.45956,34.64903],[135.45935,34.64858],[135.45942,34.64813],[135.45988,34.64755],[135.46015,34.64744],[135.46042,34.64745],[135.46151,34.64766],[135.46342,34.64826],[135.46505,34.64868],[135.46805,34.64872],[135.4686,34.64862],[135.46879,34.6484],[135.46872,34.64749],[135.46861,34.64721],[135.46834,34.64701],[135.46561,34.64683],[135.4618,34.64576],[135.46153,34.64564],[135.4613,34.64543],[135.46122,34.64521],[135.46132,34.64476],[135.46155,34.64431],[135.46187,34.64408],[135.46236,34.64399],[135.4629,34.64401],[135.46508,34.6444],[135.46563,34.64442],[135.46602,34.64433],[135.46632,34.6441],[135.46647,34.64388],[135.46655,34.64343],[135.46643,34.6432],[135.46591,34.64295],[135.46346,34.64254],[135.46285,34.64228],[135.46272,34.64206],[135.46273,34.64183],[135.4629,34.64138],[135.46313,34.64116],[135.46347,34.64105],[135.46374,34.64104],[135.4651,34.64116],[135.46541,34.64094],[135.46548,34.64072],[135.46544,34.64027],[135.46528,34.64004],[135.4649,34.63981],[135.46266,34.63916],[135.46222,34.6389],[135.46206,34.63867],[135.46185,34.6379],[135.46136,34.63687],[135.46141,34.63642],[135.46387,34.63282],[135.46434,34.63239],[135.46516,34.63221],[135.46598,34.63216],[135.4668,34.63186],[135.46762,34.63179]]]}},{"type":"Feature","properties":{"no":9},"geometry":{"type":"Polygon","coordinates":[[[135.60138,34.75596],[135.60172,34.75591],[135.60192,34.75596],[135.60281,34.75646],[135.6039,34.75666],[135.60416,34.75687],[135.60471,34.7576],[135.60499,34.75772],[135.60586,34.75777],[135.60728,34.75845],[135.60734,34.75868],[135.60723,34.75913],[135.60664,34.7598],[135.60654,34.76003],[135.60664,34.76071],[135.6066,34.76093],[135.60634,34.7611],[135.60552,34.76138],[135.60469,34.76191],[135.60442,34.76228],[135.60406,34.76318],[135.60387,34.7634],[135.60312,34.76385],[135.60305,34.76407],[135.60352,34.76498],[135.60368,34.76588],[135.60385,34.76625],[135.60467,34.76679],[135.60515,34.76724],[135.60549,34.76769],[135.60578,34.76837],[135.60603,34.76858],[135.60739,34.76905],[135.60848,34.77004],[135.60865,34.7704],[135.60869,34.77108],[135.60897,34.77176],[135.6091,34.77243],[135.60942,34.77266],[135.61038,34.77282],[135.61201,34.77342],[135.61283,34.77398],[135.6131,34.77406],[135.61338,34.77399],[135.61365,34.77379],[135.6142,34.77307],[135.61447,34.77292],[135.61475,34.77295],[135.61503,34.77313],[135.61513,34.77335],[135.61507,34.77403],[135.61529,34.7745],[135.61543,34.77516],[135.61564,34.77538],[135.61692,34.77609],[135.61746,34.7763],[135.61774,34.77634],[135.61883,34.7762],[135.61992,34.77626],[135.62019,34.77631],[135.62043,34.77653],[135.62042,34.77675],[135.62019,34.77711],[135.61937,34.77783],[135.618,34.77839],[135.61718,34.77861],[135.61699,34.77877],[135.61685,34.77922],[135.61679,34.78035],[135.61639,34.78147],[135.61617,34.7817],[135.61568,34.78192],[135.61481,34.78259],[135.61461,34.78282],[135.61457,34.78304],[135.61465,34.78327],[135.61524,34.78397],[135.61551,34.78417],[135.61608,34.7844],[135.61634,34.78463],[135.61632,34.78485],[135.61615,34.78508],[135.61526,34.78575],[135.61514,34.7862],[135.61525,34.78665],[135.61582,34.78733],[135.61619,34.78823],[135.61659,34.78868],[135.61768,34.78882],[135.61822,34.78912],[135.61923,34.79004],[135.61922,34.79027],[135.61904,34.79035],[135.61822,34.79015],[135.61795,34.79014],[135.61759,34.79026],[135.61685,34.79084],[135.61658,34.79096],[135.61493,34.79133],[135.61439,34.79126],[135.61406,34.79093],[135.61172,34.78732],[135.61032,34.78563],[135.60868,34.78429],[135.60617,34.78279],[135.60487,34.7818],[135.60405,34.78137],[135.60232,34.77985],[135.60188,34.77916],[135.60147,34.77872],[135.60052,34.77796],[135.59969,34.77759],[135.59902,34.77713],[135.59796,34.77623],[135.59725,34.77545],[135.59562,34.77407],[135.59467,34.77306],[135.59154,34.77046],[135.59036,34.76967],[135.5891,34.76836],[135.58836,34.76741],[135.58826,34.76718],[135.58827,34.76696],[135.58844,34.76673],[135.58911,34.76628],[135.5893,34.76606],[135.58931,34.76538],[135.58954,34.76516],[135.58993,34.76506],[135.59157,34.76504],[135.59211,34.76494],[135.59251,34.76472],[135.59349,34.76395],[135.59458,34.76337],[135.59513,34.76327],[135.59622,34.76323],[135.59654,34.76315],[135.59694,34.76293],[135.5971,34.7627],[135.59718,34.76225],[135.59718,34.76045],[135.59693,34.7591],[135.59695,34.75752],[135.5971,34.75707],[135.5974,34.75684],[135.59816,34.75667],[135.59844,34.75666],[135.59926,34.75682],[135.60035,34.75676],[135.60066,34.75663],[135.60117,34.75608],[135.60138,34.75596]]]}},{"type":"Feature","properties":{"no":10},"geometry":{"type":"MultiPolygon","coordinates":[[[[135.60659,34.70833],[135.60522,34.70858],[135.60452,34.70886],[135.60342,34.70999],[135.60329,34.71021],[135.60331,34.71044],[135.60384,34.711],[135.605,34.71179],[135.60515,34.71202],[135.60518,34.71224],[135.60505,34.71292],[135.60551,34.71382],[135.60533,34.7145],[135.60532,34.71472],[135.60543,34.71495],[135.60573,34.71518],[135.60655,34.71556],[135.60682,34.71586],[135.60696,34.71676],[135.60712,34.71698],[135.60764,34.71736],[135.60791,34.71767],[135.60799,34.71789],[135.60804,34.71879],[135.60882,34.71924],[135.60923,34.7197],[135.60925,34.71992],[135.60866,34.72082],[135.6086,34.72127],[135.60874,34.72172],[135.60898,34.72192],[135.60925,34.72201],[135.6098,34.72197],[135.61034,34.72176],[135.61213,34.72083],[135.61363,34.72031],[135.61472,34.72031],[135.61608,34.72056],[135.61663,34.7205],[135.61745,34.7202],[135.61881,34.71927],[135.61902,34.71905],[135.619,34.71882],[135.61855,34.71837],[135.61819,34.7177],[135.61773,34.7174],[135.61692,34.71716],[135.61583,34.71658],[135.61556,34.7163],[135.61529,34.71548],[135.61501,34.71524],[135.61474,34.71517],[135.61392,34.71521],[135.61365,34.71511],[135.61311,34.71459],[135.61148,34.71339],[135.61112,34.71294],[135.60957,34.71201],[135.6093,34.71165],[135.60918,34.71091],[135.60903,34.71057],[135.60811,34.70978],[135.60723,34.70865],[135.60686,34.70839],[135.60659,34.70833]]],[[[135.61968,34.71905],[135.62099,34.72088],[135.62154,34.72109],[135.62245,34.72109],[135.62263,34.72086],[135.62209,34.72085],[135.62181,34.72073],[135.62108,34.72018],[135.62102,34.71996],[135.62109,34.71973],[135.62153,34.71906],[135.62154,34.71883],[135.62128,34.71872],[135.62073,34.7188],[135.61991,34.71875],[135.61967,34.71883],[135.61968,34.71905]]]]}},{"type":"Feature","properties":{"no":11},"geometry":{"type":"MultiPolygon","coordinates":[[[[135.68156,34.80089],[135.68116,34.80149],[135.68128,34.80176],[135.68165,34.80149],[135.68179,34.80127],[135.68183,34.80098],[135.68156,34.80089]]],[[[135.6656,34.82797],[135.66587,34.82797],[135.66615,34.82786],[135.66631,34.82759],[135.66588,34.82752],[135.66552,34.82759],[135.66542,34.82782],[135.6656,34.82797]]],[[[135.68049,34.80284],[135.67992,34.80374],[135.67936,34.80442],[135.67911,34.80532],[135.67882,34.80577],[135.67849,34.80599],[135.6775,34.80621],[135.67691,34.80644],[135.67752,34.80757],[135.67753,34.80802],[135.67727,34.80869],[135.67712,34.80892],[135.67688,34.80908],[135.67606,34.80924],[135.67559,34.80981],[135.67496,34.81034],[135.67457,34.81094],[135.6746,34.81139],[135.67441,34.81182],[135.67331,34.81311],[135.67265,34.81364],[135.67258,34.81386],[135.6727,34.81454],[135.67239,34.81522],[135.6723,34.81589],[135.6721,34.81634],[135.67188,34.81657],[135.67108,34.81701],[135.67029,34.81766],[135.66974,34.81786],[135.66957,34.81859],[135.66864,34.8191],[135.66809,34.81954],[135.66744,34.81993],[135.667,34.8205],[135.66645,34.82097],[135.66617,34.82151],[135.66574,34.82196],[135.66508,34.82234],[135.66453,34.82253],[135.66397,34.82263],[135.66362,34.82285],[135.66357,34.82308],[135.66364,34.8233],[135.6639,34.82353],[135.66534,34.82376],[135.66562,34.82392],[135.66591,34.82421],[135.66607,34.82466],[135.666,34.82534],[135.66608,34.82557],[135.66683,34.82669],[135.66681,34.82737],[135.66762,34.82782],[135.66794,34.82828],[135.6679,34.8294],[135.66768,34.82985],[135.66723,34.83008],[135.66614,34.83008],[135.66586,34.83031],[135.66543,34.83142],[135.6653,34.83255],[135.66546,34.83278],[135.66585,34.83303],[135.6664,34.83328],[135.66667,34.83331],[135.6671,34.83323],[135.66831,34.83275],[135.66995,34.83259],[135.67105,34.83217],[135.67132,34.83219],[135.6716,34.83232],[135.67278,34.83325],[135.67416,34.83393],[135.67541,34.83435],[135.67678,34.83504],[135.67705,34.83526],[135.67719,34.83551],[135.67733,34.83619],[135.67785,34.83709],[135.67814,34.8373],[135.67892,34.83754],[135.67923,34.83776],[135.67984,34.8389],[135.68011,34.83913],[135.68113,34.83957],[135.68143,34.83981],[135.68171,34.84026],[135.68192,34.84138],[135.68186,34.84161],[135.68167,34.84181],[135.68058,34.84226],[135.68029,34.84251],[135.68023,34.84273],[135.6803,34.84291],[135.68068,34.84341],[135.68072,34.84363],[135.68061,34.84431],[135.68085,34.84499],[135.6809,34.84544],[135.68073,34.84589],[135.67974,34.8467],[135.67952,34.84701],[135.67943,34.84769],[135.67899,34.84904],[135.67917,34.84972],[135.67892,34.85039],[135.679,34.85062],[135.67945,34.85091],[135.68027,34.85109],[135.68081,34.85152],[135.68109,34.85163],[135.68163,34.85176],[135.68245,34.85215],[135.68327,34.85233],[135.68382,34.85255],[135.68464,34.85303],[135.68604,34.85424],[135.68748,34.85492],[135.6877,34.85515],[135.68805,34.85582],[135.68862,34.8565],[135.68987,34.85741],[135.6902,34.85831],[135.69123,34.85899],[135.69186,34.85966],[135.69194,34.85989],[135.6919,34.86012],[135.69165,34.86034],[135.69111,34.86056],[135.69093,34.86079],[135.69097,34.86101],[135.69117,34.8612],[135.69144,34.8613],[135.69199,34.86131],[135.69281,34.86102],[135.69336,34.86094],[135.69418,34.86108],[135.69445,34.86098],[135.69448,34.8608],[135.69427,34.86057],[135.69254,34.85938],[135.69175,34.85899],[135.69145,34.85874],[135.69085,34.85741],[135.69079,34.85651],[135.69094,34.85606],[135.69119,34.85582],[135.69203,34.85538],[135.69226,34.85516],[135.69236,34.85493],[135.69231,34.85448],[135.69173,34.85335],[135.69169,34.85313],[135.69184,34.85268],[135.69226,34.85223],[135.69379,34.85133],[135.69448,34.85066],[135.69457,34.85043],[135.69461,34.84953],[135.69504,34.84836],[135.69532,34.8482],[135.69586,34.84831],[135.69723,34.84894],[135.69832,34.8497],[135.70132,34.85098],[135.7022,34.85158],[135.70241,34.85164],[135.70296,34.85161],[135.70487,34.85113],[135.70524,34.85091],[135.70596,34.85001],[135.70625,34.8498],[135.70707,34.84958],[135.70753,34.84934],[135.70899,34.84749],[135.71,34.84664],[135.71016,34.84619],[135.70996,34.84529],[135.71003,34.84461],[135.71019,34.84438],[135.71091,34.84395],[135.71118,34.84371],[135.71147,34.84304],[135.71158,34.84213],[135.71133,34.84168],[135.71129,34.84146],[135.71137,34.84123],[135.71202,34.84036],[135.71229,34.84022],[135.71291,34.84011],[135.7133,34.83988],[135.71398,34.83921],[135.71407,34.83876],[135.71382,34.83831],[135.71351,34.83808],[135.71312,34.83799],[135.71258,34.83801],[135.7123,34.83811],[135.71207,34.8383],[135.71189,34.83898],[135.71157,34.83943],[135.7112,34.83965],[135.71066,34.8397],[135.70874,34.83875],[135.70702,34.83829],[135.70678,34.83807],[135.70656,34.83755],[135.70629,34.83718],[135.70535,34.83694],[135.70465,34.83649],[135.70356,34.83611],[135.70274,34.83533],[135.70247,34.83514],[135.70184,34.8349],[135.70161,34.83467],[135.70154,34.83422],[135.70165,34.83377],[135.7021,34.8331],[135.70217,34.83287],[135.7021,34.83265],[135.70193,34.83256],[135.70139,34.83259],[135.70057,34.83287],[135.70029,34.83282],[135.70002,34.83265],[135.69984,34.83241],[135.69922,34.83106],[135.69873,34.83038],[135.6989,34.82948],[135.6988,34.82858],[135.69869,34.82836],[135.69726,34.82745],[135.69701,34.82722],[135.69673,34.82677],[135.69648,34.82565],[135.69661,34.82542],[135.69718,34.82497],[135.69726,34.82475],[135.69714,34.82452],[135.69623,34.82379],[135.69595,34.82372],[135.69459,34.82371],[135.69377,34.82404],[135.69349,34.82409],[135.69322,34.82403],[135.69267,34.82372],[135.6924,34.82366],[135.69213,34.8237],[135.69103,34.82421],[135.6894,34.82473],[135.68884,34.82509],[135.68857,34.82517],[135.6883,34.82513],[135.68801,34.82495],[135.68766,34.82427],[135.68775,34.8238],[135.68994,34.82294],[135.69076,34.8227],[135.69108,34.82248],[135.69115,34.82225],[135.69109,34.82203],[135.69079,34.8218],[135.68968,34.82154],[135.68928,34.82134],[135.68922,34.82112],[135.6893,34.82089],[135.68968,34.82026],[135.68995,34.81999],[135.68947,34.81977],[135.68804,34.81953],[135.68764,34.81931],[135.68748,34.81909],[135.68738,34.81864],[135.68745,34.81751],[135.68687,34.81683],[135.68671,34.81638],[135.68692,34.81503],[135.68724,34.81477],[135.68779,34.8147],[135.68834,34.81473],[135.6897,34.81508],[135.68997,34.81505],[135.69063,34.81481],[135.69097,34.81459],[135.69113,34.81436],[135.69115,34.81391],[135.69106,34.81369],[135.6908,34.81341],[135.69053,34.81328],[135.68971,34.81323],[135.68916,34.81309],[135.68871,34.81278],[135.68847,34.81233],[135.68848,34.8121],[135.68875,34.81143],[135.68875,34.8112],[135.68844,34.81052],[135.6889,34.8094],[135.68943,34.80872],[135.68949,34.8085],[135.68943,34.80827],[135.68918,34.80798],[135.68836,34.80754],[135.68809,34.80756],[135.68789,34.80849],[135.68777,34.80872],[135.68754,34.8089],[135.68726,34.80896],[135.68699,34.80889],[135.68645,34.80858],[135.6859,34.80854],[135.68535,34.80834],[135.685,34.80804],[135.68486,34.80781],[135.68476,34.80713],[135.68454,34.80685],[135.68427,34.80668],[135.68262,34.806],[135.68208,34.80555],[135.68156,34.8042],[135.6816,34.80397],[135.68193,34.8033],[135.68182,34.80303],[135.68128,34.80254],[135.681,34.80249],[135.68049,34.80284]],[[135.68258,34.81814],[135.68286,34.81834],[135.68298,34.81862],[135.68322,34.81953],[135.68326,34.8202],[135.68312,34.82057],[135.68285,34.82071],[135.68257,34.82073],[135.68223,34.82065],[135.68197,34.82042],[135.68172,34.81975],[135.68163,34.81907],[135.68165,34.81862],[135.68176,34.81834],[135.68204,34.81814],[135.68258,34.81814]],[[135.68606,34.83692],[135.6863,34.83711],[135.68632,34.83734],[135.68621,34.83756],[135.686,34.83779],[135.68524,34.83827],[135.68442,34.83916],[135.68387,34.83947],[135.68332,34.83947],[135.68305,34.83934],[135.68288,34.83913],[135.68287,34.83891],[135.68358,34.83823],[135.68393,34.83756],[135.68415,34.83743],[135.68579,34.83692],[135.68606,34.83692]],[[135.68958,34.8482],[135.68966,34.84839],[135.68961,34.84862],[135.6893,34.8487],[135.68906,34.84839],[135.6893,34.84811],[135.68958,34.8482]],[[135.69208,34.83513],[135.69263,34.83526],[135.69318,34.83573],[135.69349,34.83623],[135.6937,34.83691],[135.69351,34.83736],[135.69322,34.83758],[135.69262,34.83786],[135.69207,34.83796],[135.6918,34.83785],[135.6916,34.83758],[135.69122,34.83668],[135.69114,34.83622],[135.69118,34.83577],[135.69129,34.83555],[135.69154,34.83531],[135.69208,34.83513]]]]}},{"type":"Feature","properties":{"no":12},"geometry":{"type":"Polygon","coordinates":[[[135.55734,34.55386],[135.55774,34.55378],[135.55828,34.55389],[135.55855,34.55413],[135.55936,34.55549],[135.55985,34.555],[135.56073,34.55462],[135.561,34.55456],[135.56127,34.55464],[135.56141,34.55478],[135.5616,34.55546],[135.56117,34.55658],[135.56111,34.55861],[135.56099,34.55929],[135.56103,34.55951],[135.56125,34.55977],[135.56179,34.55986],[135.56615,34.55989],[135.56649,34.55998],[135.56669,34.56017],[135.56676,34.56043],[135.5666,34.56111],[135.56665,34.56156],[135.5673,34.56291],[135.56726,34.56337],[135.56695,34.56388],[135.5664,34.56402],[135.56531,34.56405],[135.56476,34.56416],[135.56422,34.56417],[135.56383,34.56403],[135.56313,34.56339],[135.56205,34.56289],[135.56096,34.56292],[135.56014,34.56305],[135.55878,34.56269],[135.55851,34.56243],[135.55804,34.56175],[135.55769,34.56156],[135.55742,34.56154],[135.55715,34.56167],[135.5566,34.56222],[135.55496,34.56303],[135.55468,34.56332],[135.55429,34.56399],[135.55387,34.56426],[135.55332,34.56427],[135.55278,34.56416],[135.55257,34.56399],[135.55224,34.5633],[135.55197,34.56307],[135.55142,34.56281],[135.55061,34.56271],[135.54951,34.56291],[135.54924,34.56289],[135.54897,34.56276],[135.54879,34.5624],[135.54882,34.56172],[135.54928,34.56105],[135.54943,34.5606],[135.54929,34.56015],[135.54817,34.55856],[135.54807,34.55811],[135.54821,34.55766],[135.54845,34.55746],[135.54873,34.55736],[135.55091,34.5568],[135.55146,34.55655],[135.55166,34.55632],[135.55171,34.5561],[135.55172,34.55542],[135.55198,34.55497],[135.55228,34.55471],[135.55337,34.55431],[135.55365,34.55433],[135.55446,34.55472],[135.55528,34.55477],[135.5561,34.55435],[135.55664,34.55426],[135.55734,34.55386]]]}},{"type":"Feature","properties":{"no":13},"geometry":{"type":"Polygon","coordinates":[[[135.40923,34.4845],[135.40976,34.48442],[135.41003,34.48447],[135.41033,34.48473],[135.41033,34.48518],[135.40987,34.4863],[135.40986,34.48653],[135.41004,34.48675],[135.41056,34.48712],[135.41082,34.48766],[135.41087,34.48811],[135.4107,34.48878],[135.41069,34.48946],[135.41105,34.49059],[135.41062,34.49149],[135.41046,34.49216],[135.41025,34.49242],[135.4097,34.49255],[135.40834,34.49247],[135.40753,34.49196],[135.40726,34.49193],[135.40644,34.49203],[135.40601,34.49192],[135.40583,34.49169],[135.40573,34.49079],[135.40555,34.49011],[135.40562,34.48966],[135.40618,34.48854],[135.40618,34.48786],[135.40626,34.48764],[135.40706,34.48696],[135.40867,34.4849],[135.40923,34.4845]]]}},{"type":"Feature","properties":{"no":14},"geometry":{"type":"MultiPolygon","coordinates":[[[[135.53351,34.50119],[135.53242,34.50156],[135.53215,34.50159],[135.53079,34.50137],[135.53052,34.50138],[135.53024,34.50149],[135.52902,34.50305],[135.52902,34.50327],[135.52925,34.5035],[135.52924,34.50372],[135.52887,34.50385],[135.52805,34.50365],[135.52751,34.50364],[135.52669,34.50379],[135.5256,34.50385],[135.52478,34.50401],[135.5237,34.50407],[135.52191,34.50437],[135.52088,34.50504],[135.5196,34.50548],[135.51933,34.50565],[135.51876,34.50639],[135.51851,34.50658],[135.51824,34.50665],[135.51715,34.50669],[135.51687,34.50678],[135.51659,34.50706],[135.5163,34.50773],[135.51605,34.50798],[135.51578,34.50809],[135.51496,34.5079],[135.51414,34.50819],[135.5136,34.50817],[135.51312,34.50794],[135.51279,34.50749],[135.51251,34.50734],[135.51197,34.50727],[135.5117,34.5073],[135.51115,34.50762],[135.51042,34.50838],[135.50951,34.50868],[135.50869,34.50971],[135.50842,34.50984],[135.50814,34.5098],[135.5076,34.50927],[135.50733,34.50911],[135.50624,34.50905],[135.50516,34.50853],[135.50407,34.50841],[135.50271,34.50762],[135.50217,34.50756],[135.50135,34.5076],[135.5008,34.50781],[135.49929,34.50901],[135.49834,34.5096],[135.49725,34.51045],[135.49534,34.51157],[135.49506,34.51164],[135.49479,34.51162],[135.49456,34.51147],[135.49417,34.51102],[135.49371,34.51094],[135.4918,34.51143],[135.49098,34.51175],[135.49045,34.51213],[135.49025,34.51303],[135.4901,34.51326],[135.48906,34.514],[135.48824,34.51401],[135.48634,34.51352],[135.48579,34.51353],[135.48551,34.51369],[135.48371,34.51571],[135.48223,34.51691],[135.48169,34.51712],[135.48087,34.51707],[135.48033,34.5172],[135.47601,34.52019],[135.47486,34.52089],[135.47349,34.52149],[135.47295,34.52181],[135.47267,34.52201],[135.47212,34.5227],[135.47185,34.52283],[135.4713,34.52293],[135.47108,34.52309],[135.47035,34.52489],[135.47031,34.52534],[135.47074,34.52658],[135.47137,34.52715],[135.47166,34.5276],[135.47168,34.52806],[135.47142,34.5285],[135.4714,34.52873],[135.47156,34.52896],[135.47181,34.5291],[135.4729,34.52948],[135.47353,34.52987],[135.47389,34.53032],[135.47412,34.531],[135.47425,34.53113],[135.47452,34.53124],[135.47534,34.53129],[135.47588,34.53154],[135.47642,34.53148],[135.47724,34.53113],[135.47773,34.53079],[135.47814,34.53034],[135.47861,34.53002],[135.47916,34.52987],[135.4797,34.52984],[135.48025,34.52988],[135.48188,34.53035],[135.48296,34.53105],[135.48351,34.53123],[135.48378,34.53121],[135.48405,34.53094],[135.4842,34.53059],[135.48406,34.53044],[135.48351,34.53026],[135.48324,34.53005],[135.4827,34.52949],[135.48189,34.52882],[135.48162,34.52832],[135.48161,34.5281],[135.48203,34.52742],[135.48207,34.5272],[135.48166,34.52562],[135.48171,34.52539],[135.48191,34.52518],[135.48218,34.52507],[135.483,34.52513],[135.48327,34.52506],[135.48464,34.52374],[135.48519,34.52345],[135.48628,34.52316],[135.48765,34.52217],[135.48874,34.52163],[135.48929,34.52113],[135.48991,34.52024],[135.49101,34.51935],[135.49202,34.51907],[135.49227,34.5189],[135.49257,34.51841],[135.49285,34.51814],[135.49312,34.51809],[135.49366,34.51828],[135.49434,34.51868],[135.49475,34.51914],[135.49502,34.51926],[135.49638,34.51882],[135.4972,34.51837],[135.49775,34.51823],[135.49856,34.51816],[135.49938,34.51778],[135.49966,34.51775],[135.49993,34.51787],[135.50047,34.51851],[135.50074,34.51858],[135.50101,34.51852],[135.50156,34.51814],[135.50211,34.51745],[135.50238,34.51724],[135.50347,34.51689],[135.50456,34.51674],[135.50497,34.51693],[135.50574,34.51783],[135.50587,34.51806],[135.50598,34.51873],[135.50617,34.51896],[135.507,34.51952],[135.50754,34.51967],[135.50788,34.51987],[135.50857,34.52077],[135.50971,34.52179],[135.51005,34.52236],[135.51007,34.52303],[135.51022,34.52326],[135.51103,34.52371],[135.51133,34.52398],[135.5116,34.52407],[135.51242,34.5241],[135.51269,34.52418],[135.51299,34.5244],[135.51311,34.52462],[135.51311,34.52507],[135.51264,34.52687],[135.51286,34.52732],[135.5134,34.52778],[135.51354,34.528],[135.51358,34.52891],[135.51382,34.52958],[135.51371,34.53003],[135.51322,34.53048],[135.51307,34.53093],[135.51305,34.53206],[135.51346,34.53251],[135.51373,34.53267],[135.514,34.53272],[135.51482,34.5324],[135.51564,34.53255],[135.51591,34.53251],[135.51645,34.5322],[135.51755,34.53186],[135.51836,34.53146],[135.51864,34.53147],[135.51945,34.53195],[135.51972,34.5319],[135.52054,34.53146],[135.5218,34.53119],[135.52204,34.53097],[135.5222,34.53052],[135.52282,34.53007],[135.52376,34.52895],[135.52524,34.5276],[135.52602,34.52658],[135.52654,34.52558],[135.52731,34.52468],[135.52745,34.52423],[135.52742,34.524],[135.52723,34.52355],[135.52656,34.52265],[135.52625,34.52174],[135.52625,34.52152],[135.52646,34.52129],[135.52819,34.52062],[135.52842,34.5204],[135.52841,34.51995],[135.52785,34.51882],[135.52776,34.51859],[135.52779,34.51837],[135.52802,34.51814],[135.52934,34.51771],[135.53097,34.51685],[135.53132,34.5159],[135.53235,34.51497],[135.53264,34.51456],[135.5328,34.5132],[135.53356,34.51073],[135.53384,34.5096],[135.53397,34.50847],[135.53388,34.50825],[135.53347,34.50798],[135.5332,34.50787],[135.53293,34.50791],[135.53266,34.50813],[135.53225,34.50892],[135.53183,34.50915],[135.53156,34.50914],[135.53117,34.50891],[135.53109,34.50869],[135.53114,34.50846],[135.53294,34.5062],[135.53321,34.50616],[135.53331,34.50622],[135.53337,34.50667],[135.53348,34.5068],[135.53457,34.50607],[135.53482,34.50487],[135.53553,34.5033],[135.53533,34.50262],[135.53536,34.50172],[135.53514,34.50144],[135.5346,34.50119],[135.53406,34.50115],[135.53351,34.50119]],[[135.51331,34.51058],[135.51368,34.51065],[135.51383,34.51088],[135.51361,34.5111],[135.51313,34.51132],[135.51276,34.51137],[135.51264,34.51132],[135.51244,34.5111],[135.51248,34.51087],[135.51277,34.51066],[135.51331,34.51058]],[[135.51544,34.51863],[135.51586,34.51877],[135.51618,34.51922],[135.51615,34.51945],[135.51598,34.51961],[135.51571,34.5197],[135.51517,34.51958],[135.51496,34.51944],[135.51482,34.51922],[135.51488,34.51899],[135.5151,34.51877],[135.51544,34.51863]],[[135.52014,34.50726],[135.52014,34.50732],[135.51988,34.50729],[135.52014,34.50726]],[[135.52559,34.50604],[135.52586,34.50609],[135.52589,34.50642],[135.52531,34.50703],[135.52504,34.5071],[135.52439,34.50686],[135.52422,34.50663],[135.52424,34.50641],[135.5245,34.50621],[135.52504,34.50624],[135.52559,34.50604]],[[135.52923,34.51139],[135.52914,34.51161],[135.5291,34.51167],[135.52902,34.51161],[135.52904,34.51139],[135.5291,34.51132],[135.52923,34.51139]],[[135.53061,34.51027],[135.53061,34.51049],[135.53046,34.51061],[135.53019,34.51058],[135.53016,34.51049],[135.53039,34.51026],[135.53061,34.51027]],[[135.53133,34.50254],[135.53214,34.50256],[135.53223,34.50261],[135.53225,34.50283],[135.53132,34.50315],[135.53105,34.50317],[135.53084,34.50305],[135.53077,34.50283],[135.53096,34.5026],[135.53133,34.50254]]],[[[135.48405,34.53202],[135.48401,34.53239],[135.48432,34.5325],[135.48445,34.53239],[135.48451,34.53217],[135.4844,34.53194],[135.48432,34.53187],[135.48405,34.53202]]]]}},{"type":"Feature","properties":{"no":15},"geometry":{"type":"Polygon","coordinates":[[[135.45424,34.63383],[135.46243,34.6326],[135.4627,34.63262],[135.46308,34.63282],[135.46317,34.63305],[135.46313,34.63327],[135.46077,34.6366],[135.46022,34.63688],[135.45858,34.63713],[135.45819,34.63731],[135.45799,34.63753],[135.45785,34.63843],[135.45765,34.63911],[135.45757,34.64023],[135.45737,34.64091],[135.45711,34.64271],[135.45721,34.64294],[135.45743,34.64316],[135.45827,34.6436],[135.4585,34.64384],[135.45857,34.64407],[135.45836,34.64452],[135.45799,34.64483],[135.45552,34.64639],[135.45498,34.64657],[135.45334,34.64619],[135.45144,34.64554],[135.45116,34.64539],[135.45097,34.64516],[135.45092,34.64494],[135.45108,34.64291],[135.45091,34.64253],[135.45064,34.64236],[135.44765,34.64139],[135.44733,34.64109],[135.44725,34.64064],[135.44729,34.63996],[135.44749,34.63929],[135.44785,34.63681],[135.44823,34.63517],[135.44851,34.63497],[135.44878,34.63493],[135.45014,34.63512],[135.45178,34.6351],[135.45233,34.63493],[135.45287,34.63438],[135.45315,34.63422],[135.45424,34.63383]]]}},{"type":"Feature","properties":{"no":16},"geometry":{"type":"Polygon","coordinates":[[[135.56921,34.77681],[135.56993,34.77671],[135.57075,34.77682],[135.57111,34.77704],[135.57184,34.7778],[135.57304,34.77862],[135.57369,34.7793],[135.57376,34.77998],[135.57398,34.78043],[135.57455,34.7811],[135.57564,34.78201],[135.57616,34.78292],[135.57682,34.78382],[135.57791,34.78472],[135.57972,34.78533],[135.58245,34.78701],[135.58445,34.78903],[135.58649,34.79061],[135.58758,34.79265],[135.58803,34.7931],[135.58951,34.79391],[135.59034,34.7937],[135.59073,34.79378],[135.59139,34.79446],[135.59251,34.79528],[135.59415,34.79612],[135.59469,34.79653],[135.59551,34.79738],[135.5966,34.79789],[135.59715,34.79831],[135.59758,34.79921],[135.59823,34.80012],[135.59862,34.8017],[135.5986,34.8053],[135.59833,34.80665],[135.59831,34.81161],[135.59834,34.81229],[135.59858,34.81297],[135.5989,34.81342],[135.59925,34.81367],[135.5998,34.81389],[135.60117,34.8141],[135.60198,34.81464],[135.6028,34.81501],[135.6031,34.81523],[135.60362,34.81583],[135.60416,34.81599],[135.60525,34.81612],[135.60582,34.81637],[135.60616,34.81682],[135.6062,34.81727],[135.60618,34.81795],[135.60611,34.81817],[135.60586,34.8184],[135.6036,34.81872],[135.5995,34.81874],[135.59916,34.81883],[135.59891,34.81905],[135.59872,34.8204],[135.5984,34.82066],[135.59785,34.82073],[135.59621,34.82072],[135.59567,34.82064],[135.5954,34.82053],[135.59442,34.81971],[135.59375,34.81926],[135.59331,34.81858],[135.59172,34.81723],[135.59159,34.817],[135.59171,34.81677],[135.5924,34.8161],[135.59256,34.81588],[135.59259,34.81565],[135.59249,34.81542],[135.59187,34.81472],[135.5916,34.81453],[135.59096,34.81429],[135.59072,34.81407],[135.5905,34.81362],[135.58991,34.81294],[135.58986,34.81204],[135.5897,34.81189],[135.58915,34.81177],[135.58834,34.81116],[135.58779,34.81057],[135.5858,34.80887],[135.58566,34.80864],[135.58548,34.80796],[135.58535,34.80782],[135.58387,34.80683],[135.58274,34.8057],[135.58235,34.80544],[135.58126,34.80503],[135.58045,34.8046],[135.5795,34.80389],[135.57856,34.80276],[135.57854,34.80239],[135.57872,34.80208],[135.57947,34.80141],[135.57992,34.80085],[135.58074,34.80034],[135.58094,34.80006],[135.58094,34.79983],[135.58079,34.79961],[135.5802,34.79916],[135.58008,34.79893],[135.58004,34.79848],[135.58044,34.7978],[135.5812,34.79713],[135.58133,34.79691],[135.58146,34.79578],[135.5818,34.79488],[135.58141,34.79375],[135.58151,34.79262],[135.58143,34.7924],[135.58118,34.79217],[135.58051,34.79182],[135.58026,34.79127],[135.58074,34.78992],[135.58073,34.78924],[135.58051,34.78879],[135.58025,34.78859],[135.57998,34.7885],[135.57943,34.7885],[135.57861,34.78868],[135.57779,34.78862],[135.5767,34.78882],[135.57615,34.78871],[135.57536,34.78832],[135.5737,34.7871],[135.57261,34.78673],[135.57231,34.78651],[135.5722,34.78628],[135.57221,34.78606],[135.57249,34.78561],[135.57294,34.78516],[135.57415,34.78449],[135.57428,34.78426],[135.57427,34.78404],[135.57402,34.78358],[135.57376,34.78336],[135.57215,34.78223],[135.57127,34.78179],[135.571,34.78177],[135.57073,34.78186],[135.5699,34.78263],[135.56963,34.78273],[135.56936,34.78269],[135.56908,34.78252],[135.56883,34.78221],[135.56877,34.78199],[135.56887,34.78131],[135.5687,34.78018],[135.5688,34.77973],[135.5691,34.77938],[135.56937,34.77928],[135.56992,34.77943],[135.57104,34.78019],[135.5721,34.78073],[135.57264,34.78081],[135.57291,34.78065],[135.57283,34.7802],[135.57265,34.77991],[135.57156,34.77902],[135.57066,34.77861],[135.56861,34.77748],[135.56841,34.77725],[135.56867,34.77703],[135.56921,34.77681]]]}},{"type":"Feature","properties":{"no":17},"geometry":{"type":"Polygon","coordinates":[[[135.62475,34.73507],[135.62502,34.73491],[135.6253,34.73488],[135.62584,34.73493],[135.62618,34.73507],[135.62644,34.7353],[135.62655,34.73553],[135.62673,34.7362],[135.62736,34.73688],[135.62774,34.73719],[135.62883,34.73775],[135.63101,34.73944],[135.63133,34.73982],[135.6313,34.74027],[135.63082,34.74117],[135.63059,34.7414],[135.62981,34.74185],[135.62904,34.74252],[135.62877,34.74297],[135.62892,34.74387],[135.62879,34.74477],[135.62939,34.74545],[135.62951,34.74613],[135.62971,34.74658],[135.62961,34.74665],[135.62852,34.74617],[135.62825,34.74596],[135.62798,34.74535],[135.62727,34.74477],[135.62687,34.74409],[135.62678,34.74364],[135.62683,34.74296],[135.62673,34.74139],[135.6264,34.74003],[135.62612,34.73936],[135.62612,34.73913],[135.62646,34.73823],[135.62641,34.73778],[135.62611,34.73711],[135.62586,34.73688],[135.62502,34.7365],[135.6247,34.7362],[135.62462,34.73552],[135.62475,34.73507]]]}},{"type":"Feature","properties":{"no":18},"geometry":{"type":"Polygon","coordinates":[[[135.54159,34.46681],[135.54214,34.46669],[135.54404,34.4673],[135.5454,34.46752],[135.54648,34.46851],[135.5476,34.46931],[135.54852,34.47021],[135.54941,34.47089],[135.55028,34.4712],[135.55164,34.47133],[135.55191,34.47146],[135.55218,34.47173],[135.55224,34.47203],[135.55216,34.47226],[135.55133,34.47293],[135.5506,34.47541],[135.5508,34.47609],[135.55107,34.47638],[135.55186,34.47699],[135.55195,34.47721],[135.55189,34.47766],[135.5516,34.47797],[135.55133,34.47802],[135.55024,34.47772],[135.54984,34.47788],[135.5497,34.47811],[135.54973,34.47833],[135.54989,34.47856],[135.55043,34.47901],[135.55058,34.47924],[135.55109,34.48037],[135.55114,34.48059],[135.55108,34.48082],[135.55038,34.48126],[135.55019,34.48149],[135.55015,34.48171],[135.55033,34.48217],[135.55103,34.48285],[135.55125,34.4833],[135.55135,34.48375],[135.55112,34.4842],[135.55075,34.4845],[135.54966,34.48488],[135.54884,34.48554],[135.5483,34.48577],[135.54748,34.4863],[135.54611,34.48662],[135.54584,34.48682],[135.54549,34.48823],[135.54556,34.48852],[135.54618,34.48914],[135.54597,34.49004],[135.5462,34.49094],[135.54615,34.49139],[135.54594,34.49162],[135.54554,34.49184],[135.54445,34.49208],[135.54417,34.49229],[135.54402,34.49251],[135.54397,34.49274],[135.54405,34.49296],[135.54462,34.49341],[135.54477,34.49364],[135.54484,34.49432],[135.54536,34.49499],[135.54599,34.49657],[135.54574,34.49725],[135.54571,34.4977],[135.54558,34.49793],[135.54503,34.49837],[135.54498,34.4986],[135.54523,34.49889],[135.54606,34.49928],[135.5463,34.49951],[135.54652,34.49996],[135.54686,34.50041],[135.54694,34.50064],[135.54678,34.50154],[135.54658,34.50177],[135.54603,34.50194],[135.54576,34.50214],[135.54524,34.50333],[135.54493,34.50375],[135.54466,34.50389],[135.54384,34.50401],[135.54341,34.50423],[135.54316,34.50445],[135.54309,34.50468],[135.54329,34.50535],[135.54315,34.50558],[135.54247,34.50582],[135.54221,34.50603],[135.54165,34.50706],[135.54099,34.5076],[135.54093,34.50783],[135.54138,34.50873],[135.54142,34.50895],[135.54113,34.50985],[135.54112,34.5103],[135.54099,34.51053],[135.54054,34.51081],[135.53945,34.51121],[135.5389,34.51119],[135.53809,34.51085],[135.53781,34.51082],[135.53722,34.51097],[135.53644,34.51141],[135.53626,34.51164],[135.53609,34.51231],[135.53423,34.51343],[135.53396,34.51366],[135.53344,34.51438],[135.53317,34.51448],[135.53289,34.51434],[135.53281,34.51411],[135.53281,34.5132],[135.53356,34.51073],[135.53399,34.5087],[135.53531,34.50645],[135.5359,34.5051],[135.53619,34.50465],[135.53742,34.50375],[135.53803,34.50308],[135.53886,34.50241],[135.53938,34.50173],[135.53958,34.50128],[135.53992,34.49948],[135.53989,34.49836],[135.53961,34.49723],[135.53847,34.49542],[135.53736,34.49461],[135.53674,34.49384],[135.53519,34.49302],[135.53465,34.49248],[135.53404,34.49112],[135.53424,34.48977],[135.53376,34.48819],[135.53377,34.48751],[135.53404,34.48706],[135.53429,34.48684],[135.5355,34.48612],[135.53578,34.48576],[135.53586,34.48549],[135.53579,34.48482],[135.53584,34.48414],[135.53567,34.48301],[135.53591,34.48189],[135.53583,34.48144],[135.53544,34.48053],[135.53541,34.48008],[135.53551,34.47963],[135.53609,34.47873],[135.53639,34.47783],[135.53637,34.47693],[135.53649,34.47625],[135.53628,34.47535],[135.53635,34.47468],[135.53696,34.47355],[135.53721,34.47265],[135.53761,34.47198],[135.53803,34.47085],[135.53831,34.4704],[135.53859,34.4695],[135.53886,34.46918],[135.53968,34.46849],[135.54086,34.46771],[135.54133,34.46703],[135.54159,34.46681]],[[135.5414,34.50289],[135.54118,34.50309],[135.54133,34.50332],[135.54194,34.50357],[135.54221,34.50352],[135.54232,34.50332],[135.54222,34.5031],[135.54167,34.5029],[135.5414,34.50289]],[[135.54753,34.47719],[135.54743,34.47742],[135.54752,34.47768],[135.54779,34.47784],[135.54807,34.47778],[135.54816,34.47765],[135.54808,34.47742],[135.5478,34.47722],[135.54753,34.47719]]]}},{"type":"Feature","properties":{"no":19},"geometry":{"type":"Polygon","coordinates":[[[135.33824,34.4423],[135.3396,34.44217],[135.34032,34.44267],[135.34068,34.44277],[135.34177,34.44269],[135.34231,34.44277],[135.34286,34.44307],[135.34309,34.44336],[135.34313,34.44359],[135.34267,34.44426],[135.34267,34.44449],[135.34335,34.44517],[135.34342,34.44539],[135.34322,34.44629],[135.34325,34.44652],[135.34391,34.44713],[135.34402,34.44743],[135.344,34.44833],[135.34381,34.449],[135.34377,34.44945],[135.34362,34.44975],[135.34335,34.44981],[135.34308,34.44973],[135.34172,34.44886],[135.33766,34.44613],[135.33729,34.44581],[135.33685,34.44524],[135.33658,34.44468],[135.33658,34.44446],[135.33669,34.44423],[135.33777,34.44333],[135.33791,34.44311],[135.33803,34.44243],[135.33824,34.4423]]]}},{"type":"Feature","properties":{"no":20},"geometry":{"type":"Polygon","coordinates":[[[135.62597,34.52557],[135.62706,34.52543],[135.6276,34.52552],[135.62795,34.5257],[135.62841,34.52638],[135.62896,34.52657],[135.6295,34.52658],[135.63005,34.52673],[135.63046,34.52706],[135.63057,34.52751],[135.63031,34.52829],[135.63004,34.52841],[135.62895,34.52773],[135.62841,34.52763],[135.62732,34.52758],[135.62623,34.52713],[135.62569,34.52707],[135.62523,34.52727],[135.62462,34.52794],[135.62395,34.52839],[135.62295,34.52935],[135.62278,34.52974],[135.62289,34.53019],[135.62462,34.53245],[135.62464,34.53268],[135.62425,34.53335],[135.62429,34.53374],[135.62454,34.53403],[135.6252,34.53448],[135.62522,34.53471],[135.62374,34.53533],[135.62347,34.53533],[135.6232,34.53522],[135.62211,34.53455],[135.62185,34.53425],[135.62161,34.53334],[135.62127,34.53267],[135.62103,34.5325],[135.62022,34.53234],[135.61994,34.53241],[135.6197,34.53266],[135.61923,34.53401],[135.61884,34.53442],[135.61803,34.53415],[135.61776,34.53421],[135.61738,34.53446],[135.61639,34.53536],[135.61612,34.53551],[135.61584,34.53551],[135.61503,34.53513],[135.61476,34.53517],[135.61448,34.53535],[135.61433,34.53558],[135.61373,34.53693],[135.61307,34.5376],[135.61272,34.53828],[135.61238,34.53872],[135.61238,34.53895],[135.61255,34.53918],[135.61313,34.53963],[135.61364,34.54026],[135.61481,34.54099],[135.615,34.54122],[135.61526,34.54189],[135.61572,34.54257],[135.61565,34.54279],[135.61527,34.54282],[135.61445,34.54248],[135.61363,34.54257],[135.61336,34.54246],[135.61289,34.54211],[135.61254,34.54166],[135.61228,34.54145],[135.61146,34.54119],[135.61065,34.54024],[135.61038,34.54011],[135.60901,34.53996],[135.60874,34.54001],[135.60792,34.54042],[135.60738,34.54054],[135.60692,34.54074],[135.60652,34.54096],[135.60582,34.54163],[135.60546,34.54181],[135.60519,34.54184],[135.60356,34.5416],[135.60329,34.54162],[135.60274,34.54182],[135.60238,34.54207],[135.60192,34.54281],[135.60165,34.54287],[135.6011,34.54261],[135.60083,34.54254],[135.60056,34.54259],[135.59892,34.54357],[135.59865,34.54386],[135.59834,34.54454],[135.5981,34.54475],[135.59747,34.54499],[135.59728,34.54515],[135.59724,34.54544],[135.59739,34.54589],[135.59732,34.54611],[135.59713,34.54634],[135.59645,34.54674],[135.59618,34.547],[135.59561,34.54791],[135.59579,34.54881],[135.59603,34.54949],[135.59596,34.54972],[135.59426,34.55037],[135.59344,34.55081],[135.59215,34.55173],[135.59172,34.55218],[135.59162,34.55241],[135.59179,34.55279],[135.5933,34.55444],[135.59334,34.55467],[135.59322,34.55512],[135.59326,34.55534],[135.59368,34.55624],[135.59388,34.55647],[135.59423,34.55668],[135.5945,34.55673],[135.59504,34.55664],[135.59531,34.55668],[135.59586,34.55727],[135.59592,34.5576],[135.59583,34.55783],[135.59509,34.5585],[135.59484,34.55895],[135.59449,34.55903],[135.59421,34.55899],[135.5934,34.55844],[135.59258,34.55822],[135.59231,34.55821],[135.59204,34.55838],[135.59176,34.55894],[135.59149,34.55916],[135.59067,34.55921],[135.5904,34.55929],[135.58959,34.55961],[135.58922,34.56006],[135.58876,34.5601],[135.58849,34.56004],[135.58822,34.55987],[135.58785,34.55938],[135.58686,34.55886],[135.58623,34.55825],[135.58579,34.55802],[135.5855,34.55804],[135.58468,34.55837],[135.58386,34.55858],[135.58304,34.55916],[135.58277,34.55923],[135.5825,34.55908],[135.58231,34.55846],[135.58169,34.55778],[135.58142,34.55763],[135.58114,34.55763],[135.58087,34.55777],[135.58003,34.55845],[135.5795,34.559],[135.57868,34.55921],[135.57674,34.56069],[135.5754,34.56135],[135.57486,34.56136],[135.57429,34.56114],[135.57407,34.56091],[135.57394,34.56023],[135.57323,34.55954],[135.57269,34.55936],[135.57187,34.55937],[135.5716,34.55944],[135.57111,34.55977],[135.5705,34.56081],[135.56921,34.56179],[135.56859,34.56262],[135.56831,34.56274],[135.56804,34.56272],[135.56695,34.56201],[135.56666,34.56156],[135.56665,34.56088],[135.56696,34.56019],[135.5681,34.55886],[135.56853,34.55819],[135.56871,34.55774],[135.56878,34.55706],[135.56889,34.55678],[135.56916,34.55658],[135.56944,34.55653],[135.57002,34.55661],[135.5702,34.55684],[135.57003,34.55752],[135.57022,34.55774],[135.57052,34.55782],[135.57106,34.55779],[135.57134,34.55767],[135.57171,34.5573],[135.57182,34.55707],[135.57179,34.55685],[135.57161,34.55665],[135.5712,34.55639],[135.57101,34.55617],[135.5709,34.55526],[135.57062,34.55391],[135.57051,34.55369],[135.57017,34.55346],[135.56972,34.55344],[135.56945,34.55361],[135.56918,34.55403],[135.5689,34.55413],[135.56863,34.55399],[135.56746,34.55277],[135.56735,34.55232],[135.56748,34.55029],[135.56765,34.55007],[135.56783,34.54997],[135.56838,34.54985],[135.56893,34.54917],[135.57029,34.54867],[135.57138,34.54859],[135.5722,34.54835],[135.57247,34.54806],[135.57248,34.54783],[135.57219,34.54716],[135.57221,34.54669],[135.57248,34.54651],[135.57276,34.54653],[135.5733,34.54683],[135.57357,34.54689],[135.57384,34.54678],[135.57436,34.54626],[135.5754,34.54559],[135.5756,34.54514],[135.57557,34.54469],[135.57546,34.54446],[135.57522,34.54426],[135.57466,34.54401],[135.5745,34.54378],[135.57467,34.54333],[135.57523,34.54296],[135.57686,34.54245],[135.57771,34.54199],[135.57794,34.54177],[135.57823,34.54109],[135.57875,34.54042],[135.57972,34.53974],[135.5806,34.53885],[135.58155,34.53817],[135.58166,34.53795],[135.58158,34.53772],[135.58115,34.53749],[135.58097,34.53727],[135.58097,34.53704],[135.58121,34.53637],[135.58193,34.53502],[135.58181,34.53479],[135.58145,34.53457],[135.58142,34.53434],[135.58153,34.53403],[135.58181,34.53377],[135.58235,34.53359],[135.58372,34.53358],[135.58399,34.53349],[135.58563,34.53224],[135.58617,34.532],[135.58672,34.53186],[135.58726,34.53186],[135.58917,34.53213],[135.58971,34.53208],[135.59,34.53189],[135.59081,34.53083],[135.59108,34.5307],[135.59136,34.53067],[135.5919,34.53074],[135.59232,34.53032],[135.59272,34.53009],[135.59354,34.53],[135.59463,34.53015],[135.59572,34.53],[135.59681,34.53001],[135.59735,34.53011],[135.59876,34.53057],[135.5996,34.53147],[135.59972,34.53215],[135.59984,34.53237],[135.60006,34.53253],[135.60088,34.53259],[135.60115,34.5327],[135.60144,34.53306],[135.60163,34.53373],[135.60178,34.53396],[135.60246,34.53441],[135.60305,34.53494],[135.60373,34.53532],[135.6044,34.53597],[135.60495,34.53605],[135.60522,34.53595],[135.6054,34.53577],[135.60546,34.53555],[135.60536,34.53487],[135.6055,34.53473],[135.60577,34.5347],[135.60713,34.53524],[135.6074,34.53527],[135.60795,34.53511],[135.60822,34.53513],[135.60903,34.53565],[135.60958,34.53573],[135.61067,34.53516],[135.61176,34.53514],[135.61258,34.5349],[135.61294,34.53467],[135.61326,34.53422],[135.61323,34.53377],[135.61298,34.53354],[135.6125,34.53332],[135.61229,34.53309],[135.61226,34.53286],[135.61255,34.53241],[135.61341,34.5318],[135.61396,34.53156],[135.61423,34.53154],[135.61504,34.53176],[135.61559,34.53173],[135.61614,34.53139],[135.61668,34.53074],[135.61696,34.53064],[135.6175,34.5307],[135.61804,34.53062],[135.6187,34.53018],[135.61953,34.52928],[135.6198,34.52883],[135.61986,34.52816],[135.62005,34.52748],[135.61997,34.52717],[135.61953,34.52658],[135.6197,34.52632],[135.62024,34.52612],[135.62079,34.52604],[135.62133,34.52613],[135.62188,34.52631],[135.62215,34.52631],[135.62379,34.52561],[135.62597,34.52557]],[[135.5711,34.54984],[135.57082,34.55008],[135.57094,34.55031],[135.57137,34.55049],[135.57165,34.55045],[135.57177,34.55031],[135.57173,34.55008],[135.57141,34.54986],[135.5711,34.54984]],[[135.57434,34.55618],[135.57429,34.5564],[135.57434,34.55657],[135.57461,34.55646],[135.5747,34.55618],[135.57461,34.55606],[135.57434,34.55618]],[[135.57795,34.54376],[135.57767,34.54381],[135.57737,34.54402],[135.57723,34.54424],[135.57723,34.54447],[135.5774,34.54459],[135.57767,34.5445],[135.57791,34.54425],[135.57803,34.54402],[135.57795,34.54376]],[[135.57986,34.5415],[135.57916,34.54267],[135.5791,34.5429],[135.57931,34.54327],[135.57958,34.54333],[135.58001,34.54313],[135.58023,34.54268],[135.58013,34.54162],[135.57986,34.5415]],[[135.58306,34.55589],[135.58299,34.55598],[135.58306,34.55621],[135.58334,34.55643],[135.58387,34.55667],[135.58469,34.55673],[135.58489,34.55667],[135.58506,34.55644],[135.58492,34.55621],[135.58442,34.556],[135.58333,34.55583],[135.58306,34.55589]],[[135.58362,34.5521],[135.58349,34.55238],[135.58389,34.55256],[135.58417,34.55244],[135.58417,34.55207],[135.5839,34.55194],[135.58362,34.5521]],[[135.58797,34.55412],[135.58767,34.55465],[135.5877,34.55496],[135.58784,34.5551],[135.58824,34.55519],[135.58884,34.5551],[135.58911,34.55488],[135.58919,34.55465],[135.58906,34.55448],[135.58824,34.55408],[135.58797,34.55412]],[[135.58834,34.55307],[135.58819,34.55307],[135.58825,34.55326],[135.58834,34.55307]],[[135.59044,34.55047],[135.5902,34.55082],[135.59044,34.55096],[135.59068,34.55082],[135.59075,34.5506],[135.59071,34.55047],[135.59044,34.55047]],[[135.59326,34.53112],[135.59291,34.53122],[135.59301,34.53145],[135.59391,34.53213],[135.5942,34.53258],[135.59434,34.53297],[135.59461,34.5331],[135.59488,34.53306],[135.59485,34.53281],[135.5947,34.53258],[135.59382,34.53145],[135.59353,34.53121],[135.59326,34.53112]],[[135.5951,34.54451],[135.5951,34.54464],[135.59537,34.54472],[135.59566,34.54453],[135.59537,34.54442],[135.5951,34.54451]],[[135.59652,34.53326],[135.59606,34.53349],[135.59644,34.53371],[135.59681,34.53372],[135.59718,34.53349],[135.59719,34.53327],[135.59706,34.53317],[135.59652,34.53326]]]}},{"type":"Feature","properties":{"no":21},"geometry":{"type":"Polygon","coordinates":[[[135.46485,34.5003],[135.46519,34.49999],[135.46546,34.49998],[135.4664,34.50031],[135.46709,34.50128],[135.46802,34.50167],[135.46834,34.5019],[135.46871,34.50258],[135.46898,34.50261],[135.46953,34.50245],[135.46995,34.50258],[135.47011,34.50281],[135.47023,34.50326],[135.47061,34.50357],[135.47115,34.50358],[135.47225,34.50288],[135.47279,34.50274],[135.4747,34.50278],[135.47497,34.50297],[135.47524,34.50339],[135.47551,34.50355],[135.47578,34.5035],[135.47633,34.50293],[135.4766,34.50283],[135.47715,34.50288],[135.47769,34.50278],[135.47794,34.50306],[135.47804,34.50352],[135.47823,34.50361],[135.47932,34.50305],[135.48014,34.50297],[135.48069,34.5031],[135.48178,34.50421],[135.48206,34.50489],[135.48216,34.50556],[135.4823,34.50579],[135.48257,34.50592],[135.48339,34.50585],[135.48366,34.50595],[135.48406,34.50625],[135.48421,34.50647],[135.48421,34.5067],[135.48362,34.50715],[135.48363,34.5076],[135.48392,34.50784],[135.48474,34.50784],[135.48501,34.50789],[135.48528,34.50807],[135.48547,34.50851],[135.48539,34.50941],[135.48553,34.50986],[135.48571,34.51008],[135.48609,34.51023],[135.48663,34.51012],[135.48718,34.51015],[135.48761,34.51032],[135.48779,34.51054],[135.48777,34.51077],[135.48749,34.51122],[135.48474,34.51459],[135.48371,34.51571],[135.48264,34.51661],[135.48194,34.51706],[135.48142,34.51712],[135.48087,34.51707],[135.48033,34.5172],[135.47601,34.52019],[135.47486,34.52089],[135.47349,34.52149],[135.47295,34.52181],[135.47267,34.52201],[135.47212,34.5227],[135.47185,34.52283],[135.4713,34.52293],[135.47108,34.52309],[135.47048,34.52444],[135.4702,34.52465],[135.46993,34.5246],[135.46894,34.52399],[135.46831,34.52347],[135.46803,34.52335],[135.46749,34.52324],[135.46723,34.52308],[135.46716,34.52285],[135.4672,34.52218],[135.46711,34.52195],[135.46653,34.52127],[135.4667,34.5206],[135.46667,34.52037],[135.4662,34.51969],[135.46556,34.51901],[135.46534,34.51816],[135.46516,34.51788],[135.46426,34.51723],[135.46345,34.5163],[135.46331,34.51585],[135.46345,34.51517],[135.46334,34.51495],[135.46319,34.51485],[135.46291,34.51484],[135.4621,34.51509],[135.46128,34.51494],[135.46092,34.51471],[135.46047,34.51426],[135.45965,34.51379],[135.45887,34.5129],[135.45883,34.51267],[135.45907,34.51245],[135.45939,34.51232],[135.46021,34.51247],[135.46046,34.51268],[135.46054,34.51291],[135.46075,34.5131],[135.46129,34.51272],[135.46184,34.51281],[135.46265,34.51316],[135.46347,34.51321],[135.46402,34.51299],[135.46427,34.5127],[135.46431,34.51225],[135.46402,34.51175],[135.46348,34.51131],[135.4629,34.51111],[135.46267,34.51094],[135.46264,34.51111],[135.46239,34.51116],[135.46211,34.51133],[135.46184,34.51208],[135.46157,34.5122],[135.4613,34.5122],[135.4611,34.51201],[135.46109,34.51178],[135.4613,34.51134],[135.46158,34.51099],[135.46185,34.51078],[135.46294,34.51087],[135.46327,34.51066],[135.46336,34.51044],[135.46302,34.50976],[135.46301,34.50954],[135.46329,34.50909],[135.46385,34.50729],[135.46382,34.50706],[135.46343,34.50638],[135.46351,34.50616],[135.46379,34.50599],[135.46433,34.50582],[135.46443,34.50571],[135.46495,34.50481],[135.46484,34.50436],[135.46578,34.50324],[135.46584,34.50301],[135.46575,34.50256],[135.46482,34.50098],[135.46485,34.5003]],[[135.47734,34.51562],[135.47714,34.51591],[135.47714,34.51613],[135.47729,34.51636],[135.47761,34.51645],[135.47796,34.51636],[135.47814,34.51614],[135.47734,34.51562]],[[135.47958,34.50571],[135.47948,34.506],[135.47959,34.50623],[135.47992,34.50645],[135.48039,34.50653],[135.48066,34.50648],[135.48091,34.50623],[135.48087,34.50601],[135.48067,34.50581],[135.4804,34.50569],[135.47985,34.5056],[135.47958,34.50571]]]}},{"type":"Feature","properties":{"no":22},"geometry":{"type":"Polygon","coordinates":[[[135.66867,34.68629],[135.6689,34.68622],[135.66979,34.68674],[135.67006,34.68697],[135.6705,34.68765],[135.67135,34.6883],[135.67182,34.68833],[135.67244,34.68815],[135.67271,34.68816],[135.67298,34.68826],[135.67356,34.68878],[135.67378,34.68923],[135.67368,34.68968],[135.67325,34.69024],[135.67313,34.69058],[135.6731,34.69374],[135.6732,34.69442],[135.6736,34.69532],[135.67409,34.69802],[135.6739,34.6987],[135.67318,34.70005],[135.67297,34.70073],[135.67266,34.70093],[135.67239,34.70092],[135.67157,34.70065],[135.67021,34.70066],[135.66939,34.70018],[135.66557,34.699],[135.66366,34.69898],[135.66339,34.69901],[135.66312,34.69915],[135.6623,34.70006],[135.6612,34.7008],[135.66038,34.7012],[135.65983,34.70139],[135.65847,34.70156],[135.65601,34.70211],[135.65383,34.70217],[135.65273,34.7025],[135.65219,34.70256],[135.65164,34.70247],[135.65083,34.70202],[135.65028,34.70191],[135.6451,34.7019],[135.64346,34.70211],[135.63936,34.70205],[135.63909,34.70196],[135.63885,34.70176],[135.63874,34.70153],[135.6387,34.70085],[135.63887,34.69995],[135.63878,34.69973],[135.63856,34.69951],[135.63747,34.69884],[135.63692,34.69875],[135.63583,34.69892],[135.63447,34.69885],[135.63412,34.69904],[135.63392,34.69959],[135.63364,34.69987],[135.63337,34.69998],[135.6331,34.7],[135.63255,34.69988],[135.63233,34.69971],[135.63207,34.69926],[135.6316,34.6988],[135.63119,34.69849],[135.63038,34.69806],[135.62983,34.69751],[135.62874,34.6967],[135.62847,34.69657],[135.62765,34.69644],[135.62711,34.69622],[135.62632,34.69541],[135.62521,34.69481],[135.62412,34.69384],[135.62385,34.69374],[135.62303,34.6937],[135.62221,34.69307],[135.62058,34.69241],[135.6203,34.69239],[135.62003,34.69252],[135.61958,34.69313],[135.61921,34.69335],[135.61812,34.6934],[135.61776,34.69358],[135.61753,34.6938],[135.61695,34.6947],[135.61647,34.69583],[135.61619,34.69613],[135.61592,34.69631],[135.61565,34.69636],[135.61401,34.69582],[135.61347,34.69544],[135.61336,34.69514],[135.61332,34.69447],[135.61263,34.69379],[135.61254,34.69356],[135.6126,34.69311],[135.61255,34.69289],[135.61239,34.69274],[135.61212,34.69265],[135.61048,34.69246],[135.60939,34.69262],[135.60884,34.69264],[135.60824,34.69242],[135.60791,34.69219],[135.60774,34.69197],[135.60773,34.69174],[135.60803,34.69132],[135.6083,34.69123],[135.60912,34.69126],[135.6094,34.69117],[135.61022,34.69071],[135.61131,34.6898],[135.61241,34.68936],[135.61301,34.68883],[135.61342,34.68793],[135.61378,34.68768],[135.61405,34.68762],[135.61432,34.68769],[135.6146,34.6879],[135.61511,34.68861],[135.61583,34.68929],[135.61603,34.69019],[135.6163,34.69042],[135.6184,34.69079],[135.61976,34.69144],[135.62004,34.69147],[135.62113,34.69127],[135.62276,34.69165],[135.62358,34.69218],[135.62385,34.69222],[135.62467,34.6921],[135.62494,34.69213],[135.62631,34.69282],[135.62706,34.69338],[135.62794,34.69388],[135.62821,34.69395],[135.6293,34.694],[135.62964,34.69384],[135.63029,34.69317],[135.63082,34.69294],[135.63114,34.69272],[135.63187,34.69204],[135.63232,34.69145],[135.63447,34.68912],[135.63478,34.68905],[135.63533,34.68933],[135.63614,34.68941],[135.63647,34.68958],[135.63641,34.68989],[135.63587,34.69029],[135.6357,34.69048],[135.63569,34.6907],[135.63586,34.69094],[135.63641,34.69121],[135.63695,34.69166],[135.63723,34.69177],[135.6375,34.69178],[135.63804,34.69166],[135.63832,34.69175],[135.63904,34.69229],[135.63941,34.69245],[135.64022,34.69239],[135.64077,34.69245],[135.64104,34.69254],[135.64186,34.69313],[135.64213,34.69315],[135.64295,34.69299],[135.64322,34.69312],[135.64377,34.69374],[135.64404,34.69391],[135.64431,34.69397],[135.64458,34.69391],[135.64486,34.69374],[135.64544,34.69321],[135.64595,34.69313],[135.6462,34.69321],[135.64731,34.69419],[135.6484,34.6945],[135.64887,34.69548],[135.6495,34.69593],[135.65003,34.69642],[135.6503,34.69656],[135.65058,34.69659],[135.65194,34.69649],[135.65249,34.69635],[135.65269,34.69616],[135.65274,34.69594],[135.65222,34.69526],[135.65223,34.69503],[135.65236,34.69481],[135.65277,34.69457],[135.65331,34.69459],[135.65359,34.69467],[135.65386,34.69491],[135.65397,34.69526],[135.654,34.69707],[135.65412,34.69748],[135.65437,34.69774],[135.65466,34.6979],[135.65521,34.69803],[135.65548,34.698],[135.65575,34.69784],[135.6563,34.69703],[135.65713,34.69632],[135.65849,34.69576],[135.66013,34.69483],[135.66068,34.69473],[135.66232,34.69464],[135.66341,34.69432],[135.66396,34.69396],[135.66481,34.69259],[135.66486,34.69214],[135.66478,34.69193],[135.66426,34.69124],[135.66443,34.69101],[135.66489,34.69079],[135.66511,34.69056],[135.66524,34.68899],[135.66534,34.68884],[135.66562,34.68877],[135.66643,34.68885],[135.66698,34.68868],[135.66725,34.68837],[135.66764,34.68764],[135.66834,34.68697],[135.66867,34.68629]]]}},{"type":"Feature","properties":{"no":23},"geometry":{"type":"Polygon","coordinates":[[[135.60137,34.58444],[135.60199,34.58434],[135.60499,34.5843],[135.60526,34.58445],[135.60536,34.58468],[135.60548,34.58581],[135.60679,34.58716],[135.60686,34.58739],[135.60655,34.58807],[135.60656,34.58829],[135.60706,34.58897],[135.60706,34.58919],[135.6066,34.58979],[135.60655,34.59009],[135.60667,34.59032],[135.60772,34.591],[135.60795,34.59122],[135.60797,34.59145],[135.60768,34.59168],[135.60604,34.5921],[135.6055,34.59234],[135.60528,34.59257],[135.6052,34.59279],[135.60514,34.59347],[135.60519,34.5937],[135.60543,34.59392],[135.60576,34.59401],[135.60658,34.59403],[135.60683,34.59415],[135.60693,34.59438],[135.60679,34.59483],[135.60658,34.59515],[135.6063,34.59532],[135.60564,34.5955],[135.60543,34.59572],[135.60546,34.59595],[135.60565,34.59618],[135.60632,34.59663],[135.60653,34.59685],[135.60661,34.59708],[135.60657,34.59733],[135.60629,34.59777],[135.60602,34.59797],[135.60547,34.59821],[135.60465,34.59882],[135.60438,34.59885],[135.60411,34.59871],[135.60329,34.59766],[135.60275,34.5972],[135.60248,34.59717],[135.6022,34.59728],[135.60082,34.59819],[135.60046,34.59886],[135.60029,34.59954],[135.6003,34.60067],[135.6001,34.60157],[135.59971,34.60247],[135.59979,34.60292],[135.60009,34.60337],[135.60039,34.6036],[135.60108,34.6039],[135.60115,34.60405],[135.60094,34.60427],[135.59972,34.60484],[135.59944,34.6048],[135.59863,34.60405],[135.59808,34.60381],[135.59754,34.60344],[135.59727,34.60335],[135.597,34.60336],[135.59645,34.60355],[135.59618,34.60373],[135.59562,34.60448],[135.59535,34.60472],[135.59481,34.60496],[135.59343,34.60538],[135.5929,34.60573],[135.59207,34.60651],[135.59153,34.60667],[135.59126,34.60659],[135.59099,34.60634],[135.59082,34.60604],[135.59078,34.60582],[135.59086,34.60559],[135.59218,34.60447],[135.59258,34.6038],[135.59282,34.60357],[135.59318,34.60345],[135.59482,34.60319],[135.59536,34.60291],[135.596,34.60246],[135.59631,34.60201],[135.59648,34.60156],[135.59644,34.6011],[135.59617,34.60065],[135.59617,34.60043],[135.59629,34.6002],[135.59729,34.59944],[135.59861,34.59863],[135.59895,34.59818],[135.59904,34.59773],[135.59893,34.59729],[135.59876,34.59705],[135.59778,34.59615],[135.59789,34.59547],[135.59757,34.5948],[135.59759,34.59457],[135.59852,34.59322],[135.59862,34.59277],[135.59848,34.59255],[135.59819,34.59232],[135.59726,34.59187],[135.59712,34.59164],[135.59702,34.59096],[135.59594,34.59006],[135.59496,34.58938],[135.59461,34.58893],[135.5939,34.58825],[135.5933,34.58735],[135.59287,34.58689],[135.59276,34.58667],[135.59283,34.58644],[135.59408,34.58573],[135.59572,34.5851],[135.59599,34.58509],[135.59627,34.5852],[135.59681,34.58588],[135.59708,34.58605],[135.59899,34.58615],[135.59953,34.58596],[135.60063,34.58536],[135.60088,34.58512],[135.60117,34.58459],[135.60137,34.58444]]]}},{"type":"Feature","properties":{"no":24},"geometry":{"type":"Polygon","coordinates":[[[135.58203,34.76558],[135.58228,34.76539],[135.58256,34.7654],[135.58362,34.76626],[135.58441,34.76739],[135.58559,34.76852],[135.58595,34.7692],[135.58608,34.76968],[135.58636,34.7699],[135.58772,34.77057],[135.58801,34.77079],[135.58831,34.77124],[135.58853,34.77142],[135.58908,34.77164],[135.58962,34.77203],[135.59098,34.77317],[135.59169,34.77395],[135.59322,34.77531],[135.59657,34.77803],[135.59792,34.77893],[135.59985,34.78097],[135.60071,34.78165],[135.60088,34.78187],[135.60091,34.7821],[135.60082,34.78232],[135.59985,34.78345],[135.59951,34.78412],[135.59885,34.78487],[135.59828,34.78569],[135.59821,34.78592],[135.59826,34.78637],[135.5986,34.78727],[135.59867,34.78772],[135.59846,34.78863],[135.59838,34.78953],[135.59818,34.7902],[135.59815,34.79088],[135.59869,34.79268],[135.59845,34.79336],[135.59855,34.79426],[135.59819,34.79493],[135.59814,34.79539],[135.59818,34.79561],[135.59859,34.79629],[135.59865,34.79719],[135.59851,34.79787],[135.59824,34.79817],[135.59796,34.79834],[135.59769,34.7984],[135.59742,34.79834],[135.5966,34.79778],[135.59551,34.79725],[135.59427,34.79605],[135.59388,34.79579],[135.59224,34.795],[135.59061,34.7936],[135.59034,34.79355],[135.58952,34.79368],[135.58924,34.7936],[135.588,34.79287],[135.5878,34.79265],[135.58757,34.79174],[135.5868,34.79079],[135.58424,34.78858],[135.58272,34.7869],[135.58218,34.78651],[135.57972,34.78515],[135.57809,34.78453],[135.57689,34.78359],[135.57564,34.78174],[135.57428,34.78053],[135.57402,34.7802],[135.57383,34.77953],[135.57357,34.77907],[135.57263,34.77817],[135.57254,34.77794],[135.57348,34.77765],[135.57405,34.77727],[135.5743,34.77682],[135.57444,34.77615],[135.5746,34.77592],[135.57568,34.77547],[135.57732,34.77513],[135.57814,34.77469],[135.57923,34.7745],[135.57952,34.77436],[135.57973,34.77414],[135.5798,34.77391],[135.57973,34.77346],[135.58001,34.77279],[135.57996,34.77211],[135.58016,34.77143],[135.57999,34.77076],[135.58013,34.77053],[135.58074,34.77008],[135.58083,34.76986],[135.58078,34.76963],[135.58048,34.76918],[135.57927,34.76805],[135.5787,34.7667],[135.57868,34.76625],[135.579,34.76591],[135.57955,34.76582],[135.58009,34.76597],[135.58118,34.76645],[135.58146,34.76646],[135.58177,34.76626],[135.58203,34.76558]]]}},{"type":"Feature","properties":{"no":25},"geometry":{"type":"Polygon","coordinates":[[[135.60341,34.57881],[135.60366,34.57869],[135.60393,34.57871],[135.60415,34.57882],[135.6055,34.57995],[135.60664,34.58062],[135.60746,34.58089],[135.6079,34.58153],[135.60925,34.58289],[135.60918,34.58312],[135.60854,34.58336],[135.60799,34.58344],[135.602,34.58343],[135.60145,34.58346],[135.60063,34.58362],[135.59927,34.58366],[135.59845,34.58377],[135.59818,34.58378],[135.59791,34.58366],[135.59781,34.58353],[135.59774,34.58308],[135.59778,34.58285],[135.59795,34.58263],[135.59846,34.58239],[135.59928,34.5823],[135.59955,34.58218],[135.60044,34.58151],[135.60059,34.58128],[135.60065,34.5808],[135.60092,34.58066],[135.60147,34.5808],[135.60174,34.58079],[135.60212,34.58061],[135.60289,34.57994],[135.60311,34.57926],[135.60341,34.57881]]]}},{"type":"Feature","properties":{"no":26},"geometry":{"type":"MultiPolygon","coordinates":[[[[135.56329,34.58629],[135.56356,34.58607],[135.56321,34.58611],[135.56329,34.58629]]],[[[135.56275,34.58679],[135.56284,34.58656],[135.56274,34.58653],[135.56267,34.58679],[135.56275,34.58679]]],[[[135.55327,34.58721],[135.55317,34.58721],[135.5532,34.58728],[135.55327,34.58721]]],[[[135.5802,34.58339],[135.57992,34.58358],[135.57942,34.58414],[135.57883,34.58448],[135.57856,34.58451],[135.57801,34.58438],[135.57774,34.58444],[135.57719,34.58477],[135.57637,34.585],[135.57528,34.58557],[135.57501,34.58582],[135.57472,34.58638],[135.57394,34.5875],[135.57336,34.58779],[135.57282,34.58792],[135.57254,34.58788],[135.57227,34.5877],[135.57195,34.58705],[135.57177,34.58637],[135.57152,34.58614],[135.57119,34.58612],[135.57065,34.58621],[135.57037,34.58614],[135.57021,34.58591],[135.5702,34.58546],[135.57003,34.58524],[135.56874,34.58497],[135.56793,34.58513],[135.56765,34.58511],[135.56602,34.58429],[135.56575,34.58423],[135.5652,34.58442],[135.56438,34.58497],[135.56383,34.58589],[135.56465,34.586],[135.56574,34.58601],[135.56592,34.58612],[135.56519,34.58712],[135.56492,34.58729],[135.56464,34.58734],[135.56355,34.58738],[135.56246,34.58807],[135.5611,34.58844],[135.56,34.58858],[135.55891,34.58846],[135.55837,34.58828],[135.55783,34.58786],[135.55728,34.58783],[135.55674,34.58795],[135.55646,34.58809],[135.55592,34.5888],[135.5551,34.58927],[135.55455,34.58941],[135.55414,34.58924],[135.55312,34.58833],[135.55294,34.58788],[135.55305,34.58743],[135.55211,34.58741],[135.55165,34.5872],[135.55102,34.58671],[135.55048,34.58673],[135.55023,34.58697],[135.55024,34.58719],[135.55087,34.5881],[135.55079,34.58855],[135.55046,34.58884],[135.55019,34.58895],[135.5491,34.58896],[135.54883,34.58912],[135.54876,34.58922],[135.54882,34.58989],[135.54828,34.59047],[135.54792,34.59102],[135.54636,34.5923],[135.54581,34.59264],[135.54535,34.59326],[135.54436,34.59416],[135.54365,34.59461],[135.54345,34.59483],[135.5434,34.59506],[135.54362,34.59523],[135.54471,34.59518],[135.54634,34.5954],[135.54689,34.59537],[135.54798,34.59501],[135.54825,34.59501],[135.54907,34.59525],[135.54934,34.59519],[135.54989,34.59482],[135.55043,34.59475],[135.55152,34.59476],[135.55316,34.59498],[135.56161,34.59501],[135.56215,34.59498],[135.56352,34.59467],[135.56379,34.59469],[135.56406,34.59484],[135.56433,34.5952],[135.5646,34.59536],[135.56487,34.59537],[135.56607,34.59514],[135.56661,34.59492],[135.56677,34.59469],[135.56676,34.59447],[135.56647,34.59379],[135.5666,34.59334],[135.56687,34.59289],[135.56707,34.59264],[135.56789,34.59202],[135.56882,34.59109],[135.56929,34.59042],[135.56939,34.58997],[135.56941,34.58862],[135.56928,34.58726],[135.5695,34.58704],[135.56982,34.58694],[135.57064,34.58698],[135.57091,34.58711],[135.57123,34.5875],[135.57131,34.58817],[135.57108,34.58907],[135.57106,34.58975],[135.57117,34.5901],[135.57144,34.59024],[135.57199,34.59001],[135.57335,34.58925],[135.5738,34.58886],[135.57418,34.58837],[135.57472,34.58806],[135.57581,34.58798],[135.57663,34.58807],[135.57745,34.58804],[135.57799,34.58815],[135.57826,34.58832],[135.57897,34.58955],[135.57902,34.58978],[135.57896,34.59],[135.57866,34.59045],[135.57771,34.59123],[135.57731,34.5918],[135.57722,34.59202],[135.57726,34.59225],[135.57743,34.59243],[135.5777,34.59253],[135.57824,34.5925],[135.58043,34.59179],[135.58152,34.59161],[135.5837,34.59071],[135.58458,34.59025],[135.58512,34.5898],[135.58521,34.58935],[135.58469,34.58844],[135.58439,34.58822],[135.58364,34.58799],[135.5834,34.58776],[135.58318,34.58725],[135.58254,34.58686],[135.58232,34.58663],[135.58223,34.58618],[135.58232,34.58551],[135.58252,34.58528],[135.58315,34.58483],[135.58324,34.58461],[135.58319,34.58434],[135.58292,34.58411],[135.5821,34.58378],[135.58129,34.58322],[135.58102,34.58315],[135.58074,34.58318],[135.5802,34.58339]],[[135.58182,34.58821],[135.5818,34.58821],[135.58181,34.5882],[135.58182,34.58821]]],[[[135.57144,34.5914],[135.57151,34.5911],[135.57144,34.591],[135.57123,34.5911],[135.57125,34.59133],[135.57144,34.5914]]],[[[135.54307,34.59551],[135.54204,34.59618],[135.5417,34.59628],[135.54034,34.59614],[135.54007,34.59617],[135.53979,34.59639],[135.53917,34.5973],[135.53906,34.59752],[135.5392,34.59775],[135.53979,34.59785],[135.54224,34.59787],[135.54306,34.59783],[135.54333,34.59774],[135.5436,34.59749],[135.54372,34.59709],[135.54334,34.5955],[135.54307,34.59551]]]]}},{"type":"Feature","properties":{"no":27},"geometry":{"type":"Polygon","coordinates":[[[135.44146,34.46121],[135.44176,34.46106],[135.44231,34.46102],[135.44285,34.46117],[135.44313,34.46144],[135.44313,34.46167],[135.44292,34.46189],[135.44243,34.46211],[135.44221,34.46234],[135.44225,34.46301],[135.44246,34.46392],[135.4422,34.46504],[135.44254,34.4664],[135.44281,34.46657],[135.4439,34.46675],[135.44499,34.4666],[135.44512,34.46663],[135.44528,34.46686],[135.44508,34.46708],[135.44326,34.46798],[135.44295,34.4682],[135.44286,34.46843],[135.44288,34.46865],[135.44334,34.46986],[135.44361,34.47003],[135.44388,34.47007],[135.4447,34.47],[135.44551,34.47044],[135.44578,34.4705],[135.44605,34.47048],[135.4466,34.47026],[135.44715,34.46967],[135.44742,34.46962],[135.44802,34.47003],[135.44905,34.47012],[135.44932,34.47022],[135.44986,34.47085],[135.45076,34.47139],[135.45167,34.47252],[135.4523,34.47285],[135.4542,34.47318],[135.45447,34.47316],[135.45529,34.47288],[135.45665,34.4732],[135.45856,34.47311],[135.45883,34.47314],[135.45964,34.47346],[135.46082,34.47459],[135.46099,34.47482],[135.46111,34.47527],[135.46108,34.47595],[135.46086,34.47685],[135.46077,34.47707],[135.46031,34.47752],[135.46022,34.47774],[135.46031,34.47842],[135.46012,34.4791],[135.46019,34.47932],[135.46074,34.47978],[135.46122,34.48045],[135.4615,34.48067],[135.46313,34.48116],[135.46339,34.48136],[135.46368,34.48182],[135.46394,34.48206],[135.46475,34.4825],[135.46557,34.4828],[135.4659,34.48318],[135.46614,34.48363],[135.46623,34.48431],[135.46596,34.48566],[135.466,34.48611],[135.46619,34.48679],[135.46622,34.48746],[135.46594,34.48904],[135.46597,34.48949],[135.46616,34.49017],[135.4662,34.49084],[135.46597,34.49219],[135.46615,34.49287],[135.46619,34.494],[135.46641,34.4949],[135.46642,34.49558],[135.4663,34.49588],[135.46582,34.49648],[135.46587,34.49738],[135.46578,34.49783],[135.4655,34.49873],[135.46481,34.50008],[135.46469,34.50075],[135.46485,34.5012],[135.46537,34.50188],[135.46575,34.50256],[135.46584,34.50301],[135.46578,34.50324],[135.46516,34.50381],[135.46489,34.50397],[135.46452,34.50391],[135.46402,34.50345],[135.46369,34.50278],[135.46376,34.50233],[135.46426,34.50098],[135.4641,34.49962],[135.46383,34.49907],[135.46356,34.49904],[135.46331,34.49939],[135.46301,34.49942],[135.46274,34.49912],[135.46247,34.49859],[135.46193,34.49804],[135.46167,34.49739],[135.46147,34.49713],[135.4614,34.49705],[135.46114,34.49713],[135.46103,34.49781],[135.46122,34.49871],[135.46128,34.50006],[135.46176,34.50097],[135.46262,34.5021],[135.46285,34.50255],[135.46335,34.50435],[135.46332,34.50616],[135.46319,34.50638],[135.46297,34.50654],[135.46242,34.50668],[135.46221,34.50683],[135.46214,34.50775],[135.46187,34.5079],[135.46133,34.50783],[135.46107,34.50795],[135.46105,34.50817],[135.4612,34.50863],[135.46179,34.50976],[135.46184,34.51021],[135.46165,34.51066],[135.46077,34.51201],[135.46048,34.51221],[135.46021,34.5123],[135.45994,34.51231],[135.4597,34.51223],[135.45898,34.51132],[135.45885,34.51122],[135.45858,34.51115],[135.45829,34.51132],[135.45803,34.51258],[135.45721,34.51301],[135.45693,34.51327],[135.45666,34.51341],[135.45639,34.51331],[135.45558,34.5119],[135.45477,34.51137],[135.45454,34.51108],[135.45452,34.51085],[135.45468,34.51063],[135.45619,34.50996],[135.45669,34.50959],[135.45689,34.50928],[135.45687,34.50906],[135.4567,34.50883],[135.45538,34.50792],[135.45504,34.50747],[135.45492,34.5068],[135.45515,34.50612],[135.45521,34.50544],[135.4552,34.50499],[135.45508,34.50467],[135.45481,34.50441],[135.45427,34.50413],[135.45346,34.50351],[135.45264,34.50339],[135.45237,34.50331],[135.45221,34.50318],[135.45214,34.50295],[135.45229,34.50228],[135.45213,34.50182],[135.45184,34.50156],[135.4513,34.50123],[135.45076,34.50054],[135.44989,34.50001],[135.4494,34.49956],[135.44886,34.49925],[135.44804,34.49909],[135.4475,34.49923],[135.44695,34.49956],[135.44668,34.4996],[135.4466,34.49932],[135.44689,34.49865],[135.44683,34.49842],[135.44669,34.49829],[135.44642,34.49822],[135.44577,34.49819],[135.44572,34.49796],[135.44669,34.49713],[135.44697,34.49703],[135.44778,34.49709],[135.44806,34.49701],[135.4486,34.49652],[135.44926,34.49618],[135.44933,34.49595],[135.44915,34.49586],[135.44888,34.49552],[135.4488,34.49505],[135.44853,34.4946],[135.44855,34.49437],[135.44906,34.49392],[135.44921,34.4937],[135.44945,34.49325],[135.44944,34.49293],[135.44917,34.49291],[135.449,34.49302],[135.4478,34.49407],[135.44753,34.49397],[135.44733,34.49369],[135.4472,34.49279],[135.44684,34.49233],[135.44645,34.4922],[135.44564,34.49231],[135.44537,34.49228],[135.4447,34.49187],[135.44454,34.49165],[135.44473,34.49097],[135.4447,34.49075],[135.44456,34.49051],[135.44402,34.49013],[135.4432,34.48986],[135.44266,34.48991],[135.44129,34.49047],[135.44047,34.49098],[135.4402,34.49103],[135.43993,34.49095],[135.43973,34.49072],[135.4397,34.4905],[135.44008,34.4896],[135.44008,34.48937],[135.43994,34.48911],[135.43913,34.48835],[135.43886,34.4882],[135.43832,34.48815],[135.43695,34.48833],[135.43641,34.48847],[135.43614,34.48844],[135.43584,34.48823],[135.43573,34.488],[135.43575,34.48778],[135.43587,34.48755],[135.43614,34.48735],[135.43669,34.48726],[135.4375,34.48745],[135.43778,34.48744],[135.43812,34.48711],[135.43818,34.48644],[135.43809,34.48553],[135.43757,34.4844],[135.43747,34.48395],[135.43761,34.48373],[135.43808,34.48347],[135.43826,34.48328],[135.43829,34.48238],[135.43859,34.48193],[135.43864,34.4817],[135.43856,34.48148],[135.43766,34.4808],[135.43673,34.48063],[135.43646,34.4805],[135.43538,34.47889],[135.43511,34.47871],[135.43457,34.47857],[135.4343,34.47835],[135.43423,34.47808],[135.43438,34.4774],[135.43433,34.47718],[135.43404,34.47693],[135.43322,34.47688],[135.43213,34.4767],[135.43132,34.47686],[135.43023,34.47642],[135.42914,34.47633],[135.42846,34.47602],[135.42779,34.47544],[135.42752,34.47532],[135.42697,34.47524],[135.42616,34.47534],[135.42534,34.47568],[135.42506,34.47561],[135.42452,34.4753],[135.42425,34.47527],[135.42398,34.47533],[135.4238,34.47555],[135.42394,34.47623],[135.42391,34.47645],[135.4237,34.47673],[135.42342,34.47687],[135.42315,34.4769],[135.42288,34.4768],[135.42259,34.47645],[135.42253,34.47599],[135.42268,34.47532],[135.42262,34.47508],[135.42235,34.47492],[135.42126,34.47523],[135.42099,34.47511],[135.42072,34.47483],[135.42044,34.4747],[135.41935,34.47489],[135.41908,34.47483],[135.41881,34.47458],[135.41852,34.47372],[135.41827,34.47351],[135.41746,34.47314],[135.41704,34.47281],[135.41699,34.47259],[135.41771,34.47146],[135.41802,34.47129],[135.41883,34.4713],[135.41915,34.47125],[135.41941,34.47102],[135.41944,34.47012],[135.41966,34.46981],[135.42103,34.46869],[135.42267,34.46759],[135.42294,34.46749],[135.42321,34.46751],[135.42349,34.46765],[135.42417,34.46834],[135.42511,34.46905],[135.42538,34.46911],[135.42565,34.46905],[135.42647,34.46853],[135.42675,34.4684],[135.42702,34.46839],[135.42729,34.46851],[135.42756,34.46876],[135.42837,34.4697],[135.42864,34.47014],[135.42891,34.47035],[135.42918,34.47041],[135.42973,34.47025],[135.43082,34.46941],[135.43176,34.46883],[135.4341,34.46695],[135.43438,34.46681],[135.43527,34.46659],[135.43551,34.46636],[135.43575,34.4657],[135.43593,34.46546],[135.43903,34.46333],[135.44067,34.46198],[135.44146,34.46121]],[[135.44143,34.47057],[135.44086,34.4709],[135.44073,34.47112],[135.44074,34.47135],[135.44088,34.47144],[135.44115,34.47146],[135.44142,34.47136],[135.4417,34.47113],[135.44189,34.47068],[135.4417,34.47054],[135.44143,34.47057]],[[135.44566,34.48871],[135.44542,34.48895],[135.44539,34.48933],[135.44565,34.4898],[135.44593,34.48983],[135.44625,34.48918],[135.44627,34.48895],[135.44593,34.48868],[135.44566,34.48871]],[[135.44971,34.49392],[135.44964,34.49415],[135.44978,34.49438],[135.44998,34.49449],[135.45025,34.49448],[135.45038,34.49438],[135.45044,34.49415],[135.45025,34.49387],[135.44998,34.4938],[135.44971,34.49392]],[[135.45815,34.49445],[135.45787,34.49471],[135.45763,34.49531],[135.45745,34.49554],[135.4565,34.4964],[135.45594,34.49666],[135.45509,34.49846],[135.45485,34.49865],[135.45403,34.49876],[135.45391,34.4989],[135.45402,34.49913],[135.45447,34.49958],[135.45455,34.49981],[135.45435,34.50048],[135.45448,34.50116],[135.45426,34.50183],[135.45429,34.50228],[135.45456,34.50274],[135.45482,34.50364],[135.45509,34.50389],[135.45536,34.50397],[135.45618,34.50394],[135.45727,34.50364],[135.45808,34.50381],[135.4585,34.50366],[135.45864,34.50343],[135.45854,34.50321],[135.45801,34.50275],[135.45792,34.50253],[135.45824,34.5014],[135.45873,34.50073],[135.4588,34.5005],[135.45868,34.50028],[135.45838,34.50027],[135.45805,34.50095],[135.45701,34.50172],[135.45674,34.50171],[135.45663,34.50162],[135.4564,34.50117],[135.4566,34.50049],[135.4566,34.50027],[135.45636,34.49959],[135.45644,34.49846],[135.45676,34.49756],[135.4573,34.49711],[135.45824,34.49577],[135.45849,34.49487],[135.45842,34.49457],[135.45815,34.49445]],[[135.4357,34.47284],[135.43529,34.47312],[135.43531,34.47335],[135.43542,34.47345],[135.43569,34.47349],[135.43597,34.47339],[135.43653,34.4729],[135.43624,34.47277],[135.4357,34.47284]]]}},{"type":"Feature","properties":{"no":28},"geometry":{"type":"Polygon","coordinates":[[[135.57273,34.47909],[135.5731,34.47905],[135.57337,34.47928],[135.57364,34.48],[135.57473,34.48016],[135.57582,34.48014],[135.57609,34.4802],[135.57636,34.48044],[135.57648,34.48113],[135.57638,34.48158],[135.57606,34.48226],[135.5761,34.48271],[135.57626,34.48294],[135.57662,34.48319],[135.57716,34.48339],[135.57798,34.4835],[135.57825,34.48362],[135.5785,34.48384],[135.5786,34.48407],[135.57875,34.48497],[135.57909,34.48587],[135.57913,34.48633],[135.57896,34.48678],[135.57815,34.48767],[135.57768,34.48796],[135.57605,34.48835],[135.57571,34.48857],[135.57556,34.48879],[135.57557,34.48924],[135.57605,34.49015],[135.57569,34.49105],[135.57571,34.49127],[135.57585,34.4915],[135.57617,34.49172],[135.57712,34.49203],[135.5773,34.49218],[135.57736,34.4924],[135.57711,34.49269],[135.57619,34.49308],[135.57601,34.4933],[135.57598,34.49353],[135.57629,34.4945],[135.57656,34.49485],[135.57688,34.49511],[135.57698,34.49533],[135.57674,34.49623],[135.57708,34.49714],[135.5775,34.49759],[135.57862,34.49849],[135.57899,34.49866],[135.57981,34.49877],[135.58016,34.49895],[135.58125,34.50008],[135.58157,34.50098],[135.58208,34.50144],[135.58251,34.50203],[135.5836,34.50287],[135.58414,34.50309],[135.58441,34.50309],[135.58523,34.50222],[135.58605,34.50191],[135.58687,34.50149],[135.58714,34.50147],[135.58745,34.50168],[135.58786,34.50281],[135.5886,34.50349],[135.58838,34.50484],[135.58793,34.50574],[135.58791,34.50596],[135.58802,34.50619],[135.58875,34.50664],[135.58886,34.50687],[135.58872,34.50709],[135.58738,34.50778],[135.58711,34.50778],[135.58657,34.5076],[135.5863,34.50759],[135.58589,34.50776],[135.58577,34.50799],[135.58597,34.50889],[135.58629,34.50911],[135.58656,34.50918],[135.5871,34.50914],[135.58803,34.50889],[135.5882,34.50878],[135.5883,34.50867],[135.58821,34.50822],[135.58829,34.50799],[135.58847,34.50784],[135.58875,34.50772],[135.58902,34.50772],[135.58929,34.50781],[135.58952,34.508],[135.58963,34.50822],[135.5896,34.50867],[135.58928,34.50894],[135.58874,34.50897],[135.58863,34.50912],[135.58867,34.50957],[135.5888,34.5098],[135.58901,34.50994],[135.58983,34.51003],[135.59009,34.51021],[135.59099,34.51116],[135.59116,34.51161],[135.59105,34.51229],[135.59107,34.51296],[135.59139,34.51364],[135.59171,34.5138],[135.59198,34.51372],[135.59253,34.51333],[135.59335,34.51324],[135.59389,34.51305],[135.59546,34.51162],[135.59576,34.51117],[135.59578,34.51095],[135.59551,34.51005],[135.59566,34.50982],[135.59581,34.50974],[135.59663,34.50974],[135.59717,34.5099],[135.59772,34.51026],[135.59801,34.51073],[135.59806,34.51118],[135.59797,34.51141],[135.59759,34.51186],[135.59753,34.51208],[135.59772,34.51253],[135.59824,34.51299],[135.59839,34.51321],[135.59836,34.51344],[135.59743,34.51426],[135.59653,34.51456],[135.59629,34.51478],[135.59622,34.51501],[135.59626,34.51636],[135.59669,34.51794],[135.59671,34.51862],[135.59697,34.51929],[135.59697,34.51952],[135.59681,34.51974],[135.59631,34.52002],[135.59413,34.52067],[135.5937,34.52086],[135.59321,34.52153],[135.59258,34.52198],[135.59221,34.52252],[135.59194,34.52273],[135.59139,34.52298],[135.59108,34.52333],[135.59107,34.52355],[135.59127,34.52423],[135.59132,34.52513],[135.59165,34.52552],[135.59249,34.52604],[135.59271,34.52626],[135.59281,34.52649],[135.59281,34.52672],[135.59256,34.52739],[135.59261,34.52762],[135.59321,34.52807],[135.59534,34.5292],[135.59559,34.52943],[135.59566,34.52966],[135.59544,34.52993],[135.5949,34.53012],[135.59435,34.53012],[135.59354,34.53],[135.59299,34.53002],[135.59136,34.53049],[135.59081,34.53081],[135.58999,34.5319],[135.58971,34.53208],[135.58944,34.53215],[135.58781,34.53191],[135.58754,34.53167],[135.5874,34.53121],[135.58668,34.53053],[135.58649,34.5294],[135.58602,34.52827],[135.58574,34.52782],[135.58523,34.52737],[135.58514,34.52714],[135.58524,34.52669],[135.58476,34.52601],[135.58467,34.52421],[135.58431,34.52353],[135.58423,34.52308],[135.58455,34.52241],[135.58517,34.52173],[135.58544,34.52128],[135.58555,34.52061],[135.58546,34.51948],[135.58515,34.51921],[135.5846,34.51907],[135.58297,34.51905],[135.58243,34.51893],[135.58139,34.51811],[135.58106,34.51766],[135.58102,34.51744],[135.58116,34.51699],[135.58181,34.51609],[135.58221,34.51519],[135.58251,34.51338],[135.58209,34.5118],[135.582,34.5109],[135.58189,34.51068],[135.58165,34.51049],[135.58138,34.51043],[135.58111,34.51047],[135.58002,34.51115],[135.5792,34.51141],[135.57865,34.51132],[135.57784,34.51084],[135.57729,34.51078],[135.57593,34.5108],[135.57487,34.5111],[135.5743,34.51161],[135.57402,34.51172],[135.57239,34.51156],[135.57103,34.51206],[135.56994,34.51219],[135.56939,34.51239],[135.56857,34.51291],[135.56775,34.51324],[135.56748,34.51327],[135.56721,34.5132],[135.56694,34.51288],[135.56696,34.51243],[135.56721,34.51214],[135.56776,34.51194],[135.5683,34.51194],[135.56858,34.51188],[135.56885,34.51166],[135.56905,34.51131],[135.56903,34.51108],[135.56885,34.51089],[135.56804,34.51062],[135.56766,34.5104],[135.56762,34.51018],[135.5677,34.50995],[135.56806,34.50928],[135.56832,34.50907],[135.56914,34.50875],[135.56967,34.50816],[135.56996,34.50795],[135.57078,34.50776],[135.57105,34.50763],[135.5716,34.50707],[135.5725,34.50636],[135.57253,34.50614],[135.57242,34.50591],[135.57179,34.50501],[135.57194,34.50433],[135.57198,34.50366],[135.57242,34.50253],[135.57223,34.50163],[135.5723,34.5014],[135.57299,34.50055],[135.57408,34.50001],[135.57458,34.49961],[135.57491,34.49893],[135.57553,34.49803],[135.57571,34.49736],[135.57556,34.49691],[135.57465,34.49631],[135.57443,34.496],[135.57428,34.49532],[135.57423,34.49442],[135.57358,34.49352],[135.57354,34.49217],[135.57405,34.49082],[135.57412,34.49014],[135.57403,34.48991],[135.57278,34.48833],[135.57251,34.48743],[135.57224,34.48713],[135.5717,34.48671],[135.57143,34.48634],[135.57135,34.48607],[135.57139,34.48517],[135.57036,34.48344],[135.57,34.48246],[135.57001,34.48111],[135.57035,34.48044],[135.57064,34.48019],[135.57201,34.47957],[135.57273,34.47909]],[[135.57282,34.48108],[135.57259,34.48134],[135.5729,34.48225],[135.57308,34.48238],[135.57336,34.48234],[135.57358,34.48225],[135.57361,34.48202],[135.57318,34.48157],[135.57309,34.48131],[135.57282,34.48108]],[[135.58386,34.50543],[135.58372,34.50572],[135.58364,34.5064],[135.58385,34.50704],[135.58439,34.50757],[135.58466,34.50768],[135.58493,34.50767],[135.58512,34.50753],[135.58508,34.50708],[135.58449,34.50663],[135.58432,34.5064],[135.58413,34.50546],[135.58386,34.50543]]]}},{"type":"Feature","properties":{"no":29},"geometry":{"type":"Polygon","coordinates":[[[135.65455,34.62224],[135.6547,34.6221],[135.65498,34.62206],[135.65607,34.62232],[135.65661,34.62233],[135.65743,34.62221],[135.65798,34.6224],[135.65838,34.6227],[135.65933,34.62379],[135.66018,34.62429],[135.66082,34.62497],[135.66127,34.62587],[135.66177,34.62808],[135.66201,34.62835],[135.66268,34.6288],[135.66315,34.62948],[135.66325,34.62993],[135.66333,34.63309],[135.66297,34.63354],[135.66172,34.63443],[135.66145,34.63488],[135.66141,34.63511],[135.66149,34.63533],[135.66174,34.63544],[135.66256,34.63559],[135.6628,34.63579],[135.66291,34.63601],[135.66295,34.63669],[135.6627,34.63782],[135.66271,34.6403],[135.66318,34.6412],[135.66388,34.64188],[135.66401,34.64233],[135.66398,34.64278],[135.66386,34.643],[135.66307,34.64349],[135.66225,34.64374],[135.66116,34.64357],[135.66089,34.64349],[135.66062,34.6433],[135.66029,34.64277],[135.66007,34.64262],[135.6598,34.6426],[135.65816,34.6432],[135.65734,34.64325],[135.65653,34.6435],[135.65543,34.64354],[135.65461,34.64384],[135.6538,34.64391],[135.65298,34.64417],[135.65107,34.64422],[135.64943,34.64446],[135.64807,34.64492],[135.64752,34.64503],[135.64697,34.64488],[135.64616,34.6441],[135.64561,34.64398],[135.64316,34.64399],[135.6418,34.64434],[135.64043,34.64418],[135.63552,34.64418],[135.63443,34.64451],[135.63416,34.64451],[135.63307,34.64431],[135.63273,34.64404],[135.63241,34.64291],[135.63234,34.64111],[135.63222,34.64088],[135.63199,34.64072],[135.63172,34.64069],[135.63145,34.64085],[135.63134,34.64111],[135.63131,34.64201],[135.63138,34.64291],[135.6318,34.64359],[135.63183,34.64381],[135.63171,34.6441],[135.63143,34.6443],[135.63116,34.64435],[135.62952,34.6444],[135.62843,34.64458],[135.62625,34.6446],[135.6259,34.6447],[135.62566,34.64492],[135.62559,34.64515],[135.62554,34.64763],[135.62539,34.64808],[135.62514,34.64832],[135.62378,34.64911],[135.62241,34.65018],[135.62186,34.65039],[135.6205,34.65039],[135.61995,34.65017],[135.61941,34.64974],[135.6184,34.64873],[135.61805,34.64822],[135.61778,34.64807],[135.61723,34.64818],[135.61679,34.6485],[135.61667,34.64872],[135.61663,34.6494],[135.61625,34.64985],[135.61586,34.65007],[135.61532,34.65017],[135.61368,34.65019],[135.61259,34.65037],[135.6115,34.65039],[135.61095,34.65029],[135.61014,34.6499],[135.60959,34.6498],[135.60932,34.64986],[135.6085,34.65033],[135.60795,34.65037],[135.60741,34.65028],[135.6055,34.64947],[135.60523,34.64944],[135.60468,34.64964],[135.60359,34.65025],[135.60277,34.65051],[135.60222,34.65058],[135.60141,34.65041],[135.59977,34.64954],[135.59923,34.64933],[135.59759,34.64927],[135.59705,34.64941],[135.59541,34.65045],[135.59486,34.65048],[135.59455,34.65023],[135.59449,34.64955],[135.59487,34.64798],[135.59515,34.64782],[135.59596,34.64785],[135.59651,34.64778],[135.597,34.64753],[135.59723,34.64731],[135.59837,34.64596],[135.59898,34.64484],[135.59906,34.64439],[135.59888,34.64371],[135.59901,34.64348],[135.59953,34.64338],[135.60035,34.64349],[135.60089,34.64347],[135.60226,34.64323],[135.60308,34.64329],[135.6039,34.64288],[135.60417,34.64285],[135.60471,34.64297],[135.60553,34.64341],[135.6058,34.64348],[135.60635,34.64337],[135.60689,34.64304],[135.60771,34.64239],[135.60868,34.64149],[135.60963,34.64078],[135.61049,34.63992],[135.6121,34.6387],[135.61237,34.63854],[135.61264,34.63848],[135.61292,34.63854],[135.61455,34.63938],[135.61568,34.64106],[135.61617,34.64145],[135.61645,34.64156],[135.61699,34.64154],[135.61836,34.64111],[135.61945,34.64124],[135.62027,34.64082],[135.62054,34.64076],[135.62081,34.64082],[135.62136,34.64111],[135.62163,34.64116],[135.6219,34.64111],[135.62322,34.64018],[135.62377,34.63951],[135.62546,34.63847],[135.62723,34.63704],[135.62759,34.63659],[135.62751,34.63591],[135.62765,34.6357],[135.62874,34.63546],[135.62984,34.63482],[135.63066,34.6342],[135.63121,34.63397],[135.63175,34.63395],[135.63202,34.6341],[135.63218,34.63435],[135.63232,34.63502],[135.63447,34.63669],[135.63555,34.63713],[135.63664,34.63769],[135.63746,34.63779],[135.638,34.6384],[135.63873,34.63865],[135.63895,34.63888],[135.63917,34.63933],[135.64045,34.64039],[135.64099,34.64062],[135.64181,34.64079],[135.64208,34.64078],[135.64236,34.64067],[135.64342,34.63979],[135.64482,34.63913],[135.64509,34.6389],[135.64564,34.63822],[135.64666,34.63732],[135.64671,34.6371],[135.64661,34.63642],[135.64673,34.63619],[135.64756,34.63599],[135.64812,34.63575],[135.64835,34.63552],[135.64865,34.63481],[135.64893,34.63467],[135.6492,34.63465],[135.65002,34.63501],[135.65029,34.63508],[135.65056,34.63505],[135.6509,34.63485],[135.65103,34.63463],[135.65099,34.63418],[135.65111,34.63401],[135.65138,34.63393],[135.65193,34.63395],[135.6522,34.63388],[135.65239,34.63373],[135.65248,34.63351],[135.65228,34.63283],[135.65275,34.6325],[135.65321,34.63193],[135.65357,34.63169],[135.65377,34.63148],[135.65382,34.63126],[135.65368,34.63081],[135.65349,34.63058],[135.65281,34.63013],[135.65222,34.62944],[135.6516,34.629],[135.65185,34.62855],[135.65223,34.62823],[135.65386,34.62747],[135.65425,34.6272],[135.65433,34.62698],[135.65422,34.62585],[135.65396,34.6254],[135.65342,34.62494],[135.65328,34.62472],[135.65327,34.62449],[135.65351,34.62404],[135.65434,34.62314],[135.65451,34.62269],[135.65455,34.62224]]]}},{"type":"Feature","properties":{"no":30},"geometry":{"type":"Polygon","coordinates":[[[135.4665,34.48408],[135.46692,34.48401],[135.46747,34.48414],[135.46774,34.48448],[135.4681,34.48522],[135.46882,34.48579],[135.46908,34.48654],[135.46935,34.48681],[135.4699,34.48705],[135.47207,34.48765],[135.47262,34.4876],[135.47289,34.4874],[135.47344,34.48677],[135.47426,34.48637],[135.47453,34.48633],[135.47535,34.48642],[135.47616,34.48633],[135.47698,34.48636],[135.47752,34.48627],[135.47794,34.48639],[135.47799,34.48706],[135.47842,34.48797],[135.4786,34.48882],[135.47887,34.48908],[135.47941,34.48932],[135.47954,34.48955],[135.47944,34.48977],[135.47917,34.49],[135.47831,34.49038],[135.47777,34.49052],[135.47668,34.49057],[135.47632,34.49066],[135.47604,34.49089],[135.47578,34.49134],[135.47574,34.49156],[135.47581,34.49179],[135.4764,34.49249],[135.4767,34.49269],[135.47748,34.49294],[135.47773,34.49315],[135.47808,34.49382],[135.47856,34.49428],[135.47938,34.4946],[135.47992,34.49495],[135.48073,34.49525],[135.48115,34.49587],[135.48182,34.49625],[135.48209,34.49677],[135.48236,34.49705],[135.48263,34.49717],[135.4829,34.49718],[135.48345,34.49694],[135.48427,34.49636],[135.48454,34.49638],[135.48472,34.49656],[135.48476,34.49723],[135.48506,34.49769],[135.48506,34.49791],[135.48468,34.49859],[135.4847,34.49881],[135.48507,34.49908],[135.48534,34.4991],[135.48561,34.49897],[135.48572,34.49859],[135.48562,34.49817],[135.48545,34.49791],[135.48551,34.49769],[135.48617,34.497],[135.48644,34.49689],[135.48726,34.49699],[135.4878,34.4969],[135.48889,34.49705],[135.48944,34.49695],[135.49025,34.49667],[135.49053,34.49667],[135.49107,34.4968],[135.49188,34.49733],[135.49243,34.49747],[135.49324,34.49719],[135.49434,34.49642],[135.49598,34.49579],[135.49652,34.49579],[135.49788,34.49617],[135.49811,34.49639],[135.49809,34.49661],[135.4976,34.49746],[135.49709,34.49796],[135.49702,34.49819],[135.49722,34.49864],[135.49778,34.49932],[135.49795,34.49977],[135.49786,34.50003],[135.49721,34.50044],[135.49704,34.50067],[135.49707,34.50089],[135.49797,34.50135],[135.49821,34.5018],[135.49838,34.50264],[135.49899,34.50315],[135.49914,34.50383],[135.49971,34.50473],[135.50027,34.50552],[135.50054,34.50571],[135.50109,34.50591],[135.50117,34.50609],[135.50081,34.50644],[135.5007,34.50677],[135.50069,34.50767],[135.50038,34.50812],[135.49929,34.50901],[135.49834,34.5096],[135.49725,34.51045],[135.49534,34.51157],[135.49506,34.51164],[135.49479,34.51162],[135.49456,34.51147],[135.49425,34.51108],[135.49398,34.51094],[135.49343,34.51098],[135.4918,34.51143],[135.49098,34.51175],[135.49045,34.51213],[135.49015,34.51303],[135.48961,34.51357],[135.48879,34.51395],[135.48851,34.514],[135.48797,34.51395],[135.48639,34.51347],[135.48616,34.51324],[135.48614,34.51302],[135.4864,34.51257],[135.48765,34.51099],[135.48777,34.51077],[135.48772,34.51043],[135.48761,34.51032],[135.48718,34.51015],[135.48663,34.51012],[135.48609,34.51023],[135.48571,34.51008],[135.48553,34.50986],[135.48539,34.50941],[135.48547,34.50851],[135.48542,34.50828],[135.48528,34.50804],[135.48458,34.50737],[135.4842,34.50638],[135.48296,34.50534],[135.48259,34.50444],[135.48237,34.50421],[135.4813,34.50375],[135.48069,34.50309],[135.4796,34.50268],[135.47933,34.50266],[135.47862,34.50307],[135.47823,34.50346],[135.47807,34.50284],[135.47778,34.50239],[135.47742,34.50216],[135.47634,34.50184],[135.47598,34.50193],[135.47524,34.50272],[135.47497,34.50278],[135.47443,34.50273],[135.47388,34.5028],[135.47307,34.50273],[135.47252,34.50278],[135.47225,34.50288],[135.47143,34.50342],[135.47115,34.5035],[135.47088,34.50339],[135.47034,34.5026],[135.47007,34.50243],[135.46926,34.50215],[135.46844,34.50159],[135.46817,34.50149],[135.46747,34.50144],[135.46709,34.50128],[135.46682,34.50099],[135.46655,34.50045],[135.46628,34.50024],[135.46546,34.49986],[135.46527,34.49963],[135.46523,34.4994],[135.46584,34.4976],[135.46582,34.49648],[135.4663,34.49588],[135.46642,34.49558],[135.46641,34.4949],[135.46619,34.494],[135.46615,34.49287],[135.46597,34.49219],[135.46616,34.49129],[135.4662,34.49062],[135.46616,34.49017],[135.46597,34.48949],[135.46595,34.48881],[135.46618,34.48791],[135.46622,34.48724],[135.46596,34.48566],[135.46606,34.48498],[135.4663,34.48431],[135.4665,34.48408]],[[135.472,34.49828],[135.47189,34.49831],[135.47175,34.49853],[135.47218,34.49876],[135.47255,34.49886],[135.47285,34.49876],[135.47281,34.49853],[135.472,34.49828]],[[135.47907,34.49963],[135.47893,34.49991],[135.47905,34.50014],[135.47934,34.50029],[135.47961,34.50027],[135.47978,34.50014],[135.47986,34.49992],[135.47977,34.49969],[135.47962,34.49957],[135.47935,34.49953],[135.47907,34.49963]],[[135.48641,34.5017],[135.48622,34.50175],[135.48612,34.50197],[135.48641,34.50238],[135.48695,34.5027],[135.48722,34.50276],[135.48748,34.50265],[135.48747,34.50243],[135.48723,34.50213],[135.48695,34.50192],[135.48641,34.5017]],[[135.49536,34.50803],[135.49529,34.5081],[135.49536,34.50825],[135.49548,34.5081],[135.49536,34.50803]]]}},{"type":"Feature","properties":{"no":31},"geometry":{"type":"Polygon","coordinates":[[[135.58122,34.51045],[135.58165,34.51049],[135.58189,34.51068],[135.582,34.5109],[135.58209,34.5118],[135.58251,34.51338],[135.58221,34.51519],[135.58181,34.51609],[135.58116,34.51699],[135.58102,34.51744],[135.58106,34.51766],[135.58139,34.51811],[135.58243,34.51893],[135.5827,34.51903],[135.58406,34.5191],[135.58515,34.51931],[135.58542,34.51948],[135.58555,34.52016],[135.58544,34.52128],[135.58517,34.52173],[135.5844,34.52263],[135.58423,34.52308],[135.58424,34.52331],[135.58462,34.52421],[135.58449,34.52488],[135.58467,34.52534],[135.58475,34.52601],[135.58493,34.52646],[135.58499,34.52714],[135.58592,34.52805],[135.58649,34.5294],[135.58668,34.53053],[135.58727,34.53106],[135.58736,34.53121],[135.58734,34.53143],[135.58699,34.53173],[135.58563,34.53224],[135.58399,34.53349],[135.58372,34.53358],[135.58235,34.53359],[135.58204,34.53367],[135.58164,34.53389],[135.58148,34.53412],[135.58145,34.53457],[135.58181,34.53479],[135.58193,34.53502],[135.58118,34.53637],[135.5809,34.53704],[135.58088,34.53727],[135.58109,34.53749],[135.58158,34.53772],[135.58166,34.53795],[135.58155,34.53817],[135.58057,34.53885],[135.57987,34.5396],[135.5789,34.54019],[135.57823,34.54109],[135.57794,34.54177],[135.57771,34.54199],[135.57686,34.54245],[135.57523,34.54296],[135.57467,34.54333],[135.5745,34.54378],[135.57466,34.54401],[135.57522,34.54426],[135.57546,34.54446],[135.57561,34.54491],[135.57555,34.54536],[135.57521,34.54574],[135.57436,34.54626],[135.57384,34.54678],[135.57357,34.54689],[135.5733,34.54683],[135.57276,34.54653],[135.57248,34.54651],[135.57221,34.54669],[135.57219,34.54716],[135.57248,34.54783],[135.57247,34.54806],[135.5723,34.54828],[135.57166,34.54854],[135.57029,34.54867],[135.56975,34.54881],[135.56948,34.54878],[135.56893,34.54825],[135.56866,34.54807],[135.56839,34.54799],[135.56794,34.54804],[135.56764,34.54827],[135.56745,34.54872],[135.56698,34.54939],[135.5674,34.55029],[135.56735,34.55232],[135.56767,34.55345],[135.56744,34.55435],[135.56753,34.55525],[135.56746,34.55615],[135.56757,34.55638],[135.5678,34.55657],[135.56834,34.55673],[135.56862,34.55692],[135.56874,34.55751],[135.56864,34.55796],[135.56826,34.55864],[135.56724,34.55974],[135.56697,34.55987],[135.56669,34.5599],[135.56179,34.55986],[135.56125,34.55977],[135.56103,34.55951],[135.56099,34.55929],[135.56111,34.55861],[135.56117,34.55658],[135.5616,34.55546],[135.56141,34.55478],[135.56127,34.55464],[135.561,34.55456],[135.55991,34.55487],[135.55909,34.55481],[135.55882,34.55462],[135.55853,34.55409],[135.55828,34.55389],[135.55774,34.55378],[135.55734,34.55386],[135.55664,34.55426],[135.55583,34.55446],[135.55528,34.55477],[135.55446,34.55472],[135.55365,34.55433],[135.55337,34.55431],[135.55228,34.55471],[135.55198,34.55497],[135.55172,34.55542],[135.55171,34.5561],[135.55166,34.55632],[135.55146,34.55655],[135.55091,34.5568],[135.54873,34.55736],[135.54845,34.55746],[135.54821,34.55766],[135.5481,34.55789],[135.54809,34.55834],[135.54859,34.55924],[135.54861,34.55947],[135.54844,34.55969],[135.54817,34.55977],[135.54762,34.55976],[135.54708,34.55959],[135.54681,34.55933],[135.54669,34.55901],[135.54667,34.5554],[135.5466,34.55518],[135.54636,34.55495],[135.54574,34.55487],[135.54465,34.55501],[135.54384,34.55486],[135.54329,34.55484],[135.54275,34.55494],[135.54165,34.55558],[135.54138,34.55559],[135.54108,34.55538],[135.54098,34.55493],[135.54101,34.5538],[135.54112,34.5535],[135.54167,34.55306],[135.54196,34.55268],[135.54207,34.55223],[135.54204,34.55155],[135.5418,34.5511],[135.54087,34.54987],[135.5406,34.5497],[135.54005,34.54956],[135.53978,34.54935],[135.53967,34.54907],[135.53966,34.54861],[135.53979,34.54816],[135.54024,34.54772],[135.54034,34.54752],[135.5406,34.54659],[135.54089,34.54632],[135.54198,34.54614],[135.54237,34.54592],[135.54314,34.54525],[135.54389,34.54495],[135.5449,34.54435],[135.54553,34.54424],[135.54635,34.54439],[135.54662,34.54434],[135.54698,34.54413],[135.54771,34.54343],[135.54799,34.54333],[135.5488,34.54333],[135.54918,34.54324],[135.55084,34.54235],[135.55126,34.542],[135.55138,34.54167],[135.55138,34.54122],[135.55119,34.54032],[135.55136,34.53987],[135.55187,34.53919],[135.55189,34.53897],[135.55146,34.53807],[135.55124,34.53716],[135.55169,34.53626],[135.55171,34.53604],[135.55112,34.53491],[135.55043,34.53423],[135.54991,34.53355],[135.54975,34.5331],[135.54986,34.53288],[135.55022,34.53279],[135.55104,34.53296],[135.55158,34.53298],[135.55213,34.5328],[135.5524,34.53245],[135.55245,34.53221],[135.55205,34.53131],[135.55204,34.53086],[135.55214,34.53063],[135.55241,34.53047],[135.55296,34.53039],[135.55323,34.53019],[135.55351,34.52978],[135.55378,34.52978],[135.55432,34.53],[135.55514,34.53014],[135.55568,34.53046],[135.55623,34.53051],[135.55656,34.53042],[135.5568,34.5302],[135.55681,34.52975],[135.55663,34.52929],[135.5567,34.52907],[135.55787,34.52901],[135.55868,34.52919],[135.55896,34.52918],[135.5599,34.52886],[135.56006,34.52863],[135.55992,34.5284],[135.55896,34.52809],[135.55882,34.52772],[135.55889,34.5275],[135.55922,34.52705],[135.55953,34.52683],[135.56006,34.52668],[135.56087,34.52668],[135.56142,34.52655],[135.56183,34.52616],[135.56188,34.52593],[135.56151,34.52526],[135.56158,34.52503],[135.5617,34.525],[135.56224,34.52518],[135.56252,34.52511],[135.56284,34.52481],[135.5633,34.52368],[135.56317,34.52211],[135.56394,34.52031],[135.5639,34.52006],[135.56322,34.51985],[135.56304,34.51963],[135.56307,34.51918],[135.5634,34.5185],[135.56356,34.5176],[135.56382,34.51715],[135.56408,34.51693],[135.56534,34.51625],[135.56587,34.5158],[135.56612,34.51535],[135.56616,34.51445],[135.56639,34.51409],[135.56671,34.51378],[135.56857,34.51292],[135.56966,34.51228],[135.57021,34.51213],[135.5713,34.51199],[135.57239,34.51156],[135.57402,34.51172],[135.5743,34.51161],[135.57484,34.51111],[135.57512,34.511],[135.57593,34.5108],[135.57648,34.51077],[135.57784,34.51084],[135.57865,34.51132],[135.5792,34.51141],[135.58002,34.51115],[135.58084,34.51059],[135.58122,34.51045]],[[135.54278,34.5489],[135.54257,34.54908],[135.54264,34.5493],[135.54278,34.54937],[135.54305,34.54924],[135.54313,34.54908],[135.54305,34.54896],[135.54278,34.5489]],[[135.55319,34.53737],[135.55301,34.53762],[135.55319,34.5378],[135.55346,34.53779],[135.5536,34.53762],[135.55346,34.53741],[135.55319,34.53737]],[[135.55558,34.54903],[135.55523,34.5498],[135.5553,34.55006],[135.55558,34.55011],[135.55585,34.54988],[135.55593,34.54958],[135.55585,34.549],[135.55558,34.54903]],[[135.55693,34.55102],[135.55666,34.55116],[135.55646,34.55138],[135.55645,34.55183],[135.55665,34.55235],[135.55693,34.55254],[135.5572,34.55257],[135.55747,34.55242],[135.55797,34.55139],[135.55791,34.55116],[135.55775,34.55105],[135.55748,34.55096],[135.55693,34.55102]],[[135.55756,34.53479],[135.55723,34.53493],[135.55729,34.53504],[135.55756,34.53503],[135.55768,34.53493],[135.55756,34.53479]],[[135.55975,34.53351],[135.55953,34.53426],[135.55926,34.53471],[135.5594,34.53494],[135.56001,34.53519],[135.56056,34.53527],[135.56137,34.53527],[135.56165,34.53521],[135.56192,34.53505],[135.56213,34.53472],[135.56227,34.53427],[135.56223,34.53405],[135.56203,34.53382],[135.56111,34.53356],[135.56029,34.53342],[135.56002,34.5334],[135.55975,34.53351]],[[135.56248,34.53216],[135.56221,34.53244],[135.56221,34.5327],[135.56248,34.53302],[135.56275,34.53309],[135.56302,34.53302],[135.56332,34.5327],[135.5633,34.53244],[135.56302,34.5322],[135.56275,34.53213],[135.56248,34.53216]],[[135.56347,34.55114],[135.5632,34.55119],[135.56301,34.55141],[135.56307,34.55163],[135.56319,34.55175],[135.56374,34.5517],[135.56398,34.55141],[135.56376,34.55118],[135.56347,34.55114]],[[135.5649,34.5381],[135.56459,34.53834],[135.5644,34.53901],[135.5638,34.53966],[135.5638,34.53993],[135.56399,34.54014],[135.56462,34.54051],[135.56489,34.54094],[135.56516,34.54117],[135.5657,34.54135],[135.56706,34.54143],[135.56721,34.54128],[135.56721,34.54083],[135.56651,34.53992],[135.56619,34.53902],[135.56544,34.53819],[135.56517,34.53809],[135.5649,34.5381]],[[135.56938,34.51466],[135.5692,34.51514],[135.56937,34.5154],[135.56965,34.51534],[135.56983,34.51492],[135.56965,34.51461],[135.56938,34.51466]],[[135.57498,34.53856],[135.57484,34.53883],[135.57497,34.5389],[135.57529,34.53883],[135.57534,34.5386],[135.57525,34.53854],[135.57498,34.53856]],[[135.57526,34.53518],[135.57514,34.53545],[135.57518,34.53567],[135.57553,34.53577],[135.57583,34.53567],[135.57596,34.53545],[135.57581,34.53515],[135.57554,34.53506],[135.57526,34.53518]],[[135.57799,34.53426],[135.57772,34.53435],[135.57745,34.53455],[135.57739,34.53478],[135.57756,34.535],[135.57826,34.53525],[135.57908,34.53535],[135.57935,34.53552],[135.57989,34.53624],[135.58016,34.53628],[135.58026,34.53614],[135.58044,34.53524],[135.58041,34.53501],[135.58027,34.53479],[135.5799,34.53448],[135.57935,34.53426],[135.57799,34.53426]],[[135.56183,34.55176],[135.56159,34.55208],[135.56154,34.5523],[135.56158,34.55253],[135.56183,34.55274],[135.56292,34.55282],[135.56319,34.55281],[135.56346,34.55268],[135.56355,34.55253],[135.56346,34.55235],[135.56319,34.55212],[135.56238,34.55199],[135.56183,34.55176]],[[135.5643,34.54904],[135.56418,34.54961],[135.56438,34.54983],[135.56511,34.5499],[135.56538,34.5498],[135.56555,34.54961],[135.56555,34.54939],[135.56529,34.54916],[135.56457,34.54898],[135.5643,34.54904]],[[135.56565,34.5508],[135.56552,34.55096],[135.56554,34.55141],[135.56565,34.55168],[135.56592,34.55172],[135.56594,34.55096],[135.56565,34.5508]],[[135.57988,34.53766],[135.57959,34.53794],[135.57954,34.53817],[135.57961,34.53825],[135.57988,34.53828],[135.58015,34.538],[135.58015,34.5377],[135.57988,34.53766]]]}},{"type":"Feature","properties":{"no":32},"geometry":{"type":"MultiPolygon","coordinates":[[[[135.65272,34.87015],[135.65285,34.87038],[135.65312,34.87058],[135.6534,34.87058],[135.65367,34.87043],[135.65391,34.87016],[135.65384,34.86993],[135.6534,34.86979],[135.65279,34.86993],[135.65272,34.87015]]],[[[135.60077,34.78249],[135.59985,34.78345],[135.59951,34.78412],[135.59885,34.78487],[135.59828,34.78569],[135.59821,34.78592],[135.59826,34.78637],[135.5986,34.78727],[135.59867,34.78772],[135.59846,34.78863],[135.59838,34.78953],[135.59818,34.7902],[135.59815,34.79088],[135.59869,34.79268],[135.59845,34.79336],[135.59855,34.79426],[135.59819,34.79493],[135.59814,34.79539],[135.59818,34.79561],[135.59859,34.79629],[135.59865,34.79719],[135.59851,34.79787],[135.59787,34.79854],[135.59767,34.79899],[135.59775,34.79922],[135.59841,34.80012],[135.59847,34.80034],[135.59867,34.80125],[135.59866,34.8026],[135.59888,34.8035],[135.59864,34.80485],[135.59876,34.80575],[135.59861,34.80666],[135.59859,34.80959],[135.59849,34.81049],[135.59862,34.81274],[135.59886,34.81319],[135.59953,34.8136],[135.60007,34.81382],[135.60117,34.81395],[135.60226,34.81458],[135.60335,34.81504],[135.6036,34.81524],[135.60385,34.81569],[135.60412,34.81591],[135.60526,34.81602],[135.6058,34.81622],[135.60607,34.81654],[135.60618,34.81682],[135.60618,34.81795],[135.60606,34.81824],[135.60579,34.81843],[135.60388,34.8187],[135.59978,34.81872],[135.59923,34.81879],[135.59891,34.81905],[135.59879,34.82018],[135.59872,34.8204],[135.59847,34.82063],[135.59813,34.82072],[135.59703,34.82068],[135.59621,34.82077],[135.59594,34.8209],[135.59584,34.82107],[135.59594,34.82124],[135.59712,34.82243],[135.59757,34.82326],[135.59839,34.82356],[135.5992,34.82407],[135.59989,34.82469],[135.6008,34.82537],[135.60138,34.82605],[135.60232,34.8265],[135.60423,34.82808],[135.60458,34.82854],[135.60489,34.82921],[135.60584,34.83012],[135.60628,34.83068],[135.6071,34.83123],[135.60754,34.8317],[135.6082,34.83215],[135.60841,34.83238],[135.60846,34.83261],[135.60791,34.83373],[135.60785,34.83418],[135.60806,34.83553],[135.60818,34.83576],[135.60891,34.83644],[135.60894,34.83666],[135.60886,34.83689],[135.60843,34.83746],[135.60837,34.83779],[135.60864,34.83824],[135.60897,34.83848],[135.60925,34.83855],[135.60952,34.83849],[135.61034,34.83795],[135.61158,34.83757],[135.61226,34.83706],[135.61254,34.83699],[135.61308,34.83702],[135.6139,34.83665],[135.61418,34.83659],[135.61451,34.83668],[135.61527,34.83721],[135.61581,34.83736],[135.61664,34.83698],[135.61691,34.83697],[135.61773,34.83714],[135.61855,34.83712],[135.61937,34.83699],[135.61991,34.83714],[135.62039,34.83715],[135.62172,34.83648],[135.62293,34.83629],[135.62429,34.83671],[135.62538,34.83747],[135.62565,34.83758],[135.62593,34.83755],[135.62647,34.83723],[135.62675,34.83718],[135.62729,34.83736],[135.62836,34.83808],[135.6292,34.8384],[135.62975,34.83849],[135.6303,34.83836],[135.63057,34.83838],[135.63084,34.83851],[135.63144,34.83899],[135.63151,34.83921],[135.63126,34.83966],[135.63123,34.83989],[135.63137,34.84011],[135.63193,34.84056],[135.6322,34.84064],[135.63302,34.84066],[135.63384,34.84109],[135.63479,34.84238],[135.6348,34.84305],[135.63492,34.84323],[135.63593,34.84373],[135.63645,34.84441],[135.63718,34.84509],[135.63731,34.84532],[135.63731,34.84554],[135.63716,34.84599],[135.63723,34.84622],[135.63804,34.8469],[135.639,34.84747],[135.63957,34.84803],[135.63969,34.84848],[135.6396,34.8487],[135.63891,34.84938],[135.63879,34.8496],[135.63878,34.84983],[135.6391,34.8505],[135.63903,34.85073],[135.63829,34.8514],[135.63822,34.85163],[135.63835,34.85185],[135.63945,34.85253],[135.63993,34.85321],[135.6401,34.85366],[135.64003,34.85389],[135.63937,34.85456],[135.63931,34.85479],[135.63944,34.85524],[135.63941,34.85546],[135.63916,34.85569],[135.63845,34.85591],[135.63829,34.85614],[135.63837,34.85636],[135.63894,34.85704],[135.63899,34.85727],[135.63892,34.85749],[135.63871,34.85772],[135.63814,34.85802],[135.63732,34.8583],[135.6365,34.85838],[135.63567,34.85883],[135.6354,34.85891],[135.63458,34.85895],[135.63411,34.85905],[135.63348,34.85953],[135.63293,34.85974],[135.63239,34.86007],[135.63184,34.86022],[135.63102,34.86084],[135.6291,34.86129],[135.62889,34.86152],[135.62874,34.86197],[135.62855,34.86213],[135.62828,34.86221],[135.628,34.86217],[135.62691,34.86166],[135.62609,34.86166],[135.62582,34.86175],[135.62566,34.86196],[135.62563,34.86263],[135.62526,34.8629],[135.62308,34.86325],[135.62225,34.86367],[135.62116,34.86401],[135.62061,34.86401],[135.61979,34.86354],[135.61952,34.8636],[135.6187,34.86415],[135.61733,34.86443],[135.61651,34.86478],[135.61623,34.86478],[135.61556,34.86441],[135.61405,34.86382],[135.6136,34.8635],[135.6133,34.86305],[135.61306,34.86192],[135.61286,34.86147],[135.61242,34.86108],[135.61188,34.86078],[135.61133,34.86066],[135.61106,34.8607],[135.61051,34.86124],[135.60996,34.86144],[135.60859,34.86134],[135.60723,34.86149],[135.60668,34.86136],[135.60601,34.86099],[135.60531,34.86082],[135.60504,34.86067],[135.60396,34.85904],[135.60346,34.85851],[135.60339,34.85828],[135.60345,34.85761],[135.60273,34.85625],[135.60222,34.8558],[135.6022,34.85557],[135.60241,34.85512],[135.60234,34.85476],[135.60098,34.85308],[135.60086,34.85264],[135.60085,34.85219],[135.60109,34.85129],[135.60102,34.85106],[135.60026,34.85016],[135.59991,34.84926],[135.59936,34.84842],[135.59881,34.84797],[135.59854,34.84788],[135.59827,34.84789],[135.59772,34.84811],[135.59709,34.8488],[135.59662,34.84907],[135.59635,34.84913],[135.59526,34.84904],[135.59416,34.84913],[135.59389,34.84929],[135.59349,34.84991],[135.59306,34.85024],[135.59169,34.85087],[135.59142,34.85092],[135.59115,34.85088],[135.59054,34.85035],[135.58978,34.84999],[135.58938,34.84967],[135.58815,34.84915],[135.58748,34.84876],[135.58675,34.84808],[135.58624,34.84726],[135.58543,34.84628],[135.58461,34.84566],[135.58325,34.84489],[135.58297,34.84494],[135.5828,34.84514],[135.58234,34.84649],[135.58203,34.84694],[135.5816,34.84722],[135.57941,34.84736],[135.57804,34.84786],[135.57475,34.8488],[135.57366,34.84882],[135.57257,34.84865],[135.57202,34.84878],[135.57162,34.84916],[135.5712,34.84983],[135.57037,34.85088],[135.56954,34.85163],[135.56895,34.85276],[135.56818,34.85456],[135.56692,34.85658],[135.56691,34.85703],[135.56729,34.85771],[135.56906,34.85929],[135.56931,34.85974],[135.56932,34.86019],[135.56917,34.86087],[135.56961,34.86267],[135.56956,34.8656],[135.56882,34.86673],[135.56858,34.86763],[135.56868,34.86831],[135.5686,34.86853],[135.56838,34.86875],[135.56699,34.86939],[135.56589,34.87013],[135.56452,34.87061],[135.56397,34.8709],[135.56298,34.87167],[135.56287,34.87189],[135.56291,34.87212],[135.56315,34.87241],[135.56409,34.87302],[135.5656,34.87424],[135.56647,34.87461],[135.56679,34.87483],[135.56685,34.87506],[135.56675,34.87528],[135.56641,34.8756],[135.56559,34.87611],[135.56534,34.87641],[135.56528,34.87663],[135.56533,34.87686],[135.56574,34.87731],[135.5664,34.8776],[135.56722,34.87765],[135.56733,34.87777],[135.56749,34.87843],[135.56766,34.87867],[135.56825,34.87912],[135.5694,34.87976],[135.56991,34.88048],[135.57021,34.88074],[135.57049,34.88082],[135.57076,34.88082],[135.57186,34.88046],[135.57268,34.88035],[135.5732,34.88049],[135.57334,34.88072],[135.57322,34.88096],[135.57212,34.88138],[135.57173,34.88161],[135.57025,34.88296],[135.56871,34.88363],[135.56849,34.88386],[135.56826,34.8843],[135.56803,34.88453],[135.56691,34.88512],[135.5666,34.88543],[135.56633,34.88588],[135.56609,34.88745],[135.56626,34.8879],[135.5667,34.88836],[135.56704,34.88858],[135.56744,34.88868],[135.56826,34.88874],[135.56892,34.88904],[135.56936,34.88949],[135.57016,34.89085],[135.57024,34.89107],[135.57018,34.89152],[135.56952,34.89287],[135.56967,34.894],[135.56923,34.8949],[135.56919,34.8958],[135.56942,34.89648],[135.56964,34.89671],[135.5704,34.89714],[135.57067,34.89738],[135.57082,34.89784],[135.57058,34.89829],[135.56985,34.89884],[135.5693,34.89903],[135.56738,34.89907],[135.56683,34.89918],[135.56619,34.89962],[135.56597,34.90007],[135.56619,34.90052],[135.56676,34.90098],[135.56928,34.90244],[135.56983,34.90264],[135.57065,34.90274],[135.57092,34.90287],[135.57201,34.90378],[135.57283,34.90416],[135.5731,34.90436],[135.57392,34.90514],[135.57501,34.90559],[135.57531,34.90597],[135.57545,34.90642],[135.57544,34.90664],[135.57528,34.90681],[135.57443,34.90686],[135.57413,34.90709],[135.57416,34.90731],[135.57472,34.90805],[135.57474,34.90844],[135.57463,34.90889],[135.57472,34.90934],[135.57499,34.90964],[135.57589,34.91002],[135.57612,34.91025],[135.57644,34.9116],[135.57643,34.91273],[135.57633,34.91296],[135.57532,34.9143],[135.57496,34.91456],[135.57401,34.91498],[135.57377,34.9152],[135.57355,34.91565],[135.57326,34.91678],[135.57393,34.91813],[135.57439,34.91866],[135.57576,34.91952],[135.57712,34.92014],[135.58067,34.92217],[135.581,34.92244],[135.58109,34.92289],[135.58103,34.92356],[135.58067,34.92446],[135.58067,34.92469],[135.58089,34.92537],[135.58123,34.92604],[135.58145,34.92717],[135.58114,34.92807],[135.58112,34.92897],[135.58057,34.93032],[135.58126,34.93326],[135.58133,34.93416],[135.58164,34.93529],[135.58169,34.93574],[135.58142,34.93647],[135.58114,34.93682],[135.58087,34.937],[135.57758,34.93797],[135.57648,34.93865],[135.57593,34.93875],[135.57484,34.93876],[135.57402,34.93886],[135.57319,34.93881],[135.5721,34.93892],[135.57155,34.93872],[135.56992,34.93775],[135.56919,34.93704],[135.56883,34.93682],[135.56745,34.93659],[135.56727,34.93636],[135.56727,34.93569],[135.567,34.93523],[135.5657,34.93433],[135.56528,34.93389],[135.56499,34.93342],[135.56474,34.93323],[135.56419,34.93318],[135.5631,34.93338],[135.56279,34.93364],[135.56275,34.93387],[135.56291,34.93432],[135.56511,34.9368],[135.56541,34.93726],[135.56545,34.93816],[135.56587,34.93974],[135.56583,34.93996],[135.56565,34.94019],[135.56497,34.94067],[135.56462,34.94199],[135.56442,34.94221],[135.56387,34.94228],[135.56305,34.94201],[135.56269,34.94175],[135.56251,34.94152],[135.56238,34.94108],[135.56234,34.93882],[135.56198,34.93806],[135.5616,34.93769],[135.56004,34.93701],[135.55937,34.93633],[135.5589,34.93566],[135.55874,34.9352],[135.55876,34.93498],[135.5594,34.93408],[135.55941,34.93363],[135.55927,34.93333],[135.55899,34.93304],[135.55872,34.93293],[135.55845,34.93294],[135.55812,34.93317],[135.55749,34.9343],[135.55735,34.93475],[135.55736,34.93497],[135.55755,34.93543],[135.55835,34.93633],[135.55853,34.93678],[135.55848,34.93723],[135.55767,34.93813],[135.55748,34.93858],[135.55775,34.93903],[135.55879,34.93994],[135.55923,34.94051],[135.55953,34.94107],[135.55979,34.94219],[135.56031,34.9426],[135.56173,34.94333],[135.56202,34.94355],[135.56217,34.94378],[135.5622,34.94401],[135.56204,34.94468],[135.56139,34.94558],[135.56126,34.94626],[135.56139,34.94671],[135.56193,34.94739],[135.56219,34.94829],[135.56254,34.94897],[135.56249,34.94942],[135.56216,34.95009],[135.5621,34.95054],[135.56242,34.95122],[135.563,34.95191],[135.56308,34.95235],[135.56295,34.95302],[135.56319,34.95348],[135.56354,34.95368],[135.56408,34.95372],[135.56628,34.95308],[135.56655,34.95309],[135.56682,34.95321],[135.56709,34.95349],[135.56737,34.95413],[135.56762,34.95439],[135.56819,34.95463],[135.56873,34.95463],[135.56956,34.95442],[135.56983,34.95444],[135.57092,34.95489],[135.57174,34.95502],[135.57311,34.95483],[135.57393,34.95482],[135.57421,34.95488],[135.57503,34.95532],[135.57612,34.95557],[135.57639,34.9556],[135.57721,34.95548],[135.57776,34.95554],[135.57827,34.95578],[135.57844,34.95601],[135.57848,34.95691],[135.57888,34.95804],[135.57896,34.95849],[135.57887,34.95894],[135.57853,34.95961],[135.57835,34.96029],[135.57818,34.96051],[135.57778,34.96074],[135.57746,34.96082],[135.57418,34.96085],[135.57363,34.96095],[135.57303,34.9614],[135.57193,34.96275],[135.5715,34.96342],[135.57102,34.965],[135.57101,34.9659],[135.5712,34.9668],[135.57126,34.96815],[135.57105,34.96928],[135.57109,34.9695],[135.57128,34.96973],[135.57194,34.97018],[135.57272,34.97109],[135.57303,34.97133],[135.57494,34.97201],[135.57521,34.97226],[135.57566,34.97313],[135.57625,34.97358],[135.57712,34.97389],[135.57849,34.97396],[135.58013,34.97434],[135.58067,34.97469],[135.58231,34.97645],[135.58258,34.97657],[135.58286,34.97659],[135.58423,34.97613],[135.58455,34.97586],[135.58479,34.97496],[135.58552,34.97429],[135.58566,34.97406],[135.58572,34.97339],[135.58648,34.97181],[135.58678,34.97069],[135.58698,34.97046],[135.58764,34.97001],[135.58822,34.96934],[135.58925,34.96731],[135.58947,34.96716],[135.58975,34.96712],[135.59057,34.96729],[135.59084,34.96727],[135.5912,34.96709],[135.59194,34.96641],[135.59222,34.96636],[135.59239,34.96642],[135.59276,34.96672],[135.59322,34.96733],[135.59354,34.96823],[135.59392,34.96891],[135.59432,34.96936],[135.59466,34.96952],[135.59494,34.96951],[135.59576,34.96897],[135.59604,34.96893],[135.59713,34.96907],[135.5974,34.96915],[135.59822,34.9696],[135.59932,34.96983],[135.60014,34.97028],[135.6015,34.97049],[135.60245,34.97096],[135.60287,34.97105],[135.60342,34.97092],[135.60397,34.97033],[135.60424,34.97023],[135.60561,34.97],[135.60616,34.97007],[135.60671,34.97029],[135.60698,34.97028],[135.60725,34.97008],[135.60753,34.96963],[135.60781,34.96951],[135.60808,34.96956],[135.6093,34.97008],[135.61054,34.97076],[135.61081,34.97085],[135.6119,34.97107],[135.61245,34.9711],[135.613,34.97103],[135.61332,34.97077],[135.61365,34.96965],[135.61392,34.9683],[135.61391,34.96739],[135.61411,34.96717],[135.61494,34.96668],[135.61521,34.96631],[135.61531,34.96605],[135.61537,34.96402],[135.61568,34.96289],[135.61605,34.96235],[135.61727,34.96155],[135.61771,34.9611],[135.61864,34.9593],[135.61874,34.95862],[135.61865,34.95817],[135.61834,34.95772],[135.61799,34.95751],[135.61717,34.95747],[135.6169,34.95739],[135.61679,34.95726],[135.61699,34.95659],[135.61699,34.95591],[135.61673,34.95546],[135.61609,34.95483],[135.61529,34.95388],[135.61524,34.95365],[135.6153,34.95343],[135.61557,34.95298],[135.61548,34.95275],[135.61497,34.9523],[135.61494,34.95207],[135.61507,34.9514],[135.615,34.95117],[135.61474,34.95063],[135.61414,34.95004],[135.61402,34.94846],[135.61378,34.94779],[135.61348,34.94734],[135.61298,34.94688],[135.61293,34.94666],[135.61312,34.94645],[135.61366,34.94626],[135.61379,34.94598],[135.61358,34.94576],[135.61285,34.94539],[135.61247,34.94508],[135.61211,34.94463],[135.61175,34.94395],[135.61178,34.9435],[135.61287,34.94238],[135.61296,34.94215],[135.61293,34.94192],[135.61259,34.94183],[135.61177,34.94206],[135.61149,34.94209],[135.61122,34.942],[135.61107,34.94169],[135.61105,34.94034],[135.61068,34.93966],[135.61041,34.93951],[135.61014,34.93949],[135.60932,34.93972],[135.60904,34.93972],[135.60877,34.93964],[135.60848,34.93943],[135.60819,34.93898],[135.60795,34.9383],[135.60729,34.93762],[135.60723,34.9374],[135.60748,34.93672],[135.60746,34.9365],[135.60733,34.93627],[135.60633,34.93526],[135.60605,34.93519],[135.60578,34.9353],[135.60536,34.93582],[135.60495,34.936],[135.60413,34.93603],[135.60386,34.93595],[135.60375,34.93581],[135.60376,34.93536],[135.60364,34.93513],[135.60306,34.93468],[135.6026,34.934],[135.60196,34.93333],[135.6016,34.9322],[135.60061,34.93107],[135.60055,34.93062],[135.60096,34.92994],[135.60091,34.92972],[135.60046,34.92926],[135.59978,34.92881],[135.59958,34.92858],[135.59955,34.92836],[135.59979,34.92811],[135.60116,34.9278],[135.60226,34.92744],[135.60281,34.92737],[135.60527,34.9274],[135.60609,34.9276],[135.60718,34.92809],[135.60773,34.92824],[135.60828,34.92824],[135.6091,34.92812],[135.61128,34.92847],[135.61183,34.92843],[135.61348,34.92793],[135.61485,34.92769],[135.61539,34.92786],[135.61648,34.92838],[135.61703,34.92877],[135.61743,34.92932],[135.61785,34.93045],[135.61812,34.93075],[135.61893,34.93135],[135.61948,34.9321],[135.62057,34.93274],[135.62226,34.93339],[135.62258,34.93362],[135.6233,34.93439],[135.62384,34.9347],[135.62439,34.93467],[135.62631,34.93383],[135.62795,34.93353],[135.62844,34.93318],[135.62887,34.93251],[135.62896,34.93161],[135.62919,34.93071],[135.62922,34.92935],[135.62934,34.92868],[135.6292,34.928],[135.62879,34.92733],[135.62851,34.92665],[135.62852,34.9262],[135.62881,34.9257],[135.62963,34.92498],[135.63128,34.92395],[135.63219,34.92373],[135.63237,34.9235],[135.6324,34.92305],[135.63264,34.92238],[135.63254,34.92193],[135.63233,34.9217],[135.6311,34.92102],[135.63074,34.92057],[135.62993,34.91996],[135.62966,34.91877],[135.62912,34.91809],[135.62904,34.91786],[135.6291,34.91741],[135.62949,34.91651],[135.6295,34.91606],[135.62933,34.91516],[135.62943,34.91493],[135.62996,34.91445],[135.63027,34.91403],[135.63054,34.91336],[135.63064,34.91291],[135.63061,34.91201],[135.62988,34.9093],[135.62986,34.90795],[135.62996,34.9075],[135.63026,34.90713],[135.63054,34.907],[135.63108,34.90695],[135.63163,34.90705],[135.63272,34.90752],[135.63298,34.90773],[135.63341,34.90841],[135.63399,34.90909],[135.6349,34.90955],[135.63572,34.91017],[135.63599,34.91019],[135.63627,34.91003],[135.63637,34.90977],[135.63642,34.90842],[135.63663,34.90729],[135.63653,34.90707],[135.63589,34.90639],[135.63588,34.90616],[135.63614,34.90526],[135.63614,34.90436],[135.63605,34.90391],[135.63579,34.90346],[135.63532,34.90301],[135.63411,34.90236],[135.63377,34.9021],[135.63359,34.90165],[135.63375,34.90097],[135.6342,34.90007],[135.63416,34.89962],[135.63376,34.89804],[135.63374,34.89759],[135.63386,34.89714],[135.63423,34.89647],[135.6343,34.89444],[135.63439,34.89399],[135.63468,34.89331],[135.63472,34.89241],[135.63543,34.89151],[135.6358,34.89126],[135.63635,34.89105],[135.6369,34.89105],[135.63799,34.89145],[135.63854,34.89156],[135.64045,34.89107],[135.6411,34.89063],[135.64136,34.89018],[135.64137,34.88973],[135.64098,34.88905],[135.64095,34.88882],[135.64116,34.8886],[135.64211,34.88831],[135.6443,34.88725],[135.64573,34.88703],[135.64589,34.88681],[135.64582,34.88658],[135.64504,34.88591],[135.64478,34.88545],[135.64486,34.885],[135.64521,34.88433],[135.64514,34.88388],[135.64479,34.8832],[135.64485,34.88275],[135.64498,34.88252],[135.64542,34.88216],[135.64706,34.88129],[135.64843,34.8811],[135.64952,34.88105],[135.6498,34.881],[135.65007,34.88083],[135.65126,34.87871],[135.65127,34.87826],[135.6511,34.87758],[135.6512,34.87713],[135.65145,34.87689],[135.652,34.87656],[135.65228,34.87641],[135.65288,34.87624],[135.65318,34.87601],[135.65323,34.87466],[135.65311,34.87422],[135.65293,34.87398],[135.65229,34.8735],[135.65202,34.87344],[135.6512,34.87358],[135.65092,34.87356],[135.65065,34.87344],[135.65033,34.87307],[135.65018,34.87262],[135.65028,34.87195],[135.65053,34.8715],[135.65121,34.87072],[135.65223,34.86993],[135.65225,34.8697],[135.65153,34.86857],[135.65122,34.86825],[135.65095,34.86811],[135.65012,34.86815],[135.64985,34.8681],[135.64958,34.86795],[135.6493,34.86766],[135.64861,34.86653],[135.64834,34.86563],[135.64801,34.86495],[135.64808,34.86428],[135.64797,34.8636],[135.64823,34.86334],[135.64985,34.86271],[135.6501,34.86248],[135.65018,34.86226],[135.65014,34.86203],[135.64988,34.86158],[135.64977,34.86113],[135.64991,34.86068],[135.65016,34.86045],[135.65043,34.86034],[135.65125,34.8602],[135.65207,34.85983],[135.65235,34.85981],[135.65284,34.86001],[135.65361,34.86069],[135.65398,34.86086],[135.65426,34.86085],[135.65453,34.86071],[135.65508,34.8603],[135.65563,34.86006],[135.65617,34.8601],[135.65672,34.86033],[135.65699,34.86036],[135.65727,34.86024],[135.65837,34.85901],[135.65864,34.85884],[135.65891,34.85876],[135.65946,34.85878],[135.66083,34.85911],[135.66165,34.85903],[135.66192,34.85911],[135.66361,34.86049],[135.66406,34.86184],[135.66437,34.8622],[135.66464,34.86229],[135.66491,34.86226],[135.66574,34.86172],[135.66601,34.86164],[135.6671,34.86164],[135.66736,34.8614],[135.66738,34.86118],[135.66717,34.86073],[135.66574,34.85869],[135.66531,34.85757],[135.66522,34.85689],[135.66485,34.85599],[135.66412,34.85503],[135.66331,34.8543],[135.66276,34.85393],[135.66058,34.85289],[135.65839,34.8521],[135.65758,34.85188],[135.65676,34.85176],[135.65621,34.85156],[135.65206,34.84942],[135.65076,34.84839],[135.65029,34.84783],[135.64936,34.84625],[135.6489,34.84512],[135.648,34.84332],[135.64719,34.84129],[135.64633,34.83813],[135.64606,34.837],[135.64596,34.8361],[135.64562,34.83565],[135.64503,34.83452],[135.64403,34.83204],[135.64363,34.83069],[135.64349,34.82911],[135.6426,34.82753],[135.64211,34.8264],[135.64155,34.82572],[135.64072,34.82414],[135.64038,34.82301],[135.64025,34.82189],[135.63995,34.82121],[135.63817,34.81895],[135.63773,34.8185],[135.63618,34.81737],[135.63477,34.81674],[135.63395,34.81617],[135.63368,34.81604],[135.6334,34.81601],[135.63321,34.81623],[135.63329,34.81668],[135.63342,34.81691],[135.63367,34.81711],[135.63449,34.81743],[135.63472,34.81759],[135.6349,34.81781],[135.63496,34.81804],[135.63476,34.81835],[135.63394,34.81864],[135.63311,34.81937],[135.63284,34.8195],[135.63257,34.81953],[135.63229,34.81944],[135.63148,34.81877],[135.63066,34.81846],[135.6304,34.81825],[135.63014,34.81757],[135.63031,34.81712],[135.63055,34.8169],[135.63094,34.81667],[135.63161,34.81645],[135.63188,34.81623],[135.63198,34.816],[135.63199,34.81555],[135.6317,34.8151],[135.63122,34.81485],[135.62958,34.81446],[135.6274,34.81377],[135.62576,34.813],[135.62417,34.81237],[135.62276,34.81235],[135.62194,34.81218],[135.62112,34.81176],[135.62004,34.81069],[135.61976,34.81051],[135.6191,34.81033],[135.61885,34.80988],[135.6184,34.80942],[135.61725,34.80784],[135.61659,34.80626],[135.61654,34.80514],[135.61641,34.80491],[135.61566,34.80423],[135.61511,34.80333],[135.6143,34.80085],[135.61383,34.79859],[135.61285,34.79633],[135.61157,34.7943],[135.6103,34.79182],[135.60901,34.79001],[135.6084,34.78866],[135.60628,34.78662],[135.60513,34.785],[135.60416,34.78414],[135.60159,34.78248],[135.60132,34.78238],[135.60104,34.78238],[135.60077,34.78249]],[[135.56887,34.87684],[135.56932,34.8771],[135.56928,34.87732],[135.56886,34.87741],[135.56797,34.87732],[135.56798,34.87709],[135.56832,34.87691],[135.56887,34.87684]],[[135.57198,34.85608],[135.57215,34.85637],[135.57198,34.85663],[135.57171,34.85648],[135.57161,34.85615],[135.57171,34.856],[135.57198,34.85608]],[[135.57875,34.86989],[135.57875,34.87],[135.57845,34.86992],[135.57847,34.86989],[135.57875,34.86989]],[[135.58023,34.85437],[135.58033,34.85482],[135.58019,34.85525],[135.57992,34.85508],[135.57991,34.85482],[135.58023,34.85437]],[[135.58047,34.85402],[135.58047,34.8542],[135.58041,34.85415],[135.58047,34.85402]],[[135.58688,34.85394],[135.58711,34.85417],[135.5871,34.8544],[135.58675,34.85502],[135.58648,34.85521],[135.58634,34.85507],[135.58645,34.85462],[135.58641,34.85417],[135.58657,34.85394],[135.58688,34.85394]],[[135.63019,34.86293],[135.63046,34.8631],[135.6305,34.86333],[135.63041,34.86355],[135.63015,34.86377],[135.62991,34.86386],[135.62964,34.86384],[135.62939,34.86355],[135.62947,34.86332],[135.62991,34.86297],[135.63019,34.86293]],[[135.58011,34.8712],[135.5802,34.87128],[135.58022,34.8715],[135.5801,34.87162],[135.57983,34.87164],[135.5797,34.8715],[135.57974,34.87127],[135.57983,34.8712],[135.58011,34.8712]]]]}},{"type":"Feature","properties":{"no":33},"geometry":{"type":"Polygon","coordinates":[[[135.52753,34.55443],[135.52777,34.55428],[135.52804,34.55435],[135.52885,34.55533],[135.52867,34.55646],[135.52827,34.55736],[135.52817,34.55781],[135.52825,34.55871],[135.52856,34.55894],[135.52883,34.55895],[135.53101,34.55858],[135.5351,34.55783],[135.53597,34.55784],[135.53619,34.55793],[135.53638,34.55784],[135.53701,34.55777],[135.53783,34.55777],[135.53864,34.55793],[135.54028,34.558],[135.54109,34.55817],[135.54218,34.55821],[135.54327,34.5584],[135.54463,34.55847],[135.54627,34.55874],[135.54654,34.55893],[135.54691,34.55946],[135.54731,34.55969],[135.54871,34.55985],[135.54899,34.55994],[135.54926,34.56014],[135.54939,34.56037],[135.54939,34.56082],[135.54898,34.56134],[135.54789,34.56182],[135.54679,34.56208],[135.5457,34.56221],[135.54489,34.56209],[135.54434,34.56218],[135.54325,34.56306],[135.54243,34.56351],[135.54174,34.56417],[135.54024,34.56507],[135.5386,34.56559],[135.5373,34.56573],[135.53669,34.56628],[135.53642,34.56636],[135.53587,34.56623],[135.5356,34.56623],[135.53533,34.56634],[135.53496,34.56663],[135.53442,34.5673],[135.53329,34.56797],[135.53259,34.56868],[135.53179,34.56932],[135.53169,34.56954],[135.53168,34.57],[135.53178,34.57022],[135.53247,34.5709],[135.53262,34.57135],[135.53258,34.57158],[135.5323,34.5719],[135.53203,34.57198],[135.53121,34.57186],[135.53075,34.57157],[135.52986,34.57066],[135.52911,34.56886],[135.52913,34.56863],[135.5293,34.56841],[135.53031,34.56751],[135.53087,34.56684],[135.53098,34.56661],[135.53076,34.56548],[135.53052,34.56526],[135.52961,34.56495],[135.52934,34.5647],[135.52907,34.56422],[135.5288,34.56404],[135.52799,34.56406],[135.52771,34.56396],[135.52755,34.56367],[135.52757,34.56299],[135.52742,34.56277],[135.52663,34.56215],[135.52649,34.56186],[135.52661,34.56141],[135.52763,34.56006],[135.52769,34.55961],[135.52755,34.55939],[135.5272,34.55916],[135.52605,34.55893],[135.52595,34.5587],[135.52597,34.55848],[135.52671,34.55668],[135.52653,34.55578],[135.5266,34.55533],[135.52753,34.55443]],[[135.53592,34.55814],[135.53564,34.55841],[135.53553,34.55874],[135.53552,34.55919],[135.53573,34.55964],[135.53618,34.55992],[135.53645,34.55997],[135.53691,34.55987],[135.5374,34.55965],[135.53761,34.55943],[135.53766,34.5592],[135.53759,34.55897],[135.53701,34.55861],[135.53646,34.55814],[135.53619,34.55809],[135.53592,34.55814]]]}},{"type":"Feature","properties":{"no":34},"geometry":{"type":"Polygon","coordinates":[[[135.38478,34.355],[135.38567,34.3549],[135.38676,34.35498],[135.38784,34.35533],[135.38805,34.35547],[135.38818,34.3557],[135.38813,34.35592],[135.38756,34.3566],[135.38743,34.35705],[135.38742,34.35817],[135.38765,34.3593],[135.38748,34.3602],[135.38762,34.36088],[135.38762,34.36133],[135.38732,34.362],[135.38615,34.36391],[135.38571,34.36447],[135.3845,34.36562],[135.38368,34.36605],[135.38287,34.36628],[135.38259,34.36647],[135.38225,34.36694],[135.3822,34.36716],[135.38225,34.36739],[135.38266,34.36807],[135.38312,34.3685],[135.38367,34.36861],[135.38475,34.36848],[135.38611,34.36874],[135.38665,34.36903],[135.38692,34.3694],[135.38701,34.36967],[135.38701,34.37079],[135.38667,34.37192],[135.38611,34.37349],[135.38523,34.37484],[135.38516,34.37529],[135.38533,34.37574],[135.38605,34.3768],[135.38636,34.37755],[135.38641,34.37823],[135.38585,34.37958],[135.38593,34.3807],[135.38659,34.38251],[135.38706,34.38432],[135.38766,34.38522],[135.38771,34.38545],[135.38762,34.38556],[135.38735,34.38564],[135.38708,34.3856],[135.38653,34.38543],[135.38572,34.38493],[135.38518,34.38488],[135.38463,34.38496],[135.38409,34.38517],[135.38354,34.38565],[135.38333,34.38655],[135.3834,34.38745],[135.38352,34.3879],[135.38379,34.38836],[135.38383,34.38881],[135.38369,34.38903],[135.38335,34.38926],[135.38024,34.39056],[135.37961,34.39104],[135.37949,34.39126],[135.37948,34.39149],[135.37974,34.39217],[135.37962,34.39262],[135.3796,34.39352],[135.37944,34.39464],[135.37912,34.3949],[135.37831,34.39501],[135.37776,34.39517],[135.37749,34.39533],[135.37722,34.39576],[135.37725,34.39621],[135.37778,34.39712],[135.37793,34.39757],[135.37794,34.39779],[135.37778,34.39802],[135.37747,34.39806],[135.37665,34.39795],[135.37629,34.39801],[135.37501,34.39941],[135.37474,34.39962],[135.37365,34.39978],[135.3731,34.39992],[135.37229,34.39993],[135.37203,34.40002],[135.37174,34.40064],[135.37147,34.40087],[135.37038,34.40097],[135.36998,34.40136],[135.3698,34.40181],[135.36988,34.40203],[135.3701,34.40222],[135.37091,34.4024],[135.37162,34.40272],[135.37163,34.40294],[135.37135,34.40362],[135.37131,34.40407],[135.3717,34.40576],[135.37197,34.40601],[135.37279,34.40506],[135.37307,34.40484],[135.37334,34.40476],[135.37377,34.40498],[135.37385,34.40521],[135.37355,34.40566],[135.37306,34.40608],[135.37279,34.40617],[135.37224,34.40619],[135.37197,34.40633],[135.37147,34.407],[135.37131,34.4079],[135.37089,34.40835],[135.36977,34.40882],[135.36841,34.40893],[135.36811,34.40901],[135.36792,34.40924],[135.36814,34.40991],[135.3681,34.41014],[135.36683,34.41171],[135.36684,34.41194],[135.36734,34.41261],[135.36648,34.41281],[135.36566,34.41317],[135.36539,34.41309],[135.36485,34.41264],[135.36458,34.41256],[135.36376,34.41255],[135.36341,34.41237],[135.36267,34.41169],[135.36257,34.41146],[135.36266,34.41079],[135.36261,34.41056],[135.36237,34.41033],[135.36182,34.41011],[135.36134,34.40962],[135.36107,34.40947],[135.3608,34.40945],[135.36064,34.40965],[135.3606,34.41032],[135.36024,34.41093],[135.35997,34.41106],[135.3597,34.41103],[135.35943,34.41084],[135.35897,34.41009],[135.35845,34.40964],[135.35833,34.40941],[135.35835,34.4087],[135.35824,34.40851],[135.35769,34.40806],[135.35747,34.40738],[135.35696,34.40693],[135.35685,34.4067],[135.3568,34.40557],[135.35648,34.40532],[135.35566,34.40524],[135.35545,34.40511],[135.35545,34.40489],[135.35584,34.40421],[135.35591,34.40331],[135.35615,34.40309],[135.35684,34.40287],[135.35699,34.40264],[135.35709,34.40219],[135.35736,34.40174],[135.3574,34.40152],[135.35731,34.40129],[135.35669,34.40039],[135.3557,34.39992],[135.35516,34.39939],[135.35489,34.39925],[135.35408,34.39927],[135.3538,34.39915],[135.35345,34.39834],[135.35273,34.39773],[135.35246,34.39761],[135.35136,34.39743],[135.35118,34.3972],[135.35108,34.39653],[135.35089,34.3963],[135.35056,34.39615],[135.34975,34.39619],[135.34956,34.39607],[135.34919,34.39539],[135.34894,34.39518],[135.34794,34.39471],[135.3474,34.3938],[135.34707,34.39357],[135.34651,34.39357],[135.34623,34.39365],[135.34569,34.39409],[135.34541,34.39422],[135.34487,34.39423],[135.3446,34.39414],[135.34325,34.39324],[135.3427,34.39297],[135.34243,34.39294],[135.34162,34.39316],[135.34094,34.39287],[135.34086,34.39264],[135.34106,34.39219],[135.34086,34.39151],[135.34091,34.39106],[135.34103,34.39084],[135.34135,34.39061],[135.34245,34.39027],[135.343,34.38995],[135.34319,34.38972],[135.34321,34.3895],[135.3427,34.38837],[135.34261,34.38769],[135.34275,34.38702],[135.3433,34.38646],[135.34385,34.38613],[135.34412,34.3861],[135.34472,34.3868],[135.34547,34.38731],[135.34574,34.38739],[135.34601,34.38734],[135.34634,34.38703],[135.34663,34.38636],[135.34657,34.38593],[135.3463,34.38548],[135.34602,34.38552],[135.34575,34.38587],[135.34548,34.38596],[135.34478,34.38567],[135.34482,34.38545],[135.34549,34.38469],[135.34631,34.38411],[135.34773,34.38276],[135.34821,34.38186],[135.3483,34.38119],[135.34851,34.381],[135.34878,34.38108],[135.34884,34.38119],[135.34925,34.38232],[135.34916,34.38254],[135.34858,34.38299],[135.34852,34.38321],[135.34867,34.38344],[135.34903,34.38366],[135.3493,34.38374],[135.34984,34.38375],[135.35098,34.38345],[135.35141,34.38323],[135.3516,34.38278],[135.35149,34.38244],[135.35013,34.38149],[135.34947,34.38074],[135.34942,34.38052],[135.3496,34.38031],[135.34987,34.38023],[135.35069,34.38029],[135.35123,34.38022],[135.35205,34.37987],[135.3526,34.37948],[135.35287,34.37937],[135.35396,34.3794],[135.3545,34.37921],[135.35486,34.37897],[135.35514,34.37852],[135.35533,34.37784],[135.35594,34.37739],[135.35614,34.37717],[135.35622,34.37694],[135.35579,34.37604],[135.35537,34.37559],[135.35551,34.37333],[135.35566,34.37288],[135.35591,34.37264],[135.35744,34.37177],[135.35852,34.37087],[135.35959,34.3702],[135.36056,34.36937],[135.36219,34.36887],[135.36311,34.36819],[135.36465,34.3676],[135.36519,34.36757],[135.366,34.36793],[135.36628,34.36793],[135.36655,34.36781],[135.36733,34.36709],[135.36897,34.36597],[135.36999,34.36485],[135.37065,34.36454],[135.37146,34.36453],[135.37174,34.36473],[135.37206,34.36531],[135.37227,34.36545],[135.37255,34.36547],[135.37445,34.36454],[135.375,34.36435],[135.3769,34.36429],[135.37772,34.36413],[135.37908,34.36407],[135.3799,34.36389],[135.38071,34.36408],[135.38098,34.36408],[135.38153,34.36397],[135.38195,34.36378],[135.38208,34.36355],[135.38164,34.36265],[135.38156,34.36175],[135.38003,34.35859],[135.37996,34.35813],[135.38058,34.35679],[135.38104,34.35627],[135.38131,34.35611],[135.38322,34.35544],[135.38478,34.355]],[[135.3514,34.39359],[135.35113,34.39363],[135.35085,34.39381],[135.35046,34.39427],[135.35046,34.39472],[135.35057,34.39487],[135.35085,34.39501],[135.35112,34.39498],[135.35139,34.3948],[135.35168,34.39428],[135.35169,34.39382],[135.3514,34.39359]],[[135.35441,34.39088],[135.35422,34.39113],[135.35413,34.39158],[135.35423,34.39181],[135.3544,34.39193],[135.35468,34.39159],[135.35473,34.39136],[135.35468,34.39101],[135.35441,34.39088]],[[135.35586,34.37874],[135.35559,34.37897],[135.35557,34.3792],[135.35586,34.37948],[135.35613,34.37951],[135.35636,34.37942],[135.35661,34.3792],[135.35666,34.37898],[135.35651,34.37875],[135.35614,34.37866],[135.35586,34.37874]],[[135.35725,34.375],[135.35712,34.37515],[135.35715,34.3756],[135.35725,34.37578],[135.35752,34.3759],[135.35779,34.37574],[135.35785,34.3756],[135.35779,34.37538],[135.35752,34.37511],[135.35725,34.375]],[[135.35811,34.40472],[135.3579,34.40513],[135.35811,34.40531],[135.35838,34.40528],[135.3585,34.40513],[135.35848,34.4049],[135.35838,34.40474],[135.35811,34.40472]],[[135.36081,34.40751],[135.3607,34.40762],[135.36054,34.40785],[135.36086,34.40785],[135.36093,34.40762],[135.36081,34.40751]],[[135.36203,34.39017],[135.36176,34.39028],[135.36155,34.39072],[135.36149,34.39117],[135.36172,34.39207],[135.36155,34.39275],[135.36168,34.39298],[135.36201,34.39315],[135.36336,34.39357],[135.36364,34.39358],[135.36391,34.39345],[135.36404,34.39321],[135.3641,34.39276],[135.36405,34.39254],[135.36355,34.39163],[135.36289,34.39118],[135.36232,34.39027],[135.36203,34.39017]],[[135.36402,34.37811],[135.36401,34.37834],[135.36418,34.37856],[135.36456,34.3789],[135.36483,34.379],[135.3651,34.37897],[135.36538,34.37883],[135.36559,34.37857],[135.36552,34.37835],[135.36457,34.37802],[135.3643,34.37797],[135.36402,34.37811]],[[135.3681,34.37813],[135.36803,34.37836],[135.3681,34.3786],[135.36837,34.37904],[135.36864,34.37915],[135.36883,34.37904],[135.36896,34.37859],[135.36894,34.37836],[135.36837,34.37812],[135.3681,34.37813]],[[135.37415,34.36886],[135.37399,34.37005],[135.37377,34.37073],[135.37374,34.37163],[135.37387,34.37208],[135.37413,34.37232],[135.3744,34.37239],[135.37471,34.37231],[135.37499,34.37208],[135.3751,34.37186],[135.37518,34.37073],[135.37487,34.37005],[135.37468,34.36938],[135.37442,34.36893],[135.37415,34.36886]],[[135.35413,34.39197],[135.35357,34.39248],[135.35358,34.39277],[135.35385,34.39295],[135.35412,34.39289],[135.35432,34.39271],[135.3544,34.39249],[135.35436,34.39226],[135.35413,34.39197]]]}},{"type":"Feature","properties":{"no":35},"geometry":{"type":"Polygon","coordinates":[[[135.44147,34.82001],[135.44264,34.81945],[135.44291,34.81944],[135.44316,34.81957],[135.44382,34.82047],[135.44412,34.8207],[135.44427,34.82075],[135.44481,34.82068],[135.44509,34.82072],[135.4459,34.82138],[135.44699,34.8218],[135.44727,34.82181],[135.44809,34.82158],[135.44836,34.82161],[135.4489,34.82191],[135.4493,34.8223],[135.44938,34.82297],[135.44923,34.82388],[135.44944,34.82419],[135.4501,34.82478],[135.45055,34.82568],[135.45082,34.82681],[135.45101,34.82907],[135.45132,34.82974],[135.45204,34.83042],[135.45206,34.83065],[135.45182,34.83132],[135.4519,34.83155],[135.45212,34.83175],[135.45281,34.83201],[135.45312,34.83223],[135.45349,34.83268],[135.45378,34.83336],[135.45383,34.83381],[135.45377,34.83404],[135.45351,34.83449],[135.45292,34.83516],[135.45283,34.83561],[135.45301,34.83629],[135.45305,34.83742],[135.45317,34.83786],[135.45409,34.83877],[135.4544,34.83922],[135.45444,34.83967],[135.45433,34.84103],[135.45381,34.84193],[135.45383,34.8426],[135.45396,34.84305],[135.45481,34.84418],[135.45471,34.84463],[135.45476,34.84486],[135.45514,34.84554],[135.45522,34.84644],[135.45554,34.84689],[135.45639,34.84751],[135.45654,34.84735],[135.45655,34.84667],[135.45609,34.84577],[135.45601,34.84509],[135.45578,34.84441],[135.45614,34.84435],[135.45723,34.84447],[135.4575,34.84443],[135.45887,34.84392],[135.45934,34.84398],[135.45966,34.84421],[135.45976,34.84443],[135.45971,34.84488],[135.45899,34.84601],[135.45897,34.84668],[135.45957,34.84939],[135.45992,34.85029],[135.46043,34.85097],[135.46045,34.8512],[135.45987,34.85164],[135.45966,34.85367],[135.45927,34.85435],[135.45853,34.85524],[135.45845,34.85547],[135.45887,34.85772],[135.45944,34.85998],[135.45938,34.86066],[135.45919,34.86133],[135.45852,34.86223],[135.45609,34.8647],[135.45354,34.86511],[135.45272,34.86533],[135.4508,34.866],[135.44966,34.8667],[135.4494,34.86692],[135.44868,34.86782],[135.4482,34.86894],[135.44722,34.86959],[135.44662,34.87029],[135.44572,34.87186],[135.44542,34.87209],[135.44419,34.87248],[135.44364,34.8728],[135.44335,34.8732],[135.44323,34.87388],[135.44309,34.87411],[135.44242,34.87433],[135.44171,34.87487],[135.44144,34.87494],[135.44089,34.8748],[135.43953,34.87393],[135.43926,34.87392],[135.43888,34.87409],[135.43816,34.87476],[135.43803,34.87521],[135.43797,34.87656],[135.43787,34.8767],[135.4376,34.8767],[135.43706,34.87588],[135.43681,34.87565],[135.43597,34.87522],[135.43567,34.87497],[135.43511,34.87429],[135.43457,34.87339],[135.43405,34.87226],[135.43396,34.87181],[135.43405,34.87113],[135.43462,34.87001],[135.4345,34.86933],[135.43411,34.86843],[135.43325,34.86752],[135.43272,34.86662],[135.43252,34.86572],[135.43212,34.86459],[135.43202,34.86391],[135.43168,34.86301],[135.43049,34.86188],[135.43023,34.86142],[135.43024,34.86075],[135.4311,34.85918],[135.43143,34.859],[135.43198,34.8589],[135.43225,34.85876],[135.43363,34.85772],[135.43417,34.85716],[135.43425,34.85671],[135.43416,34.85649],[135.43337,34.85587],[135.43316,34.85558],[135.43316,34.85535],[135.43329,34.85513],[135.43372,34.85468],[135.43382,34.85446],[135.43376,34.85423],[135.43308,34.85378],[135.43175,34.85262],[135.43148,34.85249],[135.4312,34.85247],[135.43093,34.85257],[135.43019,34.85309],[135.42983,34.85324],[135.42928,34.8533],[135.42764,34.85325],[135.42738,34.85307],[135.4274,34.85217],[135.42701,34.85082],[135.42707,34.85059],[135.42767,34.85011],[135.42789,34.84969],[135.428,34.84924],[135.42789,34.84857],[135.42802,34.84767],[135.42776,34.84676],[135.4275,34.84631],[135.42695,34.84586],[135.42695,34.84563],[135.42743,34.84478],[135.4277,34.84466],[135.4279,34.84474],[135.42858,34.84542],[135.42906,34.84561],[135.42934,34.84558],[135.42962,34.84542],[135.43044,34.84438],[135.43071,34.84414],[135.43264,34.84298],[135.43295,34.84251],[135.43318,34.84183],[135.43303,34.84093],[135.43324,34.84003],[135.43319,34.8398],[135.43266,34.83916],[135.43203,34.83867],[135.43103,34.83726],[135.42995,34.8363],[135.4294,34.83595],[135.42777,34.8355],[135.42741,34.83527],[135.42676,34.83436],[135.42657,34.83369],[135.42671,34.83324],[135.42696,34.833],[135.42724,34.83293],[135.42806,34.83311],[135.42833,34.83305],[135.42911,34.83257],[135.42945,34.83212],[135.4296,34.83145],[135.42971,34.83128],[135.42998,34.83122],[135.43107,34.83155],[135.43189,34.83166],[135.43272,34.83139],[135.43381,34.83145],[135.43436,34.83126],[135.43656,34.82929],[135.4371,34.829],[135.43779,34.82833],[135.43852,34.82788],[135.43918,34.82721],[135.43928,34.82699],[135.43926,34.82631],[135.43933,34.82608],[135.44013,34.82519],[135.44047,34.82429],[135.44097,34.82378],[135.44151,34.82359],[135.44175,34.82339],[135.44179,34.82324],[135.44173,34.82271],[135.44154,34.82249],[135.44027,34.82158],[135.44006,34.82135],[135.44004,34.82113],[135.44028,34.8209],[135.441,34.82068],[135.44147,34.82001]],[[135.45069,34.84122],[135.45066,34.84146],[135.45069,34.84152],[135.4508,34.84146],[135.45069,34.84122]],[[135.45775,34.8488],[135.45763,34.84893],[135.45776,34.84938],[135.45801,34.84961],[135.45841,34.84961],[135.45858,34.84938],[135.45802,34.84889],[135.45775,34.8488]]]}},{"type":"Feature","properties":{"no":36},"geometry":{"type":"Polygon","coordinates":[[[135.51622,34.43098],[135.51813,34.43032],[135.51867,34.43039],[135.51925,34.43089],[135.51933,34.43111],[135.51928,34.43134],[135.5189,34.43201],[135.51857,34.43291],[135.51889,34.43517],[135.52009,34.4372],[135.52118,34.43811],[135.52154,34.43856],[135.52192,34.43924],[135.52207,34.43991],[135.52233,34.44036],[135.5227,34.44068],[135.52405,34.4415],[135.52541,34.44185],[135.52595,34.4421],[135.52632,34.44241],[135.52677,34.44309],[135.52701,34.44331],[135.52767,34.44377],[135.52839,34.44455],[135.53028,34.44614],[135.53082,34.44657],[135.53191,34.44708],[135.53326,34.4482],[135.53353,34.44852],[135.53389,34.44942],[135.53461,34.45061],[135.53488,34.45094],[135.53542,34.45137],[135.53577,34.45214],[135.53623,34.45286],[135.53704,34.45369],[135.53853,34.45485],[135.53938,34.45576],[135.54019,34.45643],[135.5411,34.45779],[135.54139,34.45869],[135.54164,34.45894],[135.54367,34.46028],[135.54499,34.46164],[135.54523,34.46209],[135.54509,34.46254],[135.54396,34.46389],[135.54374,34.46411],[135.5427,34.46471],[135.54243,34.46501],[135.54223,34.46613],[135.54212,34.46636],[135.54133,34.46703],[135.54086,34.46771],[135.53968,34.46849],[135.53886,34.46918],[135.53859,34.4695],[135.53831,34.4704],[135.53803,34.47085],[135.53761,34.47198],[135.53721,34.47265],[135.53696,34.47355],[135.53629,34.4749],[135.53628,34.47535],[135.53649,34.47625],[135.53637,34.47693],[135.53639,34.47783],[135.53609,34.47873],[135.53551,34.47963],[135.53541,34.48008],[135.53544,34.48053],[135.53583,34.48144],[135.53591,34.48189],[135.53567,34.48301],[135.53584,34.48414],[135.53579,34.48482],[135.53586,34.48549],[135.53578,34.48576],[135.5355,34.48612],[135.53429,34.48684],[135.53404,34.48706],[135.53377,34.48751],[135.53376,34.48819],[135.53424,34.48977],[135.53404,34.49112],[135.53465,34.49247],[135.53482,34.4927],[135.53541,34.49315],[135.53674,34.49384],[135.53736,34.49461],[135.53821,34.49519],[135.53864,34.49565],[135.53961,34.49723],[135.53991,34.49858],[135.53991,34.49971],[135.53953,34.50128],[135.53895,34.50228],[135.53863,34.50263],[135.53803,34.50308],[135.53731,34.50385],[135.53619,34.50465],[135.53476,34.50735],[135.53437,34.5078],[135.53402,34.50799],[135.53375,34.508],[135.53348,34.50782],[135.53346,34.50735],[135.53386,34.50667],[135.53447,34.50622],[135.53466,34.506],[135.53483,34.50487],[135.53553,34.5033],[135.53533,34.50262],[135.53536,34.50172],[135.53521,34.50149],[135.53486,34.50127],[135.53433,34.50116],[135.53351,34.50119],[135.53269,34.50149],[135.53215,34.50157],[135.53106,34.50139],[135.53052,34.50138],[135.53024,34.50149],[135.52942,34.50252],[135.52887,34.50299],[135.52805,34.50342],[135.52696,34.50375],[135.5256,34.50385],[135.52478,34.50401],[135.5237,34.50407],[135.52288,34.50422],[135.52233,34.50416],[135.52213,34.50392],[135.52219,34.5037],[135.52416,34.50145],[135.52487,34.50033],[135.5251,34.5001],[135.5259,34.49992],[135.52617,34.49976],[135.52711,34.49876],[135.52702,34.49831],[135.52639,34.4974],[135.52585,34.49627],[135.52525,34.49537],[135.52524,34.49514],[135.52534,34.49492],[135.52599,34.49424],[135.52604,34.49334],[135.52621,34.49264],[135.52613,34.49244],[135.52567,34.492],[135.52378,34.49063],[135.523,34.48815],[135.5227,34.48773],[135.52243,34.48759],[135.52107,34.48761],[135.52055,34.48746],[135.52026,34.48724],[135.52,34.48656],[135.51971,34.48623],[135.5189,34.48609],[135.51836,34.48583],[135.51748,34.48475],[135.51717,34.48339],[135.51701,34.48316],[135.51674,34.48314],[135.51565,34.48335],[135.51456,34.48369],[135.51428,34.48386],[135.51374,34.48456],[135.5121,34.48534],[135.51101,34.48574],[135.51078,34.48607],[135.51074,34.48652],[135.51046,34.48663],[135.50964,34.48633],[135.50746,34.48641],[135.5061,34.4866],[135.50562,34.4865],[135.50543,34.48628],[135.50533,34.4856],[135.50449,34.48366],[135.50422,34.48327],[135.50353,34.48289],[135.50449,34.48231],[135.50463,34.48199],[135.50399,34.48131],[135.50383,34.48063],[135.50328,34.47996],[135.50308,34.47928],[135.50207,34.47792],[135.50178,34.47702],[135.50153,34.47677],[135.50072,34.47635],[135.50045,34.4763],[135.49963,34.47637],[135.49911,34.47611],[135.49895,34.47588],[135.49892,34.47566],[135.49883,34.4743],[135.49862,34.47408],[135.498,34.47385],[135.49747,34.47307],[135.4972,34.47294],[135.49639,34.47277],[135.49584,34.47237],[135.49557,34.47228],[135.49476,34.47219],[135.49449,34.47197],[135.49424,34.47135],[135.49395,34.47101],[135.49368,34.47093],[135.4934,34.47101],[135.49278,34.4718],[135.49222,34.47225],[135.49174,34.47292],[135.49149,34.47313],[135.49121,34.47323],[135.49067,34.47325],[135.49043,34.47314],[135.48986,34.47261],[135.48919,34.47223],[135.48899,34.47201],[135.48886,34.47111],[135.48854,34.47043],[135.48856,34.4702],[135.48883,34.46975],[135.48885,34.46953],[135.48843,34.46863],[135.48835,34.4675],[135.48798,34.46723],[135.48717,34.46701],[135.48662,34.46702],[135.48635,34.46695],[135.48619,34.46681],[135.48612,34.46659],[135.48629,34.46569],[135.48609,34.46477],[135.48582,34.46449],[135.48501,34.46442],[135.48446,34.46419],[135.48385,34.46365],[135.48367,34.4632],[135.48371,34.46275],[135.48399,34.46207],[135.48421,34.46173],[135.48448,34.46148],[135.48475,34.46137],[135.48666,34.4612],[135.48721,34.46099],[135.48802,34.46051],[135.48939,34.46036],[135.48993,34.46009],[135.4912,34.45849],[135.49267,34.45748],[135.49431,34.45607],[135.49486,34.45519],[135.49522,34.45423],[135.49685,34.45221],[135.49709,34.45176],[135.49743,34.45041],[135.49749,34.4486],[135.49781,34.44703],[135.49827,34.4459],[135.49828,34.44545],[135.49813,34.44477],[135.49837,34.44342],[135.49906,34.44185],[135.49915,34.4414],[135.49915,34.4405],[135.49906,34.44005],[135.4982,34.43869],[135.49814,34.43801],[135.49838,34.43756],[135.4996,34.43599],[135.49988,34.43464],[135.50042,34.43397],[135.5007,34.4338],[135.50097,34.43376],[135.50179,34.43385],[135.5026,34.43382],[135.50369,34.43349],[135.50505,34.43368],[135.50587,34.43395],[135.50641,34.43391],[135.50832,34.43319],[135.50996,34.43246],[135.51133,34.43153],[135.51459,34.43101],[135.51568,34.43104],[135.51622,34.43098]],[[135.51992,34.45091],[135.51988,34.45117],[135.51991,34.45122],[135.51996,34.45095],[135.51992,34.45091]],[[135.52835,34.49987],[135.52794,34.50011],[135.52776,34.50056],[135.52784,34.50079],[135.52807,34.50101],[135.52834,34.50106],[135.52861,34.50092],[135.52889,34.50034],[135.52887,34.50012],[135.52863,34.49989],[135.52835,34.49987]],[[135.53245,34.49611],[135.5317,34.49675],[135.53174,34.49697],[135.5319,34.49706],[135.53217,34.49713],[135.53254,34.49697],[135.53274,34.4963],[135.53272,34.49613],[135.53245,34.49611]],[[135.49073,34.46271],[135.49062,34.46277],[135.49065,34.46323],[135.49112,34.46458],[135.49126,34.46487],[135.49154,34.46494],[135.49181,34.46481],[135.49191,34.46458],[135.4915,34.46323],[135.49127,34.46296],[135.49073,34.46271]],[[135.49238,34.46084],[135.49226,34.46098],[135.49237,34.46146],[135.49282,34.46211],[135.49318,34.46224],[135.49337,34.46211],[135.49338,34.46188],[135.49327,34.46166],[135.49292,34.46113],[135.49265,34.46091],[135.49238,34.46084]],[[135.50123,34.43575],[135.50123,34.43579],[135.50128,34.43577],[135.50123,34.43575]],[[135.50346,34.47316],[135.50328,34.47342],[135.50344,34.47387],[135.50373,34.4743],[135.504,34.47436],[135.50416,34.4741],[135.50411,34.47387],[135.50373,34.47329],[135.50346,34.47316]],[[135.50566,34.46874],[135.50547,34.46892],[135.50566,34.46918],[135.50578,34.46915],[135.50589,34.46892],[135.50566,34.46874]],[[135.51635,34.45656],[135.51618,34.45702],[135.51618,34.45724],[135.51634,34.45744],[135.51661,34.4575],[135.51689,34.45746],[135.51729,34.45725],[135.51743,34.45702],[135.5172,34.4568],[135.51635,34.45656]]]}},{"type":"Feature","properties":{"no":37},"geometry":{"type":"Polygon","coordinates":[[[135.53889,34.54996],[135.53951,34.54952],[135.54069,34.54975],[135.54096,34.54997],[135.5418,34.5511],[135.54204,34.55155],[135.54207,34.55223],[135.54196,34.55268],[135.54167,34.55306],[135.54112,34.5535],[135.54101,34.5538],[135.54098,34.55493],[135.54111,34.55542],[135.54138,34.55559],[135.54165,34.55558],[135.54275,34.55494],[135.54356,34.55484],[135.54411,34.55493],[135.54457,34.55517],[135.54492,34.55566],[135.54519,34.55517],[135.54547,34.55498],[135.54602,34.55487],[135.54635,34.55495],[135.5466,34.55518],[135.54669,34.55563],[135.54668,34.55788],[135.54654,34.55839],[135.54627,34.55859],[135.54572,34.55865],[135.54463,34.55847],[135.54327,34.5584],[135.54246,34.55824],[135.54109,34.55817],[135.54028,34.558],[135.53864,34.55793],[135.53783,34.55777],[135.53592,34.55773],[135.53538,34.55776],[135.52883,34.55895],[135.52856,34.55893],[135.52829,34.55876],[135.52816,34.55826],[135.5282,34.55759],[135.5286,34.55669],[135.52886,34.55556],[135.52885,34.55533],[135.52833,34.55466],[135.52838,34.55443],[135.52859,34.55424],[135.52927,34.55398],[135.52957,34.55376],[135.53078,34.55217],[135.53105,34.55199],[135.53132,34.55191],[135.53159,34.55192],[135.53241,34.5522],[135.53268,34.55216],[135.53299,34.55197],[135.53311,34.55175],[135.53316,34.55129],[135.53335,34.55107],[135.53351,34.551],[135.53405,34.55102],[135.53459,34.5513],[135.53487,34.55138],[135.53514,34.55135],[135.53541,34.55119],[135.5364,34.55018],[135.53678,34.54997],[135.53705,34.54992],[135.53745,34.54996],[135.53781,34.55019],[135.53787,34.55074],[135.53814,34.55081],[135.53852,34.55064],[135.53889,34.54996]],[[135.53048,34.55571],[135.53046,34.55579],[135.53048,34.5558],[135.5305,34.55579],[135.53048,34.55571]],[[135.53404,34.5526],[135.53377,34.55269],[135.53357,34.55287],[135.53353,34.5531],[135.53373,34.55333],[135.53404,34.55339],[135.53431,34.55336],[135.53458,34.55318],[135.53474,34.55288],[135.53457,34.55265],[135.53404,34.5526]],[[135.53732,34.55169],[135.53674,34.55221],[135.53672,34.55244],[135.53731,34.55264],[135.53758,34.55263],[135.53798,34.55244],[135.53809,34.55221],[135.53786,34.55185],[135.53759,34.55169],[135.53732,34.55169]]]}},{"type":"Feature","properties":{"no":38},"geometry":{"type":"Polygon","coordinates":[[[135.26568,34.35367],[135.2661,34.35356],[135.26638,34.35359],[135.26676,34.3539],[135.26684,34.35413],[135.26681,34.35458],[135.26643,34.35525],[135.2664,34.35548],[135.26649,34.3557],[135.26691,34.35616],[135.2671,34.35684],[135.2675,34.35751],[135.26751,34.35774],[135.26743,34.35789],[135.26676,34.35841],[135.26668,34.35864],[135.26674,34.35886],[135.26705,34.35931],[135.26704,34.35954],[135.26627,34.36021],[135.26623,34.36089],[135.26632,34.36111],[135.26658,34.36141],[135.26686,34.36157],[135.26771,34.3618],[135.2679,34.36202],[135.26786,34.36225],[135.26766,34.36243],[135.26711,34.36256],[135.2663,34.36252],[135.26521,34.36266],[135.26494,34.36261],[135.26467,34.3624],[135.2644,34.36194],[135.26413,34.36176],[135.26386,34.36174],[135.26331,34.36186],[135.26304,34.3618],[135.26265,34.36109],[135.26224,34.36086],[135.26196,34.36089],[135.26114,34.36131],[135.26033,34.36152],[135.25951,34.36207],[135.25924,34.36209],[135.25884,34.36174],[135.25877,34.36152],[135.25888,34.36129],[135.25959,34.36085],[135.25971,34.36062],[135.2596,34.36017],[135.25925,34.35993],[135.25898,34.35993],[135.25866,34.36017],[135.25843,34.36084],[135.25832,34.36152],[135.25791,34.36196],[135.2576,34.36217],[135.25706,34.36231],[135.25652,34.36232],[135.25624,34.36224],[135.25543,34.36182],[135.25516,34.36177],[135.25462,34.3619],[135.25407,34.36229],[135.2538,34.36237],[135.25353,34.36227],[135.2534,34.36194],[135.25343,34.36171],[135.25363,34.36149],[135.25412,34.36126],[135.25429,34.36104],[135.25441,34.36014],[135.25437,34.35946],[135.25464,34.35921],[135.25519,34.35899],[135.25627,34.35888],[135.25764,34.35858],[135.258,34.35836],[135.25873,34.35761],[135.25955,34.35704],[135.25992,34.35634],[135.26008,34.35476],[135.26039,34.35428],[135.26066,34.35419],[135.26121,34.35424],[135.26202,34.35401],[135.2623,34.35404],[135.2627,34.35433],[135.26293,34.35501],[135.2631,34.35523],[135.26337,34.35539],[135.26364,34.35542],[135.26391,34.35535],[135.26419,34.35511],[135.26455,34.35434],[135.26501,34.35401],[135.26568,34.35367]]]}},{"type":"Feature","properties":{"no":39},"geometry":{"type":"MultiPolygon","coordinates":[[[[135.56324,34.59473],[135.56188,34.595],[135.5537,34.59499],[135.55303,34.59509],[135.55288,34.59532],[135.55319,34.59622],[135.55342,34.59651],[135.55451,34.59705],[135.55505,34.5975],[135.55532,34.59759],[135.5556,34.59759],[135.55723,34.59717],[135.5586,34.59667],[135.56078,34.59617],[135.56215,34.59606],[135.56378,34.59563],[135.56409,34.59536],[135.56409,34.59491],[135.56379,34.59469],[135.56324,34.59473]]],[[[135.54989,34.59482],[135.54934,34.5952],[135.54907,34.59526],[135.54825,34.59501],[135.54798,34.59501],[135.54716,34.5953],[135.54661,34.5954],[135.5458,34.59537],[135.54471,34.59518],[135.54389,34.59525],[135.54357,34.59551],[135.54349,34.59596],[135.54377,34.59754],[135.54398,34.59776],[135.54442,34.59787],[135.54796,34.59789],[135.5487,34.59778],[135.54898,34.59756],[135.54906,34.59733],[135.54908,34.59666],[135.54933,34.59629],[135.54961,34.59613],[135.54988,34.59607],[135.55097,34.59635],[135.55124,34.5963],[135.55152,34.59603],[135.55211,34.59509],[135.55187,34.59486],[135.55125,34.59476],[135.55016,34.59476],[135.54989,34.59482]]]]}},{"type":"Feature","properties":{"no":40},"geometry":{"type":"Polygon","coordinates":[[[135.63142,34.64088],[135.63172,34.64069],[135.63199,34.64072],[135.63222,34.64088],[135.63234,34.64111],[135.63241,34.64291],[135.63273,34.64404],[135.63307,34.64431],[135.63416,34.64451],[135.63443,34.64451],[135.63552,34.64418],[135.64043,34.64418],[135.6418,34.64434],[135.64316,34.64399],[135.64561,34.64398],[135.64616,34.6441],[135.64697,34.64488],[135.64752,34.64503],[135.64807,34.64492],[135.64943,34.64446],[135.65107,34.64422],[135.65298,34.64417],[135.6538,34.64391],[135.65461,34.64384],[135.65543,34.64354],[135.65653,34.6435],[135.65734,34.64325],[135.65816,34.6432],[135.6598,34.6426],[135.66007,34.64262],[135.66029,34.64277],[135.66056,34.64322],[135.6608,34.64345],[135.66171,34.6437],[135.66225,34.64374],[135.66252,34.6437],[135.66362,34.64327],[135.66389,34.64325],[135.66471,34.64345],[135.66506,34.64368],[135.66533,34.64413],[135.66525,34.64504],[135.66537,34.64571],[135.66541,34.64797],[135.66575,34.64887],[135.66572,34.64909],[135.66557,34.64932],[135.66468,34.64986],[135.66435,34.65022],[135.66428,34.65089],[135.66437,34.65134],[135.66504,34.6527],[135.6663,34.65329],[135.66716,34.65406],[135.66742,34.65451],[135.66762,34.65518],[135.6682,34.65655],[135.66847,34.65683],[135.66929,34.65723],[135.66953,34.65744],[135.66995,34.65857],[135.67019,34.6597],[135.67083,34.6606],[135.67105,34.66105],[135.67098,34.6615],[135.67028,34.6624],[135.67016,34.66308],[135.67072,34.66443],[135.6708,34.66511],[135.67099,34.66579],[135.67107,34.66669],[135.67165,34.66759],[135.67163,34.66849],[135.67144,34.66939],[135.67166,34.66985],[135.6722,34.67052],[135.67224,34.67075],[135.67212,34.67097],[135.67182,34.6712],[135.67087,34.67145],[135.67032,34.67172],[135.66999,34.67209],[135.66999,34.67255],[135.67032,34.6729],[135.67086,34.67316],[135.67141,34.6733],[135.6725,34.67339],[135.67298,34.67368],[135.67328,34.67391],[135.67342,34.67413],[135.67349,34.67458],[135.67358,34.67471],[135.67498,34.67549],[135.6754,34.67594],[135.67558,34.67639],[135.6756,34.67684],[135.67538,34.67729],[135.67494,34.67751],[135.67439,34.67761],[135.67412,34.67774],[135.67396,34.67797],[135.67411,34.67864],[135.67384,34.67957],[135.67356,34.67983],[135.6722,34.68043],[135.67192,34.68071],[135.67183,34.68134],[135.67222,34.68224],[135.67231,34.68292],[135.67204,34.68382],[135.67191,34.68408],[135.67164,34.68435],[135.67136,34.68441],[135.67027,34.6843],[135.66972,34.68458],[135.66945,34.68462],[135.66928,34.68449],[135.66929,34.68426],[135.66979,34.68359],[135.66972,34.68314],[135.66919,34.6826],[135.66821,34.68201],[135.66809,34.68178],[135.66822,34.68088],[135.66807,34.68065],[135.66756,34.68032],[135.66679,34.67997],[135.66659,34.67975],[135.66644,34.6793],[135.66647,34.6789],[135.6672,34.67795],[135.66727,34.6775],[135.66703,34.67712],[135.66621,34.67662],[135.66567,34.67606],[135.66492,34.67569],[135.66468,34.67546],[135.66482,34.67479],[135.66523,34.67411],[135.66545,34.67389],[135.66623,34.67344],[135.66642,34.67321],[135.66642,34.67276],[135.66623,34.6724],[135.66568,34.67206],[135.66486,34.67198],[135.66186,34.67258],[135.66159,34.67246],[135.6612,34.67162],[135.66063,34.67117],[135.6605,34.67095],[135.66071,34.67072],[135.66105,34.67064],[135.6616,34.67064],[135.66269,34.67081],[135.66317,34.67072],[135.66351,34.67047],[135.66368,34.66982],[135.66352,34.66892],[135.66324,34.66867],[135.66215,34.66854],[135.66106,34.6682],[135.66079,34.66823],[135.6597,34.66857],[135.65942,34.6686],[135.65916,34.66846],[135.65951,34.66756],[135.65943,34.66713],[135.65918,34.66666],[135.65926,34.66643],[135.65971,34.66597],[135.66033,34.66486],[135.66026,34.66442],[135.66008,34.66418],[135.65943,34.66373],[135.65808,34.66352],[135.65672,34.66311],[135.65644,34.66309],[135.65617,34.66317],[135.65562,34.66356],[135.65517,34.66349],[135.65507,34.66326],[135.65577,34.66259],[135.65591,34.66214],[135.65579,34.66191],[135.65509,34.66145],[135.65479,34.66078],[135.65457,34.66056],[135.65319,34.65959],[135.65276,34.6592],[135.65268,34.65897],[135.65278,34.65875],[135.65319,34.65845],[135.65333,34.65808],[135.65321,34.65762],[135.65298,34.65717],[135.65253,34.65672],[135.65214,34.65604],[135.65132,34.65514],[135.65037,34.65446],[135.64966,34.65366],[135.64912,34.6533],[135.64803,34.6529],[135.64758,34.65265],[135.64722,34.65197],[135.64622,34.65084],[135.64559,34.65062],[135.64477,34.65065],[135.6445,34.6506],[135.64368,34.65029],[135.64313,34.65035],[135.64259,34.65025],[135.64074,34.64947],[135.63963,34.64834],[135.63905,34.64801],[135.63851,34.64786],[135.63823,34.64792],[135.63796,34.64809],[135.63659,34.64928],[135.63577,34.64956],[135.6356,34.64968],[135.63358,34.65141],[135.63276,34.65177],[135.63222,34.65222],[135.63194,34.65235],[135.63167,34.65236],[135.6314,34.65224],[135.63088,34.6517],[135.63019,34.65125],[135.6288,34.65011],[135.62841,34.64989],[135.62786,34.64978],[135.62677,34.64973],[135.62647,34.64966],[135.62641,34.64943],[135.62671,34.64876],[135.62669,34.64853],[135.62651,34.6483],[135.62579,34.64785],[135.62558,34.6474],[135.62557,34.64537],[135.62566,34.64492],[135.6259,34.6447],[135.62625,34.6446],[135.62843,34.64458],[135.62952,34.6444],[135.63116,34.64435],[135.63151,34.64426],[135.63176,34.64404],[135.63183,34.64381],[135.6318,34.64359],[135.63144,34.64303],[135.63133,34.64268],[135.63132,34.64133],[135.63142,34.64088]]]}},{"type":"Feature","properties":{"no":41},"geometry":{"type":"Polygon","coordinates":[[[135.45937,34.75],[135.46004,34.74857],[135.46031,34.74852],[135.46059,34.74874],[135.46167,34.75002],[135.46194,34.75017],[135.46276,34.75014],[135.46303,34.75022],[135.46348,34.75069],[135.46355,34.75092],[135.46347,34.75137],[135.46283,34.75227],[135.46265,34.75272],[135.46237,34.75384],[135.46231,34.75497],[135.46213,34.75587],[135.46221,34.7561],[135.46245,34.7563],[135.46304,34.75655],[135.4632,34.75678],[135.46313,34.757],[135.46199,34.75812],[135.46019,34.75947],[135.46011,34.75969],[135.46011,34.76037],[135.45993,34.76059],[135.45882,34.76149],[135.45873,34.76172],[135.45872,34.76239],[135.45842,34.76284],[135.45788,34.76329],[135.45694,34.76392],[135.45584,34.76501],[135.45492,34.76553],[135.45419,34.76636],[135.45309,34.76692],[135.45278,34.76732],[135.45254,34.76787],[135.45201,34.76845],[135.45188,34.7689],[135.45199,34.76926],[135.4528,34.77],[135.4533,34.77093],[135.45326,34.77183],[135.45355,34.77251],[135.45354,34.77274],[135.45306,34.77363],[135.45224,34.77453],[135.45219,34.77476],[135.4524,34.77543],[135.45234,34.77566],[135.45098,34.77701],[135.4509,34.77723],[135.45097,34.77791],[135.45029,34.77926],[135.45008,34.77993],[135.44992,34.78016],[135.44799,34.78173],[135.44753,34.78256],[135.44725,34.78269],[135.44643,34.78276],[135.44589,34.78289],[135.44551,34.78307],[135.44534,34.78329],[135.44545,34.78374],[135.44588,34.7843],[135.44599,34.78465],[135.44597,34.7851],[135.44574,34.786],[135.4458,34.78645],[135.44667,34.78748],[135.44673,34.7878],[135.44664,34.78803],[135.44637,34.78825],[135.4453,34.78858],[135.44421,34.78845],[135.44257,34.78919],[135.44202,34.78931],[135.44177,34.78913],[135.44175,34.78891],[135.44267,34.78643],[135.44238,34.78508],[135.44241,34.78463],[135.44268,34.78441],[135.44349,34.78418],[135.44374,34.78396],[135.44391,34.78261],[135.4451,34.78081],[135.44514,34.78059],[135.44503,34.77991],[135.44533,34.77833],[135.44557,34.77766],[135.44613,34.77698],[135.44619,34.77676],[135.44626,34.77563],[135.44568,34.77495],[135.44555,34.7745],[135.44551,34.77202],[135.44519,34.77112],[135.44458,34.76999],[135.44449,34.76954],[135.44453,34.76909],[135.44465,34.76886],[135.44489,34.76867],[135.44516,34.76858],[135.44707,34.76859],[135.44762,34.76847],[135.44872,34.76802],[135.44959,34.76753],[135.44989,34.76731],[135.45071,34.76641],[135.45083,34.76619],[135.45064,34.76613],[135.45037,34.76584],[135.45021,34.76551],[135.45026,34.76438],[135.45043,34.76393],[135.45066,34.76376],[135.45147,34.76395],[135.45175,34.76389],[135.4523,34.76351],[135.45257,34.76342],[135.45269,34.76349],[135.45271,34.76372],[135.45251,34.76439],[135.45256,34.76443],[135.45284,34.76434],[135.45311,34.76417],[135.45531,34.76198],[135.45641,34.76065],[135.45669,34.7605],[135.45778,34.76026],[135.45806,34.76013],[135.45874,34.75946],[135.45951,34.75901],[135.45986,34.75857],[135.46118,34.75722],[135.46139,34.75677],[135.46134,34.75654],[135.46027,34.75527],[135.45984,34.75496],[135.45809,34.75412],[135.45701,34.75301],[135.45687,34.75269],[135.45699,34.75202],[135.45729,34.75165],[135.45756,34.75161],[135.45838,34.75195],[135.45893,34.75206],[135.4592,34.752],[135.45949,34.7518],[135.45976,34.75135],[135.45979,34.75113],[135.45973,34.7509],[135.45941,34.75045],[135.45937,34.75]],[[135.45119,34.76617],[135.45113,34.76619],[135.45128,34.76619],[135.45119,34.76617]]]}},{"type":"Feature","properties":{"no":42},"geometry":{"type":"Polygon","coordinates":[[[135.58696,34.58304],[135.58729,34.5829],[135.58783,34.58283],[135.58865,34.58304],[135.58919,34.58331],[135.59001,34.58337],[135.59028,34.5835],[135.59082,34.58436],[135.59136,34.58463],[135.59164,34.58464],[135.59191,34.58444],[135.59218,34.58406],[135.59246,34.58392],[135.59437,34.58353],[135.59464,34.58353],[135.59518,34.58374],[135.59541,34.58397],[135.59543,34.5842],[135.59522,34.58442],[135.59491,34.58458],[135.59327,34.58523],[135.593,34.58527],[135.59218,34.58505],[135.59191,34.58506],[135.59169,34.58531],[135.59147,34.58599],[135.59108,34.58617],[135.59081,34.58617],[135.59,34.58594],[135.58918,34.58606],[135.58809,34.58611],[135.58774,34.5862],[135.58749,34.58642],[135.58727,34.58695],[135.58649,34.58755],[135.58643,34.588],[135.58664,34.58868],[135.58655,34.5889],[135.58616,34.58913],[135.58589,34.58913],[135.58453,34.58827],[135.58372,34.58803],[135.58345,34.58783],[135.58318,34.58724],[135.58254,34.58686],[135.58232,34.58663],[135.58225,34.58573],[135.58232,34.58551],[135.58252,34.58528],[135.58316,34.58483],[135.58325,34.58461],[135.58321,34.58393],[135.58347,34.58348],[135.58374,34.58333],[135.58401,34.58331],[135.58445,34.58348],[135.58512,34.58394],[135.58537,34.58403],[135.58564,34.58402],[135.58592,34.58389],[135.58696,34.58304]]]}},{"type":"Feature","properties":{"no":43},"geometry":{"type":"MultiPolygon","coordinates":[[[[135.5473,34.81918],[135.54676,34.81956],[135.54648,34.81963],[135.54566,34.81936],[135.54539,34.81935],[135.54512,34.81943],[135.54484,34.81965],[135.54455,34.82021],[135.54429,34.82045],[135.54347,34.82077],[135.5421,34.82109],[135.54186,34.82133],[135.5421,34.82159],[135.54346,34.82179],[135.54382,34.82201],[135.54441,34.82269],[135.54537,34.82292],[135.54554,34.82315],[135.54552,34.82337],[135.54537,34.82362],[135.54509,34.82371],[135.544,34.82326],[135.54291,34.82319],[135.54264,34.82331],[135.54209,34.82387],[135.54154,34.82406],[135.54127,34.82399],[135.54072,34.82352],[135.54045,34.8234],[135.54018,34.82338],[135.53881,34.82345],[135.53772,34.82342],[135.53662,34.82376],[135.53639,34.82356],[135.53653,34.82334],[135.5369,34.8231],[135.53744,34.82301],[135.53764,34.82289],[135.53778,34.82267],[135.53772,34.82244],[135.53743,34.82221],[135.53636,34.82194],[135.53606,34.82198],[135.53562,34.82221],[135.53509,34.82288],[135.5344,34.82356],[135.53373,34.82468],[135.53371,34.8249],[135.53388,34.82513],[135.53552,34.8256],[135.53661,34.82556],[135.53688,34.82563],[135.53712,34.82582],[135.53727,34.82627],[135.53716,34.82717],[135.53727,34.82762],[135.53747,34.82785],[135.53851,34.82845],[135.53889,34.82898],[135.53895,34.82966],[135.53858,34.83056],[135.53853,34.83078],[135.53861,34.83101],[135.53882,34.83123],[135.53931,34.8315],[135.53986,34.83159],[135.54068,34.83148],[135.54122,34.83183],[135.54177,34.832],[135.54203,34.83215],[135.54211,34.8326],[135.54175,34.83327],[135.54167,34.8335],[135.54172,34.83372],[135.54203,34.83399],[135.54312,34.83442],[135.54335,34.83463],[135.5434,34.83508],[135.54314,34.83553],[135.54275,34.83598],[135.5426,34.83666],[135.5424,34.83688],[135.54146,34.83759],[135.54064,34.83838],[135.53982,34.83876],[135.53971,34.8389],[135.53976,34.83958],[135.53969,34.8398],[135.53923,34.84025],[135.53826,34.8407],[135.53762,34.84111],[135.53734,34.84117],[135.53707,34.8411],[135.53682,34.84092],[135.53653,34.84046],[135.53625,34.84034],[135.53587,34.84046],[135.53562,34.84069],[135.5353,34.84159],[135.53515,34.84178],[135.53292,34.84316],[135.53268,34.84343],[135.53208,34.84451],[135.53158,34.84497],[135.53131,34.84511],[135.53076,34.84505],[135.52885,34.84443],[135.5283,34.8445],[135.52795,34.84472],[135.52775,34.84503],[135.52777,34.84539],[135.52829,34.84607],[135.52856,34.84675],[135.52916,34.84742],[135.52992,34.84775],[135.53047,34.84781],[135.53129,34.84776],[135.53156,34.84793],[135.53172,34.84834],[135.53166,34.84901],[135.53192,34.84991],[135.53207,34.85082],[135.53232,34.85127],[135.53399,34.8533],[135.53407,34.85353],[135.53402,34.85398],[135.5332,34.85555],[135.5321,34.85668],[135.53069,34.85743],[135.53049,34.85757],[135.53037,34.8578],[135.53048,34.85802],[135.53076,34.85825],[135.5317,34.85893],[135.53205,34.85907],[135.53287,34.8591],[135.53396,34.85884],[135.53451,34.85878],[135.53506,34.85892],[135.5357,34.85939],[135.53596,34.85985],[135.53595,34.8603],[135.53586,34.86052],[135.53559,34.86082],[135.53465,34.86142],[135.53466,34.86164],[135.5355,34.86255],[135.53588,34.86345],[135.53586,34.8639],[135.53561,34.86435],[135.5353,34.86464],[135.53475,34.86483],[135.5342,34.86466],[135.53366,34.86432],[135.53311,34.8642],[135.53284,34.86432],[135.53256,34.86465],[135.53229,34.86482],[135.53202,34.86485],[135.5312,34.86471],[135.53065,34.86473],[135.52955,34.86544],[135.52928,34.86549],[135.52846,34.86541],[135.52736,34.86559],[135.52682,34.86556],[135.52548,34.86499],[135.52521,34.86476],[135.52509,34.86431],[135.52532,34.86364],[135.52524,34.86319],[135.52492,34.86287],[135.5241,34.8623],[135.5233,34.86183],[135.52274,34.86121],[135.52219,34.86109],[135.52093,34.86114],[135.52055,34.86128],[135.52,34.86163],[135.51878,34.86181],[135.51844,34.86203],[135.51781,34.86273],[135.51689,34.86338],[135.51634,34.86405],[135.51589,34.86442],[135.51506,34.86471],[135.51424,34.8646],[135.5137,34.86467],[135.51315,34.86507],[135.51287,34.86539],[135.51171,34.86832],[135.51174,34.86854],[135.51199,34.86899],[135.51284,34.8699],[135.51321,34.87103],[135.5132,34.8717],[135.51262,34.87283],[135.51153,34.8744],[135.5098,34.87531],[135.50899,34.87519],[135.50844,34.87501],[135.50735,34.8744],[135.50705,34.87416],[135.50592,34.87235],[135.50545,34.87179],[135.50491,34.87135],[135.50382,34.87077],[135.50354,34.87047],[135.50327,34.87036],[135.503,34.87055],[135.50238,34.87143],[135.50186,34.87233],[135.50135,34.87368],[135.50055,34.87503],[135.49992,34.8757],[135.49965,34.87615],[135.4995,34.87751],[135.4993,34.87818],[135.49924,34.87908],[135.49911,34.87953],[135.49892,34.87976],[135.49857,34.87998],[135.49719,34.88049],[135.49637,34.88094],[135.49599,34.88132],[135.49573,34.882],[135.49579,34.88245],[135.49627,34.88313],[135.49663,34.88336],[135.49764,34.88381],[135.49829,34.88426],[135.49857,34.88471],[135.4988,34.88544],[135.49952,34.8863],[135.50005,34.88742],[135.5005,34.8881],[135.50059,34.89036],[135.50105,34.89194],[135.50113,34.89261],[135.5015,34.89329],[135.50161,34.89374],[135.50149,34.89442],[135.50094,34.89532],[135.50094,34.89554],[135.50115,34.89577],[135.50148,34.89586],[135.50257,34.89592],[135.50339,34.89617],[135.50694,34.8979],[135.50775,34.89852],[135.5083,34.89875],[135.50884,34.89877],[135.50967,34.8983],[135.50994,34.89821],[135.51104,34.89819],[135.51145,34.89829],[135.51169,34.89851],[135.51171,34.89874],[135.51136,34.89987],[135.51135,34.90032],[135.51255,34.9019],[135.51355,34.9028],[135.51402,34.90308],[135.51456,34.90314],[135.51593,34.90311],[135.51648,34.90326],[135.51769,34.90417],[135.51809,34.90463],[135.51809,34.90508],[135.517,34.90665],[135.51654,34.9071],[135.51635,34.90755],[135.51642,34.908],[135.51681,34.9089],[135.5169,34.91093],[135.51701,34.91116],[135.51725,34.91136],[135.51807,34.91161],[135.51954,34.91229],[135.51988,34.91252],[135.52009,34.91297],[135.52007,34.91342],[135.51985,34.91432],[135.51997,34.915],[135.52078,34.91601],[135.5216,34.91667],[135.5225,34.91726],[135.52277,34.91771],[135.52295,34.91861],[135.52315,34.91884],[135.52432,34.91942],[135.52471,34.91998],[135.52484,34.92043],[135.52473,34.9211],[135.52475,34.92178],[135.52503,34.92291],[135.52539,34.92358],[135.52551,34.92404],[135.5255,34.92539],[135.52529,34.92629],[135.52529,34.92651],[135.52562,34.92742],[135.52552,34.92832],[135.52559,34.92854],[135.52583,34.92877],[135.52618,34.92886],[135.527,34.92877],[135.5281,34.9281],[135.53002,34.92741],[135.53139,34.92729],[135.53248,34.92701],[135.5333,34.92701],[135.53468,34.92629],[135.5366,34.92563],[135.53774,34.92544],[135.53794,34.92521],[135.53793,34.92499],[135.53702,34.92386],[135.53679,34.92318],[135.53665,34.92228],[135.53606,34.92092],[135.53606,34.92047],[135.53635,34.91998],[135.53718,34.91919],[135.538,34.9189],[135.53837,34.91868],[135.53875,34.91823],[135.53965,34.91683],[135.54065,34.91576],[135.5413,34.91531],[135.54158,34.91525],[135.54213,34.91531],[135.54294,34.91574],[135.54324,34.91599],[135.54392,34.91689],[135.5443,34.91713],[135.54485,34.91709],[135.54595,34.91667],[135.5465,34.91658],[135.54704,34.9166],[135.54836,34.91691],[135.54868,34.91718],[135.54892,34.91781],[135.54922,34.91827],[135.5495,34.91843],[135.54977,34.91847],[135.55059,34.91828],[135.55098,34.91805],[135.55142,34.91764],[135.55224,34.9166],[135.55319,34.9158],[135.55361,34.91566],[135.55471,34.91619],[135.5558,34.91649],[135.55662,34.91697],[135.55771,34.91742],[135.55908,34.9176],[135.56044,34.91794],[135.56099,34.91794],[135.56181,34.91778],[135.56263,34.91772],[135.564,34.91744],[135.56537,34.91695],[135.56619,34.91678],[135.56729,34.91639],[135.56811,34.91642],[135.56975,34.91665],[135.57085,34.91665],[135.57194,34.91647],[135.57276,34.91653],[135.57304,34.91648],[135.57331,34.91627],[135.57365,34.91543],[135.57386,34.91509],[135.57414,34.9149],[135.57496,34.91456],[135.57532,34.9143],[135.57633,34.91296],[135.57643,34.91273],[135.57644,34.9116],[135.57612,34.91025],[135.57589,34.91002],[135.57499,34.90964],[135.57472,34.90934],[135.57463,34.90889],[135.57474,34.90844],[135.57472,34.90805],[135.57416,34.90731],[135.57413,34.90709],[135.57443,34.90686],[135.57528,34.90681],[135.57544,34.90664],[135.5754,34.90619],[135.57516,34.90574],[135.57487,34.90551],[135.57392,34.90514],[135.5731,34.90436],[135.57283,34.90416],[135.57201,34.90378],[135.57092,34.90287],[135.57065,34.90274],[135.56955,34.90257],[135.56785,34.90166],[135.56643,34.90075],[135.56603,34.9003],[135.56597,34.90007],[135.56619,34.89962],[135.56683,34.89918],[135.56738,34.89907],[135.5693,34.89903],[135.56985,34.89884],[135.57058,34.89829],[135.57082,34.89784],[135.57067,34.89738],[135.5704,34.89714],[135.56964,34.89671],[135.56942,34.89648],[135.56919,34.8958],[135.56923,34.8949],[135.56967,34.894],[135.56952,34.89287],[135.57018,34.89152],[135.57024,34.89107],[135.57016,34.89085],[135.56936,34.88949],[135.56892,34.88904],[135.56826,34.88874],[135.56744,34.88868],[135.56704,34.88858],[135.5667,34.88836],[135.56626,34.8879],[135.56609,34.88745],[135.56633,34.88588],[135.5666,34.88543],[135.56691,34.88512],[135.56803,34.88453],[135.56826,34.8843],[135.56849,34.88386],[135.56871,34.88363],[135.57025,34.88296],[135.57173,34.88161],[135.57212,34.88138],[135.57322,34.88096],[135.57334,34.88072],[135.5732,34.88049],[135.57268,34.88035],[135.57186,34.88046],[135.57076,34.88082],[135.57049,34.88082],[135.57021,34.88074],[135.56991,34.88048],[135.5694,34.87976],[135.56825,34.87912],[135.56766,34.87867],[135.56749,34.87843],[135.56733,34.87777],[135.56722,34.87765],[135.56615,34.87754],[135.56558,34.87718],[135.56515,34.87663],[135.56519,34.87641],[135.56669,34.87536],[135.56685,34.87506],[135.56679,34.87483],[135.56647,34.87461],[135.5656,34.87424],[135.56407,34.87302],[135.56315,34.87242],[135.5629,34.87212],[135.56287,34.87189],[135.56315,34.87151],[135.56397,34.8709],[135.56452,34.87061],[135.56589,34.87013],[135.56699,34.86939],[135.56836,34.86877],[135.5686,34.86853],[135.56868,34.86831],[135.56858,34.86763],[135.56882,34.86673],[135.56947,34.86583],[135.5696,34.86538],[135.56961,34.86267],[135.56917,34.86087],[135.56932,34.86019],[135.56931,34.85974],[135.56906,34.85929],[135.56749,34.85793],[135.56665,34.85703],[135.56656,34.8568],[135.56675,34.85613],[135.56734,34.85488],[135.56761,34.85463],[135.56819,34.85433],[135.56954,34.85163],[135.57037,34.85088],[135.5712,34.84983],[135.57175,34.84901],[135.57217,34.84871],[135.57257,34.84865],[135.57366,34.84882],[135.57475,34.8488],[135.57804,34.84786],[135.57941,34.84736],[135.57996,34.84728],[135.58132,34.84726],[135.58187,34.84709],[135.58221,34.84672],[135.58245,34.84627],[135.58279,34.84492],[135.58277,34.84446],[135.58226,34.84379],[135.58181,34.84288],[135.58125,34.84243],[135.58053,34.8416],[135.58026,34.84145],[135.57971,34.8414],[135.57889,34.84161],[135.57807,34.84141],[135.5778,34.84151],[135.57725,34.84212],[135.57615,34.84276],[135.57588,34.84286],[135.5756,34.84283],[135.57506,34.84251],[135.57424,34.84166],[135.57315,34.84121],[135.57205,34.84037],[135.57193,34.84015],[135.57217,34.83947],[135.57207,34.83924],[135.5718,34.83906],[135.5707,34.8388],[135.56989,34.83817],[135.56934,34.83786],[135.5688,34.83772],[135.56825,34.8377],[135.5677,34.83749],[135.56743,34.8372],[135.56708,34.83652],[135.56655,34.83607],[135.56641,34.83584],[135.56651,34.83517],[135.56639,34.83494],[135.56471,34.83425],[135.56443,34.83403],[135.5639,34.83317],[135.56336,34.83289],[135.56308,34.83263],[135.56296,34.83223],[135.56287,34.83132],[135.56296,34.8311],[135.56343,34.83065],[135.56354,34.83042],[135.56352,34.8302],[135.56271,34.82907],[135.56194,34.82839],[135.56092,34.82775],[135.55929,34.82695],[135.55793,34.82601],[135.55738,34.82585],[135.55711,34.82568],[135.55599,34.82454],[135.55575,34.82442],[135.55465,34.82434],[135.55411,34.82422],[135.55384,34.82402],[135.55357,34.82358],[135.55329,34.8234],[135.55275,34.82352],[135.55247,34.82347],[135.55183,34.82294],[135.55139,34.82245],[135.55057,34.82199],[135.5496,34.82113],[135.54923,34.82023],[135.54853,34.81955],[135.54785,34.81912],[135.54758,34.81909],[135.5473,34.81918]],[[135.55078,34.83286],[135.55078,34.83286],[135.55077,34.83286],[135.55078,34.83286]],[[135.55159,34.83538],[135.55186,34.83537],[135.55213,34.83557],[135.55213,34.83579],[135.55186,34.83603],[135.55158,34.83608],[135.55113,34.83601],[135.55099,34.83579],[135.55121,34.83556],[135.55159,34.83538]],[[135.55823,34.87158],[135.55878,34.87157],[135.56014,34.87182],[135.56041,34.87193],[135.56096,34.87234],[135.56178,34.87263],[135.56232,34.87291],[135.56341,34.87359],[135.56412,34.87415],[135.56427,34.8746],[135.5643,34.87528],[135.56422,34.87556],[135.56239,34.8773],[135.5612,34.87793],[135.56029,34.87864],[135.55967,34.87932],[135.55901,34.87952],[135.55864,34.87976],[135.55811,34.88044],[135.5567,34.88156],[135.55637,34.88201],[135.55626,34.8823],[135.55598,34.88212],[135.55597,34.88178],[135.55707,34.87953],[135.5569,34.87863],[135.55694,34.87773],[135.55706,34.8775],[135.55738,34.87722],[135.55793,34.877],[135.5582,34.87699],[135.55929,34.87721],[135.55984,34.87708],[135.56077,34.87639],[135.5617,34.87527],[135.5617,34.87504],[135.56156,34.87482],[135.56122,34.87459],[135.55985,34.87436],[135.55876,34.87382],[135.55849,34.87374],[135.55767,34.87372],[135.5574,34.87353],[135.55709,34.87277],[135.55708,34.87232],[135.55722,34.8721],[135.55751,34.87187],[135.55823,34.87158]],[[135.55976,34.84068],[135.55999,34.841],[135.55991,34.84123],[135.55948,34.84163],[135.55921,34.84171],[135.5591,34.84145],[135.55949,34.84078],[135.55976,34.84068]],[[135.53366,34.92272],[135.53356,34.92271],[135.5336,34.92254],[135.53366,34.92272]],[[135.5351,34.85191],[135.5351,34.85198],[135.53488,34.85195],[135.5351,34.85191]],[[135.54204,34.88073],[135.54219,34.88083],[135.5422,34.88105],[135.54204,34.88129],[135.54177,34.88141],[135.54165,34.88128],[135.54166,34.88105],[135.54177,34.88082],[135.54204,34.88073]],[[135.54029,34.82673],[135.5418,34.82666],[135.54192,34.82674],[135.54188,34.82696],[135.54128,34.82719],[135.5407,34.82727],[135.54036,34.82696],[135.54029,34.82673]],[[135.54492,34.86461],[135.54487,34.86464],[135.54485,34.86461],[135.54487,34.86457],[135.54492,34.86461]]],[[[135.56859,34.87683],[135.56798,34.87709],[135.56797,34.87732],[135.56886,34.87741],[135.56928,34.87732],[135.56932,34.8771],[135.56898,34.87687],[135.56859,34.87683]]]]}},{"type":"Feature","properties":{"no":44},"geometry":{"type":"MultiPolygon","coordinates":[[[[135.44143,34.34743],[135.44034,34.34787],[135.43953,34.34775],[135.43898,34.34775],[135.43789,34.34797],[135.43708,34.34805],[135.43613,34.34849],[135.43572,34.34858],[135.43436,34.34842],[135.43381,34.34862],[135.43323,34.34915],[135.43273,34.35005],[135.43273,34.35095],[135.43215,34.35274],[135.43188,34.35305],[135.43104,34.35365],[135.43069,34.35432],[135.43069,34.35545],[135.43122,34.35636],[135.43129,34.35681],[135.43107,34.35726],[135.43048,34.35793],[135.43016,34.35883],[135.43038,34.35996],[135.43074,34.36064],[135.43082,34.36109],[135.43032,34.36244],[135.42978,34.36334],[135.42954,34.36401],[135.42945,34.36536],[135.42873,34.36829],[135.42887,34.36897],[135.42881,34.36942],[135.42854,34.36987],[135.42769,34.37076],[135.42727,34.37189],[135.42683,34.37279],[135.42674,34.37324],[135.42693,34.37414],[135.42684,34.37459],[135.42576,34.37616],[135.42547,34.37632],[135.42303,34.3763],[135.42248,34.37639],[135.42219,34.3766],[135.42166,34.37729],[135.42139,34.37748],[135.42057,34.37772],[135.4203,34.37787],[135.41957,34.37861],[135.4192,34.37887],[135.41866,34.37905],[135.41784,34.37906],[135.41702,34.3792],[135.41675,34.3793],[135.41651,34.3795],[135.41635,34.37995],[135.41629,34.38108],[135.4161,34.38175],[135.41617,34.38265],[135.416,34.3831],[135.41509,34.38386],[135.41427,34.38424],[135.41403,34.38445],[135.41371,34.38557],[135.41344,34.38584],[135.41235,34.38623],[135.41208,34.38644],[135.41098,34.38804],[135.41033,34.38961],[135.41027,34.39097],[135.41004,34.39209],[135.4097,34.39254],[135.40879,34.39321],[135.40869,34.39344],[135.40866,34.39479],[135.40899,34.39614],[135.4093,34.39682],[135.40927,34.39727],[135.40871,34.39817],[135.40849,34.39907],[135.40818,34.39966],[135.40791,34.39988],[135.40648,34.40064],[135.4059,34.40109],[135.40559,34.40154],[135.40532,34.40244],[135.40543,34.40356],[135.40532,34.40447],[135.40545,34.40492],[135.4057,34.40516],[135.40624,34.40548],[135.40759,34.40615],[135.40786,34.4064],[135.40823,34.40718],[135.40897,34.40764],[135.40975,34.40831],[135.41078,34.40877],[135.41106,34.40923],[135.41103,34.40945],[135.41084,34.40968],[135.41011,34.41012],[135.40996,34.41035],[135.41009,34.4117],[135.41,34.41193],[135.40945,34.4126],[135.40911,34.4135],[135.40863,34.41394],[135.40835,34.41405],[135.40808,34.41399],[135.40727,34.41338],[135.40614,34.41281],[135.40545,34.41213],[135.4051,34.41192],[135.40483,34.41186],[135.40347,34.412],[135.40265,34.41232],[135.4013,34.41192],[135.40076,34.41137],[135.40049,34.41135],[135.40036,34.41143],[135.40024,34.41165],[135.40051,34.41233],[135.4003,34.41278],[135.39966,34.41331],[135.39856,34.41369],[135.39829,34.4139],[135.39816,34.41412],[135.3982,34.41457],[135.39891,34.41615],[135.39894,34.41683],[135.39879,34.41728],[135.39744,34.41869],[135.39717,34.41882],[135.3969,34.41885],[135.39608,34.41858],[135.39586,34.41884],[135.39572,34.41929],[135.39553,34.41946],[135.39526,34.41949],[135.39417,34.4192],[135.39336,34.41926],[135.39279,34.4195],[135.39225,34.42018],[135.39199,34.42038],[135.39144,34.42049],[135.39096,34.4204],[135.39066,34.42017],[135.39043,34.41949],[135.39009,34.41914],[135.38955,34.41898],[135.38928,34.41901],[135.38901,34.4192],[135.3889,34.41948],[135.38904,34.42061],[135.38884,34.42129],[135.38897,34.42151],[135.38936,34.42174],[135.38956,34.42197],[135.38953,34.42234],[135.38925,34.42261],[135.38871,34.4227],[135.38844,34.42261],[135.3879,34.4222],[135.38763,34.42211],[135.38681,34.42203],[135.386,34.42182],[135.38572,34.4218],[135.38545,34.42195],[135.38535,34.42217],[135.38535,34.42262],[135.38564,34.42353],[135.38579,34.42375],[135.38625,34.42408],[135.38679,34.42424],[135.38707,34.4242],[135.38816,34.42374],[135.3887,34.42371],[135.38897,34.42379],[135.38923,34.42399],[135.38936,34.42422],[135.3895,34.42467],[135.38958,34.42535],[135.39033,34.42603],[135.39049,34.42648],[135.39034,34.4267],[135.38922,34.42736],[135.38867,34.42746],[135.38786,34.42744],[135.38704,34.42815],[135.38676,34.42823],[135.38649,34.42821],[135.38595,34.42796],[135.38573,34.42803],[135.38531,34.42916],[135.38512,34.42941],[135.38432,34.43006],[135.38431,34.43028],[135.38484,34.43141],[135.38537,34.43209],[135.38546,34.43231],[135.38544,34.43277],[135.38526,34.43322],[135.38531,34.43344],[135.38564,34.43378],[135.38672,34.43457],[135.38753,34.43492],[135.38769,34.43526],[135.3878,34.43593],[135.38801,34.43616],[135.38834,34.43628],[135.38997,34.43632],[135.39106,34.43619],[135.39133,34.43634],[135.39174,34.43685],[135.39249,34.43731],[135.39322,34.43832],[135.3943,34.43887],[135.39459,34.43935],[135.39482,34.43957],[135.39511,34.43966],[135.39566,34.43968],[135.39702,34.43953],[135.39729,34.43961],[135.39753,34.43981],[135.39783,34.44071],[135.39799,34.44094],[135.39864,34.44155],[135.39927,34.44185],[135.39949,34.44208],[135.39951,34.44298],[135.39963,34.44343],[135.39985,34.44366],[135.40061,34.44411],[135.40119,34.44479],[135.4016,34.44569],[135.40209,34.44615],[135.40223,34.44637],[135.40241,34.44709],[135.40268,34.44724],[135.40319,34.4466],[135.4035,34.44652],[135.40404,34.44689],[135.40431,34.44699],[135.40513,34.44686],[135.40594,34.44705],[135.40622,34.44701],[135.40648,34.44662],[135.4066,34.44617],[135.40677,34.446],[135.40707,34.44594],[135.40731,34.44606],[135.40737,34.44617],[135.40768,34.44843],[135.40794,34.44865],[135.40865,34.44903],[135.40974,34.44911],[135.41025,34.44934],[135.41055,34.4496],[135.41077,34.45002],[135.41068,34.45069],[135.41096,34.45137],[135.41106,34.45205],[135.41149,34.45273],[135.41216,34.45334],[135.4127,34.4536],[135.41297,34.45351],[135.41341,34.45296],[135.41407,34.45274],[135.41516,34.45211],[135.41625,34.45215],[135.41679,34.4521],[135.41706,34.45214],[135.41733,34.45229],[135.41784,34.45276],[135.4195,34.4538],[135.42004,34.45424],[135.42035,34.45457],[135.42061,34.45502],[135.42069,34.45548],[135.42057,34.45598],[135.42032,34.45638],[135.42002,34.45662],[135.41842,34.45727],[135.41825,34.45749],[135.41822,34.45772],[135.41834,34.45817],[135.41865,34.45839],[135.41974,34.45837],[135.42006,34.45863],[135.42001,34.45885],[135.41961,34.4593],[135.41956,34.45953],[135.41983,34.4602],[135.41973,34.46045],[135.41905,34.46088],[135.41885,34.4611],[135.41858,34.462],[135.41888,34.46268],[135.41891,34.46313],[135.41862,34.46381],[135.41848,34.46448],[135.41834,34.46472],[135.41756,34.46538],[135.41754,34.4656],[135.41804,34.46606],[135.41838,34.46651],[135.41912,34.46696],[135.41931,34.46719],[135.4195,34.46764],[135.41957,34.46877],[135.41994,34.46919],[135.42021,34.4692],[135.42048,34.46908],[135.42185,34.46819],[135.42252,34.46766],[135.42282,34.46721],[135.42282,34.46676],[135.42295,34.46645],[135.42404,34.46632],[135.42431,34.46635],[135.42541,34.46677],[135.42621,34.46733],[135.42707,34.46813],[135.4282,34.46949],[135.42866,34.47016],[135.42891,34.47035],[135.42918,34.47041],[135.42973,34.47025],[135.43082,34.46941],[135.43164,34.46891],[135.4341,34.46695],[135.43438,34.46681],[135.43527,34.46659],[135.43551,34.46636],[135.43575,34.4657],[135.43593,34.46546],[135.43903,34.46333],[135.44067,34.46198],[135.44187,34.46076],[135.44191,34.46053],[135.44165,34.45963],[135.44183,34.4585],[135.44139,34.45715],[135.44142,34.45647],[135.44165,34.45557],[135.44162,34.45512],[135.44097,34.45399],[135.44073,34.45309],[135.44036,34.45241],[135.44016,34.45128],[135.44026,34.45083],[135.44102,34.45012],[135.4413,34.4492],[135.44194,34.44881],[135.44215,34.44859],[135.44214,34.44814],[135.44187,34.44746],[135.44195,34.44701],[135.4424,34.44639],[135.44295,34.4461],[135.44317,34.44589],[135.44325,34.44566],[135.44318,34.44544],[135.44258,34.44476],[135.44238,34.44431],[135.44226,34.44295],[135.44234,34.44205],[135.44261,34.44115],[135.44358,34.43981],[135.44413,34.43846],[135.44455,34.43711],[135.44452,34.43665],[135.44397,34.43575],[135.44396,34.4353],[135.44435,34.43462],[135.44493,34.4341],[135.44548,34.43388],[135.44657,34.43381],[135.44684,34.43373],[135.44719,34.43351],[135.44766,34.43296],[135.44843,34.43261],[135.4486,34.43239],[135.44861,34.43216],[135.44816,34.43104],[135.44815,34.43081],[135.44855,34.42969],[135.44818,34.42856],[135.44841,34.42766],[135.44868,34.42721],[135.44998,34.42586],[135.45016,34.42563],[135.45044,34.42496],[135.45126,34.42411],[135.45137,34.42384],[135.45101,34.42293],[135.451,34.42271],[135.45118,34.42136],[135.45153,34.42046],[135.45154,34.42023],[135.45123,34.4191],[135.45142,34.4182],[135.45139,34.4173],[135.45113,34.41685],[135.45087,34.41662],[135.44995,34.41616],[135.44971,34.41594],[135.4496,34.41572],[135.44957,34.41527],[135.44968,34.41498],[135.44996,34.41478],[135.45159,34.41463],[135.45189,34.41437],[135.45194,34.41415],[135.45179,34.41347],[135.45182,34.41325],[135.45196,34.41302],[135.453,34.41213],[135.45334,34.41145],[135.45337,34.41077],[135.45316,34.40987],[135.45313,34.40942],[135.45351,34.40785],[135.45399,34.40717],[135.45499,34.4065],[135.45518,34.40627],[135.45536,34.40582],[135.45538,34.4056],[135.45524,34.40515],[135.45431,34.40379],[135.45375,34.40266],[135.45381,34.40199],[135.45428,34.40086],[135.4543,34.40064],[135.45413,34.40041],[135.45332,34.40022],[135.45304,34.40001],[135.45278,34.39905],[135.45224,34.39837],[135.45215,34.39815],[135.45212,34.39747],[135.45239,34.39635],[135.45241,34.39544],[135.45199,34.39453],[135.45172,34.39424],[135.45091,34.39366],[135.45037,34.39296],[135.4499,34.3916],[135.4499,34.39115],[135.45005,34.39093],[135.4504,34.3907],[135.45284,34.3903],[135.45365,34.39012],[135.4542,34.3899],[135.45474,34.38937],[135.45503,34.3878],[135.45585,34.38689],[135.45613,34.386],[135.4564,34.38567],[135.45749,34.38478],[135.45804,34.38449],[135.45913,34.38417],[135.46022,34.38401],[135.46076,34.38378],[135.46223,34.38242],[135.46249,34.38197],[135.46259,34.38106],[135.463,34.37994],[135.46364,34.37769],[135.46362,34.37634],[135.46345,34.37588],[135.46299,34.37533],[135.46245,34.37498],[135.46109,34.37467],[135.46001,34.37456],[135.45965,34.37429],[135.4591,34.37316],[135.45906,34.37158],[135.45886,34.37068],[135.45906,34.36955],[135.45898,34.3691],[135.45846,34.3682],[135.45806,34.36775],[135.45761,34.36747],[135.45679,34.36734],[135.45652,34.36721],[135.45625,34.36688],[135.45616,34.36661],[135.45614,34.36526],[135.45639,34.36413],[135.45637,34.36301],[135.4557,34.36143],[135.45548,34.36008],[135.45454,34.35894],[135.45433,34.35849],[135.45432,34.35826],[135.45464,34.35736],[135.45559,34.35556],[135.45652,34.35422],[135.45673,34.35377],[135.45676,34.35309],[135.45635,34.35208],[135.45585,34.35173],[135.45499,34.35156],[135.45472,34.35142],[135.45418,34.35086],[135.45282,34.34969],[135.45253,34.34947],[135.45202,34.34923],[135.45147,34.34922],[135.45038,34.3495],[135.44903,34.34929],[135.44767,34.34929],[135.4474,34.3492],[135.44643,34.34854],[135.44469,34.34783],[135.44306,34.34754],[135.4417,34.3474],[135.44143,34.34743]],[[135.44133,34.44474],[135.44133,34.44504],[135.44105,34.44505],[135.44086,34.44475],[135.44106,34.44456],[135.44133,34.44474]],[[135.44524,34.42861],[135.4454,34.42877],[135.44524,34.42914],[135.44497,34.42931],[135.44469,34.42924],[135.4447,34.42892],[135.44497,34.42869],[135.44524,34.42861]],[[135.44766,34.41278],[135.44772,34.413],[135.44752,34.41332],[135.44725,34.41355],[135.44697,34.41361],[135.44673,34.41345],[135.44669,34.41322],[135.44698,34.4129],[135.44725,34.41278],[135.44766,34.41278]],[[135.39306,34.42263],[135.39333,34.42269],[135.39363,34.42289],[135.39374,34.42312],[135.39374,34.42334],[135.39318,34.42492],[135.39304,34.42514],[135.39277,34.42525],[135.3925,34.42519],[135.39178,34.42468],[135.39171,34.42446],[135.3918,34.42356],[135.39197,34.42322],[135.39229,34.42288],[135.39277,34.42266],[135.39306,34.42263]],[[135.39522,34.42524],[135.39549,34.42528],[135.39557,34.42538],[135.3955,34.4256],[135.39528,34.42583],[135.3943,34.4265],[135.39357,34.4272],[135.3933,34.42726],[135.39301,34.42717],[135.39279,34.42694],[135.39273,34.42672],[135.39279,34.42649],[135.39304,34.42619],[135.39331,34.42603],[135.39413,34.42585],[135.39522,34.42524]],[[135.3966,34.4223],[135.39687,34.42241],[135.39714,34.42267],[135.39757,34.42336],[135.39763,34.42359],[135.3975,34.42404],[135.39732,34.42426],[135.39686,34.42455],[135.39631,34.42461],[135.39577,34.42436],[135.39559,34.42403],[135.39596,34.42335],[135.39617,34.42245],[135.39633,34.42233],[135.3966,34.4223]],[[135.39851,34.42077],[135.39869,34.42089],[135.39851,34.42116],[135.39824,34.42125],[135.39801,34.42111],[135.39814,34.42088],[135.39851,34.42077]],[[135.39874,34.43418],[135.39881,34.43441],[135.39869,34.43447],[135.39859,34.43441],[135.39866,34.43418],[135.39874,34.43418]],[[135.40265,34.44277],[135.40247,34.44299],[135.40244,34.44301],[135.40244,34.44255],[135.40265,34.44277]],[[135.40434,34.44234],[135.40464,34.44255],[135.40494,34.44368],[135.40499,34.44436],[135.40474,34.44526],[135.40449,34.44548],[135.40405,34.44556],[135.40373,34.44548],[135.40351,34.44525],[135.4035,34.44503],[135.40412,34.4439],[135.40421,34.44345],[135.40403,34.44277],[135.40406,34.44255],[135.40434,34.44234]],[[135.40579,34.43087],[135.40606,34.43084],[135.40633,34.43097],[135.4065,34.43129],[135.40644,34.43174],[135.40632,34.43197],[135.40605,34.43217],[135.40578,34.43215],[135.40551,34.43197],[135.40527,34.43151],[135.4053,34.43129],[135.40545,34.43106],[135.40579,34.43087]],[[135.40611,34.41934],[135.40623,34.41957],[135.40623,34.4198],[135.40614,34.41995],[135.40586,34.42008],[135.4056,34.41979],[135.40562,34.41957],[135.40587,34.41926],[135.40611,34.41934]],[[135.40795,34.43204],[135.4085,34.43206],[135.40893,34.4322],[135.40907,34.43243],[135.40898,34.43266],[135.40857,34.43288],[135.40795,34.43303],[135.40767,34.43302],[135.40743,34.43287],[135.40736,34.43265],[135.40741,34.43242],[135.40768,34.43211],[135.40795,34.43204]],[[135.40851,34.43048],[135.40877,34.43063],[135.40863,34.43085],[135.40851,34.4309],[135.40813,34.43085],[135.40798,34.43062],[135.40824,34.43049],[135.40851,34.43048]],[[135.41128,34.42324],[135.41155,34.42333],[135.4118,34.42388],[135.41209,34.42404],[135.41263,34.42401],[135.41298,34.42411],[135.413,34.42434],[135.41284,34.42456],[135.41236,34.42488],[135.41181,34.42508],[135.41127,34.42504],[135.41096,34.42478],[135.41088,34.42433],[135.41093,34.42365],[135.41101,34.42342],[135.41128,34.42324]],[[135.41238,34.42187],[135.41265,34.42188],[135.41278,34.42208],[135.41269,34.42231],[135.4121,34.42277],[135.41183,34.42278],[135.41164,34.42253],[135.41167,34.4223],[135.41186,34.42208],[135.41238,34.42187]],[[135.41341,34.43028],[135.41378,34.43043],[135.41399,34.43065],[135.41403,34.43088],[135.41394,34.43115],[135.41367,34.43135],[135.4134,34.43137],[135.41313,34.43129],[135.41289,34.4311],[135.41278,34.43065],[135.41286,34.43042],[135.41313,34.43027],[135.41341,34.43028]],[[135.41685,34.44314],[135.41685,34.44333],[135.41658,34.44333],[135.41658,34.44326],[135.41685,34.44314]],[[135.41939,34.42998],[135.41966,34.4301],[135.41978,34.43023],[135.41977,34.43045],[135.41884,34.43164],[135.41856,34.43177],[135.41829,34.4318],[135.41802,34.43171],[135.41728,34.43112],[135.41714,34.43089],[135.41713,34.43067],[135.41749,34.43017],[135.41776,34.43008],[135.41858,34.43012],[135.41939,34.42998]],[[135.42293,34.4304],[135.4232,34.43047],[135.42332,34.4307],[135.42332,34.43092],[135.42319,34.43126],[135.42277,34.43182],[135.42264,34.43236],[135.42237,34.43256],[135.42182,34.43249],[135.42144,34.43226],[135.42093,34.43181],[135.42081,34.43159],[135.42082,34.43136],[135.42102,34.43121],[135.42156,34.43099],[135.42211,34.43061],[135.42293,34.4304]],[[135.42454,34.43335],[135.42508,34.43346],[135.42563,34.43332],[135.4259,34.43333],[135.42603,34.43341],[135.42603,34.43409],[135.42612,34.43454],[135.42589,34.4347],[135.4248,34.43483],[135.42426,34.43475],[135.42388,34.43453],[135.4237,34.4343],[135.42374,34.43385],[135.42388,34.43363],[135.42416,34.4334],[135.42454,34.43335]],[[135.43106,34.46184],[135.43132,34.46206],[135.43144,34.46229],[135.43145,34.46251],[135.43114,34.46276],[135.43086,34.46324],[135.43059,34.46334],[135.43032,34.46328],[135.43015,34.46318],[135.43,34.46296],[135.43006,34.46273],[135.4306,34.46189],[135.43087,34.46178],[135.43106,34.46184]],[[135.43529,34.45202],[135.43556,34.45207],[135.43584,34.45229],[135.4359,34.45239],[135.43583,34.45267],[135.43556,34.45277],[135.43529,34.45272],[135.43502,34.45253],[135.43494,34.45239],[135.43499,34.45216],[135.43529,34.45202]],[[135.43778,34.44649],[135.43832,34.44663],[135.43852,34.44677],[135.43866,34.447],[135.43862,34.44745],[135.43831,34.44769],[135.43777,34.44766],[135.4375,34.4475],[135.43724,34.44721],[135.43716,34.44699],[135.43723,34.44666],[135.43751,34.44649],[135.43778,34.44649]],[[135.39462,34.43276],[135.39459,34.43304],[135.3942,34.43394],[135.39407,34.43403],[135.39379,34.43404],[135.39352,34.43381],[135.39354,34.43348],[135.39435,34.43269],[135.39462,34.43276]],[[135.39726,34.4326],[135.39816,34.43239],[135.39843,34.43246],[135.39862,34.43261],[135.39865,34.43283],[135.39849,34.43306],[135.39815,34.43327],[135.39788,34.43334],[135.39734,34.43323],[135.39714,34.43305],[135.39709,34.43282],[135.39726,34.4326]],[[135.40628,34.43744],[135.40653,34.4376],[135.40628,34.43837],[135.406,34.43867],[135.40572,34.43873],[135.40546,34.43857],[135.40541,34.43827],[135.40571,34.43782],[135.40628,34.43744]],[[135.41126,34.42603],[135.41235,34.4261],[135.41264,34.42636],[135.41268,34.42659],[135.41244,34.42704],[135.41207,34.42734],[135.41152,34.42752],[135.41071,34.42733],[135.41044,34.42709],[135.41034,34.4268],[135.41047,34.42635],[135.41077,34.42613],[135.41126,34.42603]],[[135.4174,34.44081],[135.4178,34.44081],[135.41799,34.44104],[135.41768,34.44143],[135.41741,34.44159],[135.41714,34.44161],[135.41686,34.44149],[135.41674,34.44126],[135.41684,34.44103],[135.4174,34.44081]],[[135.42316,34.4356],[135.42345,34.43588],[135.42348,34.43611],[135.42299,34.43678],[135.42292,34.43746],[135.4226,34.43765],[135.42233,34.43761],[135.42206,34.43745],[135.4217,34.437],[135.42162,34.43677],[135.42167,34.43655],[135.42262,34.43568],[135.42289,34.43555],[135.42316,34.4356]],[[135.42524,34.44783],[135.42525,34.44806],[135.42498,34.44853],[135.42472,34.44806],[135.42473,34.44783],[135.42498,34.44762],[135.42524,34.44783]],[[135.4358,34.4582],[135.43588,34.45825],[135.43592,34.45848],[135.43579,34.4586],[135.4355,34.4587],[135.4353,34.45847],[135.43552,34.45824],[135.4358,34.4582]],[[135.43725,34.45037],[135.43735,34.4506],[135.43725,34.45082],[135.43693,34.45089],[135.43685,34.45082],[135.43684,34.45059],[135.43694,34.45042],[135.43725,34.45037]],[[135.43773,34.45364],[135.43828,34.45357],[135.43855,34.45368],[135.43863,34.45398],[135.43827,34.45425],[135.43773,34.45427],[135.43746,34.4542],[135.43729,34.45398],[135.43743,34.45375],[135.43773,34.45364]],[[135.41226,34.43903],[135.41244,34.43921],[135.41236,34.43943],[135.41225,34.4395],[135.41198,34.43946],[135.41187,34.43921],[135.41198,34.43906],[135.41226,34.43903]],[[135.422,34.44591],[135.4223,34.44602],[135.42232,34.44624],[135.42209,34.44669],[135.42172,34.44699],[135.42145,34.44704],[135.42118,34.44696],[135.42099,34.44669],[135.42118,34.44624],[135.42146,34.44603],[135.422,34.44591]],[[135.42312,34.44215],[135.42341,34.44242],[135.42383,34.44264],[135.42403,34.44287],[135.42344,34.44354],[135.4231,34.44427],[135.42283,34.44445],[135.42256,34.44445],[135.42222,34.44421],[135.42213,34.44376],[135.42257,34.44259],[135.42285,34.44216],[135.42312,34.44215]]],[[[135.39446,34.41698],[135.39438,34.41748],[135.39448,34.41771],[135.39473,34.41795],[135.395,34.41794],[135.39554,34.4177],[135.39567,34.41749],[135.39566,34.41726],[135.39557,34.41704],[135.39533,34.41681],[135.39501,34.41672],[135.39474,34.41676],[135.39446,34.41698]]]]}},{"type":"Feature","properties":{"no":45},"geometry":{"type":"Polygon","coordinates":[[[135.63556,34.69893],[135.63692,34.69875],[135.63747,34.69884],[135.63856,34.69951],[135.63878,34.69973],[135.63887,34.69995],[135.6387,34.70085],[135.63874,34.70153],[135.63885,34.70176],[135.63909,34.70196],[135.63964,34.70209],[135.64373,34.7021],[135.64537,34.70189],[135.65028,34.70191],[135.65083,34.70202],[135.65164,34.70247],[135.65219,34.70256],[135.65273,34.7025],[135.65383,34.70217],[135.65601,34.70211],[135.65847,34.70156],[135.65983,34.70139],[135.66038,34.7012],[135.6612,34.7008],[135.6623,34.70006],[135.66312,34.69915],[135.66339,34.69901],[135.66366,34.69898],[135.66557,34.699],[135.66939,34.70018],[135.67021,34.70066],[135.67157,34.70065],[135.67293,34.70106],[135.67305,34.70118],[135.6731,34.7014],[135.67319,34.70253],[135.67291,34.70388],[135.67355,34.70478],[135.67359,34.70591],[135.67428,34.70681],[135.67458,34.70749],[135.67463,34.70794],[135.67445,34.70862],[135.67444,34.70907],[135.67472,34.7102],[135.67511,34.71087],[135.67516,34.7111],[135.67453,34.71222],[135.67369,34.71335],[135.67358,34.7138],[135.67351,34.7147],[135.67341,34.71493],[135.67237,34.71605],[135.67206,34.71618],[135.66933,34.71611],[135.66878,34.71625],[135.66859,34.71649],[135.66855,34.71717],[135.6684,34.71739],[135.66686,34.71829],[135.66659,34.7184],[135.66577,34.7185],[135.66495,34.71876],[135.66331,34.71914],[135.66112,34.71984],[135.66076,34.72008],[135.66004,34.72097],[135.65975,34.72119],[135.65729,34.72223],[135.65674,34.72277],[135.65662,34.72322],[135.65673,34.72412],[135.6566,34.72547],[135.6566,34.72637],[135.65678,34.72728],[135.6567,34.7275],[135.65645,34.72764],[135.65618,34.72763],[135.65536,34.72742],[135.65454,34.72734],[135.65372,34.72715],[135.65345,34.72727],[135.65235,34.72902],[135.6518,34.72934],[135.65153,34.72938],[135.65126,34.72932],[135.65059,34.72884],[135.65028,34.72838],[135.65028,34.725],[135.65012,34.72433],[135.65007,34.72365],[135.64961,34.72252],[135.64947,34.72162],[135.64917,34.72072],[135.64925,34.72049],[135.64992,34.71982],[135.65002,34.71937],[135.64966,34.71865],[135.64865,34.71779],[135.6487,34.71756],[135.64967,34.71713],[135.64993,34.71689],[135.65026,34.71621],[135.65031,34.71554],[135.65021,34.71531],[135.64981,34.71486],[135.64973,34.71463],[135.64975,34.71373],[135.64914,34.71302],[135.6483,34.7126],[135.64813,34.71238],[135.64811,34.71193],[135.64797,34.71147],[135.64713,34.71035],[135.64679,34.70944],[135.64633,34.70899],[135.64589,34.70827],[135.64545,34.70786],[135.64507,34.70765],[135.6448,34.7076],[135.64398,34.70768],[135.64343,34.70753],[135.64243,34.7065],[135.64208,34.70582],[135.64152,34.70514],[135.64072,34.70454],[135.63963,34.70401],[135.63908,34.70395],[135.63881,34.70404],[135.63856,34.70423],[135.63826,34.70476],[135.63799,34.70477],[135.63762,34.70446],[135.63717,34.70378],[135.63636,34.70292],[135.63554,34.70237],[135.63505,34.70152],[135.63498,34.70084],[135.63442,34.70017],[135.63416,34.69971],[135.63408,34.69926],[135.63413,34.69904],[135.63447,34.69885],[135.63556,34.69893]],[[135.66883,34.70303],[135.66879,34.70319],[135.66883,34.70321],[135.66888,34.70319],[135.66883,34.70303]]]}},{"type":"Feature","properties":{"no":46},"geometry":{"type":"Polygon","coordinates":[[[135.50314,34.83064],[135.50351,34.83063],[135.50433,34.83075],[135.50542,34.83076],[135.50597,34.83073],[135.50679,34.83051],[135.50706,34.83056],[135.50843,34.8314],[135.50924,34.83202],[135.50979,34.83225],[135.51009,34.83247],[135.51039,34.83293],[135.51038,34.83338],[135.51004,34.83405],[135.51001,34.83428],[135.51008,34.8345],[135.51048,34.83496],[135.51058,34.83518],[135.51052,34.83586],[135.51167,34.83696],[135.51195,34.83703],[135.51249,34.83704],[135.51288,34.83722],[135.51303,34.83744],[135.51305,34.83767],[135.51274,34.83834],[135.51274,34.83857],[135.51303,34.83913],[135.5133,34.83933],[135.51457,34.83993],[135.51521,34.84038],[135.51548,34.84046],[135.51657,34.84038],[135.51712,34.84051],[135.51766,34.84076],[135.51875,34.84155],[135.51984,34.8418],[135.51988,34.84198],[135.51975,34.8422],[135.51925,34.84288],[135.51819,34.84365],[135.5171,34.84399],[135.51674,34.84422],[135.51655,34.84445],[135.51627,34.84514],[135.51611,34.84534],[135.5155,34.84579],[135.51498,34.84669],[135.51443,34.84714],[135.51407,34.84759],[135.51325,34.84816],[135.51291,34.84849],[135.5128,34.84871],[135.51263,34.84961],[135.51276,34.85029],[135.51276,34.85142],[135.51267,34.85164],[135.51212,34.85232],[135.51185,34.85277],[135.51158,34.85305],[135.5113,34.85317],[135.51048,34.85331],[135.50993,34.85394],[135.50911,34.85443],[135.50882,34.85478],[135.50882,34.85546],[135.50869,34.85658],[135.5087,34.85703],[135.50882,34.85749],[135.50995,34.85862],[135.51049,34.8593],[135.51122,34.86043],[135.51197,34.8611],[135.51209,34.86133],[135.51195,34.86201],[135.5117,34.86246],[135.51131,34.86268],[135.5107,34.8629],[135.51041,34.86313],[135.51031,34.86335],[135.51035,34.86358],[135.51068,34.86425],[135.51112,34.86471],[135.51152,34.86493],[135.5126,34.86503],[135.51279,34.86516],[135.51263,34.86607],[135.51171,34.86832],[135.51174,34.86854],[135.51199,34.86899],[135.51267,34.86967],[135.51294,34.87012],[135.51323,34.87125],[135.51314,34.87193],[135.51255,34.87293],[135.51153,34.8744],[135.51063,34.87485],[135.51008,34.87521],[135.5098,34.87531],[135.50953,34.8753],[135.50855,34.87506],[135.50732,34.87438],[135.50688,34.87393],[135.50592,34.87235],[135.50556,34.8719],[135.50491,34.87135],[135.5039,34.87076],[135.50354,34.87038],[135.50327,34.87032],[135.50297,34.87053],[135.5021,34.87188],[135.50186,34.87233],[135.50147,34.87346],[135.5007,34.87481],[135.49977,34.87593],[135.49958,34.87638],[135.49948,34.87728],[135.49934,34.8775],[135.49913,34.87765],[135.49885,34.87767],[135.49803,34.87743],[135.49749,34.87743],[135.49721,34.8775],[135.49685,34.87772],[135.49616,34.87839],[135.49529,34.87901],[135.49474,34.87931],[135.49419,34.87943],[135.49365,34.87924],[135.49283,34.87857],[135.49174,34.87816],[135.49065,34.87754],[135.48916,34.87701],[135.48895,34.87679],[135.48785,34.87453],[135.48748,34.87408],[135.48712,34.87385],[135.48575,34.87354],[135.48493,34.87352],[135.48457,34.87361],[135.48403,34.87406],[135.48356,34.87434],[135.48219,34.87475],[135.48194,34.87495],[135.48182,34.87518],[135.4813,34.87698],[135.48143,34.87788],[135.48125,34.87856],[135.48121,34.87946],[135.48131,34.87991],[135.48162,34.88059],[135.48159,34.88104],[135.48122,34.88171],[135.48046,34.88396],[135.48019,34.88419],[135.47912,34.88463],[135.47893,34.88486],[135.47891,34.88508],[135.47919,34.88576],[135.47918,34.88598],[135.47896,34.88643],[135.47827,34.88733],[135.47797,34.88801],[135.47786,34.88868],[135.4779,34.89004],[135.47826,34.89056],[135.47908,34.89108],[135.47972,34.89162],[135.47998,34.89207],[135.48016,34.89271],[135.48043,34.89299],[135.48261,34.89427],[135.48343,34.89459],[135.48425,34.8948],[135.48534,34.89551],[135.48589,34.89573],[135.48671,34.8959],[135.48698,34.8961],[135.48709,34.89638],[135.48707,34.89684],[135.48674,34.89796],[135.48642,34.89826],[135.4856,34.89849],[135.48505,34.89848],[135.48423,34.89832],[135.48368,34.8983],[135.48313,34.89837],[135.48231,34.89861],[135.48099,34.89951],[135.47984,34.90011],[135.47901,34.90096],[135.47764,34.90209],[135.47599,34.90324],[135.47577,34.90355],[135.47573,34.90377],[135.476,34.90468],[135.47597,34.90513],[135.47554,34.9058],[135.4749,34.90647],[135.4748,34.9067],[135.47501,34.90783],[135.47491,34.90828],[135.47461,34.9085],[135.47397,34.90872],[135.47359,34.90895],[135.47337,34.9094],[135.47326,34.9103],[135.47305,34.91052],[135.47266,34.91068],[135.47211,34.91071],[135.47075,34.91016],[135.46883,34.91016],[135.46665,34.90984],[135.4661,34.90961],[135.46584,34.90936],[135.46529,34.90846],[135.46521,34.90801],[135.46566,34.90688],[135.4656,34.90643],[135.46377,34.90327],[135.46286,34.90255],[135.46205,34.90208],[135.46123,34.90135],[135.46069,34.90101],[135.46041,34.90094],[135.45987,34.90098],[135.45937,34.90122],[135.45877,34.90174],[135.45849,34.90176],[135.45834,34.90167],[135.4582,34.90144],[135.45832,34.90032],[135.45787,34.89851],[135.45781,34.89761],[135.45774,34.89738],[135.4575,34.89716],[135.45716,34.89706],[135.45579,34.89701],[135.45471,34.89669],[135.45307,34.89513],[135.45279,34.89501],[135.45225,34.89506],[135.45115,34.8954],[135.45033,34.89538],[135.44923,34.89546],[135.44759,34.89587],[135.44732,34.89586],[135.44709,34.89576],[135.44653,34.89531],[135.44623,34.89521],[135.44541,34.89535],[135.44513,34.89533],[135.44486,34.89517],[135.44423,34.89417],[135.44423,34.89372],[135.44441,34.89282],[135.44388,34.89146],[135.44352,34.8912],[135.44243,34.89108],[135.44188,34.89088],[135.44131,34.89055],[135.44097,34.8901],[135.44022,34.88829],[135.4399,34.88671],[135.43979,34.88558],[135.43901,34.88468],[135.43883,34.88355],[135.43842,34.88265],[135.43788,34.88174],[135.43778,34.88084],[135.43721,34.87904],[135.43707,34.87768],[135.43713,34.87746],[135.43798,34.87679],[135.43806,34.87656],[135.43807,34.87498],[135.43816,34.87476],[135.43858,34.87431],[135.43899,34.87402],[135.43926,34.87392],[135.43953,34.87393],[135.44089,34.8748],[135.44144,34.87494],[135.44171,34.87487],[135.44242,34.87433],[135.44309,34.87411],[135.44323,34.87388],[135.44335,34.8732],[135.44364,34.8728],[135.44419,34.87248],[135.44542,34.87209],[135.44572,34.87186],[135.44662,34.87029],[135.44722,34.86959],[135.4482,34.86894],[135.44868,34.86782],[135.4494,34.86692],[135.44966,34.8667],[135.4508,34.866],[135.45272,34.86533],[135.45354,34.86511],[135.45609,34.8647],[135.45852,34.86223],[135.45906,34.86156],[135.45927,34.86111],[135.45942,34.86043],[135.45941,34.85976],[135.45844,34.85569],[135.45853,34.85524],[135.45912,34.85457],[135.45966,34.85367],[135.45987,34.85164],[135.46045,34.8512],[135.46043,34.85097],[135.45983,34.85007],[135.45929,34.84826],[135.45894,34.84646],[135.45899,34.84601],[135.45969,34.84493],[135.45976,34.84443],[135.45966,34.84421],[135.45942,34.84401],[135.45915,34.84392],[135.4586,34.84398],[135.4575,34.84443],[135.45696,34.84444],[135.45614,34.84428],[135.45477,34.84394],[135.45448,34.84373],[135.4541,34.84328],[135.45387,34.84283],[135.45378,34.84215],[135.45391,34.8417],[135.45433,34.84103],[135.45445,34.83945],[135.45428,34.839],[135.45334,34.83809],[135.45308,34.83764],[135.45301,34.83629],[135.45283,34.83561],[135.45292,34.83516],[135.45351,34.83449],[135.45402,34.83359],[135.45429,34.83347],[135.45484,34.83348],[135.45539,34.83361],[135.4562,34.83429],[135.45721,34.83563],[135.45793,34.83699],[135.45882,34.83767],[135.45897,34.83789],[135.45904,34.83834],[135.459,34.83902],[135.45857,34.84037],[135.4587,34.84082],[135.45918,34.84172],[135.45931,34.8424],[135.45958,34.84263],[135.45997,34.84269],[135.46052,34.84256],[135.46189,34.84178],[135.46244,34.84182],[135.46353,34.84212],[135.4638,34.84221],[135.46462,34.84285],[135.46571,34.84297],[135.46653,34.84344],[135.46735,34.84378],[135.46751,34.84401],[135.4675,34.84447],[135.4676,34.84469],[135.46789,34.84491],[135.47034,34.84528],[135.47062,34.84538],[135.47113,34.84583],[135.47171,34.84617],[135.47225,34.84635],[135.47252,34.84635],[135.47307,34.84613],[135.47381,34.84539],[135.47466,34.84517],[135.47495,34.84495],[135.47512,34.84405],[135.47527,34.84388],[135.47585,34.8436],[135.47595,34.84338],[135.47603,34.8427],[135.47623,34.84248],[135.47693,34.84207],[135.47775,34.84203],[135.47802,34.84189],[135.47848,34.84136],[135.47885,34.84113],[135.47967,34.84104],[135.47981,34.84091],[135.47994,34.84039],[135.48022,34.84021],[135.48104,34.84037],[135.48158,34.84027],[135.48213,34.8403],[135.48277,34.84047],[135.48349,34.84079],[135.48377,34.84101],[135.48422,34.84161],[135.48477,34.84206],[135.48524,34.84296],[135.48567,34.84325],[135.48594,34.84326],[135.48649,34.84309],[135.48703,34.84304],[135.4884,34.84334],[135.48922,34.84339],[135.49004,34.84387],[135.49085,34.84406],[135.49167,34.84454],[135.49194,34.8446],[135.49249,34.84446],[135.49332,34.84406],[135.49414,34.84319],[135.49441,34.8431],[135.49523,34.84327],[135.49578,34.84311],[135.49633,34.8424],[135.49715,34.84203],[135.4981,34.84144],[135.49826,34.84122],[135.49825,34.84054],[135.49843,34.84032],[135.49963,34.84024],[135.50106,34.83965],[135.50127,34.83943],[135.50141,34.83875],[135.5018,34.8383],[135.5021,34.83754],[135.50255,34.83718],[135.50341,34.83673],[135.50369,34.83628],[135.50393,34.83606],[135.50457,34.83583],[135.50486,34.83561],[135.50491,34.83516],[135.50482,34.83471],[135.50412,34.8338],[135.5035,34.83264],[135.50292,34.83199],[135.50288,34.83087],[135.50314,34.83064]],[[135.44987,34.88228],[135.44965,34.88247],[135.44954,34.8827],[135.44949,34.88337],[135.44958,34.88397],[135.44986,34.88411],[135.45017,34.88383],[135.45024,34.88315],[135.45018,34.88248],[135.44987,34.88228]],[[135.47626,34.86024],[135.47572,34.8605],[135.4753,34.86095],[135.47534,34.86118],[135.47608,34.86186],[135.47623,34.86208],[135.47627,34.86231],[135.47598,34.86298],[135.47594,34.86343],[135.47624,34.86379],[135.47651,34.86386],[135.47699,34.86366],[135.47713,34.86344],[135.47695,34.86276],[135.477,34.86209],[135.47725,34.86164],[135.47766,34.86119],[135.47773,34.86096],[135.47765,34.86074],[135.47736,34.86049],[135.47681,34.86026],[135.47626,34.86024]],[[135.50399,34.84226],[135.50378,34.84237],[135.50373,34.84259],[135.50398,34.84279],[135.50424,34.84259],[135.50419,34.84237],[135.50399,34.84226]]]}},{"type":"Feature","properties":{"no":47},"geometry":{"type":"Polygon","coordinates":[[[135.60223,34.43952],[135.60268,34.43934],[135.60295,34.43936],[135.60347,34.43953],[135.60375,34.43975],[135.60408,34.44043],[135.60459,34.44224],[135.60484,34.44248],[135.60566,34.4429],[135.60591,34.44314],[135.6062,34.44427],[135.6073,34.44562],[135.60782,34.44587],[135.60836,34.44595],[135.60891,34.44588],[135.61,34.44542],[135.61027,34.44538],[135.61054,34.44544],[135.61081,34.44562],[135.61145,34.44654],[135.61243,34.44744],[135.61262,34.44812],[135.6129,34.44857],[135.61325,34.4488],[135.61389,34.44903],[135.61415,34.44925],[135.61449,34.44993],[135.61487,34.45106],[135.61588,34.45196],[135.61592,34.45219],[135.61555,34.45331],[135.61558,34.45444],[135.61584,34.45489],[135.61631,34.45534],[135.61652,34.4558],[135.6163,34.45625],[135.61544,34.45692],[135.61532,34.45714],[135.61539,34.45737],[135.61566,34.45759],[135.6162,34.45784],[135.61645,34.45805],[135.61656,34.45828],[135.61685,34.4594],[135.61652,34.4603],[135.61652,34.46053],[135.61665,34.46076],[135.61755,34.46166],[135.61773,34.46234],[135.61717,34.46369],[135.61701,34.46481],[135.61644,34.46594],[135.61585,34.46661],[135.6156,34.46706],[135.61556,34.46729],[135.61569,34.46819],[135.61503,34.46954],[135.61493,34.47022],[135.61528,34.47179],[135.61559,34.4727],[135.6165,34.4736],[135.61676,34.47405],[135.61684,34.47563],[135.61724,34.47676],[135.61732,34.47744],[135.61719,34.47789],[135.6159,34.47946],[135.61526,34.48081],[135.61498,34.48103],[135.61364,34.48149],[135.6131,34.482],[135.61274,34.48261],[135.61287,34.48351],[135.6128,34.48418],[135.61308,34.48456],[135.61381,34.48509],[135.61401,34.48554],[135.61389,34.48622],[135.61315,34.48711],[135.61281,34.48779],[135.613,34.49004],[135.61333,34.49039],[135.61387,34.49054],[135.61551,34.49035],[135.61632,34.49005],[135.61687,34.48996],[135.61741,34.48998],[135.61796,34.49016],[135.61823,34.49043],[135.61829,34.49074],[135.61799,34.49141],[135.61804,34.49164],[135.61848,34.49231],[135.61862,34.49322],[135.61876,34.49344],[135.61903,34.49365],[135.61957,34.49377],[135.62066,34.49377],[135.62101,34.49368],[135.62125,34.49345],[135.62139,34.49232],[135.62157,34.49187],[135.62176,34.49164],[135.62245,34.4912],[135.62316,34.49008],[135.62325,34.48963],[135.62314,34.48872],[135.62341,34.48846],[135.62504,34.4881],[135.62586,34.48758],[135.62668,34.48732],[135.62684,34.48738],[135.627,34.48761],[135.62708,34.48828],[135.62704,34.48874],[135.62685,34.48941],[135.6269,34.48986],[135.62712,34.49009],[135.62776,34.49048],[135.62787,34.49077],[135.62786,34.49572],[135.62752,34.49753],[135.62718,34.49779],[135.62609,34.4979],[135.62582,34.49799],[135.62469,34.49887],[135.62399,34.49954],[135.62275,34.49977],[135.62227,34.49998],[135.62202,34.50021],[135.62175,34.50134],[135.62148,34.50202],[135.62054,34.50359],[135.61988,34.50449],[135.61951,34.50517],[135.61832,34.50606],[135.61797,34.50651],[135.61761,34.50718],[135.61733,34.50739],[135.61706,34.50733],[135.61679,34.50704],[135.61575,34.50538],[135.61572,34.50515],[135.61626,34.5047],[135.61637,34.50425],[135.61626,34.5038],[135.61565,34.5029],[135.6156,34.50267],[135.61576,34.502],[135.61568,34.50177],[135.61546,34.50157],[135.61464,34.50132],[135.61432,34.50109],[135.61431,34.50087],[135.61489,34.50019],[135.61495,34.49997],[135.6149,34.49974],[135.61473,34.49952],[135.61438,34.49928],[135.61356,34.49899],[135.61274,34.49892],[135.61262,34.49883],[135.61259,34.49861],[135.61274,34.49838],[135.61384,34.49718],[135.61408,34.49681],[135.61411,34.49658],[135.61396,34.49636],[135.61303,34.4956],[135.61195,34.49491],[135.60982,34.49387],[135.60896,34.49315],[135.60842,34.49255],[135.60815,34.49245],[135.60787,34.49248],[135.60706,34.49298],[135.60678,34.49302],[135.60651,34.49293],[135.60597,34.49248],[135.60585,34.49227],[135.60587,34.49205],[135.60679,34.49093],[135.60734,34.49054],[135.60745,34.49003],[135.60734,34.48974],[135.60716,34.48957],[135.60653,34.48929],[135.60608,34.48867],[135.60564,34.48844],[135.60545,34.48822],[135.60547,34.48799],[135.60608,34.48754],[135.60612,34.48732],[135.60599,34.48715],[135.60559,34.48686],[135.60518,34.48633],[135.60498,34.48619],[135.60382,34.48604],[135.60328,34.48552],[135.60274,34.48527],[135.60192,34.48467],[135.60165,34.48466],[135.60111,34.48495],[135.60083,34.48527],[135.6008,34.48595],[135.60056,34.4861],[135.60028,34.4861],[135.59974,34.48601],[135.5993,34.48572],[135.59896,34.48481],[135.59861,34.48436],[135.59839,34.48426],[135.59811,34.48425],[135.5973,34.48447],[135.59702,34.48446],[135.59675,34.48432],[135.59658,34.48413],[135.59631,34.48345],[135.59641,34.48233],[135.59631,34.48165],[135.5965,34.48142],[135.59786,34.48064],[135.59813,34.48055],[135.5984,34.48057],[135.59895,34.48071],[135.59922,34.48063],[135.59922,34.48052],[135.59819,34.48008],[135.59808,34.47985],[135.59848,34.47918],[135.59864,34.47873],[135.59925,34.47828],[135.59963,34.47783],[135.59995,34.47715],[135.59995,34.4767],[135.59939,34.4758],[135.59906,34.47557],[135.59835,34.47535],[135.59764,34.47444],[135.59737,34.47422],[135.59626,34.47379],[135.59572,34.47345],[135.5949,34.47323],[135.59381,34.47315],[135.59272,34.47323],[135.59191,34.47316],[135.59136,34.47323],[135.59109,34.47317],[135.5907,34.47284],[135.59043,34.47239],[135.5902,34.47149],[135.59024,34.47126],[135.59042,34.47104],[135.59138,34.47063],[135.59162,34.47037],[135.59168,34.47014],[135.59163,34.46991],[135.59113,34.46924],[135.59107,34.46901],[135.59126,34.46811],[135.59116,34.46788],[135.59091,34.46766],[135.59003,34.46736],[135.58976,34.46703],[135.58964,34.46608],[135.58978,34.46495],[135.58966,34.46472],[135.58923,34.46448],[135.58787,34.46435],[135.58705,34.46406],[135.58676,34.46381],[135.58606,34.46291],[135.58588,34.46246],[135.58575,34.46111],[135.58462,34.45862],[135.58458,34.4584],[135.58477,34.45727],[135.58477,34.45637],[135.58467,34.45592],[135.58422,34.45524],[135.58302,34.45406],[135.58282,34.45366],[135.5833,34.45284],[135.58443,34.45186],[135.58476,34.45118],[135.58477,34.45051],[135.5846,34.45006],[135.58407,34.44915],[135.58403,34.44893],[135.58414,34.4488],[135.58523,34.44863],[135.58632,34.44808],[135.5874,34.44816],[135.58768,34.44808],[135.58908,34.44714],[135.58934,34.44692],[135.58959,34.44654],[135.59044,34.44489],[135.59069,34.44422],[135.5911,34.44377],[135.59248,34.44265],[135.59315,34.44227],[135.59451,34.44177],[135.59533,34.44096],[135.5956,34.44088],[135.59587,34.44093],[135.59669,34.44126],[135.59723,34.44133],[135.59805,34.44095],[135.59859,34.44078],[135.60023,34.44072],[135.60077,34.4405],[135.60223,34.43952]]]}},{"type":"Feature","properties":{"no":48},"geometry":{"type":"Polygon","coordinates":[[[135.67298,34.70343],[135.67347,34.70246],[135.67375,34.70243],[135.67456,34.70274],[135.67483,34.70298],[135.67529,34.70366],[135.67632,34.70434],[135.67712,34.70502],[135.67792,34.70615],[135.67892,34.70705],[135.6799,34.70886],[135.68163,34.71053],[135.68245,34.711],[135.68299,34.71119],[135.68518,34.71127],[135.68599,34.71143],[135.68709,34.71148],[135.68763,34.71165],[135.68942,34.71362],[135.69059,34.71475],[135.69226,34.71557],[135.69359,34.71701],[135.69443,34.71743],[135.69558,34.71814],[135.69647,34.71882],[135.69688,34.71927],[135.69715,34.71994],[135.69733,34.72017],[135.69824,34.72094],[135.69879,34.72123],[135.69933,34.72138],[135.70042,34.72137],[135.70097,34.72148],[135.70174,34.72176],[135.70197,34.72199],[135.70195,34.72289],[135.70212,34.72311],[135.70287,34.72355],[135.70312,34.72379],[135.70323,34.72402],[135.70323,34.72447],[135.7024,34.72582],[135.70174,34.72717],[135.70126,34.72852],[135.70064,34.72987],[135.70042,34.73077],[135.6998,34.73212],[135.69971,34.7328],[135.69992,34.7337],[135.69985,34.73438],[135.7001,34.73509],[135.70011,34.7355],[135.69892,34.73775],[135.69825,34.73865],[135.69759,34.73978],[135.69698,34.74136],[135.69695,34.74181],[135.6971,34.74248],[135.69709,34.74293],[135.6968,34.74361],[135.69652,34.74375],[135.69625,34.74371],[135.69543,34.74314],[135.69488,34.74292],[135.69325,34.74288],[135.69293,34.74292],[135.69243,34.74313],[135.6916,34.7439],[135.69024,34.7445],[135.68969,34.74457],[135.68935,34.74449],[135.68915,34.74434],[135.68887,34.74396],[135.6886,34.74378],[135.68751,34.74358],[135.68669,34.74309],[135.68642,34.743],[135.6856,34.74289],[135.68478,34.7423],[135.68451,34.74219],[135.68424,34.74217],[135.68369,34.74238],[135.68329,34.7429],[135.68304,34.74357],[135.68294,34.74493],[135.68281,34.74515],[135.68259,34.74531],[135.68204,34.74532],[135.68123,34.74502],[135.68068,34.74465],[135.68012,34.74379],[135.67979,34.74357],[135.67932,34.7435],[135.67877,34.74368],[135.6774,34.74442],[135.67659,34.7445],[135.67576,34.74495],[135.67549,34.74502],[135.67522,34.74492],[135.67495,34.74464],[135.67467,34.74452],[135.67385,34.74457],[135.67336,34.74468],[135.67305,34.7449],[135.67291,34.74513],[135.67248,34.74619],[135.67221,34.74639],[135.67194,34.74641],[135.67166,34.74631],[135.67129,34.74602],[135.67059,34.74512],[135.6703,34.7449],[135.66949,34.74464],[135.66894,34.74461],[135.66867,34.74469],[135.66842,34.74489],[135.66812,34.74545],[135.66784,34.74569],[135.6673,34.7459],[135.66593,34.74623],[135.66566,34.74638],[135.66473,34.74713],[135.66401,34.74795],[135.66374,34.74808],[135.66319,34.74806],[135.66292,34.74788],[135.66265,34.74752],[135.66238,34.74737],[135.6621,34.74738],[135.66142,34.7478],[135.6609,34.74825],[135.66034,34.74892],[135.65992,34.74915],[135.65964,34.74913],[135.65882,34.74884],[135.65773,34.74872],[135.65746,34.74852],[135.65735,34.74824],[135.65742,34.74756],[135.65774,34.747],[135.65848,34.74644],[135.65861,34.74576],[135.65932,34.74486],[135.65932,34.74464],[135.65865,34.74373],[135.65849,34.74328],[135.65864,34.74238],[135.65866,34.74103],[135.65857,34.7408],[135.65831,34.74061],[135.65749,34.74062],[135.65722,34.74045],[135.65711,34.73967],[135.65688,34.739],[135.65668,34.73873],[135.65641,34.73855],[135.65577,34.73832],[135.65551,34.73809],[135.65529,34.73764],[135.65511,34.73696],[135.65495,34.73674],[135.6545,34.7365],[135.65341,34.73644],[135.65287,34.73632],[135.65256,34.73605],[135.65253,34.73515],[135.65216,34.7347],[135.65208,34.73447],[135.65215,34.73425],[135.65265,34.73357],[135.65275,34.73312],[135.65266,34.7329],[135.65233,34.73257],[135.65206,34.7324],[135.65148,34.73222],[135.65142,34.73199],[135.65152,34.73193],[135.65234,34.73187],[135.65288,34.73163],[135.65325,34.73132],[135.65347,34.73087],[135.65341,34.73065],[135.65316,34.73033],[135.65262,34.72997],[135.652,34.72974],[135.65193,34.72952],[135.65252,34.72884],[135.65345,34.72726],[135.65372,34.72715],[135.65454,34.72734],[135.65536,34.72742],[135.65618,34.72763],[135.65645,34.72764],[135.6567,34.7275],[135.65678,34.72728],[135.6566,34.72637],[135.6566,34.72547],[135.65673,34.72412],[135.65662,34.72322],[135.65675,34.72277],[135.65729,34.72224],[135.65975,34.72119],[135.66004,34.72097],[135.66076,34.72008],[135.66112,34.71984],[135.66331,34.71914],[135.66495,34.71876],[135.66577,34.7185],[135.66659,34.7184],[135.66686,34.71829],[135.6684,34.71739],[135.66855,34.71717],[135.66859,34.71649],[135.66878,34.71626],[135.66933,34.71616],[135.67206,34.71618],[135.67237,34.71605],[135.67341,34.71493],[135.67351,34.7147],[135.67358,34.7138],[135.6737,34.71335],[135.67453,34.71222],[135.67516,34.7111],[135.67511,34.71087],[135.67472,34.7102],[135.67444,34.70907],[135.67445,34.70862],[135.67463,34.70794],[135.67458,34.70749],[135.67428,34.70681],[135.67359,34.70591],[135.67355,34.70478],[135.67291,34.70388],[135.67298,34.70343]],[[135.67993,34.72666],[135.67986,34.72689],[135.68012,34.72711],[135.68057,34.72734],[135.68075,34.72739],[135.68087,34.72734],[135.68091,34.72712],[135.68075,34.72688],[135.68026,34.72666],[135.67993,34.72666]],[[135.66437,34.7259],[135.66403,34.72617],[135.6641,34.72642],[135.66437,34.72641],[135.66458,34.72617],[135.66452,34.72595],[135.66437,34.7259]],[[135.66685,34.72142],[135.66658,34.72151],[135.66603,34.72189],[135.66547,34.72212],[135.66541,34.72234],[135.66548,34.72244],[135.66575,34.7224],[135.6663,34.72196],[135.66739,34.72205],[135.66875,34.72273],[135.66984,34.72358],[135.67066,34.72367],[135.67148,34.72398],[135.67257,34.72408],[135.67312,34.72406],[135.67336,34.72417],[135.67343,34.72439],[135.67366,34.72451],[135.67475,34.72425],[135.67526,34.72395],[135.6753,34.72371],[135.67421,34.7234],[135.67285,34.72343],[135.6723,34.72336],[135.67148,34.72309],[135.67094,34.72312],[135.67066,34.72305],[135.67012,34.72267],[135.66957,34.72244],[135.66876,34.72245],[135.66848,34.72235],[135.66739,34.7215],[135.66685,34.72142]]]}},{"type":"Feature","properties":{"no":49},"geometry":{"type":"Polygon","coordinates":[[[135.72045,34.77454],[135.72126,34.77444],[135.72208,34.77452],[135.72536,34.77583],[135.72645,34.77592],[135.72727,34.77627],[135.72765,34.77659],[135.72801,34.77704],[135.72909,34.77862],[135.72952,34.77952],[135.73002,34.77997],[135.73098,34.7811],[135.73187,34.78178],[135.73216,34.78246],[135.73243,34.78278],[135.7338,34.78389],[135.73434,34.78412],[135.73543,34.78439],[135.73598,34.78465],[135.73625,34.78494],[135.73652,34.78562],[135.7367,34.78585],[135.73806,34.7872],[135.7387,34.78759],[135.74007,34.78808],[135.74042,34.78833],[135.74061,34.78863],[135.74062,34.78901],[135.74017,34.78991],[135.73969,34.79059],[135.73959,34.79104],[135.73975,34.79149],[135.74006,34.79194],[135.74038,34.79284],[135.74069,34.79329],[135.74109,34.79352],[135.74142,34.7936],[135.74278,34.79368],[135.74305,34.79377],[135.7433,34.79398],[135.74387,34.79578],[135.74496,34.79691],[135.74531,34.79781],[135.74577,34.79849],[135.74653,34.80119],[135.74658,34.80164],[135.74634,34.80277],[135.74607,34.80345],[135.74577,34.8039],[135.74521,34.80427],[135.74357,34.80499],[135.74302,34.80543],[135.74197,34.80704],[135.742,34.80795],[135.74168,34.80862],[135.74086,34.80975],[135.73983,34.81087],[135.73917,34.8114],[135.73835,34.81178],[135.7381,34.81199],[135.73771,34.81289],[135.73698,34.81369],[135.73686,34.81402],[135.7368,34.81492],[135.73652,34.81605],[135.73615,34.81672],[135.7359,34.81785],[135.73505,34.81976],[135.73477,34.82],[135.73395,34.82032],[135.73359,34.82055],[135.73322,34.821],[135.73262,34.82212],[135.73231,34.82242],[135.73176,34.82264],[135.73121,34.82264],[135.73039,34.82234],[135.72985,34.82227],[135.7293,34.82241],[135.72821,34.82285],[135.72711,34.82279],[135.72629,34.82289],[135.72602,34.82281],[135.72598,34.82256],[135.72626,34.82188],[135.72621,34.82166],[135.72598,34.82143],[135.72493,34.82102],[135.72475,34.82075],[135.7249,34.8203],[135.72571,34.81918],[135.72567,34.81873],[135.72522,34.81786],[135.72494,34.81765],[135.72467,34.81758],[135.72303,34.81736],[135.72276,34.81736],[135.72248,34.81746],[135.72194,34.818],[135.72166,34.8181],[135.72139,34.81805],[135.72112,34.81783],[135.72097,34.81736],[135.72119,34.81669],[135.72116,34.81646],[135.72101,34.81624],[135.72045,34.81579],[135.72041,34.81556],[135.72055,34.81466],[135.72031,34.81382],[135.72011,34.81353],[135.71949,34.81308],[135.71895,34.81253],[135.71786,34.81195],[135.71758,34.81188],[135.71676,34.81188],[135.71622,34.81174],[135.71586,34.81149],[135.71521,34.81059],[135.71484,34.81036],[135.71431,34.81027],[135.71349,34.81025],[135.71267,34.8099],[135.71185,34.80976],[135.71131,34.80981],[135.71049,34.81005],[135.71021,34.8099],[135.71017,34.80968],[135.71026,34.80945],[135.71126,34.80855],[135.7121,34.80765],[135.71215,34.8072],[135.71193,34.80653],[135.71181,34.80562],[135.71173,34.8054],[135.71148,34.80517],[135.71023,34.8048],[135.70977,34.80449],[135.70883,34.80336],[135.70859,34.80291],[135.70856,34.80269],[135.70865,34.80246],[135.70895,34.80224],[135.70942,34.80217],[135.71024,34.80223],[135.71051,34.80216],[135.71106,34.80192],[135.71134,34.80162],[135.71139,34.80089],[135.71097,34.79976],[135.71095,34.79909],[135.71108,34.79886],[135.71162,34.79845],[135.71179,34.79819],[135.71189,34.79729],[135.71163,34.79662],[135.71135,34.79637],[135.71081,34.79614],[135.70972,34.79607],[135.70958,34.79593],[135.70972,34.79568],[135.71109,34.79499],[135.71136,34.79493],[135.71218,34.79503],[135.71245,34.79498],[135.71273,34.79479],[135.7131,34.79413],[135.71349,34.79391],[135.71409,34.79373],[135.71446,34.79346],[135.71492,34.79279],[135.71504,34.79233],[135.71502,34.79166],[135.71471,34.79031],[135.71493,34.78997],[135.71642,34.78896],[135.71652,34.78873],[135.71648,34.78761],[135.7167,34.7867],[135.7167,34.78625],[135.71658,34.7858],[135.71575,34.78467],[135.7152,34.78332],[135.71495,34.78308],[135.71441,34.78284],[135.71331,34.78271],[135.71304,34.78262],[135.71277,34.78239],[135.71242,34.78174],[135.71226,34.78128],[135.71228,34.78106],[135.71277,34.7805],[135.7136,34.78002],[135.71414,34.77994],[135.71523,34.78001],[135.71578,34.77982],[135.71628,34.77949],[135.71664,34.77904],[135.71712,34.77792],[135.71741,34.77747],[135.71828,34.77679],[135.71911,34.77589],[135.71979,34.77499],[135.72045,34.77454]]]}},{"type":"Feature","properties":{"no":50},"geometry":{"type":"Polygon","coordinates":[[[135.45637,34.34765],[135.45773,34.34736],[135.45855,34.34738],[135.46072,34.34778],[135.46208,34.34786],[135.46289,34.34816],[135.46344,34.34823],[135.46398,34.34809],[135.46534,34.34748],[135.46589,34.34751],[135.46616,34.34766],[135.46643,34.34795],[135.46696,34.3493],[135.46723,34.3496],[135.46804,34.35001],[135.46913,34.35018],[135.46994,34.35045],[135.47113,34.35158],[135.47183,34.3525],[135.47237,34.35287],[135.47319,34.35315],[135.47346,34.35315],[135.47428,34.35292],[135.47482,34.35287],[135.47563,34.35303],[135.47672,34.3531],[135.47726,34.35328],[135.47753,34.35354],[135.47764,34.35386],[135.4774,34.35498],[135.47752,34.35565],[135.4781,34.35634],[135.47882,34.35747],[135.47921,34.35792],[135.47968,34.35829],[135.48103,34.35898],[135.48131,34.35928],[135.48157,34.35975],[135.48199,34.36019],[135.48305,34.36087],[135.48551,34.36291],[135.48644,34.3635],[135.48779,34.36458],[135.48888,34.36523],[135.48931,34.36563],[135.48951,34.36608],[135.48959,34.36676],[135.48978,34.36743],[135.48982,34.36856],[135.48991,34.36901],[135.49064,34.37014],[135.49064,34.37239],[135.49073,34.37266],[135.491,34.37299],[135.49128,34.37313],[135.49263,34.3735],[135.49453,34.37425],[135.49534,34.37447],[135.49752,34.3749],[135.4986,34.37537],[135.49887,34.3754],[135.49969,34.37529],[135.50023,34.37539],[135.50047,34.37559],[135.50058,34.37582],[135.50074,34.37672],[135.501,34.37717],[135.50162,34.37785],[135.50236,34.37898],[135.50316,34.37966],[135.50324,34.37988],[135.50315,34.38056],[135.5032,34.38079],[135.50371,34.38146],[135.504,34.38167],[135.50454,34.38182],[135.50509,34.38185],[135.50536,34.38181],[135.50645,34.3814],[135.50699,34.38137],[135.50808,34.3814],[135.50917,34.38159],[135.51161,34.38165],[135.51215,34.38186],[135.51324,34.38254],[135.51513,34.38407],[135.51622,34.38446],[135.51649,34.38465],[135.51703,34.38557],[135.51777,34.38625],[135.51838,34.38716],[135.51931,34.38806],[135.51967,34.38874],[135.51978,34.38919],[135.51974,34.38987],[135.52002,34.39054],[135.52011,34.391],[135.52011,34.39257],[135.52004,34.39302],[135.51957,34.3937],[135.51957,34.39392],[135.52025,34.3955],[135.52027,34.39573],[135.52019,34.39595],[135.51955,34.39663],[135.51956,34.39708],[135.52022,34.39851],[135.52065,34.39911],[135.5213,34.39965],[135.52231,34.40002],[135.52257,34.40025],[135.52262,34.40137],[135.52372,34.40317],[135.52412,34.40363],[135.52416,34.40386],[135.52359,34.40476],[135.5233,34.40543],[135.52329,34.40566],[135.52344,34.40594],[135.52425,34.40668],[135.52449,34.40747],[135.52514,34.4086],[135.52514,34.40905],[135.52492,34.40995],[135.52492,34.41062],[135.52531,34.41197],[135.52616,34.41288],[135.52688,34.41379],[135.5269,34.41401],[135.52676,34.41446],[135.52604,34.41536],[135.52573,34.41604],[135.52573,34.41649],[135.52588,34.41716],[135.52573,34.41806],[135.52594,34.41897],[135.52592,34.42077],[135.5258,34.42122],[135.52539,34.42189],[135.52538,34.42212],[135.52547,34.42234],[135.52606,34.42299],[135.5262,34.42325],[135.52624,34.42415],[135.5264,34.42505],[135.52585,34.4264],[135.52545,34.42708],[135.52471,34.42888],[135.52441,34.42933],[135.52412,34.42958],[135.52303,34.43022],[135.52248,34.43029],[135.52167,34.43017],[135.52139,34.43021],[135.5203,34.4307],[135.51976,34.43086],[135.51922,34.43073],[135.51867,34.43039],[135.51813,34.43032],[135.51622,34.43098],[135.51568,34.43104],[135.51459,34.43101],[135.51296,34.43132],[135.51159,34.43145],[135.51105,34.43167],[135.50996,34.43246],[135.50832,34.43319],[135.50668,34.43382],[135.50614,34.43396],[135.50587,34.43395],[135.50505,34.43368],[135.50369,34.43349],[135.5026,34.43382],[135.50179,34.43385],[135.50097,34.43376],[135.5007,34.4338],[135.50043,34.43396],[135.49988,34.43464],[135.4996,34.43599],[135.49838,34.43756],[135.49814,34.43801],[135.4982,34.43869],[135.49906,34.44005],[135.49915,34.4405],[135.49915,34.4414],[135.49906,34.44185],[135.49837,34.44342],[135.49813,34.44477],[135.49828,34.44545],[135.49827,34.4459],[135.49787,34.4468],[135.49752,34.44838],[135.49746,34.45018],[135.49716,34.45153],[135.49698,34.45198],[135.49655,34.45266],[135.49522,34.45423],[135.49489,34.45513],[135.49451,34.4558],[135.49404,34.45635],[135.4928,34.45737],[135.4912,34.45849],[135.48993,34.46001],[135.48966,34.46023],[135.48939,34.46032],[135.48803,34.46051],[135.48693,34.46111],[135.48612,34.46127],[135.48563,34.46118],[135.48533,34.46095],[135.4852,34.4605],[135.48513,34.45937],[135.48527,34.45802],[135.48569,34.45712],[135.48574,34.45644],[135.4857,34.45622],[135.4856,34.45615],[135.48423,34.45782],[135.48415,34.45824],[135.48433,34.45914],[135.48391,34.46027],[135.48367,34.46068],[135.48337,34.46094],[135.48259,34.46139],[135.48196,34.46206],[135.48148,34.46223],[135.48067,34.46236],[135.48012,34.46235],[135.47985,34.46225],[135.47961,34.46205],[135.47951,34.46183],[135.47958,34.46144],[135.47986,34.46117],[135.48063,34.46093],[135.48089,34.4607],[135.48087,34.46048],[135.48072,34.46025],[135.48041,34.45981],[135.48014,34.45959],[135.47987,34.45965],[135.47951,34.46002],[135.47915,34.46025],[135.47786,34.46069],[135.47741,34.46117],[135.47714,34.4613],[135.47632,34.4613],[135.47605,34.46136],[135.47573,34.46158],[135.4755,34.46233],[135.47522,34.46258],[135.47468,34.46283],[135.4744,34.46286],[135.47413,34.46278],[135.47359,34.46238],[135.47332,34.46233],[135.47141,34.46273],[135.47114,34.46277],[135.47084,34.46269],[135.47065,34.46246],[135.47068,34.46156],[135.47059,34.46134],[135.47033,34.46108],[135.46946,34.46088],[135.46924,34.46065],[135.4698,34.45956],[135.46985,34.45908],[135.46995,34.45885],[135.47063,34.45796],[135.47105,34.45683],[135.47141,34.45616],[135.47142,34.45593],[135.47121,34.45548],[135.47058,34.4548],[135.47035,34.4539],[135.47011,34.45371],[135.46984,34.45364],[135.46902,34.45377],[135.46875,34.45375],[135.46864,34.45367],[135.46842,34.45321],[135.46802,34.45276],[135.46793,34.45254],[135.46813,34.45186],[135.4682,34.45118],[135.46869,34.45074],[135.46882,34.45051],[135.46871,34.45028],[135.4685,34.45018],[135.46814,34.45028],[135.46768,34.45079],[135.46741,34.4509],[135.46713,34.4509],[135.46578,34.4505],[135.46469,34.44978],[135.46333,34.44926],[135.46306,34.44927],[135.4629,34.44936],[135.46251,34.44998],[135.46224,34.45011],[135.46143,34.44982],[135.46115,34.44989],[135.46061,34.45024],[135.46034,34.45027],[135.45988,34.44957],[135.45964,34.44934],[135.45817,34.44845],[135.4579,34.44836],[135.45763,34.44838],[135.45654,34.44885],[135.4549,34.44898],[135.45462,34.4491],[135.45381,34.44979],[135.45326,34.44998],[135.45299,34.44993],[135.45245,34.44956],[135.45218,34.44947],[135.45136,34.44945],[135.45082,34.4496],[135.44973,34.4502],[135.44891,34.45044],[135.44781,34.45137],[135.44699,34.45167],[135.44645,34.45203],[135.44563,34.45229],[135.44508,34.45296],[135.44481,34.4531],[135.44454,34.45308],[135.44427,34.45296],[135.44352,34.45243],[135.44337,34.4522],[135.44375,34.45085],[135.44346,34.45063],[135.44319,34.45083],[135.44296,34.4513],[135.44235,34.45175],[135.44225,34.45197],[135.44253,34.45242],[135.44241,34.45265],[135.44154,34.45303],[135.44127,34.45307],[135.44078,34.45286],[135.44061,34.45264],[135.44019,34.45167],[135.44016,34.45128],[135.44026,34.45083],[135.441,34.45016],[135.44125,34.44926],[135.44148,34.44904],[135.44194,34.44881],[135.44215,34.44859],[135.44214,34.44814],[135.44187,34.44746],[135.44196,34.44701],[135.44231,34.44656],[135.44297,34.44611],[135.44318,34.44589],[135.44325,34.44566],[135.44319,34.44544],[135.44258,34.44476],[135.44238,34.44431],[135.44234,34.44386],[135.44264,34.44318],[135.4424,34.4425],[135.44235,34.44205],[135.44271,34.44093],[135.4433,34.44025],[135.44358,34.43981],[135.44413,34.43846],[135.44455,34.43711],[135.44452,34.43665],[135.44397,34.43575],[135.44396,34.4353],[135.44435,34.43462],[135.44493,34.4341],[135.44548,34.43388],[135.44684,34.43373],[135.44846,34.43262],[135.44863,34.43239],[135.44868,34.43194],[135.44833,34.43126],[135.44824,34.43081],[135.44855,34.42969],[135.44818,34.42856],[135.44841,34.42766],[135.44868,34.42721],[135.44998,34.42586],[135.45016,34.42563],[135.45044,34.42496],[135.45126,34.42411],[135.45137,34.42384],[135.45101,34.42293],[135.451,34.42271],[135.45118,34.42136],[135.45153,34.42046],[135.45154,34.42023],[135.45123,34.4191],[135.45142,34.4182],[135.45139,34.4173],[135.45113,34.41685],[135.45087,34.41662],[135.44995,34.41616],[135.44971,34.41594],[135.44956,34.41549],[135.44964,34.41504],[135.44996,34.41478],[135.45159,34.41463],[135.45189,34.41437],[135.45194,34.41415],[135.45179,34.41347],[135.45182,34.41325],[135.45196,34.41302],[135.453,34.41213],[135.45334,34.41145],[135.45337,34.41077],[135.45316,34.40987],[135.45313,34.40942],[135.45351,34.40785],[135.45399,34.40717],[135.45499,34.4065],[135.45518,34.40627],[135.45536,34.40582],[135.45538,34.4056],[135.45524,34.40515],[135.45431,34.40379],[135.45375,34.40266],[135.45381,34.40199],[135.45428,34.40086],[135.4543,34.40064],[135.45413,34.40041],[135.45332,34.40022],[135.45304,34.40001],[135.45278,34.39905],[135.45224,34.39837],[135.45215,34.39815],[135.45212,34.39747],[135.45239,34.39635],[135.45241,34.39544],[135.45199,34.39453],[135.45172,34.39424],[135.45091,34.39366],[135.45037,34.39296],[135.4499,34.3916],[135.4499,34.39115],[135.45005,34.39093],[135.4504,34.3907],[135.45284,34.3903],[135.45365,34.39012],[135.4542,34.3899],[135.45474,34.38937],[135.45503,34.3878],[135.45585,34.38689],[135.45613,34.386],[135.4564,34.38567],[135.45749,34.38478],[135.45804,34.38449],[135.45913,34.38417],[135.46022,34.38401],[135.46076,34.38378],[135.46213,34.38251],[135.46249,34.38197],[135.46265,34.38084],[135.46362,34.37791],[135.46362,34.37634],[135.46345,34.37588],[135.4631,34.37543],[135.46272,34.37512],[135.46218,34.3749],[135.46109,34.37467],[135.46001,34.37456],[135.45965,34.37429],[135.45927,34.37361],[135.4591,34.37316],[135.45906,34.37158],[135.45886,34.37068],[135.45906,34.36955],[135.45898,34.3691],[135.45846,34.3682],[135.45788,34.36759],[135.45761,34.36747],[135.45667,34.36729],[135.45637,34.36706],[135.45623,34.36684],[135.45613,34.36639],[135.45613,34.36548],[135.45639,34.36413],[135.45637,34.36301],[135.4557,34.36143],[135.45548,34.36008],[135.45454,34.35894],[135.45433,34.35849],[135.45437,34.35804],[135.45464,34.35736],[135.45571,34.35534],[135.4566,34.35406],[135.4568,34.35332],[135.45642,34.35219],[135.45625,34.35196],[135.4558,34.35172],[135.45499,34.35156],[135.45472,34.35142],[135.45359,34.35037],[135.45348,34.35015],[135.45364,34.34982],[135.45493,34.34903],[135.45553,34.34813],[135.4558,34.3479],[135.45637,34.34765]],[[135.46885,34.43682],[135.46878,34.43721],[135.46903,34.43812],[135.46966,34.43904],[135.47038,34.44038],[135.47065,34.4406],[135.47101,34.44069],[135.47169,34.44061],[135.47193,34.44038],[135.47195,34.44016],[135.47184,34.43993],[135.47122,34.43925],[135.47093,34.43857],[135.47021,34.4379],[135.47002,34.43722],[135.46913,34.43683],[135.46885,34.43682]],[[135.47235,34.44285],[135.47215,34.44309],[135.47257,34.44399],[135.4727,34.44467],[135.47288,34.44487],[135.47316,34.44491],[135.47343,34.44479],[135.47357,34.44445],[135.47344,34.44309],[135.47317,34.4429],[135.47235,34.44285]],[[135.47294,34.43677],[135.47266,34.43689],[135.47251,34.43723],[135.473,34.43881],[135.47294,34.43948],[135.47303,34.43971],[135.47324,34.43994],[135.47373,34.44018],[135.47455,34.4403],[135.47482,34.44026],[135.47509,34.43999],[135.47522,34.43972],[135.47514,34.43927],[135.4751,34.43922],[135.47455,34.43925],[135.47428,34.43912],[135.47361,34.43791],[135.47325,34.43701],[135.47294,34.43677]],[[135.4757,34.43005],[135.47543,34.43025],[135.47558,34.43071],[135.47578,34.43093],[135.47639,34.43139],[135.47678,34.43153],[135.47705,34.43155],[135.47732,34.43142],[135.47732,34.43132],[135.47716,34.43116],[135.47663,34.43094],[135.47597,34.43019],[135.4757,34.43005]],[[135.48444,34.4242],[135.48448,34.42443],[135.48487,34.42466],[135.48525,34.42464],[135.48542,34.42444],[135.4853,34.42421],[135.48498,34.42409],[135.48471,34.42406],[135.48444,34.4242]],[[135.48947,34.44606],[135.48877,34.44631],[135.48811,34.44683],[135.48776,34.44721],[135.48767,34.44744],[135.48783,34.44775],[135.4881,34.4479],[135.48837,34.44795],[135.48865,34.44788],[135.48889,34.44767],[135.48939,34.44699],[135.48983,34.44654],[135.48993,34.44632],[135.48974,34.4461],[135.48947,34.44606]],[[135.5151,34.39021],[135.51482,34.39052],[135.51481,34.39097],[135.51509,34.39148],[135.51536,34.39169],[135.51563,34.39169],[135.51591,34.39143],[135.51599,34.3912],[135.51597,34.39053],[135.51564,34.3902],[135.51537,34.39014],[135.5151,34.39021]],[[135.44678,34.44228],[135.44671,34.44252],[135.44678,34.44255],[135.44683,34.44252],[135.44678,34.44228]],[[135.44888,34.44051],[135.44867,34.4405],[135.4487,34.44075],[135.44879,34.44073],[135.44888,34.44051]],[[135.47643,34.44303],[135.47616,34.44313],[135.47593,34.44333],[135.47582,34.44355],[135.47588,34.44387],[135.47616,34.44398],[135.47655,34.44378],[135.47681,34.44333],[135.4767,34.44305],[135.47643,34.44303]]]}},{"type":"Feature","properties":{"no":51},"geometry":{"type":"Polygon","coordinates":[[[135.65413,34.49781],[135.65549,34.49751],[135.65576,34.49754],[135.65821,34.49803],[135.6593,34.49839],[135.65957,34.49861],[135.66038,34.49965],[135.66074,34.50055],[135.66201,34.50218],[135.6625,34.50259],[135.66336,34.50302],[135.66395,34.50349],[135.66445,34.50375],[135.66663,34.50424],[135.66744,34.50459],[135.6688,34.50534],[135.66962,34.50562],[135.67098,34.5058],[135.67207,34.50547],[135.67343,34.50544],[135.67506,34.5057],[135.6758,34.506],[135.6765,34.50646],[135.67669,34.50669],[135.6768,34.50713],[135.67668,34.50758],[135.67615,34.50826],[135.67609,34.50871],[135.67641,34.50907],[135.67722,34.50957],[135.67738,34.50984],[135.67734,34.51164],[135.67711,34.51254],[135.67703,34.51367],[135.67684,34.51435],[135.6768,34.5148],[135.67683,34.51525],[135.67702,34.51592],[135.67707,34.51728],[135.67725,34.51818],[135.67694,34.5193],[135.67653,34.5202],[135.67596,34.52223],[135.67599,34.52268],[135.67623,34.52336],[135.67704,34.52471],[135.67703,34.52516],[135.67692,34.52539],[135.6758,34.52662],[135.6751,34.52719],[135.67416,34.52777],[135.67348,34.52831],[135.67246,34.52943],[135.67204,34.52966],[135.67088,34.53008],[135.67005,34.53056],[135.66897,34.53077],[135.66843,34.53099],[135.66788,34.53098],[135.66734,34.53064],[135.66652,34.52968],[135.66625,34.52955],[135.66571,34.52962],[135.66489,34.53002],[135.66434,34.53016],[135.6638,34.53008],[135.66326,34.52982],[135.66298,34.52977],[135.66271,34.52983],[135.66244,34.53],[135.66216,34.53032],[135.66192,34.53121],[135.66158,34.53188],[135.66124,34.53346],[135.66133,34.53414],[135.66185,34.53504],[135.66169,34.53639],[135.66145,34.53707],[135.66115,34.53752],[135.65977,34.53864],[135.65963,34.53887],[135.65965,34.53932],[135.66002,34.54022],[135.65994,34.54054],[135.65967,34.54071],[135.65913,34.5406],[135.65831,34.54025],[135.65722,34.53963],[135.65668,34.53918],[135.65628,34.53863],[135.65564,34.53705],[135.65537,34.5366],[135.65492,34.53615],[135.65316,34.5347],[135.6518,34.53385],[135.65044,34.53328],[135.6499,34.53324],[135.64908,34.53345],[135.64881,34.53324],[135.64874,34.5323],[135.64846,34.53185],[135.64789,34.53139],[135.64783,34.53117],[135.64793,34.53094],[135.64827,34.53063],[135.64937,34.52999],[135.65018,34.52988],[135.651,34.52949],[135.65182,34.52932],[135.652,34.52915],[135.65207,34.52893],[135.65201,34.52825],[135.65214,34.52758],[135.65205,34.52735],[135.65183,34.52715],[135.65126,34.5269],[135.65109,34.52667],[135.65098,34.52599],[135.65076,34.52577],[135.6502,34.52555],[135.64911,34.5254],[135.64884,34.52525],[135.64817,34.52418],[135.64799,34.52373],[135.64774,34.5226],[135.64749,34.52236],[135.64559,34.52106],[135.64532,34.52102],[135.6445,34.52134],[135.64423,34.52131],[135.64396,34.52114],[135.64342,34.5206],[135.64233,34.52045],[135.64202,34.52033],[135.6417,34.52011],[135.64124,34.51957],[135.64097,34.51946],[135.6407,34.51951],[135.64055,34.51965],[135.64033,34.52055],[135.63996,34.521],[135.6396,34.52121],[135.63906,34.52125],[135.63797,34.52107],[135.63742,34.52084],[135.63688,34.52044],[135.63661,34.52037],[135.63634,34.52041],[135.63552,34.52075],[135.63514,34.52099],[135.63496,34.52121],[135.63486,34.52166],[135.63494,34.52212],[135.63524,34.52259],[135.63551,34.52278],[135.6362,34.52302],[135.63638,34.52325],[135.63636,34.52347],[135.63622,34.52392],[135.63614,34.52482],[135.63595,34.52527],[135.6355,34.52573],[135.63495,34.52586],[135.63468,34.52572],[135.6346,34.5255],[135.63481,34.52414],[135.63455,34.52347],[135.6339,34.52256],[135.63363,34.52234],[135.63306,34.52208],[135.63225,34.52185],[135.6317,34.52178],[135.63116,34.52183],[135.63073,34.5221],[135.63021,34.52323],[135.63012,34.52413],[135.62997,34.52458],[135.62923,34.52539],[135.62896,34.52558],[135.62869,34.52563],[135.62777,34.52548],[135.62737,34.52525],[135.62721,34.5248],[135.62712,34.52367],[135.62699,34.52344],[135.62679,34.52338],[135.62625,34.52378],[135.62597,34.52384],[135.6257,34.5238],[135.6248,34.52344],[135.62407,34.52296],[135.62353,34.52288],[135.62244,34.52286],[135.62192,34.52275],[135.62159,34.52253],[135.62148,34.5223],[135.62174,34.52095],[135.62185,34.52072],[135.62243,34.52005],[135.62249,34.51982],[135.62228,34.51937],[135.62166,34.51869],[135.62162,34.51824],[135.62186,34.51734],[135.6219,34.51689],[135.62169,34.51644],[135.62084,34.51531],[135.6208,34.51509],[135.62098,34.51486],[135.62166,34.51475],[135.62302,34.51476],[135.62411,34.51487],[135.6252,34.51476],[135.62901,34.51476],[135.62955,34.51466],[135.62983,34.51454],[135.63067,34.51399],[135.63192,34.51242],[135.63296,34.51174],[135.63526,34.50995],[135.63611,34.50909],[135.63647,34.50837],[135.63643,34.50792],[135.6362,34.50724],[135.63639,34.50706],[135.63667,34.50707],[135.63694,34.5072],[135.63748,34.50768],[135.63775,34.50779],[135.63802,34.50766],[135.63838,34.50703],[135.63912,34.50635],[135.63946,34.5059],[135.63963,34.50455],[135.64007,34.5032],[135.64023,34.50244],[135.6405,34.50209],[135.64085,34.50207],[135.64117,34.5023],[135.64117,34.50253],[135.64101,34.50298],[135.64106,34.5032],[135.64131,34.50348],[135.64158,34.5036],[135.64213,34.50356],[135.64294,34.50318],[135.64349,34.50321],[135.64376,34.50313],[135.64403,34.50291],[135.64458,34.50211],[135.64486,34.50192],[135.64567,34.50192],[135.64595,34.50183],[135.64622,34.50159],[135.64648,34.50096],[135.64677,34.50081],[135.64758,34.50103],[135.64813,34.50091],[135.64895,34.50052],[135.64916,34.5003],[135.6494,34.49939],[135.64967,34.49894],[135.64967,34.49872],[135.64923,34.49817],[135.64877,34.49804],[135.6495,34.49787],[135.65005,34.49791],[135.65086,34.49785],[135.65168,34.49801],[135.65249,34.49832],[135.65277,34.49833],[135.65413,34.49781]],[[135.67232,34.51456],[135.6723,34.51456],[135.6723,34.51457],[135.67232,34.51456]]]}},{"type":"Feature","properties":{"no":52},"geometry":{"type":"Polygon","coordinates":[[[135.66522,34.44663],[135.66577,34.4464],[135.66631,34.4464],[135.66713,34.44657],[135.66822,34.44669],[135.66845,34.44693],[135.66841,34.44716],[135.66805,34.44738],[135.66712,34.44733],[135.66685,34.4474],[135.66658,34.44759],[135.66595,34.4485],[135.66358,34.44998],[135.66292,34.45052],[135.6622,34.45142],[135.66179,34.45232],[135.66141,34.45277],[135.6603,34.45322],[135.65994,34.45345],[135.65964,34.4539],[135.65955,34.45435],[135.65948,34.45547],[135.6597,34.45683],[135.65964,34.45705],[135.65947,34.45715],[135.65865,34.45688],[135.65838,34.45693],[135.65783,34.45718],[135.65674,34.45734],[135.65565,34.45778],[135.65538,34.45794],[135.65518,34.45817],[135.65499,34.45884],[135.65411,34.45974],[135.65411,34.45997],[135.65428,34.46019],[135.65564,34.46109],[135.65618,34.4612],[135.657,34.46121],[135.65836,34.46107],[135.65863,34.46114],[135.65891,34.46134],[135.65902,34.46156],[135.65903,34.46178],[135.6589,34.46201],[135.65828,34.46268],[135.65755,34.46313],[135.65734,34.46336],[135.65729,34.46358],[135.65781,34.46401],[135.6579,34.46426],[135.6579,34.46471],[135.65768,34.46561],[135.6578,34.46629],[135.65807,34.46658],[135.65861,34.46681],[135.66269,34.46752],[135.66322,34.46743],[135.66351,34.46727],[135.66405,34.46673],[135.6646,34.46646],[135.6665,34.46643],[135.66673,34.46654],[135.66676,34.46676],[135.66623,34.46766],[135.66612,34.46811],[135.66625,34.46856],[135.66655,34.46879],[135.66704,34.46889],[135.66758,34.46887],[135.66922,34.4686],[135.67003,34.46836],[135.67031,34.46837],[135.67167,34.46888],[135.67303,34.46895],[135.67466,34.46929],[135.6752,34.46933],[135.67547,34.46926],[135.6763,34.46882],[135.67765,34.46867],[135.6782,34.46844],[135.67902,34.46762],[135.68002,34.46702],[135.68055,34.46635],[135.68093,34.46601],[135.68147,34.46562],[135.68175,34.46554],[135.68202,34.46561],[135.68217,34.4659],[135.68219,34.46748],[135.68254,34.46838],[135.6826,34.46906],[135.68318,34.46996],[135.68318,34.47041],[135.68279,34.47131],[135.68273,34.47176],[135.68307,34.47312],[135.68295,34.47447],[135.68326,34.47605],[135.68309,34.4765],[135.68224,34.4774],[135.68167,34.47852],[135.68133,34.47987],[135.68132,34.48032],[135.6817,34.48123],[135.68201,34.48145],[135.68305,34.4817],[135.68413,34.48259],[135.68466,34.48349],[135.68471,34.48371],[135.68436,34.48461],[135.68447,34.48529],[135.68429,34.48552],[135.68359,34.48596],[135.68268,34.48754],[135.68212,34.48821],[135.68166,34.48849],[135.68084,34.48869],[135.6806,34.48889],[135.68006,34.49024],[135.67944,34.49136],[135.6791,34.49271],[135.67907,34.49317],[135.67919,34.49362],[135.67976,34.49452],[135.67982,34.4952],[135.67958,34.49565],[135.67872,34.49677],[135.67836,34.49767],[135.6781,34.49812],[135.67804,34.49835],[135.67816,34.49902],[135.67807,34.49947],[135.67699,34.50062],[135.67589,34.50127],[135.6748,34.50142],[135.67426,34.50164],[135.67358,34.50217],[135.67323,34.50262],[135.67333,34.50307],[135.6747,34.50487],[135.67481,34.5051],[135.67479,34.50539],[135.67452,34.50556],[135.67343,34.50544],[135.67207,34.50547],[135.67098,34.5058],[135.66962,34.50562],[135.6688,34.50534],[135.66744,34.50459],[135.66663,34.50424],[135.66527,34.50398],[135.66418,34.50363],[135.66336,34.50302],[135.66218,34.50236],[135.66089,34.50078],[135.66062,34.50033],[135.66038,34.49965],[135.65957,34.49861],[135.6593,34.49839],[135.65876,34.49818],[135.65549,34.49751],[135.65413,34.49781],[135.65277,34.49833],[135.65249,34.49832],[135.65113,34.49788],[135.6495,34.49787],[135.64877,34.49804],[135.64923,34.49817],[135.64967,34.49872],[135.64967,34.49894],[135.6494,34.49939],[135.64916,34.5003],[135.64895,34.50052],[135.64813,34.50091],[135.64758,34.50103],[135.64677,34.50081],[135.64648,34.50096],[135.64622,34.50159],[135.64595,34.50183],[135.64567,34.50192],[135.64486,34.50192],[135.64458,34.50211],[135.64403,34.50291],[135.64376,34.50313],[135.64349,34.50321],[135.64294,34.50318],[135.64213,34.50356],[135.64158,34.5036],[135.64131,34.50348],[135.64106,34.5032],[135.64101,34.50298],[135.64117,34.50253],[135.64117,34.5023],[135.64085,34.50207],[135.6405,34.50209],[135.64023,34.50244],[135.64007,34.5032],[135.63963,34.50455],[135.63946,34.5059],[135.63912,34.50635],[135.63838,34.50703],[135.63802,34.50766],[135.63775,34.50778],[135.63748,34.50767],[135.63694,34.5072],[135.63667,34.50707],[135.63639,34.50706],[135.6362,34.50724],[135.63643,34.50792],[135.63647,34.50837],[135.63611,34.50909],[135.63526,34.50995],[135.63393,34.51094],[135.63283,34.5116],[135.63191,34.51242],[135.63119,34.51319],[135.63047,34.51354],[135.63018,34.51421],[135.62983,34.51452],[135.62955,34.51466],[135.62901,34.51476],[135.6252,34.51476],[135.62411,34.51487],[135.62302,34.51476],[135.62084,34.51474],[135.62002,34.51456],[135.61939,34.51418],[135.61908,34.51373],[135.61804,34.51034],[135.61774,34.50877],[135.61778,34.50809],[135.61797,34.50741],[135.61801,34.50651],[135.61843,34.50597],[135.61951,34.50517],[135.61988,34.50449],[135.62062,34.50347],[135.62148,34.50202],[135.62182,34.50112],[135.62191,34.50044],[135.62225,34.49999],[135.62281,34.49974],[135.6241,34.49954],[135.62472,34.49926],[135.62499,34.49922],[135.62554,34.49929],[135.62581,34.49924],[135.62581,34.49898],[135.62554,34.49862],[135.62552,34.49842],[135.62562,34.4982],[135.62609,34.49792],[135.62718,34.49779],[135.62752,34.49753],[135.62786,34.49572],[135.62788,34.49099],[135.62776,34.49048],[135.62712,34.49009],[135.6269,34.48986],[135.62685,34.48941],[135.62707,34.48851],[135.62707,34.48671],[135.627,34.48648],[135.62675,34.48626],[135.62641,34.48617],[135.62593,34.48625],[135.62563,34.48648],[135.62551,34.4867],[135.62536,34.48783],[135.62512,34.48805],[135.62341,34.48846],[135.62314,34.48872],[135.62325,34.48963],[135.62316,34.49008],[135.62245,34.4912],[135.62176,34.49164],[135.62157,34.49187],[135.62139,34.49232],[135.62125,34.49345],[135.62094,34.49371],[135.62039,34.49378],[135.6193,34.49374],[135.61903,34.49365],[135.61876,34.49344],[135.61857,34.49299],[135.61849,34.49231],[135.61827,34.49186],[135.61835,34.49096],[135.61829,34.49051],[135.61796,34.49016],[135.61741,34.48998],[135.61687,34.48996],[135.61632,34.49005],[135.61551,34.49035],[135.61387,34.49054],[135.61333,34.49039],[135.61306,34.49014],[135.61294,34.48982],[135.61281,34.48779],[135.61315,34.48711],[135.61389,34.48622],[135.61401,34.48554],[135.61381,34.48509],[135.61308,34.48456],[135.6128,34.48418],[135.61287,34.48351],[135.61274,34.48261],[135.6131,34.482],[135.61364,34.48149],[135.61498,34.48103],[135.61526,34.48081],[135.61606,34.47923],[135.61719,34.47789],[135.61732,34.47721],[135.61684,34.47563],[135.61681,34.47518],[135.6169,34.47473],[135.61714,34.47451],[135.61748,34.47441],[135.61857,34.4744],[135.61912,34.47446],[135.61955,34.47474],[135.62018,34.47564],[135.62044,34.47587],[135.62129,34.47617],[135.62265,34.47622],[135.62374,34.47641],[135.62537,34.47652],[135.62681,34.47611],[135.62705,34.47589],[135.62714,34.47544],[135.6272,34.47093],[135.62761,34.47003],[135.62789,34.46913],[135.62809,34.46778],[135.62833,34.46755],[135.62895,34.46745],[135.63031,34.46745],[135.63112,34.46748],[135.63194,34.46761],[135.63248,34.46758],[135.63276,34.46763],[135.6333,34.46812],[135.63357,34.46826],[135.63384,34.46827],[135.63411,34.46817],[135.63466,34.46772],[135.63575,34.46721],[135.63661,34.46645],[135.63694,34.46578],[135.63703,34.46465],[135.63713,34.46442],[135.6374,34.46413],[135.63794,34.46389],[135.63985,34.46355],[135.64039,34.46332],[135.64067,34.46311],[135.64172,34.46151],[135.64178,34.46061],[135.64266,34.45971],[135.64296,34.45948],[135.64422,34.45886],[135.64504,34.45875],[135.64637,34.45791],[135.64647,34.45769],[135.64644,34.45746],[135.64614,34.45679],[135.64614,34.45656],[135.64674,34.45589],[135.64702,34.45521],[135.64723,34.45507],[135.6475,34.45505],[135.64886,34.45569],[135.65022,34.45587],[135.65131,34.4562],[135.65294,34.45621],[135.6543,34.45589],[135.65621,34.45421],[135.65703,34.45336],[135.65785,34.45285],[135.65871,34.45209],[135.65949,34.45155],[135.66058,34.4511],[135.66085,34.45092],[135.66115,34.45052],[135.6614,34.44984],[135.66167,34.44954],[135.66386,34.44846],[135.66491,34.44692],[135.66522,34.44663]],[[135.6269,34.50015],[135.62667,34.50045],[135.62662,34.50068],[135.62689,34.50082],[135.62713,34.50068],[135.6272,34.50046],[135.62717,34.50016],[135.6269,34.50015]],[[135.62965,34.49197],[135.62944,34.49212],[135.62945,34.49235],[135.62965,34.49246],[135.6299,34.49235],[135.62995,34.49212],[135.62965,34.49197]]]}},{"type":"Feature","properties":{"no":53},"geometry":{"type":"Polygon","coordinates":[[[135.22494,34.30113],[135.22528,34.30103],[135.22582,34.3011],[135.22962,34.30209],[135.23233,34.30272],[135.23503,34.30354],[135.2353,34.30372],[135.23557,34.30404],[135.23611,34.30509],[135.23643,34.30549],[135.23773,34.30609],[135.23884,34.30708],[135.23962,34.30763],[135.24043,34.3081],[135.24124,34.30845],[135.24286,34.30979],[135.24367,34.31011],[135.24489,34.31117],[135.24592,34.31185],[135.24628,34.31231],[135.24663,34.31304],[135.2469,34.31321],[135.24771,34.31315],[135.24799,34.31318],[135.24826,34.31331],[135.24881,34.31413],[135.24906,34.31433],[135.24933,34.31443],[135.25259,34.31503],[135.25421,34.3157],[135.2553,34.31567],[135.25611,34.31574],[135.25747,34.31563],[135.25801,34.31553],[135.25829,34.31539],[135.25953,34.31442],[135.26024,34.31397],[135.2613,34.31298],[135.26184,34.31273],[135.26239,34.31281],[135.2632,34.31311],[135.26401,34.31319],[135.2651,34.31298],[135.26619,34.31258],[135.26809,34.3125],[135.26836,34.31251],[135.26864,34.31267],[135.26873,34.31289],[135.26872,34.31335],[135.26839,34.31424],[135.26784,34.31514],[135.26697,34.31609],[135.2667,34.3162],[135.26534,34.31609],[135.26453,34.31614],[135.26317,34.31645],[135.26208,34.31622],[135.26154,34.31622],[135.261,34.31642],[135.2606,34.31668],[135.26018,34.31713],[135.2601,34.31735],[135.26009,34.31758],[135.26033,34.31825],[135.26029,34.31893],[135.26018,34.31938],[135.25958,34.3205],[135.25953,34.32095],[135.25962,34.32118],[135.26043,34.32186],[135.26202,34.32368],[135.26213,34.32435],[135.2617,34.32615],[135.26171,34.3266],[135.26195,34.32705],[135.26284,34.32796],[135.26346,34.32887],[135.26372,34.32977],[135.2637,34.33067],[135.26358,34.33099],[135.26331,34.33123],[135.26304,34.33133],[135.26222,34.33144],[135.26184,34.33156],[135.2614,34.33176],[135.2611,34.33201],[135.26039,34.3329],[135.25897,34.33537],[135.25783,34.33688],[135.25701,34.33727],[135.25646,34.33737],[135.25538,34.33721],[135.25457,34.33679],[135.25403,34.33662],[135.25321,34.33656],[135.25294,34.33662],[135.25265,34.33691],[135.25243,34.33804],[135.25183,34.33861],[135.25167,34.33894],[135.25166,34.33916],[135.25188,34.33984],[135.25182,34.34011],[135.25155,34.3403],[135.25128,34.34021],[135.25074,34.33968],[135.25047,34.33956],[135.24992,34.33953],[135.24965,34.33961],[135.2491,34.34003],[135.24839,34.34094],[135.24819,34.34139],[135.24825,34.34185],[135.24856,34.34252],[135.24854,34.34275],[135.24793,34.34342],[135.24786,34.3441],[135.248,34.34455],[135.24847,34.345],[135.24857,34.34523],[135.24869,34.34636],[135.24895,34.34681],[135.24972,34.34749],[135.24992,34.34817],[135.25026,34.34862],[135.25119,34.34941],[135.25146,34.34998],[135.25173,34.35034],[135.252,34.35054],[135.25227,34.35062],[135.25309,34.35061],[135.25336,34.35069],[135.25361,34.35089],[135.25411,34.35157],[135.25444,34.35171],[135.25471,34.35166],[135.25525,34.35128],[135.25553,34.35124],[135.25634,34.35153],[135.25649,34.35181],[135.2565,34.35271],[135.25665,34.35339],[135.25673,34.35362],[135.25699,34.35384],[135.2574,34.35395],[135.25958,34.354],[135.2599,34.35409],[135.26011,34.35431],[135.25992,34.35634],[135.25974,34.35679],[135.25955,34.35704],[135.25873,34.35761],[135.258,34.35836],[135.25764,34.35858],[135.25655,34.35883],[135.25546,34.35894],[135.25464,34.35913],[135.25437,34.35915],[135.25417,34.35901],[135.25418,34.35833],[135.25388,34.35766],[135.25427,34.35676],[135.25431,34.35631],[135.25359,34.35561],[135.25313,34.3545],[135.25245,34.35359],[135.25233,34.35291],[135.25205,34.35246],[135.25171,34.35226],[135.2509,34.35211],[135.25,34.35155],[135.24972,34.3511],[135.24946,34.34997],[135.24933,34.34974],[135.24821,34.34881],[135.24794,34.34874],[135.24767,34.34877],[135.24712,34.34903],[135.24687,34.34927],[135.24657,34.34983],[135.2463,34.35],[135.24603,34.34997],[135.24494,34.34959],[135.24483,34.34949],[135.24477,34.34926],[135.24486,34.34859],[135.24496,34.34836],[135.2455,34.34769],[135.24563,34.34724],[135.24546,34.34611],[135.24548,34.34566],[135.24535,34.34543],[135.24498,34.34532],[135.24335,34.34509],[135.24281,34.34511],[135.24145,34.34536],[135.24106,34.34518],[135.24048,34.34428],[135.24042,34.34315],[135.24015,34.34225],[135.23983,34.34157],[135.23977,34.34112],[135.23983,34.34067],[135.23977,34.34044],[135.23959,34.34027],[135.23932,34.34017],[135.23851,34.34018],[135.23769,34.34009],[135.23688,34.34023],[135.2366,34.34018],[135.23633,34.34003],[135.23606,34.33975],[135.2358,34.33923],[135.23553,34.33892],[135.23526,34.3388],[135.23499,34.33877],[135.23335,34.33915],[135.23281,34.3392],[135.23227,34.33909],[135.23145,34.33879],[135.23091,34.33871],[135.23037,34.33872],[135.22928,34.33894],[135.22792,34.33883],[135.22755,34.33901],[135.22683,34.33966],[135.22655,34.33978],[135.22547,34.33963],[135.22465,34.33974],[135.22411,34.33964],[135.22387,34.33944],[135.22375,34.33921],[135.22344,34.33831],[135.22344,34.33808],[135.22358,34.33782],[135.22468,34.33707],[135.22527,34.33652],[135.22578,34.33585],[135.22603,34.33495],[135.22598,34.33472],[135.2252,34.33404],[135.22504,34.33201],[135.22473,34.33175],[135.22391,34.33164],[135.22301,34.33132],[135.22264,34.33109],[135.22256,34.33087],[135.22274,34.33019],[135.22273,34.32997],[135.22257,34.3298],[135.2223,34.32976],[135.22203,34.32981],[135.21876,34.33067],[135.21857,34.33084],[135.2185,34.33107],[135.21848,34.33165],[135.21821,34.33179],[135.21793,34.33171],[135.21766,34.33152],[135.21699,34.33083],[135.21632,34.33039],[135.21605,34.33034],[135.2155,34.33046],[135.21468,34.331],[135.21441,34.33104],[135.21414,34.33095],[135.21387,34.3307],[135.21347,34.33013],[135.21279,34.32969],[135.21226,34.329],[135.21198,34.32884],[135.21117,34.32888],[135.21063,34.32883],[135.21031,34.32898],[135.21008,34.32952],[135.2098,34.32955],[135.20899,34.32928],[135.20845,34.32938],[135.20719,34.32987],[135.20639,34.33054],[135.20545,34.33069],[135.2049,34.33096],[135.20454,34.33143],[135.20433,34.33233],[135.20407,34.33263],[135.2038,34.3328],[135.20352,34.33286],[135.20325,34.3328],[135.20286,34.33254],[135.20212,34.33186],[135.20163,34.33166],[135.20136,34.33167],[135.2,34.33207],[135.19916,34.33252],[135.19895,34.33274],[135.19887,34.33297],[135.19947,34.33432],[135.19955,34.33478],[135.19951,34.33523],[135.19918,34.33567],[135.19855,34.33612],[135.19805,34.33698],[135.19723,34.33724],[135.19734,34.33814],[135.19694,34.3392],[135.19667,34.33928],[135.19559,34.3391],[135.19541,34.33903],[135.19502,34.33858],[135.19369,34.33823],[135.19342,34.33792],[135.19341,34.33766],[135.19374,34.33677],[135.19374,34.33631],[135.19344,34.33602],[135.19241,34.33563],[135.19218,34.3354],[135.19216,34.33518],[135.19245,34.3345],[135.1924,34.33405],[135.19189,34.33315],[135.1913,34.33256],[135.19123,34.33224],[135.1914,34.33179],[135.19158,34.33155],[135.19186,34.33138],[135.19213,34.33131],[135.19242,34.33135],[135.19289,34.33158],[135.19348,34.332],[135.19375,34.33205],[135.19402,34.332],[135.1943,34.33184],[135.19486,34.33136],[135.195,34.33114],[135.19499,34.33091],[135.19458,34.33044],[135.19431,34.33029],[135.19377,34.33017],[135.19349,34.33],[135.19331,34.3291],[135.19302,34.32842],[135.19319,34.3273],[135.19317,34.32639],[135.1938,34.32505],[135.19366,34.32324],[135.19368,34.32302],[135.194,34.32234],[135.19397,34.32189],[135.19373,34.32144],[135.19335,34.32121],[135.19222,34.32127],[135.19195,34.3212],[135.19087,34.32059],[135.18951,34.32028],[135.1888,34.31983],[135.18866,34.3196],[135.18865,34.31938],[135.18889,34.31893],[135.18926,34.31864],[135.18953,34.31852],[135.19035,34.31842],[135.19057,34.31826],[135.1907,34.31804],[135.19082,34.31646],[135.19105,34.31556],[135.19111,34.31421],[135.19146,34.31286],[135.19174,34.31241],[135.19204,34.31216],[135.19286,34.31171],[135.19422,34.31107],[135.19477,34.31098],[135.19558,34.31109],[135.19666,34.3117],[135.19856,34.31231],[135.1991,34.31231],[135.20019,34.31209],[135.20127,34.31227],[135.20182,34.31223],[135.20209,34.31209],[135.20237,34.31179],[135.20283,34.31023],[135.20294,34.30955],[135.20319,34.3091],[135.20348,34.3089],[135.20402,34.30878],[135.20484,34.30872],[135.2062,34.30882],[135.20728,34.30899],[135.20755,34.30889],[135.2081,34.30832],[135.20838,34.30819],[135.20919,34.30801],[135.20946,34.30788],[135.21083,34.30681],[135.21165,34.30643],[135.21301,34.30624],[135.21519,34.30529],[135.21601,34.30505],[135.2171,34.30503],[135.21845,34.30522],[135.21963,34.30493],[135.222,34.30368],[135.22405,34.30203],[135.22494,34.30113]],[[135.22574,34.30961],[135.22567,34.3097],[135.22603,34.3097],[135.22602,34.30969],[135.22574,34.30961]],[[135.22709,34.31058],[135.22682,34.31061],[135.22709,34.31075],[135.22709,34.31058]],[[135.23636,34.33743],[135.23633,34.33749],[135.23636,34.33751],[135.23638,34.33749],[135.23636,34.33743]],[[135.24479,34.33661],[135.24465,34.33686],[135.2448,34.33732],[135.24522,34.33754],[135.24559,34.33749],[135.24572,34.33732],[135.24567,34.3371],[135.2455,34.33687],[135.24506,34.33657],[135.24479,34.33661]],[[135.24864,34.33101],[135.24866,34.33125],[135.24889,34.33171],[135.24918,34.33208],[135.24945,34.33226],[135.24972,34.33234],[135.24999,34.33227],[135.25007,34.33216],[135.25002,34.33194],[135.24918,34.33105],[135.24891,34.33088],[135.24864,34.33101]],[[135.25594,34.33546],[135.25564,34.33581],[135.25566,34.33604],[135.25593,34.33617],[135.2562,34.33605],[135.25631,34.33581],[135.25621,34.33544],[135.25594,34.33546]],[[135.26035,34.3279],[135.26023,34.32794],[135.26016,34.32817],[135.26045,34.32885],[135.2607,34.32907],[135.26088,34.32913],[135.26116,34.3291],[135.26126,34.32885],[135.26062,34.328],[135.26035,34.3279]]]}},{"type":"Feature","properties":{"no":54},"geometry":{"type":"Polygon","coordinates":[[[135.40949,34.67111],[135.4098,34.67106],[135.40993,34.67111],[135.41062,34.6717],[135.41116,34.67191],[135.4128,34.67222],[135.41552,34.6729],[135.41715,34.67337],[135.41851,34.67389],[135.42423,34.6755],[135.42587,34.6759],[135.42777,34.6765],[135.43321,34.67906],[135.43362,34.67934],[135.43374,34.67957],[135.43378,34.68002],[135.43363,34.68092],[135.43374,34.68137],[135.4342,34.68205],[135.43464,34.68295],[135.43482,34.68316],[135.43528,34.6834],[135.43548,34.68363],[135.43536,34.68385],[135.43509,34.684],[135.43454,34.68398],[135.42883,34.68199],[135.42284,34.68022],[135.42148,34.6794],[135.41249,34.67679],[135.41086,34.67624],[135.4095,34.67566],[135.40914,34.67539],[135.40909,34.67517],[135.40922,34.67449],[135.40887,34.67336],[135.40877,34.67269],[135.40843,34.67201],[135.40849,34.67178],[135.40869,34.67156],[135.40949,34.67111]]]}},{"type":"Feature","properties":{"no":55},"geometry":{"type":"Polygon","coordinates":[[[135.50402,34.33639],[135.50454,34.33632],[135.50535,34.33644],[135.50644,34.33633],[135.50807,34.3366],[135.50915,34.33693],[135.51213,34.33841],[135.51457,34.34023],[135.51646,34.34218],[135.51926,34.34411],[135.51998,34.34511],[135.52025,34.34528],[135.52106,34.34542],[135.52133,34.34555],[135.52272,34.34705],[135.52365,34.34841],[135.52511,34.34967],[135.52592,34.35047],[135.52674,34.35099],[135.52728,34.3512],[135.52891,34.35144],[135.53,34.35148],[135.53054,34.35144],[135.53136,34.35118],[135.53163,34.35116],[135.53217,34.35127],[135.53325,34.35176],[135.53434,34.35206],[135.53499,34.35251],[135.53623,34.35382],[135.53801,34.35613],[135.5392,34.35714],[135.53975,34.35748],[135.54029,34.35759],[135.54138,34.35757],[135.54192,34.35738],[135.54328,34.35667],[135.54383,34.35653],[135.54573,34.35683],[135.546,34.35682],[135.54682,34.3566],[135.54736,34.3566],[135.54844,34.35704],[135.54926,34.35756],[135.55034,34.35812],[135.55071,34.35843],[135.55135,34.35933],[135.55169,34.35951],[135.55196,34.35954],[135.55332,34.35935],[135.55441,34.3595],[135.55495,34.35972],[135.5564,34.36093],[135.55702,34.36206],[135.55793,34.36291],[135.55945,34.36477],[135.55982,34.36503],[135.56069,34.36545],[135.56127,34.36591],[135.56157,34.36636],[135.56212,34.36771],[135.56279,34.36866],[135.5636,34.36939],[135.56495,34.3702],[135.56604,34.37035],[135.56658,34.37056],[135.5668,34.37088],[135.56685,34.37144],[135.56712,34.37171],[135.56739,34.37175],[135.56767,34.3717],[135.56875,34.37124],[135.56957,34.37108],[135.56984,34.37113],[135.57093,34.3716],[135.57174,34.37177],[135.57253,34.37203],[135.57281,34.37226],[135.57333,34.37316],[135.57364,34.37346],[135.57418,34.37369],[135.57527,34.3738],[135.57554,34.37397],[135.57622,34.3752],[135.57659,34.37565],[135.57689,34.37586],[135.57743,34.37597],[135.57852,34.37592],[135.57933,34.37619],[135.58286,34.37689],[135.58341,34.3768],[135.58477,34.37597],[135.58667,34.37539],[135.58803,34.37557],[135.58858,34.37555],[135.58967,34.37527],[135.59048,34.37536],[135.59238,34.37526],[135.59456,34.37542],[135.59483,34.37551],[135.5951,34.37574],[135.596,34.3773],[135.59603,34.37797],[135.59586,34.37887],[135.59594,34.3791],[135.59615,34.37932],[135.59725,34.38008],[135.5978,34.38027],[135.59888,34.38013],[135.60079,34.38012],[135.60133,34.37999],[135.60157,34.37979],[135.60169,34.37957],[135.60182,34.37867],[135.60198,34.37844],[135.60243,34.3782],[135.60324,34.37799],[135.60433,34.37737],[135.60597,34.37745],[135.60705,34.37764],[135.6076,34.37764],[135.6095,34.37726],[135.61168,34.37693],[135.61276,34.37664],[135.61331,34.37661],[135.61358,34.37665],[135.61412,34.37687],[135.61451,34.37713],[135.61552,34.37826],[135.6161,34.37939],[135.61686,34.38052],[135.61739,34.38165],[135.61759,34.38255],[135.6179,34.38323],[135.61839,34.38368],[135.6198,34.3844],[135.6217,34.38426],[135.62334,34.38367],[135.62442,34.3835],[135.62524,34.38328],[135.62551,34.38331],[135.62633,34.38375],[135.62687,34.3838],[135.62741,34.38374],[135.62932,34.38327],[135.63013,34.38334],[135.63068,34.38329],[135.63177,34.38305],[135.63286,34.38257],[135.63394,34.3824],[135.63476,34.38218],[135.63612,34.38168],[135.63667,34.3816],[135.63748,34.38168],[135.63857,34.38204],[135.63888,34.38239],[135.63892,34.38306],[135.6391,34.38329],[135.64101,34.38359],[135.64209,34.38353],[135.644,34.38385],[135.64454,34.38378],[135.64536,34.38351],[135.6459,34.38343],[135.64672,34.38346],[135.64753,34.38362],[135.64835,34.38365],[135.64916,34.38362],[135.65107,34.38322],[135.65161,34.38325],[135.65243,34.38341],[135.65378,34.38343],[135.65433,34.38364],[135.6546,34.38383],[135.65487,34.38418],[135.65537,34.38514],[135.65591,34.38582],[135.65785,34.38753],[135.65812,34.38785],[135.65838,34.38853],[135.6592,34.38966],[135.65943,34.39079],[135.65975,34.39146],[135.66003,34.39169],[135.66136,34.39221],[135.66248,34.39327],[135.66274,34.39373],[135.66329,34.39553],[135.66334,34.39598],[135.66325,34.39621],[135.66298,34.39636],[135.6627,34.39636],[135.66162,34.39612],[135.6608,34.39605],[135.65972,34.39567],[135.65917,34.39563],[135.65808,34.39566],[135.65727,34.39582],[135.65618,34.39589],[135.65591,34.39598],[135.65577,34.39619],[135.65582,34.39641],[135.65649,34.39731],[135.6567,34.39777],[135.65657,34.39844],[135.6562,34.39912],[135.65589,34.39941],[135.65508,34.39979],[135.65453,34.40016],[135.65426,34.40026],[135.65344,34.40031],[135.6529,34.40043],[135.65181,34.40083],[135.65154,34.40105],[135.65115,34.40181],[135.65044,34.40249],[135.64996,34.40338],[135.64881,34.40518],[135.64794,34.40608],[135.64685,34.40743],[135.64658,34.40788],[135.64626,34.40878],[135.64529,34.41035],[135.64442,34.41133],[135.64306,34.4119],[135.64269,34.41215],[135.64233,34.4126],[135.64196,34.41328],[135.64142,34.41384],[135.6413,34.41417],[135.64127,34.4153],[135.64117,34.41575],[135.63978,34.41778],[135.6395,34.41808],[135.63791,34.41912],[135.63733,34.4198],[135.63704,34.42],[135.6365,34.42012],[135.63595,34.42009],[135.6346,34.41954],[135.63351,34.41931],[135.63297,34.41926],[135.63188,34.41954],[135.63079,34.41953],[135.6297,34.41975],[135.62616,34.42127],[135.62393,34.42359],[135.62288,34.42509],[135.62097,34.42597],[135.6186,34.42831],[135.61824,34.42854],[135.61742,34.42882],[135.61688,34.42911],[135.61633,34.42961],[135.6158,34.43033],[135.61551,34.43054],[135.61442,34.43095],[135.61415,34.43094],[135.61306,34.43047],[135.61197,34.43032],[135.61034,34.43046],[135.6098,34.43073],[135.60925,34.43123],[135.60804,34.43188],[135.60761,34.43231],[135.60706,34.4331],[135.60488,34.43488],[135.60425,34.43615],[135.60378,34.43687],[135.60351,34.43712],[135.60257,34.4375],[135.60231,34.43772],[135.60224,34.43817],[135.6024,34.43885],[135.60231,34.4393],[135.6019,34.43975],[135.60077,34.4405],[135.60023,34.44072],[135.59887,34.44076],[135.59832,34.44084],[135.59723,34.44133],[135.59669,34.44126],[135.59587,34.44093],[135.5956,34.44088],[135.59533,34.44096],[135.59451,34.44177],[135.59315,34.44227],[135.5926,34.44256],[135.59086,34.44399],[135.59069,34.44422],[135.59044,34.44489],[135.58959,34.44654],[135.58934,34.44692],[135.58908,34.44714],[135.58768,34.44808],[135.5874,34.44816],[135.58632,34.44808],[135.58523,34.44862],[135.58468,34.44869],[135.58403,34.44848],[135.58383,34.44825],[135.58379,34.44803],[135.58387,34.44788],[135.58469,34.44763],[135.58575,34.44713],[135.58601,34.44691],[135.58609,34.44668],[135.58587,34.44578],[135.5859,34.4451],[135.5857,34.44488],[135.58529,34.44465],[135.58507,34.44442],[135.58505,34.4442],[135.58561,34.4433],[135.58559,34.44262],[135.58526,34.44227],[135.58438,34.44194],[135.58426,34.44172],[135.58437,34.44149],[135.58472,34.44116],[135.58593,34.44037],[135.58756,34.43902],[135.58793,34.43857],[135.58807,34.43812],[135.58789,34.4379],[135.5871,34.43744],[135.58645,34.43654],[135.5861,34.43634],[135.58583,34.43629],[135.58556,34.43637],[135.58537,34.43654],[135.58519,34.43744],[135.58455,34.43834],[135.58392,34.43866],[135.5831,34.43876],[135.58266,34.43856],[135.5825,34.43833],[135.58238,34.43765],[135.58208,34.43698],[135.58234,34.43585],[135.58217,34.4345],[135.58229,34.43337],[135.58211,34.43269],[135.58231,34.43236],[135.58313,34.43187],[135.5834,34.43157],[135.58361,34.4309],[135.58386,34.43045],[135.5839,34.43022],[135.58374,34.42999],[135.58342,34.42977],[135.58331,34.42954],[135.5835,34.42909],[135.58413,34.42842],[135.58445,34.42774],[135.58445,34.42729],[135.58407,34.42684],[135.58396,34.42661],[135.58396,34.42639],[135.58421,34.42571],[135.58479,34.42459],[135.58507,34.4243],[135.58535,34.42414],[135.58725,34.42374],[135.58753,34.42358],[135.58797,34.42302],[135.5881,34.42235],[135.58822,34.42212],[135.58862,34.42189],[135.58971,34.42204],[135.59107,34.42244],[135.59215,34.42248],[135.59324,34.42262],[135.59351,34.42255],[135.59377,34.42237],[135.59437,34.42124],[135.59445,34.42056],[135.59434,34.42026],[135.59371,34.41966],[135.59318,34.41853],[135.59246,34.41763],[135.59238,34.4174],[135.59264,34.41605],[135.59276,34.41583],[135.593,34.41563],[135.59328,34.41553],[135.59464,34.4154],[135.59573,34.41491],[135.59627,34.41479],[135.59681,34.41489],[135.5979,34.41525],[135.59926,34.41532],[135.60143,34.41574],[135.60171,34.41576],[135.6028,34.41553],[135.60334,34.41556],[135.60415,34.41572],[135.6047,34.41571],[135.60524,34.41548],[135.60551,34.41519],[135.60579,34.41452],[135.60628,34.41384],[135.60631,34.41362],[135.60613,34.41316],[135.60535,34.41204],[135.60549,34.41136],[135.60536,34.40978],[135.60508,34.40933],[135.60473,34.40911],[135.60419,34.409],[135.60119,34.40893],[135.60065,34.40907],[135.59983,34.40949],[135.59956,34.40957],[135.59929,34.40954],[135.59847,34.4092],[135.59766,34.409],[135.5963,34.40877],[135.59467,34.40866],[135.59433,34.40839],[135.59421,34.40794],[135.59437,34.40749],[135.59487,34.40682],[135.59509,34.40637],[135.59532,34.40569],[135.59547,34.40457],[135.59629,34.40231],[135.59657,34.40209],[135.59688,34.40217],[135.59702,34.40232],[135.59769,34.40355],[135.59819,34.40412],[135.59904,34.40459],[135.59985,34.40484],[135.60067,34.40491],[135.60149,34.40474],[135.60258,34.40423],[135.60316,34.40369],[135.60371,34.40256],[135.60377,34.40189],[135.60341,34.40076],[135.60259,34.39986],[135.60225,34.39895],[135.60233,34.39879],[135.6026,34.39869],[135.60342,34.39878],[135.60396,34.39869],[135.60451,34.3985],[135.60478,34.39824],[135.60502,34.39693],[135.60523,34.39626],[135.60569,34.39536],[135.60565,34.39491],[135.60518,34.39378],[135.60578,34.39288],[135.60601,34.39198],[135.60681,34.39085],[135.60685,34.3904],[135.60674,34.39018],[135.60618,34.38972],[135.60428,34.38897],[135.60395,34.38882],[135.60374,34.38862],[135.60372,34.38836],[135.60428,34.38769],[135.60437,34.38746],[135.60441,34.38701],[135.60431,34.38656],[135.60392,34.38611],[135.60185,34.3849],[135.60158,34.38483],[135.60131,34.38488],[135.60049,34.38545],[135.59913,34.38589],[135.59884,34.38609],[135.59831,34.38673],[135.59804,34.38686],[135.59777,34.38684],[135.5974,34.38654],[135.59642,34.38473],[135.59623,34.38451],[135.59587,34.38425],[135.59533,34.38404],[135.59506,34.38401],[135.59397,34.38417],[135.59289,34.38375],[135.59234,34.38375],[135.5918,34.38396],[135.59065,34.38472],[135.59012,34.38516],[135.58979,34.38584],[135.58961,34.38742],[135.58968,34.38809],[135.5896,34.38847],[135.58933,34.38862],[135.58906,34.38858],[135.5877,34.38806],[135.58688,34.38802],[135.58634,34.38829],[135.58579,34.3888],[135.58498,34.38891],[135.58443,34.38907],[135.58416,34.38927],[135.58396,34.38965],[135.58382,34.39055],[135.58392,34.39123],[135.58357,34.39213],[135.58362,34.39235],[135.58387,34.39268],[135.58495,34.39349],[135.58604,34.39379],[135.58713,34.39367],[135.58727,34.39372],[135.5874,34.39379],[135.58784,34.3944],[135.58843,34.39485],[135.58957,34.39533],[135.59038,34.3955],[135.59068,34.39576],[135.59072,34.39598],[135.59055,34.39666],[135.59046,34.39756],[135.59035,34.39779],[135.5901,34.3979],[135.58983,34.39786],[135.58901,34.39752],[135.58793,34.39725],[135.58602,34.39724],[135.58521,34.39751],[135.58443,34.39799],[135.5838,34.39867],[135.58354,34.39912],[135.58343,34.39979],[135.58346,34.40092],[135.5837,34.4016],[135.584,34.40205],[135.58485,34.40273],[135.58572,34.40311],[135.58627,34.40326],[135.58735,34.40334],[135.58762,34.40342],[135.58796,34.40364],[135.5881,34.40386],[135.5881,34.40409],[135.58798,34.40432],[135.58718,34.40521],[135.58653,34.40566],[135.58598,34.40576],[135.58489,34.40574],[135.58403,34.40543],[135.58218,34.40404],[135.5811,34.4036],[135.58055,34.40359],[135.57946,34.40381],[135.57832,34.40428],[135.57756,34.40491],[135.5772,34.40541],[135.57713,34.40563],[135.57726,34.40608],[135.57786,34.40676],[135.57813,34.40721],[135.57846,34.40834],[135.57863,34.40861],[135.57917,34.40895],[135.58144,34.40993],[135.58188,34.41028],[135.58199,34.41061],[135.58199,34.41128],[135.58187,34.41162],[135.58148,34.41218],[135.58155,34.41241],[135.58206,34.41286],[135.58241,34.41331],[135.58281,34.41444],[135.58272,34.41489],[135.5824,34.41518],[135.58213,34.41528],[135.58186,34.41527],[135.58104,34.41469],[135.5805,34.41465],[135.57995,34.41485],[135.57886,34.41542],[135.57832,34.41557],[135.57777,34.41558],[135.57743,34.41532],[135.57739,34.4151],[135.57754,34.41487],[135.57778,34.41476],[135.57832,34.41468],[135.57869,34.41443],[135.57874,34.41398],[135.5786,34.41371],[135.57807,34.41307],[135.57779,34.41291],[135.57697,34.41291],[135.57616,34.41241],[135.57589,34.41244],[135.57561,34.4126],[135.57452,34.4136],[135.57299,34.41441],[135.57285,34.41463],[135.57286,34.41486],[135.57337,34.41553],[135.57328,34.41576],[135.57257,34.41621],[135.57211,34.41666],[135.57159,34.41733],[135.57123,34.41816],[135.57096,34.41822],[135.57042,34.41795],[135.57015,34.41791],[135.56973,34.418],[135.56962,34.41823],[135.56998,34.41868],[135.57,34.41913],[135.56989,34.41958],[135.56924,34.4207],[135.56936,34.42161],[135.5693,34.42183],[135.56896,34.42228],[135.56822,34.42292],[135.56696,34.4243],[135.56623,34.42498],[135.56603,34.42553],[135.56576,34.42546],[135.56522,34.42481],[135.56494,34.42465],[135.5644,34.42467],[135.56413,34.42482],[135.56358,34.42561],[135.56312,34.42587],[135.56291,34.42609],[135.56278,34.42654],[135.5626,34.42677],[135.56194,34.42715],[135.56172,34.42744],[135.5617,34.42766],[135.56192,34.42857],[135.56167,34.42924],[135.56111,34.43002],[135.56084,34.43018],[135.55975,34.43022],[135.55811,34.43062],[135.55769,34.43081],[135.55751,34.43103],[135.55743,34.43193],[135.55708,34.43261],[135.55705,34.43283],[135.55727,34.43351],[135.55723,34.43441],[135.55775,34.43509],[135.55778,34.43531],[135.55747,34.43599],[135.55677,34.43689],[135.55675,34.43711],[135.55697,34.43756],[135.55723,34.43779],[135.55844,34.43847],[135.5597,34.4402],[135.56058,34.44096],[135.56068,34.44118],[135.56063,34.44141],[135.56023,34.44189],[135.56013,34.44253],[135.56046,34.44321],[135.56131,34.44412],[135.56179,34.44524],[135.56178,34.44547],[135.56157,34.44575],[135.56103,34.44598],[135.56048,34.44591],[135.55967,34.44547],[135.5594,34.4454],[135.55912,34.44542],[135.55885,34.44554],[135.55864,34.44591],[135.55847,34.44658],[135.55837,34.44816],[135.5581,34.44884],[135.55747,34.44974],[135.55745,34.44996],[135.55776,34.45064],[135.55774,34.45132],[135.55783,34.45199],[135.55777,34.45334],[135.55825,34.45402],[135.5583,34.45425],[135.55811,34.45515],[135.55822,34.45537],[135.5588,34.45592],[135.55895,34.45628],[135.55895,34.4565],[135.55861,34.45718],[135.55873,34.45786],[135.55867,34.45808],[135.55851,34.45832],[135.55771,34.45898],[135.55742,34.4599],[135.55714,34.46006],[135.55702,34.45988],[135.5566,34.45973],[135.55633,34.45985],[135.55598,34.46032],[135.55523,34.46093],[135.55442,34.46124],[135.55417,34.46144],[135.55359,34.46257],[135.55347,34.46302],[135.55352,34.46347],[135.55383,34.46392],[135.55391,34.46415],[135.55385,34.46426],[135.55276,34.46524],[135.55203,34.46572],[135.55185,34.46594],[135.55184,34.46617],[135.55225,34.46662],[135.55221,34.46685],[135.55194,34.4673],[135.55198,34.46752],[135.55219,34.46775],[135.55297,34.4682],[135.5538,34.46888],[135.55387,34.46911],[135.55355,34.47023],[135.553,34.47095],[135.55246,34.47134],[135.55218,34.47139],[135.55028,34.4712],[135.54974,34.47105],[135.54892,34.47055],[135.54784,34.46951],[135.54676,34.46874],[135.5454,34.46752],[135.54404,34.4673],[135.54323,34.46707],[135.54268,34.46682],[135.54243,34.46659],[135.54228,34.46591],[135.5423,34.46546],[135.54243,34.46501],[135.5427,34.46472],[135.54379,34.46412],[135.54517,34.46254],[135.54524,34.46209],[135.54499,34.46164],[135.54354,34.46017],[135.54161,34.45892],[135.54128,34.45847],[135.5411,34.45779],[135.5402,34.45643],[135.53938,34.45576],[135.53853,34.45485],[135.53704,34.45369],[135.53623,34.45286],[135.53577,34.45214],[135.53542,34.45137],[135.53488,34.45094],[135.53461,34.45061],[135.53389,34.44942],[135.53353,34.44852],[135.53326,34.4482],[135.53191,34.44708],[135.53082,34.44657],[135.53028,34.44614],[135.52839,34.44455],[135.52767,34.44377],[135.52701,34.44331],[135.52677,34.44309],[135.52632,34.44241],[135.52595,34.4421],[135.52541,34.44185],[135.52405,34.4415],[135.5227,34.44068],[135.52233,34.44036],[135.52207,34.43991],[135.52192,34.43924],[135.52154,34.43856],[135.52118,34.43811],[135.52009,34.4372],[135.51889,34.43517],[135.51857,34.43291],[135.5189,34.43201],[135.51917,34.43156],[135.51976,34.43102],[135.52112,34.43029],[135.52167,34.43017],[135.52248,34.43029],[135.52303,34.43022],[135.52439,34.42935],[135.52471,34.42888],[135.52545,34.42708],[135.52585,34.4264],[135.52607,34.42573],[135.52632,34.42528],[135.5264,34.42483],[135.52624,34.42415],[135.5262,34.42325],[135.52606,34.42299],[135.52547,34.42234],[135.52538,34.42212],[135.52539,34.42189],[135.5258,34.42122],[135.52592,34.42077],[135.52594,34.41897],[135.52573,34.41806],[135.52588,34.41716],[135.52573,34.41649],[135.52573,34.41604],[135.52604,34.41536],[135.52676,34.41446],[135.5269,34.41401],[135.52675,34.41356],[135.52548,34.4122],[135.52521,34.41175],[135.52494,34.41085],[135.52491,34.4104],[135.52495,34.40972],[135.52514,34.40905],[135.52514,34.4086],[135.52449,34.40747],[135.52425,34.40668],[135.52344,34.40594],[135.52329,34.40566],[135.5233,34.40543],[135.52359,34.40476],[135.52416,34.40386],[135.52412,34.40363],[135.52372,34.40317],[135.52262,34.40137],[135.52257,34.40025],[135.52231,34.40002],[135.5213,34.39965],[135.52065,34.39911],[135.52022,34.39851],[135.51956,34.39708],[135.51955,34.39663],[135.52019,34.39595],[135.52027,34.39573],[135.52025,34.3955],[135.51957,34.39392],[135.51957,34.3937],[135.51997,34.39314],[135.52009,34.3928],[135.52012,34.39122],[135.52008,34.39077],[135.51974,34.38987],[135.51975,34.38897],[135.51947,34.38829],[135.51912,34.38784],[135.51838,34.38716],[135.51784,34.38633],[135.51703,34.38557],[135.51649,34.38465],[135.51622,34.38446],[135.51513,34.38407],[135.51324,34.38254],[135.51188,34.38172],[135.51134,34.38162],[135.50917,34.38159],[135.50808,34.3814],[135.50726,34.38137],[135.50645,34.3814],[135.50536,34.38181],[135.50509,34.38185],[135.50454,34.38182],[135.504,34.38167],[135.50371,34.38146],[135.5032,34.38079],[135.50315,34.38056],[135.50324,34.37988],[135.50316,34.37966],[135.50236,34.37898],[135.50162,34.37785],[135.501,34.37717],[135.50074,34.37672],[135.50058,34.37582],[135.50047,34.37559],[135.50023,34.37539],[135.49969,34.37529],[135.49887,34.3754],[135.4986,34.37537],[135.49752,34.3749],[135.49534,34.37447],[135.49453,34.37425],[135.49263,34.3735],[135.49128,34.37313],[135.491,34.37299],[135.49073,34.37266],[135.49064,34.37239],[135.49064,34.37014],[135.49003,34.36924],[135.48985,34.36878],[135.48978,34.36743],[135.48944,34.36585],[135.4891,34.3654],[135.48767,34.36449],[135.48656,34.36359],[135.48588,34.36313],[135.48563,34.36281],[135.48562,34.36246],[135.48571,34.36223],[135.48639,34.36088],[135.48731,34.35953],[135.48753,34.35863],[135.48814,34.35751],[135.48839,34.35683],[135.48866,34.35653],[135.48948,34.35597],[135.49018,34.35526],[135.49084,34.35497],[135.49193,34.35485],[135.49329,34.35453],[135.49359,34.35438],[135.49435,34.3537],[135.49465,34.35354],[135.49765,34.35235],[135.49805,34.35191],[135.49848,34.35079],[135.49875,34.3505],[135.49902,34.35035],[135.49957,34.35024],[135.5012,34.35022],[135.50155,34.35013],[135.50183,34.3499],[135.50257,34.34878],[135.50284,34.3481],[135.5033,34.34743],[135.50347,34.34698],[135.50339,34.34653],[135.50258,34.34561],[135.50247,34.34517],[135.50255,34.34472],[135.50285,34.34405],[135.50463,34.3418],[135.50487,34.34135],[135.50482,34.34067],[135.50455,34.33977],[135.50429,34.33932],[135.50398,34.33901],[135.5029,34.33844],[135.50263,34.33818],[135.50261,34.33796],[135.50286,34.33751],[135.50363,34.33661],[135.50402,34.33639]],[[135.52385,34.38142],[135.52368,34.38154],[135.52346,34.38199],[135.52306,34.38244],[135.52295,34.38267],[135.52294,34.38312],[135.52312,34.38357],[135.52329,34.38381],[135.5241,34.38422],[135.52464,34.38503],[135.52626,34.38655],[135.52684,34.38696],[135.52716,34.38742],[135.5272,34.38809],[135.52702,34.38877],[135.52678,34.38922],[135.52622,34.38967],[135.52614,34.38989],[135.5264,34.39034],[135.52638,34.39057],[135.52567,34.39169],[135.5256,34.39259],[135.52535,34.39327],[135.52531,34.39417],[135.52537,34.39462],[135.52576,34.39575],[135.52567,34.39643],[135.52573,34.39665],[135.52608,34.3971],[135.52623,34.39756],[135.52647,34.39773],[135.52702,34.39775],[135.52865,34.39724],[135.52902,34.39689],[135.52919,34.39644],[135.52913,34.39531],[135.52867,34.39473],[135.52855,34.39396],[135.52786,34.3926],[135.52774,34.39215],[135.52778,34.39102],[135.52787,34.39075],[135.5283,34.39013],[135.52834,34.3899],[135.5283,34.389],[135.52858,34.3881],[135.52857,34.38765],[135.52812,34.38674],[135.52822,34.38607],[135.52817,34.38597],[135.52798,34.38584],[135.52681,34.38554],[135.52627,34.38519],[135.52598,34.38471],[135.52579,34.3838],[135.52547,34.38354],[135.52453,34.38312],[135.52421,34.3829],[135.52415,34.38267],[135.52458,34.382],[135.52458,34.38177],[135.52439,34.38152],[135.52412,34.3814],[135.52385,34.38142]],[[135.54005,34.4514],[135.53938,34.45147],[135.53931,34.4517],[135.53946,34.45192],[135.53977,34.45214],[135.54031,34.4523],[135.54059,34.45229],[135.54082,34.45215],[135.54087,34.45193],[135.54059,34.45159],[135.54005,34.4514]],[[135.5494,34.43821],[135.54934,34.43821],[135.54937,34.43825],[135.5494,34.43821]],[[135.52461,34.43935],[135.52448,34.43947],[135.5246,34.43978],[135.52488,34.43991],[135.52518,34.43992],[135.52523,34.4397],[135.52509,34.43947],[135.52488,34.43934],[135.52461,34.43935]]]}},{"type":"Feature","properties":{"no":56},"geometry":{"type":"MultiPolygon","coordinates":[[[[135.37696,34.47802],[135.37651,34.4787],[135.37623,34.47892],[135.37332,34.48052],[135.3725,34.4809],[135.37215,34.48116],[135.37197,34.48161],[135.37218,34.48251],[135.37241,34.48296],[135.37275,34.48318],[135.37303,34.48319],[135.37521,34.48258],[135.37575,34.4826],[135.37598,34.48275],[135.37687,34.48501],[135.37718,34.48614],[135.377,34.48659],[135.37619,34.48726],[135.37604,34.48771],[135.3768,34.48769],[135.37871,34.48683],[135.37899,34.48679],[135.37926,34.48691],[135.37953,34.4874],[135.37979,34.48825],[135.38014,34.48886],[135.38053,34.49066],[135.3806,34.49134],[135.381,34.49202],[135.38171,34.49428],[135.38192,34.4946],[135.38219,34.49476],[135.38274,34.49476],[135.38328,34.49462],[135.38419,34.49429],[135.38448,34.49406],[135.38455,34.49384],[135.38426,34.49294],[135.38434,34.49204],[135.38426,34.49181],[135.38383,34.49136],[135.38361,34.49091],[135.38363,34.49068],[135.38396,34.49001],[135.38384,34.48933],[135.38405,34.48843],[135.384,34.4882],[135.38306,34.48785],[135.38294,34.48775],[135.38279,34.48728],[135.38252,34.48708],[135.38198,34.48693],[135.38186,34.48684],[135.38144,34.48625],[135.38074,34.48571],[135.38063,34.48551],[135.38067,34.4848],[135.38041,34.48413],[135.38018,34.483],[135.38001,34.48277],[135.37929,34.48232],[135.37911,34.48209],[135.37909,34.48187],[135.37952,34.48097],[135.37963,34.48052],[135.37904,34.47894],[135.37829,34.47803],[135.37796,34.47786],[135.37715,34.47793],[135.37696,34.47802]]],[[[135.3795,34.49151],[135.3782,34.49223],[135.378,34.49245],[135.37813,34.4925],[135.3783,34.49246],[135.37941,34.49201],[135.37977,34.49179],[135.3799,34.49156],[135.3795,34.49151]]],[[[135.37594,34.49332],[135.37523,34.49379],[135.3751,34.49402],[135.3764,34.49357],[135.37678,34.49335],[135.37698,34.49313],[135.37676,34.49302],[135.37649,34.49306],[135.37594,34.49332]]],[[[135.37462,34.4879],[135.3708,34.48993],[135.37056,34.49016],[135.37048,34.49039],[135.37051,34.49061],[135.37102,34.49174],[135.37205,34.49355],[135.37221,34.494],[135.37212,34.49445],[135.3712,34.49535],[135.37103,34.49558],[135.3709,34.49602],[135.37089,34.49963],[135.371,34.49991],[135.37127,34.50005],[135.37181,34.49989],[135.37509,34.49833],[135.37545,34.49808],[135.37568,34.49763],[135.37556,34.49717],[135.3748,34.49582],[135.37434,34.49446],[135.37374,34.49378],[135.37238,34.4913],[135.37217,34.49062],[135.37235,34.49017],[135.37263,34.48995],[135.37556,34.48839],[135.37578,34.48816],[135.37593,34.48771],[135.37517,34.4877],[135.37462,34.4879]]]]}},{"type":"Feature","properties":{"no":57},"geometry":{"type":"Polygon","coordinates":[[[135.684,34.74222],[135.68451,34.74219],[135.68478,34.7423],[135.6856,34.74289],[135.68642,34.743],[135.68669,34.74309],[135.68751,34.74358],[135.6886,34.74378],[135.68887,34.74396],[135.68915,34.74434],[135.68935,34.74449],[135.68969,34.74457],[135.69024,34.7445],[135.6916,34.7439],[135.69188,34.74371],[135.69241,34.74315],[135.69297,34.74291],[135.69461,34.74288],[135.69516,34.743],[135.6964,34.74383],[135.69734,34.74429],[135.69815,34.74451],[135.69843,34.74466],[135.69897,34.7452],[135.69909,34.74564],[135.69906,34.74609],[135.69808,34.74767],[135.69777,34.74834],[135.69778,34.74925],[135.69789,34.74947],[135.69814,34.74967],[135.69977,34.75014],[135.70114,34.75082],[135.70168,34.75084],[135.70223,34.75064],[135.7036,34.74979],[135.70442,34.74894],[135.70497,34.74859],[135.70579,34.74848],[135.70655,34.74859],[135.70685,34.74882],[135.70696,34.74904],[135.70711,34.75017],[135.70795,34.75198],[135.7085,34.75251],[135.70959,34.75303],[135.71005,34.75356],[135.71026,34.75423],[135.71023,34.75581],[135.70961,34.75784],[135.70908,34.75874],[135.70906,34.75896],[135.70923,34.75942],[135.70987,34.76032],[135.70996,34.76077],[135.70981,34.76099],[135.70927,34.76144],[135.70892,34.76212],[135.70886,34.76505],[135.7084,34.7664],[135.70858,34.7673],[135.70859,34.76865],[135.70868,34.76911],[135.70907,34.77001],[135.70978,34.77114],[135.7098,34.77136],[135.70953,34.7717],[135.70898,34.77189],[135.70843,34.77189],[135.70762,34.7717],[135.70734,34.77171],[135.70707,34.77184],[135.7069,34.77203],[135.70675,34.77248],[135.70681,34.77271],[135.70784,34.77451],[135.7087,34.77537],[135.70903,34.77587],[135.70981,34.77745],[135.7099,34.7779],[135.70987,34.77925],[135.7097,34.77993],[135.70977,34.7802],[135.71004,34.78042],[135.71059,34.78062],[135.71141,34.7812],[135.71222,34.78158],[135.71278,34.78241],[135.71304,34.78262],[135.71331,34.78271],[135.71441,34.78284],[135.71497,34.78309],[135.71522,34.78335],[135.71575,34.78467],[135.71658,34.7858],[135.7167,34.78625],[135.71667,34.78693],[135.71645,34.78783],[135.71652,34.78873],[135.71642,34.78896],[135.71493,34.78997],[135.71471,34.79031],[135.71505,34.79188],[135.71504,34.79233],[135.71492,34.79279],[135.71437,34.79356],[135.7131,34.79413],[135.71273,34.79479],[135.71245,34.79498],[135.71218,34.79503],[135.71136,34.79493],[135.71109,34.79499],[135.70999,34.7955],[135.70944,34.79555],[135.70862,34.79543],[135.70835,34.79546],[135.70726,34.79584],[135.70698,34.79578],[135.70671,34.79547],[135.7067,34.79502],[135.70713,34.79434],[135.70784,34.79367],[135.708,34.79344],[135.70801,34.79322],[135.70788,34.79299],[135.70754,34.79276],[135.70574,34.79209],[135.70509,34.7915],[135.70481,34.79139],[135.70427,34.79136],[135.704,34.79127],[135.7039,34.79118],[135.70391,34.79096],[135.70424,34.79051],[135.7043,34.79028],[135.70422,34.79005],[135.704,34.78987],[135.70373,34.7898],[135.70291,34.78985],[135.70182,34.78942],[135.70072,34.78928],[135.69936,34.78889],[135.69881,34.78881],[135.69799,34.78886],[135.69717,34.78932],[135.69608,34.78945],[135.69526,34.78939],[135.69417,34.78905],[135.69335,34.7892],[135.69253,34.78922],[135.69211,34.78912],[135.69172,34.7889],[135.69124,34.78845],[135.69112,34.78822],[135.69124,34.78777],[135.69199,34.78668],[135.69227,34.78651],[135.69336,34.78609],[135.69418,34.78589],[135.695,34.7859],[135.69609,34.78618],[135.69664,34.78607],[135.6972,34.78576],[135.69739,34.78553],[135.69749,34.78463],[135.69783,34.78418],[135.69787,34.78395],[135.69761,34.78328],[135.69775,34.78305],[135.69829,34.78281],[135.69856,34.78255],[135.69868,34.78215],[135.69868,34.78148],[135.69912,34.7808],[135.6993,34.78035],[135.69929,34.7799],[135.699,34.77945],[135.69858,34.7793],[135.69803,34.7793],[135.69776,34.77919],[135.69769,34.779],[135.698,34.77832],[135.69802,34.77809],[135.69776,34.77782],[135.69694,34.77749],[135.6964,34.77699],[135.69613,34.7769],[135.69558,34.77696],[135.69503,34.77726],[135.69448,34.77739],[135.69394,34.77723],[135.69373,34.77696],[135.69381,34.77673],[135.69416,34.77651],[135.69531,34.77617],[135.69586,34.77586],[135.69711,34.77426],[135.69714,34.77404],[135.69703,34.77381],[135.69655,34.77336],[135.69627,34.77246],[135.69596,34.77178],[135.69589,34.77133],[135.69611,34.77088],[135.69633,34.77065],[135.69724,34.77007],[135.69779,34.76957],[135.69803,34.76908],[135.69801,34.76885],[135.69779,34.76857],[135.69698,34.76803],[135.6965,34.76705],[135.69616,34.76664],[135.69589,34.76646],[135.69502,34.76614],[135.6949,34.76592],[135.69504,34.76569],[135.69535,34.76553],[135.69644,34.76554],[135.69699,34.7654],[135.69728,34.76525],[135.69751,34.76502],[135.69761,34.7648],[135.69741,34.76367],[135.6974,34.76254],[135.69754,34.76223],[135.6984,34.76142],[135.69865,34.76097],[135.69868,34.76074],[135.69861,34.76052],[135.69839,34.76029],[135.69774,34.75984],[135.69727,34.75916],[135.69696,34.75894],[135.69619,34.75873],[135.6951,34.75832],[135.69456,34.75819],[135.69428,34.75819],[135.69401,34.75827],[135.69322,34.75893],[135.69291,34.75909],[135.69182,34.75951],[135.69127,34.75955],[135.69112,34.75937],[135.69158,34.75847],[135.69163,34.75802],[135.69101,34.75672],[135.69074,34.75659],[135.69048,34.75667],[135.69019,34.75696],[135.68992,34.7571],[135.68964,34.75709],[135.68883,34.75684],[135.68828,34.75682],[135.68719,34.75663],[135.68691,34.75669],[135.68664,34.75691],[135.68605,34.75801],[135.68527,34.76003],[135.68474,34.76071],[135.68444,34.76091],[135.68389,34.76103],[135.68034,34.76116],[135.67998,34.76137],[135.67925,34.7621],[135.67897,34.76221],[135.6787,34.76222],[135.67745,34.76182],[135.67682,34.76136],[135.6767,34.76114],[135.67676,34.76046],[135.67666,34.76024],[135.6764,34.76001],[135.67594,34.75978],[135.67577,34.75956],[135.67561,34.75911],[135.67544,34.75896],[135.67435,34.75873],[135.67353,34.75818],[135.67298,34.758],[135.67271,34.75803],[135.67189,34.75845],[135.67162,34.75833],[135.67143,34.75752],[135.67152,34.75662],[135.67146,34.75639],[135.67123,34.75616],[135.67053,34.7559],[135.66999,34.75581],[135.66889,34.75602],[135.66835,34.75598],[135.66775,34.7557],[135.66699,34.75547],[135.66617,34.75491],[135.66571,34.75412],[135.66454,34.75297],[135.66427,34.75279],[135.66236,34.75243],[135.66224,34.75231],[135.66222,34.75208],[135.66242,34.75163],[135.66242,34.75141],[135.66228,34.75118],[135.66182,34.75085],[135.661,34.75045],[135.66065,34.75005],[135.66063,34.74982],[135.66074,34.7496],[135.66106,34.74937],[135.66155,34.74929],[135.66208,34.74938],[135.66237,34.74953],[135.66318,34.75029],[135.66346,34.75034],[135.66373,34.75023],[135.66404,34.74983],[135.6642,34.74938],[135.66431,34.74871],[135.66423,34.74803],[135.66429,34.74777],[135.66456,34.74731],[135.66538,34.74657],[135.66593,34.74623],[135.6673,34.7459],[135.66784,34.74569],[135.66812,34.74545],[135.66842,34.74489],[135.66874,34.74466],[135.66894,34.74461],[135.66949,34.74464],[135.6703,34.7449],[135.67059,34.74512],[135.67139,34.74612],[135.67194,34.74641],[135.67221,34.74639],[135.67248,34.74619],[135.67303,34.74492],[135.67336,34.74468],[135.67385,34.74457],[135.67467,34.74452],[135.67495,34.74464],[135.67522,34.74492],[135.67549,34.74502],[135.67576,34.74495],[135.67659,34.7445],[135.6774,34.74442],[135.67768,34.74431],[135.67905,34.74356],[135.67959,34.74351],[135.67987,34.74359],[135.68012,34.74379],[135.68051,34.74447],[135.68095,34.74486],[135.6815,34.74516],[135.68232,34.74535],[135.68259,34.74531],[135.68286,34.74508],[135.68299,34.7447],[135.68302,34.7438],[135.68314,34.74325],[135.68342,34.74267],[135.68369,34.74238],[135.684,34.74222]],[[135.7111,34.78947],[135.71093,34.78962],[135.71087,34.78985],[135.71102,34.79007],[135.71192,34.79062],[135.71219,34.7907],[135.71247,34.7906],[135.71254,34.79053],[135.71248,34.7903],[135.71165,34.78954],[135.71138,34.78942],[135.7111,34.78947]],[[135.69417,34.78812],[135.69398,34.78823],[135.69393,34.78845],[135.69417,34.78868],[135.69439,34.78845],[135.69436,34.78823],[135.69417,34.78812]],[[135.66917,34.75479],[135.66917,34.75503],[135.66944,34.75527],[135.66972,34.75529],[135.66995,34.75503],[135.66988,34.75481],[135.66972,34.75471],[135.66945,34.75468],[135.66917,34.75479]]]}},{"type":"Feature","properties":{"no":58},"geometry":{"type":"Polygon","coordinates":[[[135.41364,34.68984],[135.41431,34.68964],[135.41458,34.68966],[135.4154,34.69003],[135.42083,34.69322],[135.42635,34.69666],[135.42663,34.69711],[135.4268,34.69801],[135.42671,34.69846],[135.42625,34.69916],[135.42598,34.69938],[135.42488,34.69996],[135.42463,34.70026],[135.42458,34.70048],[135.42466,34.70071],[135.42487,34.7009],[135.42569,34.70121],[135.42621,34.70207],[135.42617,34.70229],[135.42514,34.70273],[135.42404,34.70281],[135.4235,34.70295],[135.42213,34.70364],[135.42131,34.70393],[135.42076,34.70396],[135.42021,34.70387],[135.4194,34.70365],[135.4164,34.70253],[135.41341,34.70121],[135.41124,34.69982],[135.41043,34.69896],[135.40921,34.69793],[135.40853,34.69716],[135.40833,34.69657],[135.40843,34.6959],[135.40871,34.695],[135.40917,34.69387],[135.41016,34.6923],[135.41092,34.6914],[135.41157,34.69092],[135.41364,34.68984]]]}},{"type":"Feature","properties":{"no":59},"geometry":{"type":"Polygon","coordinates":[[[135.65141,34.55935],[135.65197,34.55906],[135.65251,34.55906],[135.65306,34.55928],[135.6536,34.55976],[135.6541,34.56049],[135.65516,34.56162],[135.6555,34.5618],[135.65577,34.56173],[135.65605,34.56149],[135.65687,34.56019],[135.65714,34.56007],[135.65741,34.5601],[135.65764,34.56027],[135.6578,34.56072],[135.65779,34.56117],[135.65768,34.56146],[135.65712,34.56185],[135.657,34.56207],[135.65709,34.5623],[135.65822,34.56309],[135.6593,34.56404],[135.66012,34.56451],[135.66038,34.56479],[135.66051,34.56546],[135.66046,34.56591],[135.66034,34.56614],[135.66011,34.5663],[135.65984,34.56634],[135.65957,34.56617],[135.65947,34.56591],[135.6594,34.56501],[135.6593,34.56476],[135.65903,34.56448],[135.65849,34.56429],[135.65767,34.56422],[135.65712,34.56425],[135.65631,34.56455],[135.65549,34.5647],[135.65494,34.56489],[135.6544,34.5652],[135.65414,34.56545],[135.65392,34.56612],[135.65357,34.56641],[135.65248,34.56645],[135.65193,34.56634],[135.65174,34.56611],[135.65148,34.56499],[135.65004,34.56378],[135.64944,34.56295],[135.64929,34.5625],[135.64937,34.56228],[135.64986,34.56183],[135.65005,34.5617],[135.65087,34.56142],[135.65122,34.56116],[135.65139,34.5607],[135.65117,34.56003],[135.65117,34.5598],[135.65141,34.55935]]]}},{"type":"Feature","properties":{"no":60},"geometry":{"type":"MultiPolygon","coordinates":[[[[135.45217,34.90663],[135.45239,34.90683],[135.45292,34.90683],[135.45272,34.90657],[135.45244,34.90651],[135.45217,34.90663]]],[[[135.48438,34.87372],[135.48403,34.87406],[135.48356,34.87434],[135.48219,34.87475],[135.48194,34.87495],[135.48182,34.87518],[135.48133,34.87675],[135.48143,34.87788],[135.48121,34.87901],[135.48124,34.87968],[135.48162,34.88059],[135.4816,34.88099],[135.48122,34.88171],[135.48046,34.88396],[135.48019,34.88419],[135.47912,34.88463],[135.47893,34.88486],[135.47891,34.88508],[135.47919,34.88576],[135.47918,34.88598],[135.47896,34.88643],[135.47827,34.88733],[135.47797,34.88801],[135.47787,34.88846],[135.47787,34.88981],[135.47799,34.89025],[135.47817,34.89049],[135.47908,34.89108],[135.47972,34.89162],[135.47998,34.89207],[135.48016,34.89271],[135.48043,34.89299],[135.48261,34.89427],[135.48343,34.89459],[135.48425,34.8948],[135.48534,34.89551],[135.48589,34.89573],[135.48671,34.8959],[135.48698,34.8961],[135.48709,34.89638],[135.48707,34.89684],[135.48669,34.89803],[135.48642,34.89826],[135.4856,34.89849],[135.48505,34.89848],[135.48423,34.89832],[135.48368,34.8983],[135.48313,34.89837],[135.48231,34.89861],[135.48099,34.89951],[135.47984,34.90011],[135.47901,34.90096],[135.47764,34.90209],[135.47599,34.90324],[135.47577,34.90355],[135.47573,34.90377],[135.476,34.90468],[135.47597,34.90513],[135.47554,34.9058],[135.4749,34.90647],[135.4748,34.9067],[135.47501,34.90783],[135.47491,34.90828],[135.47461,34.9085],[135.47397,34.90872],[135.47359,34.90895],[135.47337,34.9094],[135.47326,34.9103],[135.47293,34.91059],[135.47239,34.91073],[135.47184,34.91061],[135.47075,34.91016],[135.46856,34.91013],[135.46665,34.90984],[135.46608,34.90959],[135.46583,34.90935],[135.46521,34.90824],[135.46527,34.90778],[135.46566,34.90688],[135.4656,34.90643],[135.46377,34.90327],[135.46286,34.90255],[135.46205,34.90208],[135.46123,34.90135],[135.46069,34.90101],[135.46041,34.90094],[135.45987,34.90098],[135.45937,34.90122],[135.45877,34.90174],[135.45849,34.90176],[135.45834,34.90167],[135.4582,34.90144],[135.45832,34.90032],[135.45787,34.89851],[135.45781,34.89761],[135.45774,34.89738],[135.4575,34.89716],[135.45716,34.89706],[135.45579,34.89701],[135.45471,34.89669],[135.45307,34.89513],[135.45279,34.89501],[135.45225,34.89506],[135.45115,34.8954],[135.45033,34.89538],[135.44923,34.89546],[135.44759,34.89587],[135.44732,34.89586],[135.44709,34.89576],[135.4465,34.89529],[135.44623,34.89521],[135.44568,34.89536],[135.44544,34.89553],[135.44534,34.89575],[135.44594,34.89715],[135.44621,34.89733],[135.44649,34.89734],[135.44786,34.89705],[135.4484,34.89719],[135.44899,34.8978],[135.44941,34.89847],[135.44957,34.89893],[135.4496,34.89983],[135.45002,34.90048],[135.45029,34.90058],[135.45084,34.90063],[135.45107,34.90073],[135.45164,34.90141],[135.45193,34.90163],[135.4526,34.90187],[135.45329,34.90244],[135.45384,34.9026],[135.45409,34.90278],[135.45423,34.903],[135.45425,34.90323],[135.45384,34.9039],[135.4538,34.90435],[135.45401,34.90458],[135.45464,34.90483],[135.45486,34.90503],[135.45494,34.90526],[135.45488,34.90548],[135.45409,34.90645],[135.45381,34.90666],[135.45332,34.90683],[135.45366,34.90706],[135.45435,34.90725],[135.4549,34.90749],[135.45581,34.90819],[135.45682,34.90865],[135.45716,34.90888],[135.45744,34.90933],[135.45743,34.91],[135.45732,34.91023],[135.45707,34.91047],[135.45619,34.9109],[135.45515,34.91157],[135.45432,34.91175],[135.4535,34.91183],[135.45323,34.91199],[135.45335,34.91292],[135.45334,34.91382],[135.4531,34.91449],[135.45288,34.91472],[135.45239,34.91499],[135.45047,34.91557],[135.44992,34.91582],[135.44969,34.91605],[135.44962,34.91628],[135.44971,34.9165],[135.44991,34.91666],[135.45073,34.91688],[135.45128,34.91723],[135.4521,34.91729],[135.45319,34.9172],[135.4535,34.91742],[135.45375,34.91833],[135.454,34.91856],[135.45455,34.91875],[135.4551,34.91863],[135.45592,34.91811],[135.45674,34.91796],[135.45729,34.91797],[135.45839,34.91817],[135.45948,34.91802],[135.46003,34.91805],[135.46085,34.9182],[135.46194,34.91806],[135.46249,34.91806],[135.46358,34.91838],[135.4644,34.91913],[135.46549,34.91977],[135.46595,34.92041],[135.46615,34.92109],[135.46615,34.92199],[135.46602,34.92266],[135.46607,34.92334],[135.46596,34.92401],[135.46602,34.92424],[135.46628,34.92456],[135.46682,34.925],[135.46737,34.92525],[135.46819,34.92546],[135.46839,34.9256],[135.46852,34.92583],[135.46849,34.92628],[135.46818,34.9274],[135.46743,34.9283],[135.46719,34.92875],[135.46717,34.92898],[135.46734,34.9292],[135.46789,34.92931],[135.46871,34.92929],[135.46981,34.92911],[135.47145,34.92915],[135.47445,34.93026],[135.47497,34.93059],[135.47511,34.93104],[135.47489,34.93194],[135.4749,34.93262],[135.47515,34.93307],[135.47661,34.93482],[135.47691,34.93533],[135.477,34.93578],[135.47705,34.93713],[135.47696,34.93803],[135.47704,34.93871],[135.47714,34.93894],[135.47787,34.93984],[135.47825,34.94052],[135.47858,34.94165],[135.47853,34.943],[135.47902,34.94368],[135.47929,34.94436],[135.47956,34.94465],[135.47983,34.9448],[135.48147,34.94514],[135.48229,34.94501],[135.48257,34.94506],[135.48366,34.94576],[135.4845,34.94618],[135.48473,34.94641],[135.48502,34.94692],[135.48529,34.94703],[135.48557,34.947],[135.48666,34.94662],[135.48803,34.94644],[135.48853,34.9462],[135.48886,34.94579],[135.48911,34.9444],[135.49044,34.94215],[135.49071,34.94192],[135.49107,34.94183],[135.49244,34.94173],[135.49381,34.94111],[135.49436,34.94096],[135.496,34.94097],[135.49737,34.94072],[135.49847,34.94081],[135.49901,34.94102],[135.49987,34.94151],[135.50065,34.94227],[135.50147,34.94278],[135.50212,34.94332],[135.50248,34.94378],[135.5039,34.94604],[135.50418,34.94623],[135.50446,34.9463],[135.505,34.9462],[135.50583,34.94585],[135.50693,34.94506],[135.50748,34.94477],[135.50802,34.94462],[135.50939,34.9445],[135.51077,34.94389],[135.51131,34.94385],[135.51213,34.94408],[135.51323,34.94389],[135.51432,34.94404],[135.5146,34.94387],[135.51471,34.9436],[135.51475,34.94247],[135.51497,34.94157],[135.51496,34.94135],[135.51464,34.94044],[135.51498,34.93932],[135.51481,34.93842],[135.51481,34.93774],[135.51527,34.93639],[135.51693,34.93392],[135.5174,34.93349],[135.51767,34.93341],[135.51794,34.93341],[135.51904,34.93369],[135.52068,34.93355],[135.52095,34.93346],[135.52135,34.93303],[135.52175,34.93191],[135.52279,34.93011],[135.52344,34.92963],[135.52508,34.9289],[135.52542,34.92854],[135.52562,34.92742],[135.52529,34.92651],[135.5255,34.92539],[135.52551,34.92404],[135.52539,34.92358],[135.52503,34.92291],[135.52475,34.92178],[135.52482,34.9202],[135.52432,34.91942],[135.52323,34.91891],[135.52296,34.91862],[135.52277,34.91771],[135.5225,34.91726],[135.5216,34.91667],[135.52078,34.91601],[135.51997,34.915],[135.51985,34.91432],[135.52007,34.91342],[135.52009,34.91297],[135.51988,34.91252],[135.51954,34.91229],[135.51807,34.91161],[135.51725,34.91136],[135.51701,34.91116],[135.5169,34.91093],[135.51681,34.9089],[135.51642,34.908],[135.51635,34.90755],[135.51654,34.9071],[135.517,34.90665],[135.51809,34.90508],[135.51811,34.9047],[135.51793,34.9044],[135.51648,34.90326],[135.51593,34.90311],[135.51456,34.90314],[135.51402,34.90308],[135.51374,34.90296],[135.51266,34.902],[135.51135,34.90032],[135.51136,34.89987],[135.51171,34.89874],[135.51169,34.89851],[135.51145,34.89829],[135.51104,34.89819],[135.50994,34.89821],[135.50967,34.8983],[135.50884,34.89877],[135.5083,34.89875],[135.50775,34.89852],[135.50694,34.8979],[135.50352,34.89623],[135.50257,34.89592],[135.5012,34.89579],[135.50094,34.89554],[135.50103,34.89509],[135.50158,34.89419],[135.50161,34.89374],[135.5015,34.89329],[135.50113,34.89261],[135.50105,34.89194],[135.50059,34.89036],[135.5005,34.8881],[135.50005,34.88742],[135.49952,34.8863],[135.4988,34.88544],[135.49857,34.88471],[135.49829,34.88426],[135.49764,34.88381],[135.49636,34.8832],[135.4959,34.88267],[135.49573,34.88222],[135.49578,34.88177],[135.49617,34.8811],[135.49692,34.88061],[135.49857,34.87998],[135.49892,34.87976],[135.49911,34.87953],[135.49924,34.87908],[135.49925,34.87863],[135.49921,34.87818],[135.4991,34.87795],[135.49858,34.87762],[135.49803,34.87743],[135.49749,34.87743],[135.49723,34.8775],[135.49685,34.87772],[135.49616,34.87839],[135.49501,34.87917],[135.49447,34.8794],[135.49392,34.87938],[135.49283,34.87857],[135.49174,34.87816],[135.49065,34.87754],[135.48916,34.87701],[135.48895,34.87679],[135.48785,34.87453],[135.48739,34.874],[135.48684,34.87377],[135.48575,34.87354],[135.48493,34.87352],[135.48466,34.87357],[135.48438,34.87372]]]]}},{"type":"Feature","properties":{"no":61},"geometry":{"type":"Polygon","coordinates":[[[135.37996,34.32861],[135.38043,34.3286],[135.38259,34.32938],[135.38477,34.32941],[135.38586,34.32924],[135.38667,34.32928],[135.38694,34.32945],[135.38715,34.32977],[135.38803,34.33203],[135.38855,34.33241],[135.38909,34.33257],[135.39072,34.33286],[135.39126,34.33279],[135.39187,34.3325],[135.39427,34.33094],[135.39563,34.33079],[135.39644,34.33049],[135.39699,34.33044],[135.39726,34.33052],[135.39751,34.33073],[135.39788,34.3314],[135.39823,34.33186],[135.3986,34.33217],[135.39915,34.33247],[135.40077,34.33279],[135.40186,34.33282],[135.40221,34.333],[135.40291,34.33368],[135.40341,34.33391],[135.40402,34.33402],[135.40511,34.334],[135.40556,34.33415],[135.406,34.33482],[135.40673,34.33551],[135.40711,34.33708],[135.40709,34.33753],[135.4069,34.33821],[135.40696,34.33866],[135.40725,34.33916],[135.40834,34.34024],[135.40863,34.34092],[135.40896,34.34205],[135.409,34.34385],[135.40859,34.3452],[135.40781,34.34655],[135.40747,34.34703],[135.40637,34.34783],[135.4061,34.34795],[135.40528,34.34812],[135.40474,34.34834],[135.40419,34.34844],[135.40202,34.34832],[135.40171,34.3481],[135.40121,34.3471],[135.40094,34.34692],[135.4004,34.34681],[135.39959,34.34684],[135.39823,34.34711],[135.39719,34.34718],[135.39632,34.34771],[135.39577,34.34791],[135.39523,34.34784],[135.39442,34.34755],[135.39333,34.34763],[135.39252,34.34737],[135.39225,34.3474],[135.39197,34.34754],[135.3917,34.34783],[135.39161,34.34805],[135.39153,34.35053],[135.3914,34.35094],[135.39113,34.35122],[135.39009,34.35187],[135.38991,34.3521],[135.38945,34.35322],[135.3892,34.35412],[135.38838,34.35511],[135.38811,34.35525],[135.38784,34.35525],[135.38648,34.35493],[135.38512,34.35493],[135.38322,34.35544],[135.38131,34.35611],[135.38073,34.35656],[135.38003,34.35791],[135.37996,34.35836],[135.38156,34.36175],[135.38156,34.3622],[135.38123,34.3631],[135.38094,34.36332],[135.38017,34.36355],[135.37935,34.36399],[135.37908,34.36406],[135.37772,34.36413],[135.37663,34.36431],[135.37527,34.36432],[135.37473,34.36442],[135.37255,34.36547],[135.37227,34.36545],[135.37206,34.36531],[135.37174,34.36473],[135.37146,34.36453],[135.37092,34.3645],[135.37038,34.36462],[135.36972,34.36507],[135.36897,34.36597],[135.36733,34.36709],[135.36655,34.36781],[135.36628,34.36793],[135.366,34.36793],[135.36519,34.36757],[135.36465,34.3676],[135.36311,34.36819],[135.36219,34.36887],[135.36056,34.36937],[135.35946,34.37029],[135.35864,34.37078],[135.35728,34.37186],[135.35591,34.37264],[135.35566,34.37288],[135.35551,34.37333],[135.35538,34.37491],[135.35489,34.37604],[135.35492,34.37649],[135.35514,34.37716],[135.35511,34.37829],[135.35489,34.37874],[135.3545,34.37913],[135.35396,34.37935],[135.35305,34.37918],[135.35325,34.37896],[135.35396,34.37874],[135.35423,34.37856],[135.35438,34.37829],[135.35442,34.37784],[135.35405,34.37716],[135.35403,34.37693],[135.35437,34.37581],[135.35436,34.37558],[135.354,34.37536],[135.35372,34.37534],[135.35181,34.37582],[135.35095,34.37647],[135.35064,34.37692],[135.35076,34.37782],[135.35069,34.37849],[135.3508,34.37872],[135.35124,34.37903],[135.35151,34.37911],[135.35233,34.37904],[135.3528,34.37918],[135.3526,34.3793],[135.35205,34.37986],[135.35123,34.38022],[135.35069,34.38029],[135.34954,34.38006],[135.34906,34.3798],[135.34852,34.37961],[135.34771,34.37913],[135.34743,34.37909],[135.34697,34.37915],[135.34662,34.37936],[135.34654,34.3796],[135.34658,34.37982],[135.34681,34.38005],[135.3477,34.38026],[135.3482,34.38051],[135.3483,34.38073],[135.3482,34.38118],[135.34818,34.38186],[135.34808,34.38209],[135.34769,34.38276],[135.3474,34.38308],[135.34658,34.38375],[135.34576,34.38429],[135.34494,34.38511],[135.3444,34.38528],[135.34394,34.3859],[135.34286,34.38679],[135.34265,34.38724],[135.34261,34.38769],[135.34264,34.38814],[135.34287,34.38904],[135.34277,34.38927],[135.34137,34.3894],[135.3411,34.3893],[135.34098,34.38903],[135.34125,34.38836],[135.34123,34.38746],[135.34139,34.38712],[135.34172,34.38678],[135.34252,34.38634],[135.34304,34.38543],[135.34331,34.38518],[135.3442,34.38522],[135.34446,34.38455],[135.34468,34.38428],[135.34527,34.38387],[135.34534,34.38365],[135.34522,34.38357],[135.34495,34.38358],[135.34359,34.3841],[135.34332,34.38415],[135.34304,34.38409],[135.3429,34.38386],[135.34266,34.38296],[135.34265,34.38183],[135.34249,34.38138],[135.34225,34.38119],[135.34198,34.38112],[135.34089,34.38129],[135.34062,34.38127],[135.34044,34.38114],[135.34041,34.38092],[135.34092,34.38002],[135.34088,34.37957],[135.3407,34.37934],[135.34037,34.37916],[135.34009,34.37914],[135.3391,34.37956],[135.3387,34.37956],[135.33846,34.37938],[135.33835,34.3791],[135.33843,34.37798],[135.33835,34.37775],[135.3382,34.37763],[135.33793,34.37759],[135.33739,34.3777],[135.33712,34.37766],[135.33619,34.37706],[135.33576,34.37693],[135.33549,34.37695],[135.33467,34.37732],[135.3344,34.37733],[135.33413,34.37727],[135.33332,34.37685],[135.3325,34.37664],[135.33196,34.37638],[135.33115,34.37626],[135.33091,34.37591],[135.3309,34.37568],[135.33113,34.37501],[135.3311,34.37478],[135.33089,34.3745],[135.33008,34.37396],[135.3297,34.3732],[135.32926,34.37274],[135.32906,34.37207],[135.32847,34.37094],[135.32793,34.37044],[135.32766,34.37035],[135.3267,34.37025],[135.32549,34.36979],[135.32441,34.36918],[135.32386,34.36907],[135.32332,34.36925],[135.32291,34.36955],[135.32205,34.37045],[135.32149,34.3709],[135.32113,34.37142],[135.32085,34.37162],[135.32031,34.37174],[135.31977,34.3717],[135.31841,34.37113],[135.31828,34.37088],[135.31837,34.37065],[135.31896,34.37012],[135.31934,34.36953],[135.31996,34.36886],[135.32028,34.36796],[135.32089,34.36728],[135.32141,34.36616],[135.32199,34.36539],[135.32228,34.36391],[135.32247,34.36369],[135.32282,34.36347],[135.32391,34.36325],[135.32445,34.36324],[135.32477,34.36303],[135.32475,34.3628],[135.32439,34.36212],[135.32347,34.36099],[135.32329,34.36054],[135.32313,34.35964],[135.32256,34.35873],[135.32242,34.3576],[135.32221,34.3567],[135.32219,34.35535],[135.32344,34.35355],[135.32354,34.3531],[135.3235,34.35243],[135.32419,34.3513],[135.32455,34.35104],[135.32537,34.35094],[135.32591,34.35079],[135.32646,34.35049],[135.32673,34.35019],[135.32739,34.34794],[135.32743,34.34659],[135.32775,34.34614],[135.32841,34.34547],[135.32878,34.34457],[135.32906,34.34344],[135.32909,34.34299],[135.32878,34.34164],[135.32892,34.34119],[135.32926,34.34063],[135.32953,34.34024],[135.3298,34.34002],[135.33035,34.33995],[135.33089,34.34003],[135.33116,34.34019],[135.33167,34.34075],[135.333,34.34166],[135.33359,34.34191],[135.33414,34.34198],[135.3345,34.34189],[135.33523,34.34137],[135.3355,34.34133],[135.33631,34.34146],[135.33741,34.34087],[135.33768,34.34082],[135.33876,34.34095],[135.33921,34.34079],[135.33938,34.34057],[135.3399,34.33899],[135.34028,34.33719],[135.34024,34.33652],[135.33979,34.33561],[135.33987,34.33539],[135.34017,34.3353],[135.34152,34.33527],[135.34207,34.3351],[135.343,34.33428],[135.34408,34.33293],[135.34483,34.33226],[135.34563,34.33093],[135.34604,34.33069],[135.34645,34.33067],[135.3478,34.33092],[135.34862,34.33141],[135.34916,34.33162],[135.35052,34.33173],[135.35214,34.33215],[135.35269,34.33215],[135.3535,34.33204],[135.35378,34.33209],[135.35416,34.33231],[135.35513,34.33309],[135.35567,34.33331],[135.35648,34.33316],[135.35757,34.33322],[135.35866,34.33308],[135.35929,34.33279],[135.35988,34.33211],[135.36167,34.3295],[135.36222,34.32914],[135.36249,34.3291],[135.36276,34.32916],[135.36357,34.32965],[135.36385,34.32972],[135.36493,34.32961],[135.36629,34.32984],[135.36672,34.33012],[135.36737,34.33087],[135.36791,34.33109],[135.36845,34.33103],[135.36946,34.33058],[135.37036,34.33033],[135.37118,34.33026],[135.37254,34.33034],[135.37416,34.33091],[135.37498,34.33101],[135.37552,34.33093],[135.37579,34.33083],[135.37661,34.33031],[135.37797,34.32995],[135.37836,34.32973],[135.37961,34.32875],[135.37996,34.32861]],[[135.33189,34.35061],[135.33162,34.35076],[135.33135,34.3511],[135.33107,34.35127],[135.3308,34.35128],[135.32999,34.35094],[135.3297,34.35111],[135.32903,34.35336],[135.32907,34.35381],[135.32921,34.35404],[135.32942,34.35418],[135.32969,34.3542],[135.33003,34.35404],[135.33024,34.35382],[135.33075,34.35292],[135.33191,34.3518],[135.33222,34.35112],[135.33216,34.35076],[135.33189,34.35061]],[[135.33258,34.36734],[135.3323,34.36744],[135.33176,34.36786],[135.33148,34.36825],[135.33152,34.36847],[135.33169,34.3687],[135.33202,34.36888],[135.33229,34.36891],[135.33284,34.3688],[135.33307,34.36871],[135.33321,34.36848],[135.33289,34.36803],[135.33258,34.36734]],[[135.33323,34.35399],[135.33287,34.35428],[135.333,34.35451],[135.33349,34.35466],[135.33417,34.35474],[135.33428,34.35451],[135.33404,34.35393],[135.33377,34.35387],[135.33323,34.35399]],[[135.34154,34.37574],[135.34142,34.37574],[135.34148,34.37598],[135.34154,34.37574]],[[135.34816,34.3556],[135.34794,34.35617],[135.34798,34.35662],[135.34815,34.35686],[135.34842,34.357],[135.34869,34.35701],[135.34897,34.35685],[135.34912,34.35662],[135.34921,34.35617],[135.34903,34.35595],[135.34843,34.35554],[135.34816,34.3556]],[[135.35552,34.35278],[135.35525,34.35284],[135.35497,34.35302],[135.35483,34.35327],[135.35485,34.35417],[135.35444,34.3553],[135.35386,34.35639],[135.35359,34.35659],[135.35213,34.35709],[135.35209,34.35731],[135.35271,34.35777],[135.3533,34.35838],[135.35384,34.35866],[135.35411,34.35869],[135.35439,34.35862],[135.35548,34.3582],[135.35578,34.35801],[135.35587,34.35779],[135.35583,34.35711],[135.35607,34.35643],[135.35612,34.35598],[135.35592,34.35508],[135.35586,34.35305],[135.35579,34.35291],[135.35552,34.35278]],[[135.3302,34.35831],[135.32987,34.35877],[135.32952,34.36035],[135.32948,34.36238],[135.32939,34.36305],[135.32948,34.36328],[135.32962,34.36339],[135.32989,34.36341],[135.33016,34.36328],[135.33057,34.36283],[135.33084,34.36238],[135.33086,34.36216],[135.33049,34.36148],[135.33046,34.36125],[135.33058,34.36035],[135.33052,34.35855],[135.33047,34.35842],[135.3302,34.35831]],[[135.35237,34.37397],[135.35128,34.37421],[135.35046,34.37414],[135.34992,34.37423],[135.34952,34.37443],[135.34929,34.37465],[135.34922,34.37488],[135.34932,34.37533],[135.34956,34.37556],[135.34991,34.37565],[135.35045,34.37567],[135.351,34.37558],[135.35181,34.37502],[135.35316,34.37445],[135.35342,34.37423],[135.35346,34.374],[135.35318,34.3739],[135.35237,34.37397]]]}},{"type":"Feature","properties":{"no":62},"geometry":{"type":"Polygon","coordinates":[[[135.39068,34.49905],[135.39115,34.49907],[135.39153,34.49928],[135.3917,34.49951],[135.39167,34.50041],[135.39201,34.50109],[135.39204,34.50131],[135.39167,34.50195],[135.39166,34.50221],[135.39188,34.50267],[135.39241,34.50335],[135.39243,34.50357],[135.39204,34.50424],[135.39208,34.5047],[135.39246,34.50516],[135.39382,34.50581],[135.3941,34.50606],[135.39405,34.50628],[135.39338,34.50673],[135.39325,34.50696],[135.39335,34.50741],[135.39389,34.50831],[135.39407,34.50916],[135.39434,34.50939],[135.39461,34.50944],[135.39598,34.5089],[135.39625,34.50893],[135.39634,34.509],[135.39642,34.50923],[135.39627,34.5099],[135.39706,34.51148],[135.39703,34.51193],[135.39677,34.51218],[135.3965,34.51222],[135.39622,34.51216],[135.39514,34.51152],[135.3946,34.51129],[135.39432,34.5113],[135.39405,34.5114],[135.3935,34.51178],[135.39296,34.51199],[135.39269,34.51195],[135.39242,34.51179],[135.39093,34.50987],[135.39067,34.50942],[135.39075,34.50897],[135.39195,34.50785],[135.39203,34.5074],[135.39174,34.50695],[135.39082,34.50616],[135.39028,34.50578],[135.39001,34.50573],[135.38974,34.50578],[135.38946,34.50594],[135.38809,34.50702],[135.38715,34.5076],[135.38664,34.50805],[135.38651,34.50827],[135.38654,34.50873],[135.38679,34.50918],[135.38865,34.51167],[135.38921,34.51257],[135.38925,34.5128],[135.38918,34.51302],[135.38832,34.5138],[135.38777,34.51408],[135.3875,34.51407],[135.38723,34.51392],[135.38664,34.51323],[135.3848,34.51069],[135.38426,34.5102],[135.38399,34.51015],[135.38371,34.51023],[135.3821,34.51141],[135.38195,34.51163],[135.38204,34.51208],[135.38508,34.51616],[135.38568,34.51706],[135.38577,34.51751],[135.38565,34.51774],[135.3847,34.51863],[135.38433,34.51931],[135.38116,34.52898],[135.38085,34.52973],[135.38041,34.53033],[135.3792,34.53131],[135.37865,34.53158],[135.37838,34.53162],[135.37811,34.53155],[135.37753,34.53099],[135.3768,34.52986],[135.37141,34.52262],[135.37137,34.5224],[135.37162,34.52217],[135.37224,34.52195],[135.37291,34.5215],[135.37303,34.52128],[135.37302,34.52105],[135.37278,34.5206],[135.37248,34.52031],[135.3722,34.52017],[135.37193,34.52012],[135.37166,34.52016],[135.37139,34.52031],[135.37113,34.52059],[135.37083,34.5214],[135.37056,34.52138],[135.36998,34.52081],[135.36809,34.51832],[135.36748,34.51742],[135.36739,34.51697],[135.3676,34.51668],[135.36855,34.51607],[135.37049,34.5145],[135.37143,34.51392],[135.37323,34.51249],[135.37499,34.5113],[135.37527,34.51121],[135.37554,34.51122],[135.37581,34.51137],[135.37635,34.51192],[135.37662,34.51206],[135.37689,34.51205],[135.37823,34.51116],[135.37838,34.51094],[135.37839,34.51071],[135.37779,34.50958],[135.3778,34.50936],[135.37801,34.50905],[135.38062,34.50689],[135.38169,34.50622],[135.38363,34.50465],[135.38458,34.50407],[135.38553,34.50331],[135.38599,34.50286],[135.38685,34.50151],[135.38729,34.50107],[135.38978,34.49946],[135.39068,34.49905]]]}},{"type":"Feature","properties":{"no":63},"geometry":{"type":"Polygon","coordinates":[[[135.65618,34.39589],[135.65836,34.39564],[135.65972,34.39567],[135.6608,34.39605],[135.66189,34.39617],[135.6627,34.3964],[135.6632,34.39666],[135.66379,34.39718],[135.66406,34.39732],[135.6646,34.39735],[135.66542,34.3971],[135.66596,34.39713],[135.66759,34.39781],[135.66786,34.39784],[135.66895,34.39774],[135.66922,34.3978],[135.67004,34.39828],[135.67058,34.39849],[135.67167,34.3985],[135.67248,34.39873],[135.67357,34.39891],[135.67439,34.39913],[135.67547,34.39954],[135.67605,34.40007],[135.67638,34.40075],[135.67654,34.4021],[135.67615,34.40345],[135.67615,34.40526],[135.67627,34.40571],[135.67667,34.40616],[135.67789,34.40715],[135.67952,34.40776],[135.67979,34.40799],[135.68001,34.40842],[135.6801,34.40887],[135.68004,34.4091],[135.67788,34.41157],[135.67775,34.41202],[135.67784,34.41315],[135.67773,34.41337],[135.67744,34.4136],[135.67678,34.41371],[135.67596,34.4137],[135.67542,34.41362],[135.67487,34.4134],[135.67379,34.41276],[135.67297,34.41259],[135.67216,34.41275],[135.67079,34.41329],[135.66974,34.41358],[135.66943,34.41379],[135.66882,34.4147],[135.66834,34.41561],[135.66806,34.4159],[135.66749,34.41628],[135.66716,34.41673],[135.66675,34.4183],[135.66646,34.41875],[135.66641,34.41898],[135.66654,34.41966],[135.66654,34.42056],[135.6662,34.42213],[135.66586,34.42248],[135.66477,34.42283],[135.66455,34.42303],[135.66447,34.42326],[135.66452,34.42348],[135.66492,34.42393],[135.66667,34.42498],[135.6683,34.4263],[135.66884,34.42663],[135.66938,34.42666],[135.67129,34.42596],[135.67183,34.42592],[135.6721,34.426],[135.6724,34.42621],[135.67323,34.42711],[135.67365,34.42779],[135.67402,34.42869],[135.67427,34.4289],[135.67508,34.42928],[135.67593,34.42982],[135.67742,34.4314],[135.67892,34.43276],[135.67943,34.43344],[135.67964,34.43389],[135.68023,34.43598],[135.68116,34.43727],[135.6814,34.43773],[135.6814,34.4384],[135.68095,34.43953],[135.68111,34.44043],[135.68094,34.44156],[135.6811,34.44201],[135.68208,34.44381],[135.68519,34.44653],[135.68618,34.44788],[135.68671,34.44878],[135.68684,34.44946],[135.68683,34.45149],[135.68674,34.45194],[135.68655,34.45216],[135.68586,34.45261],[135.68478,34.45407],[135.68451,34.45424],[135.68397,34.45443],[135.68367,34.45464],[135.68284,34.45554],[135.68263,34.45599],[135.68298,34.45711],[135.68249,34.45914],[135.68241,34.45982],[135.68201,34.46072],[135.68191,34.46117],[135.68194,34.46252],[135.68233,34.46342],[135.68241,34.46387],[135.68209,34.465],[135.68194,34.46522],[135.68055,34.46635],[135.68002,34.46702],[135.67902,34.46762],[135.6782,34.46844],[135.67765,34.46867],[135.6763,34.46882],[135.67547,34.46926],[135.6752,34.46933],[135.67466,34.46929],[135.67303,34.46895],[135.67167,34.46888],[135.67031,34.46837],[135.67003,34.46836],[135.66922,34.4686],[135.66758,34.46887],[135.66704,34.46889],[135.66655,34.46879],[135.66625,34.46856],[135.66612,34.46811],[135.66623,34.46766],[135.66676,34.46676],[135.66673,34.46654],[135.6665,34.46643],[135.6646,34.46646],[135.66405,34.46673],[135.66351,34.46727],[135.66322,34.46743],[135.66269,34.46752],[135.65861,34.46681],[135.65799,34.46651],[135.6578,34.46628],[135.65768,34.46584],[135.6577,34.46538],[135.6579,34.46471],[135.6579,34.46426],[135.65781,34.46401],[135.65729,34.46358],[135.65734,34.46336],[135.65754,34.46314],[135.65828,34.46268],[135.6589,34.46201],[135.65903,34.46178],[135.65902,34.46156],[135.65891,34.46134],[135.65863,34.46114],[135.65836,34.46107],[135.657,34.46121],[135.65618,34.4612],[135.65564,34.46109],[135.65428,34.46019],[135.65411,34.45997],[135.65411,34.45974],[135.65499,34.45884],[135.65518,34.45817],[135.65538,34.45794],[135.65565,34.45778],[135.65674,34.45734],[135.65783,34.45718],[135.65838,34.45693],[135.65865,34.45688],[135.65947,34.45715],[135.65964,34.45705],[135.6597,34.45683],[135.65948,34.45547],[135.65955,34.45435],[135.65964,34.4539],[135.65994,34.45345],[135.6603,34.45322],[135.66141,34.45277],[135.66179,34.45232],[135.6622,34.45142],[135.66292,34.45052],[135.66358,34.44998],[135.66595,34.4485],[135.66658,34.44759],[135.66685,34.4474],[135.66712,34.44733],[135.66805,34.44738],[135.66841,34.44716],[135.66845,34.44693],[135.66822,34.44669],[135.66713,34.44657],[135.66631,34.4464],[135.66577,34.4464],[135.66522,34.44663],[135.66495,34.44688],[135.66386,34.44846],[135.66167,34.44954],[135.6614,34.44984],[135.66115,34.45052],[135.66085,34.45092],[135.66058,34.4511],[135.65949,34.45155],[135.65871,34.45209],[135.65785,34.45285],[135.65703,34.45336],[135.65621,34.45421],[135.6543,34.45589],[135.65294,34.45621],[135.65131,34.4562],[135.65022,34.45587],[135.64886,34.45569],[135.6475,34.45505],[135.64723,34.45507],[135.64702,34.45521],[135.64674,34.45589],[135.64614,34.45656],[135.64614,34.45679],[135.64644,34.45746],[135.64647,34.45769],[135.64637,34.45791],[135.64504,34.45875],[135.64422,34.45886],[135.64296,34.45948],[135.64266,34.45971],[135.64177,34.46061],[135.6417,34.46083],[135.64171,34.46151],[135.64067,34.46311],[135.64039,34.46332],[135.63985,34.46355],[135.63794,34.46389],[135.6374,34.46413],[135.63713,34.46442],[135.63703,34.46465],[135.63694,34.46578],[135.63661,34.46645],[135.63575,34.4672],[135.63466,34.46771],[135.63411,34.46817],[135.63384,34.46827],[135.63357,34.46826],[135.6333,34.46812],[135.63276,34.46763],[135.63248,34.46758],[135.63194,34.46761],[135.63112,34.46748],[135.63031,34.46745],[135.62895,34.46745],[135.62833,34.46755],[135.62809,34.46778],[135.62789,34.46913],[135.62761,34.47003],[135.6272,34.47093],[135.62714,34.47544],[135.62705,34.47589],[135.62681,34.47611],[135.62537,34.47652],[135.62374,34.47641],[135.62292,34.47625],[135.62156,34.4762],[135.62102,34.47612],[135.62047,34.47589],[135.6202,34.47567],[135.61955,34.47474],[135.61924,34.47451],[135.61885,34.47441],[135.61748,34.47437],[135.61721,34.47432],[135.61694,34.47416],[135.6165,34.4736],[135.61559,34.4727],[135.61496,34.47044],[135.61493,34.46999],[135.61503,34.46954],[135.61569,34.46819],[135.61556,34.46729],[135.6156,34.46706],[135.61585,34.46661],[135.61644,34.46594],[135.61701,34.46481],[135.61717,34.46369],[135.61773,34.46234],[135.61755,34.46166],[135.61665,34.46076],[135.61652,34.46053],[135.61652,34.4603],[135.61685,34.4594],[135.61656,34.45828],[135.61645,34.45805],[135.6162,34.45784],[135.61566,34.45759],[135.61539,34.45737],[135.61532,34.45714],[135.61544,34.45692],[135.6163,34.45625],[135.61652,34.4558],[135.61631,34.45534],[135.61584,34.45489],[135.61558,34.45444],[135.61555,34.45331],[135.61592,34.45219],[135.61588,34.45196],[135.61487,34.45106],[135.61449,34.44993],[135.61415,34.44925],[135.61389,34.44903],[135.61325,34.4488],[135.6129,34.44857],[135.61262,34.44812],[135.61243,34.44744],[135.61145,34.44654],[135.61081,34.44562],[135.61054,34.44544],[135.61027,34.44538],[135.61,34.44542],[135.60891,34.44588],[135.60836,34.44595],[135.60782,34.44587],[135.60728,34.44561],[135.6062,34.44427],[135.60591,34.44314],[135.60566,34.4429],[135.60484,34.44248],[135.60459,34.44224],[135.60389,34.43998],[135.6035,34.43954],[135.60295,34.43929],[135.6025,34.43885],[135.60224,34.43817],[135.60231,34.43772],[135.60257,34.4375],[135.60351,34.43712],[135.60378,34.43687],[135.60425,34.43615],[135.60488,34.43488],[135.60706,34.4331],[135.60779,34.4321],[135.60816,34.43179],[135.60925,34.43123],[135.6098,34.43073],[135.61034,34.43046],[135.61197,34.43032],[135.61306,34.43047],[135.61415,34.43094],[135.61442,34.43095],[135.61551,34.43054],[135.6158,34.43033],[135.61633,34.42961],[135.61688,34.42911],[135.61742,34.42882],[135.61824,34.42854],[135.6186,34.42831],[135.62097,34.42597],[135.62288,34.42509],[135.62397,34.42354],[135.62609,34.42134],[135.62643,34.42112],[135.62698,34.42095],[135.6297,34.41975],[135.63079,34.41953],[135.63188,34.41954],[135.63297,34.41926],[135.63351,34.41931],[135.6346,34.41954],[135.63595,34.42009],[135.63677,34.42009],[135.63732,34.41981],[135.63791,34.41912],[135.6395,34.41808],[135.63978,34.41778],[135.64117,34.41575],[135.64127,34.4153],[135.6413,34.41417],[135.64142,34.41384],[135.64196,34.41328],[135.64233,34.4126],[135.64269,34.41215],[135.64306,34.4119],[135.64442,34.41133],[135.64529,34.41035],[135.64626,34.40878],[135.64658,34.40788],[135.64685,34.40743],[135.64794,34.40608],[135.64881,34.40518],[135.64996,34.40338],[135.65044,34.40249],[135.65115,34.40181],[135.65154,34.40105],[135.65181,34.40083],[135.6529,34.40043],[135.65433,34.40024],[135.65598,34.39934],[135.65648,34.39867],[135.65665,34.39822],[135.6567,34.39777],[135.65649,34.39731],[135.65582,34.39641],[135.65577,34.39619],[135.65591,34.39598],[135.65618,34.39589]],[[135.64041,34.45991],[135.64025,34.46015],[135.64018,34.4606],[135.63994,34.46105],[135.63992,34.46128],[135.64013,34.46138],[135.64049,34.46128],[135.64068,34.46105],[135.64073,34.46083],[135.64073,34.45993],[135.64068,34.45987],[135.64041,34.45991]]]}},{"type":"Feature","properties":{"no":64},"geometry":{"type":"Polygon","coordinates":[[[135.29202,34.29951],[135.29265,34.29935],[135.29292,34.29933],[135.29319,34.29941],[135.29383,34.29997],[135.29454,34.30027],[135.29539,34.30043],[135.29616,34.30104],[135.29644,34.30108],[135.29725,34.30092],[135.29752,34.30094],[135.29779,34.30106],[135.29806,34.30134],[135.29851,34.30225],[135.29878,34.30248],[135.29914,34.30257],[135.30023,34.30262],[135.3005,34.30268],[135.30077,34.30286],[135.30159,34.3043],[135.30224,34.30475],[135.30244,34.30498],[135.30331,34.30746],[135.30402,34.30882],[135.30455,34.31017],[135.30463,34.31062],[135.3046,34.31107],[135.30386,34.31287],[135.30395,34.31333],[135.30413,34.31355],[135.30448,34.31378],[135.30529,34.31404],[135.30665,34.31432],[135.30746,34.31432],[135.30818,34.31403],[135.3091,34.31337],[135.30964,34.31329],[135.31073,34.31359],[135.31263,34.31398],[135.31317,34.3142],[135.31425,34.31497],[135.3156,34.31544],[135.31669,34.31557],[135.3175,34.31578],[135.31858,34.31634],[135.31953,34.31657],[135.32048,34.31718],[135.32227,34.31794],[135.32318,34.31865],[135.32399,34.31901],[135.32454,34.31915],[135.32589,34.31916],[135.3278,34.31867],[135.32862,34.31829],[135.32971,34.31735],[135.32999,34.31721],[135.33015,34.3173],[135.33021,34.31753],[135.33013,34.3182],[135.33034,34.31911],[135.33032,34.31956],[135.33007,34.32001],[135.32859,34.32158],[135.32794,34.32315],[135.32795,34.3236],[135.32805,34.32383],[135.3283,34.32407],[135.32917,34.32451],[135.32992,34.32505],[135.33046,34.32528],[135.33236,34.32573],[135.33318,34.32576],[135.33426,34.32565],[135.33454,34.32575],[135.33535,34.32638],[135.33615,34.32732],[135.33724,34.32785],[135.33859,34.32896],[135.33895,34.3293],[135.33921,34.32975],[135.33936,34.332],[135.339,34.3329],[135.33882,34.3338],[135.338,34.33468],[135.33795,34.33493],[135.33827,34.33516],[135.33908,34.3352],[135.33935,34.33532],[135.34001,34.33606],[135.34024,34.33652],[135.34028,34.33719],[135.33996,34.33877],[135.33938,34.34057],[135.33921,34.34079],[135.33876,34.34095],[135.33768,34.34082],[135.33741,34.34087],[135.33631,34.34146],[135.3355,34.34133],[135.33523,34.34137],[135.3345,34.34189],[135.33414,34.34198],[135.33359,34.34191],[135.333,34.34166],[135.33167,34.34075],[135.33116,34.34019],[135.33089,34.34003],[135.33008,34.33995],[135.3298,34.34002],[135.32948,34.34029],[135.32892,34.34119],[135.32878,34.34164],[135.32909,34.34299],[135.32906,34.34344],[135.32878,34.34457],[135.32841,34.34547],[135.32775,34.34614],[135.32743,34.34659],[135.32739,34.34794],[135.32673,34.35019],[135.32646,34.35049],[135.32591,34.35079],[135.32537,34.35094],[135.32455,34.35104],[135.32419,34.3513],[135.3235,34.35243],[135.32354,34.3531],[135.32344,34.35355],[135.32219,34.35535],[135.32221,34.3567],[135.32242,34.3576],[135.3225,34.35851],[135.32267,34.35896],[135.32313,34.35964],[135.32336,34.36077],[135.32406,34.3619],[135.32369,34.36302],[135.32346,34.36324],[135.32255,34.36362],[135.32228,34.36391],[135.32215,34.36436],[135.32206,34.36527],[135.32141,34.36616],[135.32089,34.36728],[135.32028,34.36796],[135.31996,34.36886],[135.31934,34.36953],[135.31896,34.37012],[135.31814,34.37088],[135.31784,34.37155],[135.31759,34.37178],[135.31732,34.37189],[135.31596,34.37191],[135.3146,34.37208],[135.31378,34.37248],[135.31324,34.37254],[135.31242,34.37234],[135.31106,34.37223],[135.31025,34.37171],[135.30889,34.37174],[135.30808,34.37141],[135.30781,34.3712],[135.30755,34.37059],[135.30692,34.36991],[135.30691,34.36969],[135.30701,34.36957],[135.30728,34.36941],[135.3081,34.36937],[135.30864,34.36945],[135.30972,34.3698],[135.31027,34.36982],[135.31054,34.36969],[135.31119,34.36904],[135.31154,34.36836],[135.31162,34.36769],[135.31138,34.36678],[135.31111,34.36649],[135.31044,34.3661],[135.31015,34.36565],[135.31018,34.3652],[135.31154,34.36385],[135.31164,34.36363],[135.31087,34.36295],[135.31052,34.3625],[135.31019,34.36227],[135.30979,34.36213],[135.30924,34.36217],[135.30897,34.36228],[135.30873,34.36249],[135.30842,34.36318],[135.30815,34.36318],[135.30761,34.36281],[135.30679,34.36257],[135.30621,34.36225],[135.30538,34.36089],[135.3052,34.36021],[135.30491,34.36001],[135.30328,34.35991],[135.30274,34.35974],[135.30193,34.35935],[135.30138,34.35939],[135.30029,34.3602],[135.30002,34.3603],[135.2997,34.36018],[135.29948,34.35922],[135.29921,34.35902],[135.29894,34.35897],[135.29758,34.35899],[135.29649,34.3593],[135.29541,34.35905],[135.29514,34.35907],[135.29432,34.35943],[135.29378,34.35938],[135.29351,34.35924],[135.29332,34.35902],[135.29331,34.35879],[135.29343,34.35857],[135.2946,34.35745],[135.29475,34.35722],[135.29479,34.357],[135.29456,34.35655],[135.29359,34.35541],[135.29327,34.35518],[135.29272,34.355],[135.29218,34.35492],[135.29191,34.35496],[135.29136,34.35529],[135.29072,34.35585],[135.29054,34.35611],[135.29039,34.35675],[135.29013,34.35697],[135.28972,34.35706],[135.2891,34.35696],[135.28886,34.35674],[135.2888,34.35651],[135.28879,34.35606],[135.28892,34.35561],[135.28946,34.35508],[135.2911,34.35428],[135.2913,34.35405],[135.29131,34.3536],[135.29098,34.35247],[135.29105,34.35224],[135.29148,34.35179],[135.29172,34.35135],[135.29164,34.35089],[135.29124,34.35044],[135.29086,34.35021],[135.29032,34.35006],[135.28923,34.35009],[135.28869,34.3502],[135.2876,34.35081],[135.28678,34.35108],[135.28569,34.35106],[135.28542,34.35094],[135.2853,34.35041],[135.28556,34.34928],[135.28551,34.34838],[135.28491,34.34753],[135.28464,34.34737],[135.28437,34.34734],[135.28382,34.34746],[135.28245,34.34829],[135.28219,34.34836],[135.28248,34.34881],[135.28243,34.34904],[135.28226,34.34926],[135.28135,34.35003],[135.28108,34.35007],[135.28081,34.34997],[135.28055,34.3497],[135.28046,34.34948],[135.2805,34.34903],[135.28082,34.34874],[135.28135,34.34858],[135.28168,34.34836],[135.28137,34.34825],[135.28056,34.34761],[135.28029,34.34748],[135.28002,34.34745],[135.27951,34.34812],[135.2792,34.34817],[135.27865,34.34805],[135.27757,34.34763],[135.2759,34.34742],[135.27576,34.3472],[135.27587,34.34697],[135.27657,34.3463],[135.2767,34.34607],[135.27658,34.3454],[135.27708,34.34495],[135.27712,34.34472],[135.27705,34.34447],[135.27678,34.3443],[135.27651,34.34434],[135.27631,34.34449],[135.2762,34.34472],[135.27626,34.34517],[135.27596,34.34531],[135.27514,34.34517],[135.27433,34.3452],[135.27406,34.34514],[135.2737,34.34493],[135.27303,34.34425],[135.27271,34.34412],[135.27135,34.34419],[135.27106,34.34401],[135.27111,34.34379],[135.27176,34.34266],[135.27183,34.34221],[135.27164,34.34176],[135.27132,34.34153],[135.27029,34.34133],[135.26975,34.3411],[135.26921,34.34072],[135.2689,34.34039],[135.26883,34.34017],[135.2689,34.33994],[135.2692,34.33949],[135.26936,34.33882],[135.26989,34.33814],[135.2698,34.33702],[135.26983,34.33679],[135.27006,34.33641],[135.27175,34.33455],[135.27305,34.33298],[135.27393,34.33231],[135.27446,34.33164],[135.27481,34.33096],[135.27516,34.33051],[135.27784,34.32827],[135.27894,34.32715],[135.27927,34.32671],[135.27933,34.32648],[135.2792,34.3258],[135.27928,34.32558],[135.28036,34.32333],[135.28074,34.32221],[135.28231,34.31838],[135.28245,34.31816],[135.28326,34.31752],[135.28467,34.31614],[135.28572,34.31412],[135.28642,34.313],[135.28656,34.31232],[135.28633,34.3112],[135.28602,34.31052],[135.28602,34.31007],[135.28641,34.30917],[135.2865,34.30827],[135.28683,34.30737],[135.28716,34.30669],[135.28777,34.30602],[135.28796,34.30489],[135.28849,34.304],[135.28936,34.30287],[135.28961,34.3022],[135.28987,34.30175],[135.2905,34.30108],[135.29126,34.29995],[135.29156,34.29971],[135.29202,34.29951]],[[135.29413,34.3494],[135.294,34.34978],[135.2941,34.35001],[135.29444,34.35001],[135.29452,34.34978],[135.29413,34.3494]],[[135.29766,34.34952],[135.29731,34.3498],[135.29689,34.3507],[135.29694,34.35092],[135.29711,34.35108],[135.29738,34.35116],[135.29765,34.35105],[135.29775,34.35093],[135.29821,34.34981],[135.29807,34.34958],[135.29793,34.34951],[135.29766,34.34952]],[[135.31038,34.32317],[135.31011,34.32334],[135.30997,34.32373],[135.3101,34.32399],[135.31091,34.3245],[135.31118,34.32475],[135.31168,34.32622],[135.312,34.32644],[135.31361,34.32688],[135.31404,34.32713],[135.31452,34.32758],[135.31414,34.32814],[135.31406,34.32848],[135.31413,34.32893],[135.31428,34.32916],[135.31467,34.32942],[135.31576,34.32944],[135.31603,34.32951],[135.31684,34.33009],[135.31693,34.33008],[135.31702,34.32985],[135.31694,34.32963],[135.31658,34.32922],[135.31589,34.32894],[135.31522,34.32878],[135.31495,34.32858],[135.31479,34.32826],[135.3147,34.32781],[135.31485,34.32759],[135.31551,34.32716],[135.31581,34.32669],[135.31587,34.32624],[135.31576,34.32601],[135.31552,34.32589],[135.31525,34.32586],[135.31416,34.32593],[135.31389,34.32588],[135.31324,34.32532],[135.31268,34.32464],[135.31201,34.32342],[135.31174,34.32325],[135.31146,34.32319],[135.31038,34.32317]],[[135.31965,34.35217],[135.31856,34.35294],[135.31844,34.3533],[135.31855,34.35343],[135.31883,34.35346],[135.3191,34.35338],[135.31969,34.35308],[135.31997,34.35286],[135.32011,34.35241],[135.32003,34.35218],[135.31992,34.35212],[135.31965,34.35217]],[[135.2752,34.33913],[135.27414,34.33952],[135.27417,34.33975],[135.27519,34.34007],[135.27539,34.34021],[135.27571,34.34066],[135.27603,34.34066],[135.27614,34.34044],[135.27605,34.34021],[135.27573,34.33992],[135.27547,34.33928],[135.2752,34.33913]],[[135.31149,34.3528],[135.31142,34.35281],[135.31149,34.35282],[135.31149,34.3528]],[[135.31249,34.36355],[135.31203,34.36363],[135.31222,34.36378],[135.31249,34.36383],[135.31266,34.36364],[135.31249,34.36355]],[[135.3141,34.36607],[135.314,34.36612],[135.31389,34.36635],[135.31406,34.36702],[135.31399,34.36725],[135.31355,34.36777],[135.31327,34.36787],[135.31246,34.36774],[135.31211,34.36791],[135.31232,34.36837],[135.31277,34.36882],[135.31326,34.3691],[135.31381,34.36925],[135.31408,34.36921],[135.31435,34.36906],[135.31499,34.36816],[135.31627,34.36746],[135.31664,34.36704],[135.31685,34.36636],[135.31671,34.36614],[135.31655,34.36607],[135.31628,34.36618],[135.31546,34.36689],[135.31491,34.36703],[135.31446,34.3668],[135.3141,34.36607]]]}},{"type":"Feature","properties":{"no":65},"geometry":{"type":"Polygon","coordinates":[[[135.42208,34.90668],[135.42454,34.90643],[135.42481,34.90649],[135.42511,34.9067],[135.42517,34.90693],[135.42509,34.90715],[135.42455,34.90782],[135.42449,34.90805],[135.4247,34.9085],[135.42561,34.90927],[135.42671,34.90972],[135.42698,34.90996],[135.42708,34.91032],[135.4268,34.91099],[135.42676,34.91144],[135.42706,34.91234],[135.42723,34.91257],[135.42751,34.91272],[135.42778,34.91272],[135.42833,34.91248],[135.4286,34.91245],[135.42942,34.91276],[135.42969,34.91265],[135.43025,34.91216],[135.43052,34.91218],[135.43106,34.91269],[135.43133,34.91285],[135.43188,34.91289],[135.43243,34.91275],[135.43325,34.9124],[135.43463,34.91148],[135.436,34.91118],[135.43654,34.91119],[135.43709,34.91141],[135.43785,34.91194],[135.43872,34.91237],[135.43908,34.91262],[135.43931,34.91308],[135.43928,34.9133],[135.43903,34.91375],[135.4385,34.91443],[135.43816,34.91459],[135.43762,34.91452],[135.43652,34.91416],[135.43598,34.91435],[135.43566,34.91464],[135.4354,34.91509],[135.43526,34.91621],[135.43505,34.91666],[135.43459,34.91684],[135.43349,34.91698],[135.43267,34.91691],[135.43076,34.91645],[135.43022,34.91622],[135.4294,34.9157],[135.42831,34.91529],[135.42722,34.91467],[135.42531,34.91414],[135.42494,34.91391],[135.42458,34.91346],[135.42417,34.9121],[135.42378,34.91143],[135.42314,34.91094],[135.42219,34.91052],[135.42209,34.91029],[135.42244,34.90984],[135.42226,34.90962],[135.42178,34.90946],[135.42096,34.90933],[135.42046,34.90916],[135.42023,34.90893],[135.42017,34.9087],[135.42036,34.9078],[135.42033,34.90713],[135.42051,34.9069],[135.42126,34.90669],[135.42208,34.90668]]]}},{"type":"Feature","properties":{"no":66},"geometry":{"type":"Polygon","coordinates":[[[135.46024,34.92709],[135.46107,34.92654],[135.46134,34.92653],[135.46276,34.92693],[135.46321,34.92716],[135.46381,34.92761],[135.46516,34.92803],[135.46636,34.92852],[135.46734,34.92924],[135.46844,34.92931],[135.46981,34.92911],[135.47145,34.92915],[135.47472,34.93038],[135.475,34.93064],[135.47511,34.93104],[135.47486,34.93217],[135.47498,34.93284],[135.47665,34.93488],[135.47691,34.93533],[135.477,34.93578],[135.47705,34.93713],[135.47696,34.93803],[135.47704,34.93871],[135.47714,34.93894],[135.47787,34.93984],[135.47825,34.94052],[135.47858,34.94165],[135.47853,34.943],[135.47902,34.94368],[135.47929,34.94436],[135.47956,34.94465],[135.48011,34.94488],[135.48147,34.94514],[135.48229,34.94501],[135.48257,34.94506],[135.48366,34.94576],[135.48448,34.94617],[135.48472,34.94641],[135.48482,34.94686],[135.48457,34.94731],[135.48309,34.94873],[135.48172,34.94929],[135.48136,34.94955],[135.48108,34.95],[135.48108,34.95045],[135.48134,34.9509],[135.48198,34.95153],[135.48268,34.95248],[135.48334,34.95313],[135.48443,34.95393],[135.48493,34.95475],[135.48557,34.95542],[135.48578,34.95612],[135.48598,34.95633],[135.4866,34.95657],[135.48687,34.95676],[135.48699,34.95701],[135.48683,34.95723],[135.48578,34.95738],[135.4855,34.95748],[135.48524,34.95768],[135.48468,34.95903],[135.4844,34.95948],[135.48426,34.96015],[135.48411,34.9603],[135.48329,34.96058],[135.48289,34.96082],[135.48208,34.9615],[135.48151,34.96217],[135.48129,34.96262],[135.48128,34.96284],[135.48159,34.9642],[135.48185,34.96487],[135.48217,34.96508],[135.48244,34.96508],[135.48326,34.96482],[135.48381,34.96489],[135.48436,34.96524],[135.48545,34.96632],[135.48599,34.96657],[135.48654,34.9667],[135.48681,34.96669],[135.48709,34.9665],[135.48713,34.96602],[135.48688,34.96557],[135.48598,34.96467],[135.48586,34.96422],[135.48601,34.96406],[135.48628,34.96402],[135.48655,34.96408],[135.48712,34.96445],[135.48784,34.96558],[135.48846,34.96636],[135.48873,34.96653],[135.48953,34.96671],[135.48982,34.96687],[135.49028,34.96739],[135.49045,34.96784],[135.49036,34.96794],[135.49009,34.96798],[135.48927,34.9676],[135.48872,34.96747],[135.48845,34.9675],[135.48806,34.96783],[135.48759,34.96896],[135.48761,34.96986],[135.48742,34.97121],[135.48696,34.97211],[135.48668,34.97323],[135.48674,34.97391],[135.48732,34.97504],[135.48729,34.97549],[135.48593,34.97684],[135.48559,34.97774],[135.48537,34.9781],[135.48455,34.97876],[135.48443,34.97908],[135.48435,34.98044],[135.48409,34.98089],[135.48361,34.98133],[135.4834,34.98178],[135.48358,34.98224],[135.48414,34.98291],[135.48561,34.98417],[135.48632,34.98495],[135.48697,34.98549],[135.48779,34.98588],[135.48998,34.98629],[135.49134,34.98674],[135.49216,34.98726],[135.49298,34.98766],[135.49325,34.98789],[135.49349,34.98836],[135.49333,34.98881],[135.49269,34.98926],[135.49215,34.98936],[135.49078,34.9894],[135.48913,34.99012],[135.48858,34.99058],[135.48767,34.99194],[135.4872,34.99237],[135.48665,34.99249],[135.48473,34.99253],[135.48329,34.99283],[135.48303,34.99305],[135.48253,34.9944],[135.48209,34.99485],[135.48171,34.99506],[135.48143,34.99511],[135.47952,34.99491],[135.47815,34.99436],[135.47733,34.99427],[135.47651,34.99429],[135.47459,34.99466],[135.47322,34.99452],[135.47212,34.99483],[135.47103,34.995],[135.46993,34.99544],[135.46877,34.99614],[135.46773,34.99706],[135.46718,34.99729],[135.46635,34.99741],[135.4658,34.99763],[135.4647,34.99868],[135.46442,34.99883],[135.4636,34.99905],[135.46272,34.9995],[135.46058,35.00117],[135.46003,35.00151],[135.45948,35.00161],[135.45756,35.00165],[135.45564,35.00225],[135.45509,35.00223],[135.45427,35.00205],[135.4529,35.00225],[135.45208,35.0021],[135.45181,35.00212],[135.45126,35.00234],[135.45048,35.00282],[135.44971,35.00372],[135.44878,35.00448],[135.4474,35.00517],[135.44686,35.00532],[135.44576,35.00518],[135.44494,35.00525],[135.44357,35.00575],[135.44274,35.00596],[135.44164,35.00695],[135.44082,35.00744],[135.44027,35.00759],[135.43862,35.0077],[135.43698,35.00826],[135.43588,35.00832],[135.43396,35.00801],[135.43342,35.00786],[135.43123,35.00683],[135.42878,35.00546],[135.42841,35.0052],[135.42778,35.00452],[135.42743,35.00429],[135.4266,35.00403],[135.4255,35.00383],[135.4242,35.00293],[135.42305,35.00225],[135.4225,35.00214],[135.42086,35.00213],[135.41949,35.00242],[135.41882,35.00268],[135.41839,35.00294],[135.41805,35.00335],[135.41649,35.00582],[135.41603,35.00627],[135.41515,35.00694],[135.41456,35.00784],[135.4138,35.00874],[135.41314,35.00918],[135.41232,35.00938],[135.41182,35.00963],[135.41121,35.01033],[135.41011,35.01122],[135.40969,35.01142],[135.40929,35.01141],[135.4082,35.01082],[135.40789,35.01051],[135.40738,35.00979],[135.40684,35.00927],[135.40562,35.00847],[135.40384,35.00703],[135.40329,35.00682],[135.40302,35.00681],[135.40247,35.00695],[135.39945,35.00842],[135.39915,35.00867],[135.39807,35.01006],[135.39779,35.0103],[135.3974,35.01046],[135.39697,35.01042],[135.3967,35.01025],[135.39615,35.00968],[135.39561,35.00929],[135.39479,35.00898],[135.39397,35.00882],[135.39342,35.00893],[135.39095,35.00987],[135.39036,35.0102],[135.38929,35.01118],[135.38874,35.01139],[135.3882,35.01142],[135.3871,35.01123],[135.38573,35.01115],[135.38546,35.01107],[135.38437,35.01046],[135.38382,35.01031],[135.38245,35.01017],[135.3819,35.01027],[135.38157,35.0106],[135.38144,35.01241],[135.38074,35.01398],[135.38052,35.01488],[135.38022,35.01525],[135.3794,35.01563],[135.37912,35.01591],[135.37879,35.01645],[135.37845,35.01735],[135.37806,35.01802],[135.37803,35.01893],[135.37767,35.02028],[135.37774,35.0205],[135.37813,35.02095],[135.37963,35.02193],[135.37996,35.02232],[135.37998,35.02277],[135.37947,35.02367],[135.37942,35.02389],[135.37957,35.02457],[135.37985,35.02502],[135.38011,35.02525],[135.3813,35.02593],[135.38178,35.02638],[135.38217,35.02819],[135.38214,35.02886],[135.38191,35.02976],[135.38208,35.03089],[135.38184,35.03179],[135.38087,35.03314],[135.38036,35.03449],[135.38,35.03516],[135.38004,35.03561],[135.38043,35.03652],[135.38046,35.03742],[135.38042,35.03787],[135.38015,35.03877],[135.37987,35.03922],[135.37949,35.03953],[135.37839,35.0402],[135.37756,35.04148],[135.37654,35.04281],[135.37614,35.04393],[135.37562,35.04426],[135.37287,35.04507],[135.37123,35.0453],[135.37013,35.04506],[135.36877,35.04441],[135.36822,35.04423],[135.36767,35.04412],[135.36713,35.04419],[135.36603,35.04474],[135.36437,35.04571],[135.36215,35.04656],[135.36198,35.04679],[135.36196,35.04724],[135.3618,35.04769],[135.36106,35.04882],[135.36008,35.04971],[135.35941,35.05007],[135.35886,35.05014],[135.35804,35.05004],[135.35667,35.05006],[135.35584,35.0503],[135.35419,35.05105],[135.35282,35.05117],[135.352,35.05132],[135.35145,35.05132],[135.35008,35.05107],[135.34981,35.05096],[135.34962,35.05078],[135.34957,35.05055],[135.34992,35.04943],[135.34991,35.04898],[135.34946,35.04807],[135.34902,35.04627],[135.34848,35.04571],[135.34793,35.04533],[135.34684,35.04488],[135.34356,35.04471],[135.34313,35.04443],[135.34274,35.04377],[135.34249,35.04353],[135.34192,35.04328],[135.34001,35.04308],[135.33973,35.04312],[135.33891,35.04354],[135.33863,35.04353],[135.33836,35.04338],[135.33782,35.04275],[135.33682,35.04214],[135.33667,35.04192],[135.33652,35.04124],[135.33636,35.04102],[135.33504,35.04033],[135.33401,35.03967],[135.33374,35.03942],[135.33312,35.03807],[135.33256,35.03716],[135.33168,35.03626],[135.33075,35.03548],[135.33056,35.03512],[135.33076,35.03478],[135.33103,35.03464],[135.33131,35.03462],[135.33267,35.03516],[135.33322,35.0352],[135.33349,35.03512],[135.33379,35.03492],[135.33428,35.03424],[135.33474,35.0338],[135.33515,35.03348],[135.33625,35.03286],[135.33653,35.03251],[135.33704,35.03155],[135.33811,35.03021],[135.33829,35.02976],[135.33845,35.02886],[135.33934,35.02728],[135.33965,35.02638],[135.33987,35.02608],[135.34014,35.02594],[135.34124,35.02596],[135.34206,35.0258],[135.34316,35.02543],[135.34426,35.02543],[135.34519,35.02574],[135.34617,35.02644],[135.34671,35.02667],[135.3489,35.02684],[135.3493,35.02666],[135.34973,35.02613],[135.35001,35.02598],[135.35138,35.02586],[135.35275,35.02556],[135.35431,35.02489],[135.35452,35.02466],[135.35456,35.02331],[135.35478,35.02241],[135.35464,35.02151],[135.35517,35.01971],[135.35497,35.01903],[135.35497,35.01858],[135.35525,35.01768],[135.35558,35.01701],[135.35565,35.01655],[135.3552,35.01498],[135.35509,35.0143],[135.35494,35.01407],[135.354,35.01339],[135.35381,35.01316],[135.35344,35.01204],[135.35348,35.01181],[135.35421,35.01114],[135.35432,35.01091],[135.35437,35.00979],[135.35415,35.00888],[135.35413,35.00821],[135.35426,35.00776],[135.35454,35.00731],[135.35461,35.00686],[135.35435,35.00641],[135.354,35.00618],[135.3529,35.00602],[135.35263,35.00592],[135.35239,35.00572],[135.35209,35.00504],[135.35168,35.00436],[135.35164,35.00414],[135.3518,35.00369],[135.35257,35.00279],[135.35293,35.00189],[135.35347,35.00099],[135.3534,35.00054],[135.35303,34.99986],[135.35291,34.99941],[135.35297,34.99919],[135.35351,34.99851],[135.35364,34.99784],[135.35316,34.99626],[135.35308,34.99536],[135.35289,34.99468],[135.35286,34.994],[135.35297,34.99333],[135.35359,34.99243],[135.35371,34.99198],[135.35356,34.99169],[135.35275,34.99085],[135.35266,34.99062],[135.35266,34.99017],[135.35299,34.98927],[135.35339,34.9886],[135.35376,34.98815],[135.35501,34.98703],[135.35563,34.98591],[135.35608,34.98554],[135.35745,34.98488],[135.35855,34.98399],[135.35938,34.983],[135.35946,34.98255],[135.35921,34.98209],[135.3583,34.98137],[135.35803,34.98128],[135.35693,34.98126],[135.35584,34.98098],[135.35393,34.9801],[135.35229,34.97959],[135.35174,34.97966],[135.35092,34.97997],[135.35064,34.97996],[135.35029,34.97979],[135.3497,34.97911],[135.34947,34.97866],[135.34933,34.97708],[135.34867,34.97573],[135.34867,34.97528],[135.3489,34.97438],[135.34881,34.97235],[135.34844,34.97167],[135.34746,34.97031],[135.34673,34.96963],[135.34661,34.96941],[135.34648,34.96873],[135.34628,34.9685],[135.34564,34.96805],[135.34535,34.9676],[135.34518,34.96714],[135.34525,34.96647],[135.34637,34.96467],[135.34666,34.96448],[135.34693,34.96442],[135.34721,34.96447],[135.34803,34.96491],[135.3483,34.96498],[135.34885,34.96496],[135.34931,34.96469],[135.35022,34.96371],[135.35077,34.96341],[135.35132,34.96327],[135.35297,34.9632],[135.35352,34.96301],[135.3541,34.96268],[135.35517,34.96161],[135.35577,34.96089],[135.35745,34.95842],[135.35798,34.9573],[135.35814,34.95617],[135.35825,34.95595],[135.35957,34.95483],[135.36015,34.95458],[135.36097,34.95453],[135.36179,34.95478],[135.36239,34.95507],[135.3637,34.95605],[135.36405,34.9562],[135.36452,34.95622],[135.36534,34.95596],[135.36589,34.95588],[135.36644,34.95591],[135.36726,34.95607],[135.36808,34.9561],[135.36863,34.95602],[135.3692,34.95578],[135.36947,34.95555],[135.36991,34.95488],[135.37019,34.95466],[135.3711,34.95443],[135.3722,34.95374],[135.37275,34.9536],[135.37302,34.95366],[135.37384,34.95431],[135.37524,34.95513],[135.37602,34.95595],[135.37629,34.956],[135.37739,34.95544],[135.37821,34.9553],[135.37958,34.95553],[135.38067,34.95591],[135.38176,34.95606],[135.38231,34.95597],[135.38275,34.95562],[135.38313,34.95495],[135.38342,34.95466],[135.38397,34.9544],[135.38529,34.95406],[135.38558,34.95383],[135.38627,34.95181],[135.38673,34.95137],[135.38728,34.95113],[135.38755,34.95087],[135.38782,34.95001],[135.38772,34.94911],[135.38793,34.94799],[135.38771,34.94731],[135.38727,34.9464],[135.3874,34.94595],[135.38814,34.94506],[135.38851,34.94416],[135.38897,34.94373],[135.39007,34.94351],[135.39059,34.94327],[135.39144,34.94263],[135.39227,34.94173],[135.39255,34.94163],[135.39309,34.94176],[135.39422,34.94238],[135.39459,34.94284],[135.39475,34.94374],[135.39526,34.94414],[135.39581,34.94432],[135.39691,34.94412],[135.39828,34.94408],[135.39937,34.94391],[135.40074,34.94385],[135.40293,34.94345],[135.40403,34.94348],[135.40567,34.94395],[135.40649,34.94388],[135.40731,34.94363],[135.40786,34.94337],[135.40845,34.94268],[135.40869,34.94252],[135.40896,34.94248],[135.41033,34.9426],[135.4106,34.9427],[135.41107,34.94314],[135.41141,34.94383],[135.41169,34.94378],[135.41205,34.94315],[135.41205,34.9427],[135.41196,34.94247],[135.4117,34.94218],[135.41143,34.94203],[135.41006,34.94181],[135.40967,34.94156],[135.40958,34.94133],[135.40963,34.94111],[135.41001,34.94043],[135.41035,34.94011],[135.41062,34.94003],[135.41226,34.94014],[135.41335,34.94052],[135.41445,34.9406],[135.41554,34.94083],[135.41609,34.94105],[135.41663,34.94142],[135.41691,34.9415],[135.41718,34.94143],[135.41743,34.94047],[135.41774,34.93979],[135.41775,34.93957],[135.41764,34.93934],[135.41695,34.93866],[135.41691,34.93821],[135.41719,34.93754],[135.41776,34.93664],[135.41794,34.93529],[135.41829,34.93439],[135.4186,34.93402],[135.41915,34.93384],[135.42134,34.93388],[135.42298,34.93441],[135.42464,34.93554],[135.42517,34.93622],[135.42542,34.93644],[135.42679,34.93693],[135.42734,34.93697],[135.42843,34.93662],[135.42898,34.93659],[135.43089,34.93701],[135.43199,34.93709],[135.43226,34.93718],[135.43252,34.93738],[135.43308,34.93797],[135.43362,34.93814],[135.43472,34.93823],[135.43526,34.93819],[135.43664,34.9376],[135.43801,34.93714],[135.43856,34.93707],[135.4391,34.93733],[135.43992,34.93817],[135.44128,34.93907],[135.44155,34.93917],[135.44183,34.93918],[135.44238,34.93889],[135.44361,34.93789],[135.445,34.93654],[135.44733,34.93467],[135.44788,34.93445],[135.44897,34.93434],[135.44925,34.93415],[135.44961,34.93341],[135.44997,34.93296],[135.45145,34.93195],[135.452,34.93139],[135.45208,34.93116],[135.45207,34.93026],[135.45229,34.92998],[135.45257,34.92981],[135.45366,34.92956],[135.45558,34.9293],[135.45667,34.92924],[135.45722,34.92909],[135.45777,34.9288],[135.45914,34.92773],[135.46024,34.92709]],[[135.46192,34.96384],[135.4618,34.96389],[135.46163,34.96411],[135.46172,34.96434],[135.46191,34.96452],[135.46221,34.96434],[135.46219,34.96408],[135.46192,34.96384]],[[135.40902,34.97308],[135.40894,34.97333],[135.40901,34.97339],[135.40931,34.97333],[135.40939,34.97311],[135.40929,34.97302],[135.40902,34.97308]],[[135.45712,34.98492],[135.45711,34.98505],[135.45712,34.98506],[135.45714,34.98505],[135.45712,34.98492]]]}},{"type":"Feature","properties":{"no":67},"geometry":{"type":"Polygon","coordinates":[[[135.64133,34.576],[135.64209,34.5759],[135.64276,34.57601],[135.64307,34.57623],[135.64372,34.57699],[135.6453,34.57804],[135.64589,34.5783],[135.64698,34.57858],[135.64753,34.57857],[135.64862,34.57819],[135.64971,34.57797],[135.65189,34.57761],[135.65244,34.57764],[135.65277,34.57784],[135.65285,34.57806],[135.6528,34.57874],[135.65294,34.57919],[135.65352,34.57957],[135.65406,34.57972],[135.65488,34.57979],[135.6557,34.57996],[135.65651,34.58033],[135.6576,34.58032],[135.65951,34.58108],[135.66059,34.58162],[135.66168,34.58195],[135.66223,34.58197],[135.66262,34.5817],[135.66265,34.58125],[135.6624,34.58034],[135.66287,34.57944],[135.66306,34.57922],[135.66333,34.57907],[135.6636,34.57905],[135.66387,34.57913],[135.66496,34.57979],[135.66589,34.58058],[135.66654,34.58126],[135.66712,34.58216],[135.66718,34.58239],[135.66705,34.58306],[135.66715,34.58351],[135.6674,34.58375],[135.66794,34.58399],[135.66876,34.58408],[135.66943,34.58397],[135.66974,34.58374],[135.67038,34.58284],[135.67065,34.58262],[135.67122,34.58234],[135.67177,34.5822],[135.67204,34.58222],[135.67231,34.58236],[135.67276,34.5833],[135.67312,34.58362],[135.67367,34.5839],[135.67421,34.58394],[135.6753,34.58332],[135.67563,34.58331],[135.67579,34.58354],[135.67556,34.58399],[135.67549,34.58444],[135.67585,34.58534],[135.67638,34.58572],[135.67775,34.58619],[135.67834,34.58647],[135.67887,34.58715],[135.679,34.5876],[135.67883,34.58783],[135.67856,34.58791],[135.67692,34.58797],[135.67585,34.58827],[135.67556,34.58851],[135.67498,34.58962],[135.67496,34.59007],[135.67528,34.59041],[135.67555,34.59049],[135.67582,34.59048],[135.67664,34.59023],[135.67718,34.59022],[135.678,34.5905],[135.67835,34.59075],[135.67852,34.59098],[135.67852,34.59121],[135.67827,34.59143],[135.67772,34.59171],[135.67663,34.5921],[135.67624,34.59233],[135.67543,34.593],[135.67511,34.59345],[135.67507,34.59368],[135.67545,34.59435],[135.6756,34.59526],[135.6758,34.59562],[135.67632,34.59616],[135.67646,34.59661],[135.67644,34.59706],[135.67606,34.59863],[135.67516,34.59954],[135.67502,34.59976],[135.67506,34.60021],[135.67551,34.60111],[135.6755,34.60134],[135.67534,34.60157],[135.67387,34.60223],[135.67277,34.60283],[135.67195,34.60349],[135.67141,34.60365],[135.67086,34.60358],[135.66978,34.60307],[135.66896,34.60282],[135.66705,34.60275],[135.66569,34.60236],[135.66351,34.60229],[135.66106,34.60188],[135.66051,34.60195],[135.65915,34.6025],[135.65778,34.60257],[135.65696,34.60287],[135.65587,34.60312],[135.65533,34.60319],[135.65424,34.60314],[135.65342,34.60323],[135.65287,34.60345],[135.65233,34.60398],[135.65183,34.60623],[135.6515,34.60648],[135.65123,34.60642],[135.65099,34.60623],[135.65065,34.60533],[135.65052,34.60398],[135.6502,34.60285],[135.65037,34.60217],[135.65022,34.60172],[135.64966,34.60082],[135.64912,34.60014],[135.6488,34.59984],[135.64826,34.59951],[135.64771,34.59933],[135.64744,34.59935],[135.64689,34.59961],[135.64607,34.60026],[135.64553,34.60035],[135.64389,34.60019],[135.64253,34.60024],[135.64144,34.59968],[135.64117,34.59964],[135.64035,34.59989],[135.63981,34.59998],[135.63844,34.59978],[135.63811,34.59966],[135.6379,34.59943],[135.63781,34.59921],[135.63762,34.59808],[135.63761,34.59785],[135.63778,34.59763],[135.63845,34.59746],[135.639,34.59718],[135.63982,34.59693],[135.64036,34.59686],[135.64145,34.59692],[135.64173,34.5968],[135.64204,34.59651],[135.64237,34.59584],[135.6424,34.59539],[135.64226,34.59494],[135.64201,34.59469],[135.64011,34.59342],[135.63988,34.59313],[135.63986,34.5929],[135.64005,34.59268],[135.6412,34.59226],[135.64184,34.59178],[135.64203,34.59133],[135.64195,34.5911],[135.64148,34.59041],[135.6409,34.58975],[135.64016,34.58862],[135.63906,34.58771],[135.6388,34.58659],[135.63852,34.58614],[135.63823,34.58589],[135.63691,34.58523],[135.63662,34.585],[135.63662,34.58478],[135.63716,34.5841],[135.63736,34.58365],[135.63743,34.5825],[135.6377,34.58251],[135.63824,34.58271],[135.63906,34.58268],[135.63933,34.58279],[135.64029,34.58366],[135.64096,34.58414],[135.64151,34.5843],[135.64178,34.58425],[135.64194,34.58412],[135.64202,34.58389],[135.64188,34.58322],[135.64143,34.58231],[135.64128,34.58073],[135.64025,34.57893],[135.64005,34.57825],[135.64011,34.5778],[135.6407,34.57713],[135.64103,34.57623],[135.64133,34.576]]]}},{"type":"Feature","properties":{"no":68},"geometry":{"type":"Polygon","coordinates":[[[135.65007,34.88084],[135.65062,34.88014],[135.65089,34.88015],[135.65103,34.88029],[135.65128,34.88074],[135.65129,34.88119],[135.65114,34.88142],[135.65059,34.88187],[135.65006,34.88258],[135.64921,34.88321],[135.64899,34.88344],[135.64889,34.88366],[135.64888,34.88389],[135.64905,34.88434],[135.64964,34.88502],[135.64973,34.88524],[135.64966,34.88592],[135.64977,34.88632],[135.65007,34.8866],[135.65169,34.88719],[135.65305,34.88809],[135.65414,34.88833],[135.65444,34.88886],[135.65503,34.88931],[135.65516,34.88954],[135.65524,34.89022],[135.65577,34.89147],[135.65604,34.89163],[135.65741,34.89206],[135.6585,34.89168],[135.65878,34.89177],[135.65932,34.89222],[135.6596,34.89228],[135.65987,34.89223],[135.66042,34.89192],[135.66069,34.89185],[135.66151,34.89186],[135.66233,34.89157],[135.66261,34.89159],[135.66315,34.89177],[135.66355,34.89204],[135.6637,34.89276],[135.66381,34.89295],[135.66424,34.89319],[135.66506,34.89328],[135.66616,34.8931],[135.66677,34.89318],[135.66702,34.89341],[135.66725,34.89405],[135.66749,34.89431],[135.66832,34.89476],[135.66916,34.89503],[135.66943,34.89522],[135.6698,34.89612],[135.66984,34.89792],[135.6701,34.89882],[135.67078,34.89999],[135.67105,34.90025],[135.6716,34.90046],[135.67215,34.90038],[135.67243,34.90018],[135.67257,34.89996],[135.6726,34.89951],[135.67212,34.89815],[135.67207,34.8977],[135.67246,34.8968],[135.67271,34.89569],[135.67299,34.89539],[135.67326,34.89525],[135.67353,34.8952],[135.67381,34.89527],[135.67405,34.89545],[135.67417,34.89568],[135.67485,34.89748],[135.67534,34.89839],[135.67555,34.89929],[135.67547,34.89951],[135.67488,34.89999],[135.67368,34.90041],[135.67342,34.90063],[135.67296,34.90127],[135.67187,34.90207],[135.67022,34.90285],[135.66884,34.90378],[135.66775,34.90398],[135.66693,34.90425],[135.66611,34.90433],[135.66533,34.90422],[135.66494,34.90399],[135.66475,34.90378],[135.66447,34.90378],[135.66419,34.90467],[135.66392,34.90495],[135.66337,34.90515],[135.6631,34.9051],[135.6629,34.90489],[135.66282,34.90444],[135.66256,34.90399],[135.66228,34.90382],[135.66201,34.90379],[135.66146,34.90395],[135.66091,34.90433],[135.65993,34.90533],[135.6585,34.90623],[135.6579,34.9065],[135.6568,34.90677],[135.65625,34.90705],[135.65444,34.90892],[135.65351,34.90959],[135.65186,34.90991],[135.65132,34.90982],[135.65077,34.90958],[135.65022,34.90948],[135.64913,34.90949],[135.64878,34.90958],[135.64852,34.90981],[135.64818,34.91093],[135.6482,34.91161],[135.64838,34.91228],[135.64821,34.91341],[135.64878,34.91476],[135.64867,34.91521],[135.64825,34.91589],[135.64818,34.91634],[135.64824,34.91657],[135.6485,34.91679],[135.64882,34.91685],[135.64992,34.9167],[135.65211,34.91701],[135.65238,34.91697],[135.65293,34.91667],[135.6532,34.91664],[135.65347,34.91686],[135.65358,34.91726],[135.65347,34.91766],[135.6532,34.91792],[135.6521,34.91835],[135.65173,34.9186],[135.65135,34.91905],[135.6508,34.91995],[135.65041,34.92085],[135.65033,34.9213],[135.65057,34.92243],[135.65053,34.92311],[135.6502,34.92378],[135.64954,34.92446],[135.64932,34.92513],[135.64916,34.92536],[135.64824,34.92606],[135.64741,34.92641],[135.64659,34.92665],[135.64591,34.92715],[135.64492,34.9276],[135.64465,34.92782],[135.64412,34.92854],[135.64347,34.92917],[135.6433,34.9294],[135.64293,34.9303],[135.64275,34.93054],[135.64247,34.93072],[135.6422,34.93078],[135.64138,34.93074],[135.6411,34.93088],[135.64053,34.93142],[135.63863,34.93198],[135.63809,34.9319],[135.637,34.9312],[135.63672,34.93115],[135.63645,34.9312],[135.63468,34.9323],[135.63448,34.93253],[135.63424,34.93365],[135.63376,34.9341],[135.63288,34.93458],[135.63205,34.93485],[135.63068,34.93502],[135.62932,34.93496],[135.62904,34.93488],[135.62865,34.93454],[135.62832,34.93386],[135.62836,34.93341],[135.62887,34.93251],[135.62896,34.93161],[135.62919,34.93071],[135.62922,34.92935],[135.62934,34.92868],[135.6292,34.928],[135.62879,34.92733],[135.62851,34.92665],[135.62852,34.9262],[135.62881,34.9257],[135.62963,34.92498],[135.63128,34.92395],[135.63219,34.92373],[135.63237,34.9235],[135.6324,34.92305],[135.63264,34.92238],[135.63254,34.92193],[135.63233,34.9217],[135.6311,34.92102],[135.63074,34.92057],[135.62993,34.91996],[135.62966,34.91877],[135.62912,34.91809],[135.62904,34.91786],[135.6291,34.91741],[135.62949,34.91651],[135.6295,34.91606],[135.62933,34.91516],[135.62943,34.91493],[135.62996,34.91445],[135.63027,34.91403],[135.63054,34.91336],[135.63064,34.91291],[135.63061,34.91201],[135.62988,34.9093],[135.62986,34.90795],[135.62996,34.9075],[135.63026,34.90713],[135.63054,34.907],[135.63108,34.90695],[135.63163,34.90705],[135.63272,34.90752],[135.63298,34.90773],[135.63341,34.90841],[135.63399,34.90909],[135.6349,34.90955],[135.63572,34.91017],[135.63599,34.91019],[135.63627,34.91003],[135.63637,34.90977],[135.63642,34.90842],[135.63663,34.90729],[135.63653,34.90707],[135.63589,34.90639],[135.63588,34.90616],[135.63614,34.90526],[135.63614,34.90436],[135.63605,34.90391],[135.63579,34.90346],[135.63532,34.90301],[135.63411,34.90236],[135.63377,34.9021],[135.63359,34.90165],[135.63375,34.90097],[135.6342,34.90007],[135.63416,34.89962],[135.63376,34.89804],[135.63374,34.89759],[135.63386,34.89714],[135.63423,34.89647],[135.6343,34.89444],[135.63439,34.89399],[135.63468,34.89331],[135.63472,34.89241],[135.63543,34.89151],[135.6358,34.89126],[135.63635,34.89105],[135.6369,34.89105],[135.63799,34.89145],[135.63854,34.89156],[135.64045,34.89108],[135.64084,34.89085],[135.6411,34.89063],[135.64136,34.89018],[135.64137,34.88973],[135.64098,34.88905],[135.64095,34.88882],[135.64116,34.8886],[135.64211,34.88831],[135.6443,34.88725],[135.64567,34.88706],[135.64589,34.88681],[135.64567,34.88641],[135.64504,34.88591],[135.64478,34.88545],[135.64486,34.885],[135.64521,34.88433],[135.64514,34.88388],[135.64479,34.8832],[135.64485,34.88275],[135.64498,34.88252],[135.64542,34.88216],[135.64706,34.88129],[135.6498,34.881],[135.65007,34.88084]],[[135.6642,34.90259],[135.66416,34.90264],[135.6642,34.90295],[135.6643,34.90286],[135.6642,34.90259]]]}},{"type":"Feature","properties":{"no":69},"geometry":{"type":"Polygon","coordinates":[[[135.43545,34.58958],[135.43764,34.58877],[135.43791,34.58877],[135.44009,34.58948],[135.44308,34.5903],[135.44335,34.59023],[135.4439,34.58971],[135.44417,34.58958],[135.44472,34.58959],[135.44608,34.58984],[135.4507,34.59155],[135.45179,34.59182],[135.45234,34.59178],[135.45861,34.59018],[135.45916,34.59022],[135.45951,34.59043],[135.45979,34.59088],[135.45985,34.59404],[135.45996,34.59449],[135.46022,34.59462],[135.46049,34.59449],[135.46072,34.59292],[135.46105,34.59227],[135.46133,34.59207],[135.4616,34.59202],[135.46187,34.59211],[135.46269,34.59273],[135.46323,34.593],[135.46405,34.59315],[135.46427,34.59338],[135.46428,34.59383],[135.46404,34.59428],[135.46399,34.59473],[135.46431,34.59509],[135.46513,34.59542],[135.46538,34.59564],[135.46541,34.59587],[135.46516,34.59632],[135.46455,34.59699],[135.46445,34.59722],[135.46446,34.59744],[135.46468,34.59767],[135.46538,34.59797],[135.46565,34.59824],[135.46581,34.59857],[135.4658,34.59925],[135.46529,34.60015],[135.46529,34.60083],[135.46515,34.60105],[135.46447,34.6015],[135.46405,34.6024],[135.46344,34.60266],[135.45689,34.60443],[135.45498,34.60487],[135.45143,34.60558],[135.44734,34.6061],[135.44706,34.60624],[135.44677,34.6066],[135.44655,34.60795],[135.4463,34.60818],[135.44596,34.60827],[135.43887,34.60826],[135.43805,34.60818],[135.43778,34.60797],[135.43767,34.60769],[135.43762,34.60634],[135.43724,34.60521],[135.43724,34.60498],[135.43738,34.60476],[135.43781,34.60451],[135.44108,34.60343],[135.44573,34.60212],[135.44618,34.60187],[135.44642,34.60142],[135.44645,34.60097],[135.44572,34.59939],[135.44548,34.59849],[135.44494,34.59791],[135.44467,34.59775],[135.44439,34.59769],[135.44358,34.59777],[135.44139,34.59835],[135.43402,34.60059],[135.43362,34.60091],[135.43358,34.60113],[135.43377,34.60204],[135.43366,34.60226],[135.43346,34.60237],[135.43182,34.60288],[135.43046,34.603],[135.42773,34.60378],[135.42527,34.60459],[135.42445,34.6048],[135.4239,34.60482],[135.42371,34.60469],[135.42365,34.60447],[135.42382,34.60312],[135.4243,34.60086],[135.42439,34.59974],[135.42487,34.59749],[135.42495,34.59659],[135.42515,34.59591],[135.42524,34.59501],[135.42555,34.59366],[135.42571,34.59343],[135.42616,34.59316],[135.42944,34.59182],[135.43081,34.59136],[135.43409,34.59004],[135.43545,34.58958]],[[135.46129,34.59865],[135.46114,34.59878],[135.46128,34.59893],[135.46147,34.59878],[135.46129,34.59865]]]}},{"type":"Feature","properties":{"no":70},"geometry":{"type":"MultiPolygon","coordinates":[[[[135.3637,34.46601],[135.36417,34.46628],[135.36428,34.46624],[135.36437,34.46601],[135.36418,34.46584],[135.3639,34.4658],[135.3637,34.46601]]],[[[135.35686,34.46144],[135.35465,34.46258],[135.35444,34.46281],[135.35441,34.46303],[135.35467,34.46334],[135.35602,34.46414],[135.35633,34.46439],[135.36196,34.47147],[135.3625,34.47192],[135.36277,34.47192],[135.36304,34.47176],[135.36336,34.47142],[135.36375,34.47074],[135.36362,34.47029],[135.36245,34.46871],[135.36241,34.46848],[135.36249,34.46826],[135.36281,34.46781],[135.3628,34.46758],[135.36241,34.46691],[135.3624,34.46668],[135.3625,34.46646],[135.36277,34.46623],[135.36362,34.46579],[135.36255,34.46524],[135.36092,34.46517],[135.3601,34.46495],[135.3582,34.4647],[135.35766,34.46447],[135.35739,34.46417],[135.3573,34.46372],[135.3577,34.4626],[135.35773,34.46215],[135.35741,34.46159],[135.35723,34.46147],[135.35686,34.46144]]]]}},{"type":"Feature","properties":{"no":71},"geometry":{"type":"Polygon","coordinates":[[[135.4161,34.33983],[135.41675,34.33976],[135.41811,34.34017],[135.41865,34.34024],[135.42028,34.34016],[135.42165,34.33981],[135.42354,34.34031],[135.42463,34.34011],[135.4249,34.34011],[135.42545,34.34029],[135.42671,34.34101],[135.42707,34.34169],[135.42762,34.34236],[135.42819,34.34349],[135.42805,34.34417],[135.42813,34.34462],[135.42894,34.34571],[135.42978,34.34621],[135.43053,34.34689],[135.43083,34.34705],[135.43165,34.34737],[135.43273,34.34754],[135.43355,34.34778],[135.43392,34.34803],[135.43398,34.34825],[135.43388,34.34848],[135.43323,34.34915],[135.43281,34.34983],[135.43273,34.35005],[135.43273,34.35095],[135.43215,34.35275],[135.43188,34.35305],[135.43104,34.35365],[135.43069,34.35432],[135.43069,34.35545],[135.43122,34.35636],[135.43129,34.35681],[135.43107,34.35726],[135.43048,34.35793],[135.43016,34.35883],[135.43038,34.35996],[135.43074,34.36064],[135.43082,34.36109],[135.43032,34.36244],[135.42978,34.36334],[135.42954,34.36401],[135.42945,34.36536],[135.42873,34.36829],[135.42887,34.36897],[135.42881,34.36942],[135.42854,34.36987],[135.42769,34.37076],[135.42727,34.37189],[135.42683,34.37279],[135.42674,34.37324],[135.42693,34.37414],[135.42684,34.37459],[135.42576,34.37616],[135.42547,34.37632],[135.42303,34.3763],[135.42248,34.37639],[135.42219,34.3766],[135.42166,34.37729],[135.42139,34.37748],[135.42057,34.37772],[135.4203,34.37787],[135.41957,34.37861],[135.4192,34.37887],[135.41866,34.37905],[135.41784,34.37906],[135.41702,34.3792],[135.41675,34.3793],[135.41651,34.3795],[135.41635,34.37995],[135.41629,34.38108],[135.4161,34.38175],[135.41613,34.38288],[135.41591,34.38319],[135.41521,34.38378],[135.41427,34.38424],[135.41403,34.38445],[135.41391,34.38467],[135.41381,34.38535],[135.4135,34.3858],[135.41235,34.38623],[135.41189,34.38669],[135.41098,34.38804],[135.4104,34.38939],[135.4103,34.38984],[135.41024,34.39119],[135.41004,34.39209],[135.4097,34.39254],[135.40879,34.39321],[135.40869,34.39344],[135.40866,34.39479],[135.40899,34.39614],[135.40933,34.39705],[135.40927,34.39727],[135.40871,34.39817],[135.40849,34.39907],[135.40828,34.39952],[135.40791,34.39988],[135.40654,34.4006],[135.40545,34.4013],[135.40518,34.40122],[135.40491,34.40104],[135.4041,34.40078],[135.40382,34.40077],[135.40352,34.40108],[135.40354,34.4013],[135.40382,34.40155],[135.40518,34.40187],[135.40543,34.40356],[135.40532,34.40447],[135.40545,34.40492],[135.4057,34.40516],[135.40624,34.40548],[135.40759,34.40615],[135.40786,34.4064],[135.40823,34.40718],[135.40897,34.40764],[135.40975,34.40831],[135.41057,34.40864],[135.41098,34.409],[135.41106,34.40923],[135.41103,34.40945],[135.41083,34.40968],[135.41011,34.41012],[135.40996,34.41035],[135.40993,34.41057],[135.41011,34.41148],[135.41,34.41193],[135.40945,34.4126],[135.40917,34.41327],[135.4089,34.41341],[135.40863,34.41337],[135.40809,34.41295],[135.40782,34.41283],[135.40727,34.41305],[135.407,34.41309],[135.40646,34.41296],[135.40592,34.41261],[135.40538,34.41206],[135.40503,34.4119],[135.40456,34.41188],[135.40347,34.412],[135.40265,34.41232],[135.4013,34.4119],[135.40089,34.41143],[135.40049,34.41125],[135.39994,34.41132],[135.39885,34.41162],[135.39858,34.4116],[135.39722,34.41094],[135.39587,34.4108],[135.39559,34.41072],[135.39529,34.4105],[135.39519,34.41028],[135.39529,34.41005],[135.39565,34.40983],[135.39684,34.40938],[135.39778,34.40879],[135.39806,34.40872],[135.39887,34.40871],[135.39906,34.40849],[135.39918,34.40827],[135.39924,34.40782],[135.39902,34.40691],[135.39906,34.40669],[135.39946,34.40601],[135.3998,34.40466],[135.39975,34.40421],[135.39945,34.40355],[135.39872,34.40286],[135.39872,34.40218],[135.39864,34.40195],[135.39788,34.40105],[135.39786,34.40082],[135.39801,34.4006],[135.39878,34.40015],[135.3992,34.3997],[135.39929,34.39948],[135.39927,34.39903],[135.39881,34.39835],[135.39876,34.39767],[135.39834,34.39699],[135.39813,34.39632],[135.39788,34.39602],[135.39705,34.39541],[135.39688,34.39496],[135.39685,34.39428],[135.39653,34.3939],[135.39599,34.39365],[135.39572,34.39365],[135.3949,34.39386],[135.39409,34.39323],[135.39382,34.39313],[135.393,34.39311],[135.39273,34.39303],[135.39219,34.39247],[135.39165,34.39217],[135.39069,34.39132],[135.39,34.39087],[135.38949,34.39032],[135.38922,34.39018],[135.38813,34.39018],[135.38786,34.39022],[135.38677,34.39065],[135.38568,34.39082],[135.38503,34.39107],[135.38486,34.39129],[135.38497,34.39242],[135.38483,34.39287],[135.38457,34.39311],[135.38373,34.39354],[135.38293,34.39445],[135.38239,34.39464],[135.38103,34.39458],[135.37994,34.39491],[135.37967,34.39477],[135.37956,34.39442],[135.37959,34.39284],[135.37974,34.39217],[135.37948,34.39149],[135.37949,34.39126],[135.3797,34.39096],[135.38024,34.39056],[135.38324,34.38931],[135.38369,34.38903],[135.38383,34.38881],[135.38386,34.38858],[135.38344,34.38768],[135.38333,34.38655],[135.38344,34.38588],[135.38382,34.38535],[135.38436,34.38505],[135.38518,34.38488],[135.38572,34.38493],[135.38653,34.38543],[135.38708,34.3856],[135.38735,34.38564],[135.38762,34.38556],[135.38771,34.38545],[135.38766,34.38522],[135.38706,34.38432],[135.38659,34.38251],[135.38593,34.3807],[135.38585,34.37958],[135.38641,34.37823],[135.38636,34.37755],[135.38605,34.3768],[135.38533,34.37574],[135.38516,34.37529],[135.38523,34.37484],[135.38611,34.37349],[135.38667,34.37192],[135.38701,34.37079],[135.38701,34.36967],[135.38692,34.3694],[135.38665,34.36903],[135.38611,34.36874],[135.38475,34.36848],[135.38367,34.36861],[135.38312,34.3685],[135.38266,34.36807],[135.38225,34.36739],[135.3822,34.36716],[135.38225,34.36694],[135.38259,34.36647],[135.38287,34.36628],[135.38368,34.36605],[135.3845,34.36562],[135.38571,34.36447],[135.38622,34.3638],[135.38744,34.36178],[135.38764,34.3611],[135.38748,34.3602],[135.38765,34.3593],[135.38742,34.35817],[135.38747,34.35682],[135.38773,34.35637],[135.38817,34.35592],[135.38865,34.3548],[135.3892,34.35412],[135.38945,34.35322],[135.38991,34.3521],[135.39009,34.35187],[135.39113,34.35122],[135.3914,34.35094],[135.39153,34.35053],[135.39157,34.34828],[135.3917,34.34783],[135.39197,34.34754],[135.39225,34.3474],[135.39252,34.34737],[135.39333,34.34763],[135.39442,34.34755],[135.39523,34.34784],[135.39577,34.34791],[135.39632,34.34771],[135.39714,34.34719],[135.39823,34.34711],[135.39931,34.34687],[135.40013,34.3468],[135.40094,34.34692],[135.40121,34.3471],[135.40171,34.3481],[135.40202,34.34832],[135.40419,34.34844],[135.4061,34.34795],[135.40637,34.34783],[135.40749,34.347],[135.40848,34.34543],[135.40904,34.34363],[135.40902,34.3425],[135.40909,34.34228],[135.40933,34.34205],[135.40995,34.34195],[135.41185,34.34194],[135.41266,34.34178],[135.41403,34.34119],[135.41512,34.34019],[135.4161,34.33983]],[[135.40602,34.39779],[135.40586,34.39793],[135.40592,34.39816],[135.40629,34.39839],[135.40656,34.39839],[135.40662,34.39816],[135.40649,34.39793],[135.40629,34.3978],[135.40602,34.39779]]]}},{"type":"Feature","properties":{"no":72},"geometry":{"type":"Polygon","coordinates":[[[135.1107,34.27234],[135.11125,34.27214],[135.11152,34.27222],[135.11179,34.27258],[135.11205,34.27328],[135.11232,34.27353],[135.11394,34.27422],[135.11421,34.27427],[135.11557,34.27402],[135.11666,34.27348],[135.11721,34.27335],[135.11829,34.27335],[135.12069,34.27383],[135.121,34.27404],[135.12154,34.27465],[135.12254,34.27497],[135.12338,34.2761],[135.12369,34.2764],[135.12397,34.27656],[135.12477,34.27679],[135.12558,34.27719],[135.12586,34.27718],[135.12667,34.27672],[135.12804,34.27636],[135.1288,34.27592],[135.12893,34.27569],[135.12911,34.27479],[135.12951,34.27412],[135.13051,34.27298],[135.13079,34.27276],[135.13133,34.27253],[135.13215,34.27248],[135.13378,34.27272],[135.13513,34.27328],[135.13648,34.2735],[135.13729,34.27401],[135.13766,34.2744],[135.1376,34.27553],[135.13781,34.27621],[135.13844,34.27711],[135.13859,34.27847],[135.13883,34.27892],[135.1394,34.2796],[135.13948,34.27982],[135.13948,34.28005],[135.13917,34.28072],[135.13915,34.28095],[135.1395,34.28163],[135.13993,34.28191],[135.14074,34.28216],[135.14155,34.2827],[135.14209,34.28285],[135.1429,34.2828],[135.14399,34.28229],[135.14427,34.28223],[135.14454,34.28237],[135.14462,34.28257],[135.1447,34.28347],[135.14502,34.28437],[135.14579,34.28595],[135.14609,34.28641],[135.1467,34.28709],[135.14677,34.28731],[135.14673,34.28754],[135.14618,34.28844],[135.14601,34.28889],[135.14597,34.28956],[135.14614,34.29046],[135.14567,34.29181],[135.14566,34.29294],[135.14574,34.29339],[135.14609,34.29452],[135.14646,34.2952],[135.14688,34.29565],[135.149,34.29737],[135.14959,34.29815],[135.14972,34.29883],[135.14943,34.30018],[135.14986,34.30131],[135.15101,34.30267],[135.1516,34.30312],[135.15382,34.30404],[135.15437,34.30415],[135.15518,34.30413],[135.15681,34.30387],[135.15736,34.30372],[135.15788,34.30339],[135.15799,34.30317],[135.15804,34.30272],[135.15806,34.30069],[135.15797,34.30001],[135.15744,34.29843],[135.157,34.29753],[135.15697,34.29662],[135.15666,34.2955],[135.15499,34.29233],[135.15485,34.29165],[135.15501,34.29143],[135.15531,34.29131],[135.15694,34.29092],[135.15748,34.291],[135.15829,34.29148],[135.15911,34.29184],[135.15992,34.29202],[135.16128,34.29195],[135.16209,34.29171],[135.16264,34.29136],[135.16338,34.29058],[135.16383,34.28946],[135.16378,34.28901],[135.16302,34.28697],[135.1631,34.28675],[135.16377,34.28608],[135.16386,34.28585],[135.16384,34.28518],[135.16394,34.28495],[135.16478,34.28428],[135.16508,34.28383],[135.16521,34.28338],[135.16469,34.28225],[135.16436,34.28195],[135.16382,34.28177],[135.16247,34.28158],[135.16138,34.28114],[135.16111,34.28112],[135.15975,34.28129],[135.15921,34.28151],[135.15839,34.28201],[135.1573,34.28233],[135.15675,34.28295],[135.15511,34.28366],[135.15402,34.28447],[135.15375,34.28454],[135.15348,34.28444],[135.15294,34.28406],[135.15153,34.28351],[135.15126,34.28329],[135.15129,34.28306],[135.15214,34.28234],[135.15241,34.28223],[135.15328,34.28217],[135.15356,34.28195],[135.1538,34.2815],[135.15443,34.28106],[135.1546,34.28083],[135.1546,34.28061],[135.15431,34.27993],[135.15432,34.2797],[135.1547,34.27903],[135.15476,34.27723],[135.15467,34.27677],[135.15412,34.27587],[135.15411,34.27559],[135.15438,34.27541],[135.15547,34.27559],[135.1559,34.27588],[135.15651,34.27656],[135.15735,34.27702],[135.15898,34.27716],[135.16006,34.27769],[135.16115,34.27769],[135.16385,34.27867],[135.16548,34.27883],[135.16591,34.27911],[135.16629,34.27958],[135.16683,34.27986],[135.16872,34.28013],[135.17035,34.28008],[135.17117,34.28042],[135.17171,34.28054],[135.17416,34.27998],[135.17606,34.27987],[135.17715,34.27956],[135.17851,34.27896],[135.17905,34.27898],[135.18013,34.27972],[135.1804,34.27983],[135.18067,34.27983],[135.18176,34.27941],[135.18258,34.27922],[135.1834,34.27888],[135.18394,34.27886],[135.18421,34.27894],[135.18448,34.27915],[135.18463,34.27946],[135.18504,34.28104],[135.18528,34.28125],[135.18609,34.2817],[135.18662,34.28228],[135.18732,34.28286],[135.1877,34.28307],[135.18797,34.28312],[135.18933,34.28289],[135.1896,34.28293],[135.18988,34.2831],[135.19033,34.28378],[135.19082,34.28491],[135.19148,34.2861],[135.19174,34.28645],[135.19201,34.28663],[135.19337,34.28697],[135.19391,34.28698],[135.19473,34.28674],[135.19555,34.28621],[135.19609,34.28604],[135.19663,34.28622],[135.19717,34.28658],[135.19744,34.28679],[135.19816,34.28766],[135.19852,34.28786],[135.19879,34.2879],[135.19961,34.28763],[135.19988,34.28761],[135.2015,34.28811],[135.20177,34.28809],[135.20259,34.28774],[135.20286,34.28774],[135.20368,34.288],[135.20449,34.28808],[135.20476,34.28818],[135.205,34.28838],[135.2051,34.28861],[135.20506,34.28906],[135.20441,34.29063],[135.20456,34.29131],[135.2046,34.29244],[135.20481,34.29334],[135.20484,34.29401],[135.20481,34.29627],[135.20438,34.29762],[135.20437,34.29807],[135.20522,34.30033],[135.20548,34.30056],[135.20654,34.30105],[135.20825,34.3026],[135.20851,34.30305],[135.20854,34.30373],[135.20831,34.30463],[135.20827,34.30531],[135.2083,34.30598],[135.2085,34.30689],[135.20842,34.30734],[135.20803,34.30823],[135.20755,34.30889],[135.20728,34.30899],[135.2062,34.30882],[135.20484,34.30872],[135.20402,34.30878],[135.20348,34.3089],[135.20319,34.3091],[135.20294,34.30955],[135.20283,34.31023],[135.20237,34.31179],[135.20209,34.31209],[135.20182,34.31223],[135.20127,34.31227],[135.20019,34.31209],[135.1991,34.31231],[135.19856,34.31231],[135.19666,34.3117],[135.19558,34.31109],[135.19477,34.31098],[135.19422,34.31107],[135.19286,34.31171],[135.19204,34.31216],[135.19174,34.31241],[135.19146,34.31286],[135.19111,34.31421],[135.19105,34.31556],[135.19081,34.31646],[135.1907,34.31804],[135.19057,34.31826],[135.19035,34.31842],[135.18953,34.31852],[135.18926,34.31864],[135.18889,34.31893],[135.18865,34.31938],[135.18866,34.3196],[135.1888,34.31983],[135.18952,34.32029],[135.19087,34.32059],[135.19195,34.3212],[135.19222,34.32127],[135.19331,34.3212],[135.19358,34.32131],[135.19388,34.32167],[135.194,34.32234],[135.19368,34.32302],[135.19366,34.32324],[135.1938,34.32505],[135.19324,34.32617],[135.19305,34.32729],[135.19271,34.32746],[135.19189,34.32747],[135.19162,34.32739],[135.19104,34.32683],[135.19054,34.32669],[135.18918,34.3267],[135.18783,34.32649],[135.18728,34.32658],[135.18647,34.32695],[135.18619,34.32685],[135.18591,34.32635],[135.18568,34.32612],[135.185,34.32566],[135.18492,34.32544],[135.18496,34.32521],[135.18565,34.32341],[135.18628,34.32229],[135.18676,34.32117],[135.18661,34.32072],[135.18626,34.32042],[135.18599,34.3203],[135.18517,34.32024],[135.18463,34.32008],[135.18355,34.31959],[135.18301,34.31919],[135.18274,34.31907],[135.18247,34.31906],[135.18192,34.31925],[135.17973,34.32071],[135.17936,34.32134],[135.17926,34.32224],[135.17916,34.32247],[135.1789,34.32267],[135.17863,34.32267],[135.17782,34.32223],[135.17673,34.32192],[135.17565,34.32196],[135.17456,34.32167],[135.17402,34.32168],[135.1732,34.32183],[135.17293,34.32178],[135.17199,34.32084],[135.17132,34.32038],[135.17023,34.32008],[135.16915,34.32002],[135.1688,34.31992],[135.16855,34.31969],[135.16811,34.31879],[135.16766,34.31833],[135.16726,34.31802],[135.16537,34.31686],[135.16429,34.31648],[135.16239,34.31629],[135.16131,34.31585],[135.16104,34.31565],[135.16039,34.314],[135.16032,34.31355],[135.16046,34.31333],[135.16107,34.31295],[135.16132,34.31266],[135.16137,34.31221],[135.16117,34.3113],[135.16082,34.31078],[135.16055,34.31063],[135.15979,34.31039],[135.15951,34.31017],[135.15932,34.30949],[135.15905,34.30926],[135.15866,34.30919],[135.15839,34.30924],[135.1573,34.30967],[135.15693,34.30992],[135.15593,34.31092],[135.15538,34.31125],[135.15511,34.3113],[135.15457,34.31119],[135.15321,34.31064],[135.15267,34.31049],[135.15186,34.31046],[135.15077,34.31055],[135.15047,34.31033],[135.15027,34.30943],[135.14943,34.30807],[135.14905,34.30716],[135.14876,34.30694],[135.14782,34.30662],[135.14719,34.3058],[135.14675,34.30543],[135.14621,34.30526],[135.14539,34.30524],[135.14485,34.30547],[135.14402,34.30609],[135.14375,34.30624],[135.14348,34.30624],[135.1432,34.306],[135.14276,34.30509],[135.14249,34.30486],[135.14051,34.30452],[135.13997,34.30455],[135.13942,34.30476],[135.13849,34.30551],[135.13792,34.30618],[135.13767,34.30663],[135.13716,34.30821],[135.13757,34.30956],[135.13755,34.31046],[135.13721,34.31091],[135.13634,34.31136],[135.13563,34.31203],[135.13527,34.31224],[135.13473,34.31232],[135.13283,34.31193],[135.13229,34.31189],[135.1312,34.31189],[135.12984,34.31212],[135.12957,34.31207],[135.1294,34.31176],[135.1293,34.31108],[135.1285,34.31015],[135.12796,34.30988],[135.12715,34.30986],[135.1257,34.31015],[135.12551,34.31028],[135.1253,34.3106],[135.12496,34.31173],[135.12473,34.31195],[135.12359,34.31212],[135.1225,34.3126],[135.12168,34.31317],[135.12115,34.31373],[135.1211,34.31418],[135.12129,34.31486],[135.12157,34.31531],[135.12205,34.31576],[135.12208,34.31599],[135.1211,34.3167],[135.12079,34.31711],[135.12072,34.31733],[135.12074,34.31756],[135.12112,34.31824],[135.12116,34.31914],[135.12134,34.31942],[135.12188,34.31979],[135.12197,34.32004],[135.12189,34.32049],[135.12153,34.32117],[135.12159,34.32143],[135.12187,34.3214],[135.12241,34.32108],[135.12296,34.321],[135.12458,34.32149],[135.12512,34.32149],[135.12594,34.32124],[135.12621,34.32122],[135.12784,34.32132],[135.12865,34.32171],[135.12893,34.32173],[135.13001,34.32155],[135.13056,34.32173],[135.13191,34.3225],[135.13267,34.32305],[135.1328,34.32328],[135.13277,34.3235],[135.13248,34.32395],[135.13078,34.3258],[135.13051,34.32591],[135.13024,34.32591],[135.12997,34.32581],[135.12808,34.32471],[135.12727,34.32445],[135.12672,34.32452],[135.12509,34.32526],[135.12454,34.32524],[135.12319,34.32455],[135.12211,34.32416],[135.12157,34.32388],[135.12134,34.32365],[135.12127,34.32342],[135.12146,34.32275],[135.12131,34.32245],[135.12104,34.32239],[135.12022,34.32272],[135.11995,34.32263],[135.11973,34.32228],[135.11969,34.32179],[135.11924,34.3216],[135.11888,34.32154],[135.11833,34.32157],[135.11806,34.32168],[135.11724,34.32227],[135.11615,34.32267],[135.11588,34.32269],[135.11479,34.3225],[135.1129,34.32193],[135.11018,34.32187],[135.10964,34.32179],[135.10774,34.32133],[135.10612,34.32058],[135.10368,34.32022],[135.10259,34.31994],[135.102,34.31967],[135.10152,34.31922],[135.10117,34.31832],[135.10076,34.31764],[135.09966,34.3165],[135.09928,34.31537],[135.09907,34.31514],[135.09857,34.31481],[135.09803,34.31458],[135.09722,34.31437],[135.09613,34.31437],[135.09559,34.31458],[135.09449,34.31528],[135.09395,34.31541],[135.09354,34.31533],[135.0927,34.31487],[135.09273,34.31465],[135.09396,34.31411],[135.09416,34.31398],[135.09431,34.31376],[135.09398,34.31264],[135.09344,34.31195],[135.09346,34.31172],[135.09362,34.3115],[135.09465,34.3106],[135.09581,34.30926],[135.09702,34.30814],[135.09729,34.308],[135.09756,34.30801],[135.09779,34.30815],[135.09811,34.3086],[135.09837,34.30882],[135.09945,34.30929],[135.1008,34.3095],[135.10134,34.30972],[135.10171,34.30998],[135.10242,34.31073],[135.10296,34.31095],[135.10331,34.31089],[135.10346,34.31067],[135.10349,34.30999],[135.10372,34.30977],[135.10443,34.30955],[135.10505,34.3091],[135.1057,34.30886],[135.10595,34.30866],[135.10607,34.30843],[135.10635,34.30754],[135.1064,34.30641],[135.10636,34.30596],[135.10601,34.30534],[135.10551,34.30482],[135.10485,34.30437],[135.10466,34.30414],[135.10443,34.30346],[135.10417,34.30301],[135.10333,34.30208],[135.10306,34.30188],[135.10225,34.3015],[135.10144,34.30088],[135.10063,34.30049],[135.10038,34.30028],[135.10008,34.2996],[135.09983,34.29936],[135.09874,34.29892],[135.09838,34.29869],[135.09703,34.2971],[135.09683,34.29665],[135.09699,34.2962],[135.09797,34.29555],[135.09906,34.29441],[135.09972,34.29284],[135.09972,34.29216],[135.09918,34.29125],[135.09901,34.2908],[135.09877,34.28945],[135.0988,34.28922],[135.09894,34.289],[135.09978,34.28833],[135.1005,34.28747],[135.10107,34.28699],[135.10147,34.28609],[135.1016,34.28596],[135.10187,34.28586],[135.10268,34.28608],[135.10295,34.2861],[135.10323,34.28601],[135.10377,34.28558],[135.10405,34.28543],[135.10486,34.2852],[135.10569,34.28462],[135.10705,34.28425],[135.10813,34.28416],[135.10841,34.28403],[135.10871,34.28366],[135.10896,34.28276],[135.10891,34.28231],[135.10817,34.28065],[135.10734,34.27937],[135.10729,34.27869],[135.10756,34.27824],[135.10848,34.27744],[135.10856,34.27712],[135.1085,34.27645],[135.10873,34.27577],[135.1094,34.27465],[135.11014,34.27376],[135.11043,34.27263],[135.1107,34.27234]],[[135.13104,34.30095],[135.1305,34.30104],[135.13027,34.30117],[135.13011,34.3014],[135.13022,34.30177],[135.13049,34.30194],[135.13103,34.30188],[135.13142,34.30163],[135.1315,34.30141],[135.13142,34.30118],[135.13104,34.30095]],[[135.16489,34.31123],[135.16471,34.31133],[135.16477,34.31155],[135.16488,34.3116],[135.16534,34.31156],[135.16562,34.31133],[135.16543,34.31115],[135.16489,34.31123]],[[135.16735,34.3097],[135.16709,34.30999],[135.16702,34.31022],[135.16706,34.31044],[135.16734,34.31065],[135.16761,34.3107],[135.16788,34.31065],[135.1682,34.31045],[135.16832,34.31023],[135.16825,34.31],[135.16789,34.30964],[135.16762,34.30958],[135.16735,34.3097]],[[135.17412,34.28343],[135.17385,34.28349],[135.17363,34.28367],[135.17352,34.28412],[135.17368,34.28479],[135.17406,34.2857],[135.17436,34.28615],[135.17464,34.28635],[135.17491,34.28641],[135.176,34.28628],[135.17654,34.28662],[135.17681,34.2867],[135.1774,34.28595],[135.17745,34.28572],[135.17736,34.2856],[135.17709,34.28546],[135.17573,34.28536],[135.17546,34.28525],[135.17493,34.28458],[135.1749,34.28435],[135.17512,34.2839],[135.17505,34.28368],[135.17412,34.28343]],[[135.19618,34.30543],[135.19592,34.30568],[135.19592,34.3059],[135.19617,34.30599],[135.19645,34.30597],[135.1967,34.30568],[135.19672,34.30545],[135.19645,34.30531],[135.19618,34.30543]]]}},{"type":"Feature","properties":{"no":73},"geometry":{"type":"MultiPolygon","coordinates":[[[[135.41788,34.68715],[135.41779,34.68738],[135.41779,34.68783],[135.41804,34.68828],[135.42194,34.69158],[135.42248,34.69237],[135.42289,34.69281],[135.42682,34.69603],[135.42709,34.69612],[135.42818,34.69612],[135.42927,34.69637],[135.42955,34.69628],[135.43037,34.69569],[135.43119,34.69526],[135.43174,34.69507],[135.43228,34.69503],[135.43238,34.69488],[135.43247,34.69421],[135.43238,34.69398],[135.43136,34.69285],[135.43106,34.69217],[135.43109,34.69195],[135.43156,34.69127],[135.43159,34.69015],[135.4314,34.68992],[135.43041,34.68945],[135.42959,34.6892],[135.4285,34.68893],[135.42741,34.6888],[135.4266,34.68852],[135.42469,34.68807],[135.42333,34.68803],[135.4187,34.68684],[135.41815,34.68689],[135.41788,34.68715]]],[[[135.43337,34.69639],[135.43318,34.69692],[135.43326,34.69714],[135.43363,34.69737],[135.4339,34.69741],[135.43472,34.69734],[135.435,34.69741],[135.43523,34.6976],[135.43534,34.69783],[135.43535,34.6985],[135.43553,34.69873],[135.43608,34.69881],[135.43717,34.69861],[135.43752,34.69851],[135.43776,34.69829],[135.43783,34.69807],[135.43778,34.69761],[135.43762,34.69739],[135.43723,34.69716],[135.43636,34.69696],[135.43419,34.69617],[135.43364,34.69618],[135.43337,34.69639]]]]}},{"type":"Feature","properties":{"no":74},"geometry":{"type":"Polygon","coordinates":[[[135.40902,34.65916],[135.40934,34.65917],[135.40962,34.65931],[135.40992,34.65984],[135.41024,34.66142],[135.41031,34.66233],[135.41079,34.66458],[135.41079,34.66503],[135.41063,34.66548],[135.41039,34.66568],[135.41011,34.66577],[135.4093,34.66589],[135.40898,34.66615],[135.40893,34.6666],[135.40911,34.66728],[135.40929,34.66863],[135.40917,34.66886],[135.40859,34.6693],[135.40297,34.67295],[135.4027,34.67306],[135.40215,34.67303],[135.39589,34.67085],[135.39408,34.67013],[135.39154,34.66928],[135.39018,34.66861],[135.38855,34.66801],[135.38803,34.66762],[135.38712,34.66401],[135.38704,34.66289],[135.38722,34.66268],[135.3875,34.66262],[135.38832,34.66266],[135.38941,34.66253],[135.39077,34.6622],[135.39296,34.6619],[135.39378,34.66171],[135.39787,34.66122],[135.4006,34.66078],[135.4017,34.66055],[135.40252,34.6602],[135.40902,34.65916]],[[135.39837,34.66822],[135.3983,34.66835],[135.39837,34.66858],[135.39864,34.6687],[135.39884,34.66858],[135.39887,34.66835],[135.39864,34.66816],[135.39837,34.66822]]]}},{"type":"Feature","properties":{"no":75},"geometry":{"type":"Polygon","coordinates":[[[135.38247,34.49486],[135.38438,34.49433],[135.38465,34.49433],[135.38475,34.49452],[135.38438,34.49564],[135.38451,34.49632],[135.38469,34.49677],[135.38535,34.49745],[135.38571,34.49767],[135.38653,34.49785],[135.38761,34.49851],[135.38843,34.4987],[135.38862,34.49882],[135.3876,34.49952],[135.38679,34.49987],[135.38624,34.49998],[135.38597,34.49984],[135.38569,34.49925],[135.38543,34.49909],[135.38488,34.49911],[135.38324,34.50002],[135.38243,34.50034],[135.38233,34.50059],[135.38263,34.50127],[135.38262,34.50149],[135.38226,34.50194],[135.38023,34.50319],[135.37919,34.50395],[135.37476,34.50667],[135.37421,34.50694],[135.37394,34.507],[135.37366,34.50694],[135.37339,34.50671],[135.37281,34.50595],[135.37174,34.50437],[135.37094,34.50279],[135.37085,34.50233],[135.37085,34.50121],[135.371,34.50053],[135.37148,34.50008],[135.37236,34.4996],[135.37536,34.49822],[135.37564,34.49816],[135.37603,34.4983],[135.37682,34.49944],[135.37699,34.49959],[135.37726,34.49965],[135.3778,34.49948],[135.37999,34.49844],[135.38026,34.49842],[135.38081,34.49853],[135.38108,34.49848],[135.38224,34.49698],[135.38234,34.49676],[135.38233,34.49631],[135.38209,34.49541],[135.38219,34.49503],[135.38247,34.49486]]]}},{"type":"Feature","properties":{"no":76},"geometry":{"type":"Polygon","coordinates":[[[135.45297,34.62047],[135.45433,34.62009],[135.45488,34.62017],[135.45596,34.62085],[135.45705,34.62116],[135.45787,34.62124],[135.45869,34.6211],[135.45896,34.62112],[135.45978,34.62138],[135.46032,34.62121],[135.46059,34.62121],[135.46077,34.62131],[135.46092,34.62154],[135.46094,34.62177],[135.46037,34.62312],[135.46028,34.62402],[135.46003,34.62409],[135.45949,34.62409],[135.45622,34.62347],[135.45376,34.62343],[135.45103,34.62394],[135.44912,34.62455],[135.44885,34.62456],[135.44858,34.62442],[135.44832,34.62351],[135.44838,34.62329],[135.44859,34.62315],[135.4494,34.62305],[135.44995,34.62266],[135.45025,34.62217],[135.45032,34.62172],[135.45025,34.62127],[135.45038,34.62104],[135.45106,34.62079],[135.45297,34.62047]]]}},{"type":"Feature","properties":{"no":77},"geometry":{"type":"Polygon","coordinates":[[[135.33269,34.44511],[135.33305,34.44495],[135.33332,34.445],[135.33386,34.44526],[135.33467,34.44589],[135.34009,34.44952],[135.3421,34.4508],[135.34549,34.45415],[135.34616,34.45533],[135.34704,34.45826],[135.34707,34.45871],[135.34699,34.45894],[135.34603,34.46028],[135.34457,34.46208],[135.34134,34.46634],[135.34104,34.46657],[135.34077,34.4666],[135.3405,34.46645],[135.33964,34.46543],[135.33562,34.46],[135.3352,34.45932],[135.32941,34.45163],[135.3285,34.45027],[135.32847,34.45005],[135.32856,34.44982],[135.32988,34.4487],[135.33005,34.44848],[135.33013,34.44803],[135.3303,34.4478],[135.33135,34.44736],[135.33232,34.44646],[135.33259,34.44601],[135.33269,34.44511]]]}},{"type":"Feature","properties":{"no":78},"geometry":{"type":"Polygon","coordinates":[[[135.64713,34.59946],[135.64744,34.59935],[135.64798,34.59939],[135.6488,34.59984],[135.64966,34.60082],[135.65022,34.60172],[135.65037,34.60217],[135.6502,34.60285],[135.65052,34.60398],[135.65059,34.6051],[135.65086,34.60601],[135.65126,34.60668],[135.6512,34.60691],[135.65084,34.60713],[135.6504,34.60727],[135.64931,34.60727],[135.64795,34.60764],[135.64713,34.60799],[135.64582,34.60892],[135.64522,34.60917],[135.64467,34.60924],[135.64358,34.60907],[135.64304,34.60912],[135.64249,34.60933],[135.6414,34.61002],[135.64003,34.61016],[135.63983,34.61003],[135.64002,34.60981],[135.64086,34.60939],[135.64112,34.60913],[135.64143,34.60823],[135.64137,34.60778],[135.64086,34.60712],[135.64068,34.60643],[135.64075,34.6062],[135.64141,34.60553],[135.64149,34.60508],[135.64139,34.60485],[135.64115,34.60465],[135.64088,34.60455],[135.63924,34.60437],[135.63907,34.60417],[135.63928,34.60349],[135.63923,34.60327],[135.63843,34.60234],[135.63814,34.60214],[135.63734,34.60187],[135.63709,34.60168],[135.63696,34.60123],[135.6371,34.60078],[135.63817,34.60007],[135.63872,34.59985],[135.63953,34.59997],[135.64008,34.59996],[135.64117,34.59964],[135.64144,34.59968],[135.64253,34.60024],[135.64389,34.60019],[135.6458,34.60034],[135.64629,34.60013],[135.64713,34.59946]]]}},{"type":"Feature","properties":{"no":79},"geometry":{"type":"Polygon","coordinates":[[[135.41731,34.52443],[135.41819,34.52433],[135.4201,34.52459],[135.42145,34.5249],[135.42181,34.52512],[135.42234,34.5258],[135.42318,34.52648],[135.42344,34.52694],[135.42343,34.52761],[135.42282,34.52851],[135.42277,34.52874],[135.42285,34.52896],[135.42306,34.52914],[135.42333,34.52922],[135.4247,34.52893],[135.42524,34.52913],[135.426,34.52988],[135.42649,34.53056],[135.42757,34.53169],[135.42903,34.53295],[135.42975,34.53373],[135.43065,34.53419],[135.43094,34.53441],[135.43489,34.54029],[135.43599,34.54209],[135.43613,34.54255],[135.43599,34.54277],[135.43561,34.54299],[135.42976,34.54551],[135.42852,34.54612],[135.42675,34.54682],[135.42648,34.54686],[135.42621,34.54681],[135.4259,34.54656],[135.42466,34.54475],[135.42074,34.53864],[135.42055,34.53841],[135.42028,34.53825],[135.42,34.53822],[135.41946,34.53836],[135.41823,34.53886],[135.41208,34.54165],[135.41168,34.54198],[135.4116,34.5422],[135.412,34.54333],[135.41179,34.54367],[135.41125,34.54394],[135.41016,34.54429],[135.40927,34.54467],[135.40902,34.5449],[135.40891,34.54557],[135.40875,34.5458],[135.40851,34.54595],[135.40605,34.54696],[135.40551,34.54708],[135.40523,34.547],[135.40494,34.54668],[135.40449,34.54578],[135.40221,34.54193],[135.40154,34.54058],[135.39952,34.53719],[135.39934,34.53674],[135.39942,34.53629],[135.40042,34.53505],[135.40096,34.53461],[135.40124,34.53455],[135.40178,34.53469],[135.40422,34.53604],[135.40477,34.53601],[135.40686,34.5352],[135.40707,34.53497],[135.40708,34.53452],[135.40676,34.53384],[135.4049,34.53068],[135.40488,34.53023],[135.40507,34.53],[135.40618,34.52939],[135.41109,34.52726],[135.41731,34.52443]]]}},{"type":"Feature","properties":{"no":80},"geometry":{"type":"Polygon","coordinates":[[[135.23961,34.42338],[135.2402,34.42318],[135.24075,34.42324],[135.24107,34.42339],[135.24967,34.42917],[135.25113,34.42999],[135.25121,34.43021],[135.2511,34.43044],[135.25059,34.43089],[135.24952,34.43156],[135.248,34.43276],[135.24706,34.43334],[135.24566,34.43446],[135.24472,34.43504],[135.24335,34.43612],[135.24198,34.43699],[135.24171,34.43709],[135.24144,34.43709],[135.24117,34.43699],[135.24029,34.43646],[135.23387,34.4321],[135.23332,34.43189],[135.23305,34.43189],[135.23278,34.43202],[135.2324,34.43235],[135.23215,34.4328],[135.23222,34.43323],[135.23241,34.43348],[135.23844,34.43748],[135.23948,34.43826],[135.2396,34.43848],[135.23954,34.43871],[135.23897,34.43924],[135.23815,34.43973],[135.2369,34.44072],[135.23596,34.4413],[135.23471,34.44228],[135.23377,34.44286],[135.23267,34.44371],[135.23185,34.4442],[135.23048,34.44528],[135.22966,34.44572],[135.22912,34.4458],[135.22776,34.44503],[135.21965,34.43957],[135.21858,34.4388],[135.21843,34.43857],[135.21847,34.43835],[135.21995,34.43714],[135.22077,34.43665],[135.22186,34.4358],[135.22268,34.43531],[135.22378,34.43446],[135.2246,34.43397],[135.22761,34.43178],[135.22953,34.43069],[135.23132,34.42919],[135.23227,34.42861],[135.23336,34.42776],[135.23418,34.42727],[135.23528,34.42642],[135.2361,34.42593],[135.23734,34.42494],[135.23829,34.42436],[135.23961,34.42338]]]}},{"type":"Feature","properties":{"no":81},"geometry":{"type":"MultiPolygon","coordinates":[[[[135.34527,34.61805],[135.3446,34.61939],[135.34391,34.62052],[135.34364,34.62119],[135.34355,34.62164],[135.34364,34.62209],[135.34391,34.62255],[135.34644,34.62504],[135.34713,34.62594],[135.3486,34.6273],[135.34931,34.62811],[135.34985,34.62854],[135.34996,34.62844],[135.34931,34.62768],[135.34866,34.62708],[135.3479,34.62595],[135.3465,34.62481],[135.3458,34.624],[135.34542,34.62368],[135.34505,34.62323],[135.3444,34.6221],[135.34432,34.62142],[135.34463,34.62052],[135.34576,34.61872],[135.34611,34.61858],[135.3472,34.61899],[135.34747,34.61904],[135.34754,34.61896],[135.34725,34.61851],[135.34699,34.61828],[135.34612,34.61776],[135.34584,34.61769],[135.34557,34.61775],[135.34527,34.61805]]],[[[135.34766,34.61964],[135.34801,34.62035],[135.34828,34.6206],[135.34895,34.62099],[135.3491,34.62122],[135.34911,34.62167],[135.34869,34.62235],[135.34875,34.62257],[135.34974,34.62325],[135.35124,34.62454],[135.35159,34.62507],[135.35178,34.62619],[135.35288,34.62733],[135.353,34.62778],[135.35291,34.628],[135.35252,34.62845],[135.35244,34.62868],[135.35257,34.6289],[135.35312,34.62926],[135.35313,34.62958],[135.35256,34.6301],[135.35229,34.63021],[135.35174,34.63027],[135.35161,34.63047],[135.35172,34.6307],[135.35282,34.63193],[135.35309,34.63213],[135.35337,34.63222],[135.35364,34.63215],[135.35474,34.63127],[135.35556,34.63039],[135.35732,34.62893],[135.35836,34.62781],[135.35836,34.62758],[135.35818,34.62735],[135.35599,34.62554],[135.35494,34.62486],[135.35316,34.62341],[135.35217,34.62281],[135.35018,34.62114],[135.34937,34.62069],[135.34889,34.61987],[135.34856,34.61955],[135.34774,34.6191],[135.34762,34.61918],[135.34766,34.61964]],[[135.35017,34.62229],[135.35099,34.62269],[135.3518,34.62336],[135.35204,34.62372],[135.35207,34.62389],[135.3519,34.62417],[135.35152,34.62425],[135.35098,34.62401],[135.34982,34.62303],[135.34953,34.62258],[135.34957,34.62235],[135.3499,34.62223],[135.35017,34.62229]]],[[[135.35012,34.6287],[135.35012,34.62863],[135.35007,34.62866],[135.35012,34.6287]]],[[[135.35066,34.62935],[135.35066,34.62933],[135.35066,34.62934],[135.35066,34.62935]]]]}},{"type":"Feature","properties":{"no":82},"geometry":{"type":"Polygon","coordinates":[[[135.3901,34.6425],[135.39256,34.64207],[135.39283,34.64208],[135.39306,34.64218],[135.39429,34.64332],[135.39733,34.64649],[135.39808,34.64717],[135.40003,34.6492],[135.40079,34.64988],[135.40247,34.65169],[135.40339,34.65255],[135.40419,34.65351],[135.4042,34.65373],[135.40405,34.65396],[135.4031,34.65468],[135.40283,34.65477],[135.40241,34.65462],[135.40008,34.65191],[135.39982,34.65146],[135.39959,34.65078],[135.39907,34.6501],[135.39842,34.64965],[135.39702,34.64896],[135.39633,34.64833],[135.39552,34.64733],[135.39498,34.64694],[135.3947,34.64688],[135.39389,34.64691],[135.39225,34.64664],[135.39061,34.64701],[135.39034,34.64701],[135.38952,34.64662],[135.38925,34.64658],[135.38871,34.64665],[135.38813,34.64689],[135.3877,34.64734],[135.38751,34.64779],[135.38733,34.64892],[135.38705,34.64919],[135.38569,34.64925],[135.38405,34.64968],[135.38296,34.64986],[135.38241,34.64987],[135.38132,34.64968],[135.37968,34.6497],[135.37914,34.64984],[135.37859,34.65009],[135.37804,34.65061],[135.37746,34.65157],[135.37735,34.65225],[135.37745,34.65292],[135.37825,34.65428],[135.3787,34.65473],[135.37937,34.65522],[135.38019,34.65557],[135.38073,34.65572],[135.38182,34.65576],[135.38264,34.65568],[135.38537,34.65496],[135.38728,34.65457],[135.38783,34.65471],[135.38857,34.65523],[135.38891,34.65536],[135.39082,34.65539],[135.39219,34.65566],[135.3925,34.65593],[135.39258,34.65638],[135.39255,34.65705],[135.39227,34.65773],[135.3919,34.65808],[135.39135,34.65826],[135.38015,34.66],[135.37961,34.65999],[135.37934,34.6599],[135.37879,34.6594],[135.37397,34.65335],[135.37335,34.65268],[135.37311,34.65222],[135.37308,34.652],[135.37327,34.65155],[135.37418,34.6502],[135.3745,34.64988],[135.37477,34.64982],[135.37527,34.65021],[135.37559,34.65026],[135.37779,34.64977],[135.37793,34.64954],[135.37786,34.64932],[135.37755,34.64887],[135.3767,34.64803],[135.37612,34.64773],[135.37626,34.64728],[135.37664,34.64661],[135.37857,34.64369],[135.37891,34.64332],[135.37946,34.64314],[135.3811,34.6431],[135.38219,34.64293],[135.38382,34.64292],[135.38519,34.64272],[135.38683,34.64271],[135.38819,34.64251],[135.3901,34.6425]]]}},{"type":"Feature","properties":{"no":83},"geometry":{"type":"Polygon","coordinates":[[[135.41741,34.66394],[135.41777,34.66392],[135.42076,34.66466],[135.42185,34.66478],[135.42216,34.66486],[135.42255,34.66509],[135.42267,34.66531],[135.42255,34.66554],[135.42187,34.66599],[135.42157,34.66653],[135.42103,34.66711],[135.42104,34.66734],[135.42124,34.66779],[135.42127,34.66846],[135.42167,34.66914],[135.42185,34.66982],[135.42209,34.67001],[135.42301,34.67027],[135.42389,34.67095],[135.424,34.67118],[135.42399,34.67141],[135.42371,34.67181],[135.42344,34.67189],[135.42317,34.67187],[135.4199,34.67098],[135.41881,34.67063],[135.41824,34.67025],[135.41741,34.66912],[135.41709,34.66844],[135.41708,34.66439],[135.41712,34.66416],[135.41741,34.66394]]]}},{"type":"Feature","properties":{"no":84},"geometry":{"type":"Polygon","coordinates":[[[135.45375,34.62624],[135.45593,34.62592],[135.45838,34.62596],[135.46165,34.62658],[135.46574,34.62728],[135.46655,34.62734],[135.46791,34.62762],[135.46927,34.62808],[135.47009,34.62854],[135.47073,34.62902],[135.47145,34.62935],[135.47177,34.6297],[135.47175,34.63015],[135.47144,34.63042],[135.47035,34.63068],[135.4537,34.63331],[135.45315,34.63328],[135.45293,34.633],[135.45307,34.63187],[135.45327,34.6312],[135.45338,34.63007],[135.45338,34.62985],[135.45319,34.62962],[135.45263,34.62969],[135.45045,34.63054],[135.44935,34.63082],[135.44881,34.63086],[135.44838,34.63073],[135.44824,34.6305],[135.44846,34.62892],[135.44874,34.62847],[135.44937,34.62809],[135.45375,34.62624]]]}},{"type":"Feature","properties":{"no":85},"geometry":{"type":"Polygon","coordinates":[[[135.41774,34.61098],[135.41841,34.61089],[135.41868,34.61094],[135.41895,34.61115],[135.41906,34.61143],[135.41917,34.61233],[135.41937,34.61256],[135.42003,34.61291],[135.42025,34.61324],[135.42013,34.61392],[135.41887,34.61797],[135.41866,34.61887],[135.41844,34.61932],[135.41816,34.61954],[135.41753,34.61962],[135.41671,34.61949],[135.41562,34.61962],[135.41426,34.61945],[135.41317,34.61962],[135.40962,34.61962],[135.40853,34.6198],[135.40717,34.61983],[135.40635,34.61978],[135.40554,34.61948],[135.40499,34.61944],[135.40362,34.61992],[135.40253,34.62047],[135.40198,34.62066],[135.40035,34.62068],[135.3998,34.62054],[135.39969,34.62035],[135.3997,34.62013],[135.40005,34.61923],[135.40087,34.61833],[135.40095,34.61811],[135.40082,34.61743],[135.40082,34.61698],[135.40172,34.6145],[135.40246,34.6127],[135.40286,34.61228],[135.40313,34.61219],[135.40368,34.61215],[135.41377,34.61219],[135.41486,34.61201],[135.41649,34.61196],[135.41677,34.61191],[135.41704,34.61175],[135.41743,34.6112],[135.41774,34.61098]]]}},{"type":"Feature","properties":{"no":86},"geometry":{"type":"Polygon","coordinates":[[[135.43345,34.54389],[135.43604,34.54289],[135.43631,34.5429],[135.43653,34.543],[135.43704,34.54368],[135.43718,34.54413],[135.43685,34.54616],[135.43731,34.54706],[135.4386,34.54909],[135.43863,34.54932],[135.43851,34.54954],[135.4379,34.54992],[135.43763,34.55023],[135.4375,34.55067],[135.43762,34.55129],[135.43794,34.55157],[135.43898,34.55185],[135.43939,34.55203],[135.44006,34.5526],[135.44082,34.55294],[135.44099,34.55339],[135.44089,34.55406],[135.44049,34.55451],[135.43896,34.55499],[135.43732,34.55534],[135.43705,34.55535],[135.43664,34.55517],[135.43592,34.55426],[135.43517,34.55313],[135.43488,34.55294],[135.43434,34.55289],[135.43134,34.55367],[135.43079,34.55367],[135.43052,34.55354],[135.42729,34.5487],[135.42669,34.54769],[135.42655,34.54723],[135.42663,34.54701],[135.42703,34.54674],[135.43222,34.54449],[135.43345,34.54389]]]}},{"type":"Feature","properties":{"no":87},"geometry":{"type":"Polygon","coordinates":[[[135.41016,34.54429],[135.41179,34.54381],[135.41207,34.54385],[135.41234,34.54401],[135.41253,34.54424],[135.41522,34.54876],[135.41551,34.54944],[135.41561,34.54989],[135.41554,34.55011],[135.41529,34.55041],[135.41447,34.55092],[135.41337,34.55177],[135.41255,34.55226],[135.41173,34.55289],[135.41091,34.55338],[135.41009,34.55401],[135.40981,34.55416],[135.40954,34.5542],[135.40927,34.55409],[135.40893,34.55369],[135.40571,34.54804],[135.40554,34.54758],[135.40558,34.54736],[135.40577,34.54713],[135.40605,34.54698],[135.40824,34.54608],[135.40875,34.5458],[135.40891,34.54557],[135.40902,34.5449],[135.40927,34.54467],[135.41016,34.54429]]]}},{"type":"Feature","properties":{"no":88},"geometry":{"type":"Polygon","coordinates":[[[135.43883,34.55856],[135.43948,34.55851],[135.43975,34.55865],[135.4399,34.55902],[135.43994,34.55969],[135.43981,34.55992],[135.43908,34.56036],[135.43865,34.56077],[135.43775,34.56216],[135.43706,34.56374],[135.43704,34.56419],[135.43719,34.56441],[135.4378,34.5648],[135.43889,34.56505],[135.43916,34.56506],[135.44025,34.5648],[135.4408,34.56477],[135.44161,34.56486],[135.44216,34.56508],[135.4425,34.56534],[135.44265,34.56556],[135.44259,34.56647],[135.44278,34.56692],[135.4435,34.56742],[135.44454,34.5676],[135.44486,34.56777],[135.44508,34.56805],[135.4451,34.56828],[135.44448,34.56986],[135.4444,34.57076],[135.4442,34.57143],[135.44411,34.57233],[135.44392,34.57301],[135.44393,34.57368],[135.44363,34.57458],[135.44355,34.57549],[135.44327,34.57661],[135.44292,34.57796],[135.44252,34.57886],[135.44243,34.57976],[135.4415,34.58275],[135.44122,34.58295],[135.44068,34.58301],[135.43904,34.58279],[135.43523,34.58278],[135.43468,34.58285],[135.43441,34.58305],[135.43429,34.58333],[135.43423,34.58401],[135.43403,34.58468],[135.43394,34.58581],[135.43367,34.58648],[135.43348,34.58671],[135.43247,34.58721],[135.43083,34.58777],[135.42728,34.58921],[135.42673,34.5893],[135.42646,34.58915],[135.42635,34.5887],[135.42638,34.58668],[135.42658,34.586],[135.42667,34.5851],[135.42706,34.5842],[135.4271,34.58397],[135.42699,34.5833],[135.42715,34.58262],[135.42724,34.5815],[135.4277,34.5806],[135.42779,34.57969],[135.42799,34.57902],[135.42808,34.57789],[135.42828,34.57722],[135.42836,34.57632],[135.42884,34.57452],[135.42893,34.57339],[135.42913,34.57271],[135.42935,34.57114],[135.42927,34.57091],[135.42904,34.57068],[135.42877,34.57056],[135.42768,34.57053],[135.42686,34.57037],[135.42578,34.5703],[135.42496,34.57014],[135.42387,34.57007],[135.42305,34.5699],[135.42115,34.56982],[135.42087,34.56997],[135.4205,34.5711],[135.42041,34.57177],[135.41965,34.57515],[135.41957,34.57605],[135.41937,34.57673],[135.41928,34.5774],[135.4188,34.5792],[135.41878,34.5801],[135.41857,34.58123],[135.41825,34.5819],[135.41675,34.58933],[135.41626,34.59091],[135.41615,34.59181],[135.41593,34.59249],[135.41589,34.59316],[135.41569,34.59361],[135.41526,34.59398],[135.41416,34.59454],[135.41143,34.59581],[135.41006,34.59655],[135.40869,34.59715],[135.40678,34.59811],[135.40486,34.59893],[135.40295,34.59988],[135.40268,34.59995],[135.40227,34.59986],[135.40211,34.59963],[135.40212,34.59941],[135.4026,34.59693],[135.40308,34.59513],[135.40373,34.59175],[135.40421,34.58995],[135.40429,34.58905],[135.40477,34.58725],[135.40486,34.58635],[135.40534,34.58455],[135.40711,34.57576],[135.40759,34.57396],[135.40767,34.57329],[135.40872,34.56856],[135.4088,34.56788],[135.40928,34.56608],[135.40936,34.56541],[135.41013,34.56226],[135.41021,34.56158],[135.41043,34.56113],[135.41086,34.56086],[135.4114,34.5608],[135.42094,34.56084],[135.42203,34.56074],[135.42339,34.56085],[135.42884,34.56085],[135.42966,34.56069],[135.43102,34.56063],[135.43211,34.56024],[135.43347,34.56014],[135.43566,34.5596],[135.43674,34.5598],[135.43702,34.55969],[135.43737,34.55923],[135.43767,34.55901],[135.43811,34.55877],[135.43883,34.55856]],[[135.41311,34.58951],[135.41251,34.59202],[135.41251,34.59247],[135.41274,34.5927],[135.41308,34.5928],[135.41417,34.59299],[135.41472,34.59295],[135.41507,34.59271],[135.41518,34.59248],[135.41532,34.59136],[135.41556,34.59091],[135.41557,34.59068],[135.41528,34.59043],[135.41501,34.59063],[135.415,34.59134],[135.4152,34.59158],[135.415,34.59164],[135.41482,34.59203],[135.41445,34.59219],[135.41418,34.59218],[135.41391,34.59203],[135.41373,34.5918],[135.41358,34.59135],[135.41382,34.59067],[135.41395,34.59],[135.41392,34.58968],[135.41365,34.58939],[135.41338,34.58935],[135.41311,34.58951]]]}},{"type":"Feature","properties":{"no":89},"geometry":{"type":"Polygon","coordinates":[[[135.35057,34.46594],[135.35084,34.46579],[135.35111,34.46577],[135.35139,34.46586],[135.35505,34.46777],[135.3555,34.46822],[135.35837,34.47184],[135.359,34.47252],[135.35961,34.47343],[135.35962,34.47365],[135.35946,34.47388],[135.35658,34.47679],[135.35346,34.47978],[135.35318,34.47999],[135.35291,34.48004],[135.35269,34.47993],[135.35256,34.4797],[135.3527,34.47925],[135.35264,34.4788],[135.35185,34.47744],[135.35099,34.47631],[135.35079,34.47586],[135.35093,34.47541],[135.35156,34.47451],[135.3517,34.47406],[135.35139,34.47271],[135.35124,34.47248],[135.35052,34.4719],[135.35043,34.47135],[135.3508,34.47045],[135.35136,34.46977],[135.35146,34.46933],[135.3514,34.4691],[135.35109,34.46884],[135.35,34.46852],[135.3494,34.46819],[135.34922,34.46796],[135.34935,34.46751],[135.35057,34.46594]]]}},{"type":"Feature","properties":{"no":90},"geometry":{"type":"Polygon","coordinates":[[[135.36764,34.47144],[135.36794,34.47128],[135.36822,34.47131],[135.36957,34.47161],[135.36985,34.4717],[135.37009,34.4719],[135.37022,34.47236],[135.37003,34.47348],[135.37013,34.47371],[135.37035,34.47393],[135.37104,34.47439],[135.37114,34.47461],[135.37116,34.47506],[135.37145,34.47541],[135.37199,34.47561],[135.37281,34.47575],[135.3739,34.47561],[135.37405,34.47576],[135.37399,34.47598],[135.37319,34.47665],[135.37122,34.478],[135.36679,34.48033],[135.36624,34.48045],[135.36582,34.48022],[135.36423,34.47818],[135.36401,34.47773],[135.36401,34.47751],[135.36424,34.47706],[135.36713,34.47324],[135.36765,34.47212],[135.36764,34.47144]]]}},{"type":"Feature","properties":{"no":91},"geometry":{"type":"Polygon","coordinates":[[[135.39506,34.51756],[135.39564,34.51764],[135.39673,34.51818],[135.39781,34.51848],[135.39871,34.51893],[135.39971,34.51903],[135.39999,34.51912],[135.40036,34.51939],[135.40072,34.51984],[135.4011,34.52052],[135.40252,34.52503],[135.40255,34.52548],[135.40233,34.52593],[135.40161,34.52683],[135.40129,34.52712],[135.40102,34.52726],[135.40047,34.52726],[135.39885,34.52638],[135.39857,34.52634],[135.3983,34.5264],[135.39801,34.52659],[135.39512,34.52995],[135.39446,34.53049],[135.39419,34.5305],[135.39364,34.52998],[135.39283,34.52983],[135.39243,34.52949],[135.39036,34.52677],[135.38909,34.52497],[135.38852,34.52429],[135.38843,34.52406],[135.3885,34.52384],[135.38906,34.52325],[135.38934,34.52307],[135.38961,34.52303],[135.38997,34.52317],[135.39232,34.52479],[135.39259,34.52484],[135.39287,34.52479],[135.39341,34.5244],[135.39362,34.52409],[135.39362,34.52386],[135.39349,34.52363],[135.39121,34.52205],[135.39096,34.52182],[135.39088,34.52159],[135.39095,34.52137],[135.39126,34.52104],[135.39181,34.52065],[135.39208,34.52058],[135.39266,34.5207],[135.39479,34.52213],[135.39506,34.52224],[135.39533,34.52224],[135.39561,34.52214],[135.396,34.52184],[135.39619,34.52162],[135.39626,34.52139],[135.39616,34.52115],[135.39372,34.51942],[135.39352,34.51913],[135.39352,34.5189],[135.39373,34.51859],[135.39464,34.51778],[135.39506,34.51756]]]}},{"type":"Feature","properties":{"no":92},"geometry":{"type":"Polygon","coordinates":[[[135.31765,34.42407],[135.31798,34.42399],[135.31825,34.42409],[135.31855,34.42497],[135.31919,34.42543],[135.3196,34.42597],[135.31987,34.42617],[135.32096,34.42637],[135.32123,34.42649],[135.3224,34.42747],[135.32258,34.42793],[135.3223,34.4283],[135.32066,34.42958],[135.31874,34.43071],[135.3182,34.43083],[135.31774,34.4306],[135.31674,34.4297],[135.31615,34.42902],[135.3143,34.4272],[135.31411,34.42698],[135.31405,34.42675],[135.31412,34.42653],[135.31431,34.4263],[135.31485,34.42585],[135.3158,34.42527],[135.31662,34.42465],[135.31765,34.42407]]]}},{"type":"Feature","properties":{"no":93},"geometry":{"type":"Polygon","coordinates":[[[135.25149,34.43022],[135.25184,34.43011],[135.25208,34.43022],[135.25239,34.4309],[135.25262,34.43112],[135.25668,34.43385],[135.25995,34.43519],[135.26293,34.43711],[135.2632,34.4372],[135.26402,34.43704],[135.26429,34.43705],[135.26483,34.43728],[135.26501,34.43751],[135.26502,34.43774],[135.2649,34.43796],[135.2599,34.44311],[135.25961,34.44332],[135.25824,34.44363],[135.25661,34.44369],[135.25552,34.44387],[135.25416,34.4439],[135.25334,34.44406],[135.25226,34.44407],[135.25171,34.44397],[135.25063,34.44337],[135.24468,34.43932],[135.24279,34.43814],[135.24212,34.4376],[135.24198,34.43737],[135.24199,34.43714],[135.24241,34.4367],[135.24335,34.43612],[135.24472,34.43504],[135.24566,34.43446],[135.24718,34.43325],[135.24813,34.43267],[135.24952,34.43156],[135.25047,34.43098],[135.25149,34.43022]]]}},{"type":"Feature","properties":{"no":94},"geometry":{"type":"Polygon","coordinates":[[[135.23941,34.43893],[135.23979,34.43876],[135.24006,34.43876],[135.24087,34.43913],[135.24709,34.44335],[135.24899,34.44431],[135.25034,34.44523],[135.25115,34.44607],[135.25206,34.44667],[135.25227,34.4469],[135.25233,34.44712],[135.25226,34.44735],[135.25138,34.44825],[135.25125,34.4487],[135.25135,34.44892],[135.25167,34.44923],[135.25355,34.45051],[135.25377,34.45074],[135.25364,34.45096],[135.2511,34.45128],[135.24621,34.45126],[135.24566,34.45131],[135.24539,34.45144],[135.24446,34.45226],[135.24275,34.45405],[135.24182,34.45491],[135.24155,34.45501],[135.24128,34.45497],[135.2383,34.45301],[135.23765,34.45244],[135.23598,34.45063],[135.23546,34.45018],[135.23006,34.44654],[135.22966,34.44608],[135.22969,34.44586],[135.22991,34.44563],[135.2306,34.44519],[135.23185,34.4442],[135.23267,34.44371],[135.23377,34.44286],[135.23459,34.44237],[135.23596,34.4413],[135.23678,34.44081],[135.23815,34.43973],[135.23941,34.43893]]]}},{"type":"Feature","properties":{"no":95},"geometry":{"type":"Polygon","coordinates":[[[135.65001,34.53343],[135.65017,34.53335],[135.65044,34.53337],[135.65134,34.53366],[135.65184,34.53389],[135.65328,34.53479],[135.65537,34.5366],[135.65564,34.53705],[135.65628,34.53863],[135.65668,34.53918],[135.6575,34.5398],[135.65967,34.54088],[135.65992,34.54112],[135.66006,34.54157],[135.66003,34.54202],[135.65947,34.54337],[135.65928,34.5436],[135.65884,34.54367],[135.65812,34.54337],[135.65759,34.54292],[135.65721,34.54225],[135.65696,34.54201],[135.65613,34.54172],[135.65504,34.54183],[135.65395,34.54154],[135.6534,34.54154],[135.65286,34.54174],[135.65198,34.54222],[135.65095,34.5431],[135.65067,34.54312],[135.6504,34.543],[135.64986,34.5426],[135.64959,34.54249],[135.6485,34.5425],[135.64822,34.54241],[135.64809,34.54221],[135.64814,34.54199],[135.64841,34.54154],[135.64855,34.54109],[135.64814,34.53996],[135.64815,34.53951],[135.64843,34.53906],[135.64935,34.53839],[135.64962,34.53794],[135.64965,34.53771],[135.64942,34.53726],[135.64891,34.53681],[135.64897,34.53658],[135.64961,34.53633],[135.6507,34.53613],[135.65135,34.53569],[135.6516,34.53524],[135.65151,34.53479],[135.65011,34.53366],[135.65001,34.53343]],[[135.65096,34.53987],[135.65096,34.54004],[135.65123,34.5402],[135.6515,34.54015],[135.65161,34.53997],[135.65123,34.53975],[135.65096,34.53987]]]}},{"type":"Feature","properties":{"no":96},"geometry":{"type":"Polygon","coordinates":[[[135.63676,34.54196],[135.63761,34.54163],[135.63788,34.54164],[135.63815,34.54181],[135.63846,34.54241],[135.63869,34.54331],[135.63896,34.54361],[135.6395,34.54384],[135.64059,34.54385],[135.64223,34.54357],[135.64277,34.54335],[135.64332,34.54288],[135.64359,34.54198],[135.64387,34.54182],[135.64496,34.54195],[135.64659,34.54257],[135.64686,34.54277],[135.64689,34.54311],[135.64667,34.54356],[135.6464,34.54379],[135.64522,34.54397],[135.64495,34.54417],[135.64439,34.54652],[135.64412,34.54664],[135.64306,34.54558],[135.64249,34.54538],[135.64222,34.5454],[135.64195,34.54551],[135.64085,34.54625],[135.64004,34.54647],[135.63922,34.54695],[135.63731,34.5478],[135.63666,34.54827],[135.63649,34.54835],[135.63621,34.54834],[135.6354,34.54781],[135.63458,34.54756],[135.63434,34.54736],[135.63423,34.54713],[135.63423,34.54668],[135.63432,34.54645],[135.63459,34.54618],[135.63486,34.54616],[135.63541,34.54626],[135.63568,34.54622],[135.63677,34.54578],[135.63716,34.54534],[135.63723,34.54489],[135.63705,34.54465],[135.63623,34.54434],[135.63542,34.54386],[135.63482,34.54375],[135.63456,34.54353],[135.63461,34.5433],[135.63488,34.54309],[135.63597,34.54265],[135.63676,34.54196]]]}},{"type":"Feature","properties":{"no":97},"geometry":{"type":"Polygon","coordinates":[[[135.22745,34.41384],[135.22778,34.41375],[135.22805,34.41381],[135.22892,34.4143],[135.23048,34.41535],[135.2321,34.4167],[135.23395,34.41861],[135.23971,34.42248],[135.23994,34.42271],[135.24,34.42293],[135.23988,34.42316],[135.23829,34.42436],[135.23734,34.42494],[135.2361,34.42593],[135.23528,34.42642],[135.23418,34.42727],[135.23336,34.42776],[135.23227,34.42861],[135.2309,34.42948],[135.23062,34.42958],[135.23008,34.4295],[135.22819,34.42836],[135.22548,34.42654],[135.22467,34.4259],[135.22278,34.42472],[135.22008,34.42288],[135.21954,34.42238],[135.21944,34.42213],[135.21954,34.42186],[135.22053,34.42078],[135.22322,34.41809],[135.22685,34.41429],[135.22745,34.41384]]]}},{"type":"Feature","properties":{"no":98},"geometry":{"type":"Polygon","coordinates":[[[135.2059,34.42339],[135.2062,34.42331],[135.20647,34.42337],[135.20675,34.42352],[135.21783,34.431],[135.22047,34.43273],[135.22134,34.43322],[135.22161,34.43327],[135.22189,34.4332],[135.22216,34.433],[135.2248,34.43027],[135.22573,34.42944],[135.226,34.42931],[135.22627,34.42931],[135.22655,34.42946],[135.22709,34.42993],[135.22802,34.43052],[135.22843,34.43097],[135.2284,34.4312],[135.22652,34.43263],[135.2257,34.43312],[135.2246,34.43397],[135.22378,34.43446],[135.22268,34.43531],[135.22186,34.4358],[135.21885,34.43799],[135.2183,34.43824],[135.21776,34.43823],[135.21722,34.43798],[135.20835,34.43197],[135.20667,34.43123],[135.20505,34.43063],[135.20261,34.4291],[135.20158,34.42832],[135.20146,34.4281],[135.20151,34.42787],[135.20169,34.42765],[135.20472,34.42451],[135.2059,34.42339]]]}},{"type":"Feature","properties":{"no":99},"geometry":{"type":"Polygon","coordinates":[[[135.27223,34.31224],[135.27271,34.31227],[135.27374,34.31315],[135.27487,34.31371],[135.2765,34.31428],[135.27679,34.31452],[135.2773,34.3154],[135.27757,34.31563],[135.27811,34.31578],[135.2792,34.31591],[135.28082,34.31642],[135.28164,34.31692],[135.28217,34.31739],[135.28239,34.31771],[135.28242,34.31793],[135.2823,34.31838],[135.28074,34.32221],[135.28054,34.32288],[135.2792,34.3258],[135.27933,34.32648],[135.27927,34.32671],[135.27894,34.32715],[135.27773,34.32838],[135.27691,34.32905],[135.27637,34.32933],[135.2761,34.32923],[135.276,34.32894],[135.27596,34.32804],[135.2758,34.32714],[135.27649,34.32579],[135.27653,34.32466],[135.27641,34.32422],[135.276,34.32376],[135.27452,34.32251],[135.27327,34.32171],[135.27313,34.32149],[135.27311,34.32126],[135.27319,34.32103],[135.27345,34.32071],[135.274,34.3203],[135.27427,34.32019],[135.27454,34.32019],[135.27536,34.32043],[135.27588,34.32037],[135.27617,34.32023],[135.27673,34.3197],[135.27703,34.31903],[135.27708,34.31858],[135.27681,34.31813],[135.27647,34.31791],[135.27619,34.31783],[135.27538,34.31785],[135.2743,34.3174],[135.27348,34.31744],[135.27321,34.31734],[135.27282,34.31698],[135.27267,34.31675],[135.27256,34.3163],[135.27284,34.31517],[135.27284,34.31472],[135.27269,34.31446],[135.27178,34.31381],[135.27147,34.31336],[135.27164,34.31269],[135.2719,34.31238],[135.27223,34.31224]]]}}]}