{"type":"FeatureCollection","features":[{"type":"Feature","properties":{"name":"新石切","planned":false},"geometry":{"type":"Point","coordinates":[135.64082,34.6801]}},{"type":"Feature","properties":{"name":"長田","planned":false},"geometry":{"type":"Point","coordinates":[135.59196,34.67875]}},{"type":"Feature","properties":{"name":"吉田","planned":false},"geometry":{"type":"Point","coordinates":[135.62452,34.68033]}},{"type":"Feature","properties":{"name":"荒本","planned":false},"geometry":{"type":"Point","coordinates":[135.60499,34.67862]}},{"type":"Feature","properties":{"name":"生駒","planned":false},"geometry":{"type":"Point","coordinates":[135.69806,34.6931]}},{"type":"Feature","properties":{"name":"学研奈良登美ヶ丘","planned":false},"geometry":{"type":"Point","coordinates":[135.74916,34.72639]}},{"type":"Feature","properties":{"name":"白庭台","planned":false},"geometry":{"type":"Point","coordinates":[135.71683,34.72103]}},{"type":"Feature","properties":{"name":"学研北生駒","planned":false},"geometry":{"type":"Point","coordinates":[135.72342,34.72485]}},{"type":"Feature","properties":{"name":"ポートターミナル","planned":false},"geometry":{"type":"Point","coordinates":[135.20222,34.68145]}},{"type":"Feature","properties":{"name":"中埠頭","planned":false},"geometry":{"type":"Point","coordinates":[135.21717,34.66929]}},{"type":"Feature","properties":{"name":"市民広場","planned":false},"geometry":{"type":"Point","coordinates":[135.21244,34.66491]}},{"type":"Feature","properties":{"name":"貿易センター","planned":false},"geometry":{"type":"Point","coordinates":[135.19946,34.68937]}},{"type":"Feature","properties":{"name":"三宮","planned":false},"geometry":{"type":"Point","coordinates":[135.19529,34.69451]}},{"type":"Feature","properties":{"name":"北埠頭","planned":false},"geometry":{"type":"Point","coordinates":[135.21451,34.67356]}},{"type":"Feature","properties":{"name":"南公園","planned":false},"geometry":{"type":"Point","coordinates":[135.21707,34.66467]}},{"type":"Feature","properties":{"name":"みなとじま","planned":false},"geometry":{"type":"Point","coordinates":[135.20999,34.66907]}},{"type":"Feature","properties":{"name":"中公園","planned":false},"geometry":{"type":"Point","coordinates":[135.20752,34.6731]}},{"type":"Feature","properties":{"name":"医療センター","planned":false},"geometry":{"type":"Point","coordinates":[135.21641,34.65852]}},{"type":"Feature","properties":{"name":"計算科学センター","planned":false},"geometry":{"type":"Point","coordinates":[135.22154,34.65481]}},{"type":"Feature","properties":{"name":"神戸空港","planned":false},"geometry":{"type":"Point","coordinates":[135.22897,34.63735]}},{"type":"Feature","properties":{"name":"木野","planned":false},"geometry":{"type":"Point","coordinates":[135.77654,35.07109]}},{"type":"Feature","properties":{"name":"八幡前","planned":false},"geometry":{"type":"Point","coordinates":[135.79244,35.06617]}},{"type":"Feature","properties":{"name":"岩倉","planned":false},"geometry":{"type":"Point","coordinates":[135.78639,35.07121]}},{"type":"Feature","properties":{"name":"京都精華大前","planned":false},"geometry":{"type":"Point","coordinates":[135.76891,35.07305]}},{"type":"Feature","properties":{"name":"宝ヶ池","planned":false},"geometry":{"type":"Point","coordinates":[135.79232,35.0581]}},{"type":"Feature","properties":{"name":"二軒茶屋","planned":false},"geometry":{"type":"Point","coordinates":[135.76582,35.07803]}},{"type":"Feature","properties":{"name":"修学院","planned":false},"geometry":{"type":"Point","coordinates":[135.7903,35.05]}},{"type":"Feature","properties":{"name":"一乗寺","planned":false},"geometry":{"type":"Point","coordinates":[135.78752,35.04438]}},{"type":"Feature","properties":{"name":"出町柳","planned":false},"geometry":{"type":"Point","coordinates":[135.77355,35.03092]}},{"type":"Feature","properties":{"name":"茶山・京都芸術大学","planned":false},"geometry":{"type":"Point","coordinates":[135.78465,35.03839]}},{"type":"Feature","properties":{"name":"三宅八幡","planned":false},"geometry":{"type":"Point","coordinates":[135.79619,35.06238]}},{"type":"Feature","properties":{"name":"元田中","planned":false},"geometry":{"type":"Point","coordinates":[135.78163,35.03502]}},{"type":"Feature","properties":{"name":"木幡","planned":false},"geometry":{"type":"Point","coordinates":[135.79609,34.92622]}},{"type":"Feature","properties":{"name":"桃山南口","planned":false},"geometry":{"type":"Point","coordinates":[135.78351,34.93102]}},{"type":"Feature","properties":{"name":"中書島","planned":false},"geometry":{"type":"Point","coordinates":[135.76005,34.92664]}},{"type":"Feature","properties":{"name":"六地蔵","planned":false},"geometry":{"type":"Point","coordinates":[135.79324,34.932]}},{"type":"Feature","properties":{"name":"観月橋","planned":false},"geometry":{"type":"Point","coordinates":[135.76896,34.92815]}},{"type":"Feature","properties":{"name":"神宮丸太町","planned":false},"geometry":{"type":"Point","coordinates":[135.77224,35.01836]}},{"type":"Feature","properties":{"name":"三条","planned":false},"geometry":{"type":"Point","coordinates":[135.77234,35.00879]}},{"type":"Feature","properties":{"name":"清水五条","planned":false},"geometry":{"type":"Point","coordinates":[135.7687,34.99657]}},{"type":"Feature","properties":{"name":"祇園四条","planned":false},"geometry":{"type":"Point","coordinates":[135.77198,35.00335]}},{"type":"Feature","properties":{"name":"東福寺","planned":false},"geometry":{"type":"Point","coordinates":[135.77001,34.98143]}},{"type":"Feature","properties":{"name":"七条","planned":false},"geometry":{"type":"Point","coordinates":[135.76763,34.9901]}},{"type":"Feature","properties":{"name":"香里園","planned":false},"geometry":{"type":"Point","coordinates":[135.63094,34.78456]}},{"type":"Feature","properties":{"name":"大和田","planned":false},"geometry":{"type":"Point","coordinates":[135.6026,34.74293]}},{"type":"Feature","properties":{"name":"淀","planned":false},"geometry":{"type":"Point","coordinates":[135.721,34.90652]}},{"type":"Feature","properties":{"name":"守口市","planned":false},"geometry":{"type":"Point","coordinates":[135.56516,34.73526]}},{"type":"Feature","properties":{"name":"樟葉","planned":false},"geometry":{"type":"Point","coordinates":[135.67542,34.86199]}},{"type":"Feature","properties":{"name":"伏見桃山","planned":false},"geometry":{"type":"Point","coordinates":[135.76436,34.9325]}},{"type":"Feature","properties":{"name":"御殿山","planned":false},"geometry":{"type":"Point","coordinates":[135.654,34.82917]}},{"type":"Feature","properties":{"name":"枚方公園","planned":false},"geometry":{"type":"Point","coordinates":[135.6395,34.81162]}},{"type":"Feature","properties":{"name":"萱島","planned":false},"geometry":{"type":"Point","coordinates":[135.61122,34.7475]}},{"type":"Feature","properties":{"name":"寝屋川市","planned":false},"geometry":{"type":"Point","coordinates":[135.62074,34.76398]}},{"type":"Feature","properties":{"name":"西三荘","planned":false},"geometry":{"type":"Point","coordinates":[135.57589,34.73734]}},{"type":"Feature","properties":{"name":"伏見稲荷","planned":false},"geometry":{"type":"Point","coordinates":[135.76931,34.96913]}},{"type":"Feature","properties":{"name":"丹波橋","planned":false},"geometry":{"type":"Point","coordinates":[135.76542,34.93892]}},{"type":"Feature","properties":{"name":"藤森","planned":false},"geometry":{"type":"Point","coordinates":[135.77022,34.95688]}},{"type":"Feature","properties":{"name":"門真市","planned":false},"geometry":{"type":"Point","coordinates":[135.583,34.7381]}},{"type":"Feature","properties":{"name":"橋本","planned":false},"geometry":{"type":"Point","coordinates":[135.68422,34.88198]}},{"type":"Feature","properties":{"name":"墨染","planned":false},"geometry":{"type":"Point","coordinates":[135.7691,34.94817]}},{"type":"Feature","properties":{"name":"光善寺","planned":false},"geometry":{"type":"Point","coordinates":[135.63017,34.79776]}},{"type":"Feature","properties":{"name":"石清水八幡宮","planned":false},"geometry":{"type":"Point","coordinates":[135.69988,34.88467]}},{"type":"Feature","properties":{"name":"鳥羽街道","planned":false},"geometry":{"type":"Point","coordinates":[135.77001,34.97382]}},{"type":"Feature","properties":{"name":"枚方市","planned":false},"geometry":{"type":"Point","coordinates":[135.64872,34.81624]}},{"type":"Feature","properties":{"name":"龍谷大前深草","planned":false},"geometry":{"type":"Point","coordinates":[135.77014,34.96402]}},{"type":"Feature","properties":{"name":"古川橋","planned":false},"geometry":{"type":"Point","coordinates":[135.5914,34.73992]}},{"type":"Feature","properties":{"name":"牧野","planned":false},"geometry":{"type":"Point","coordinates":[135.66555,34.84383]}},{"type":"Feature","properties":{"name":"土居","planned":false},"geometry":{"type":"Point","coordinates":[135.55978,34.73063]}},{"type":"Feature","properties":{"name":"北浜","planned":false},"geometry":{"type":"Point","coordinates":[135.50759,34.6915]}},{"type":"Feature","properties":{"name":"淀屋橋","planned":false},"geometry":{"type":"Point","coordinates":[135.50272,34.69227]}},{"type":"Feature","properties":{"name":"天満橋","planned":false},"geometry":{"type":"Point","coordinates":[135.5163,34.69039]}},{"type":"Feature","properties":{"name":"京橋","planned":false},"geometry":{"type":"Point","coordinates":[135.53242,34.69702]}},{"type":"Feature","properties":{"name":"森小路","planned":false},"geometry":{"type":"Point","coordinates":[135.55168,34.71945]}},{"type":"Feature","properties":{"name":"千林","planned":false},"geometry":{"type":"Point","coordinates":[135.55482,34.72405]}},{"type":"Feature","properties":{"name":"関目","planned":false},"geometry":{"type":"Point","coordinates":[135.54699,34.71263]}},{"type":"Feature","properties":{"name":"野江","planned":false},"geometry":{"type":"Point","coordinates":[135.54334,34.7073]}},{"type":"Feature","properties":{"name":"滝井","planned":false},"geometry":{"type":"Point","coordinates":[135.55745,34.7279]}},{"type":"Feature","properties":{"name":"河内森","planned":false},"geometry":{"type":"Point","coordinates":[135.68565,34.77383]}},{"type":"Feature","properties":{"name":"宮之阪","planned":false},"geometry":{"type":"Point","coordinates":[135.65669,34.81368]}},{"type":"Feature","properties":{"name":"星ヶ丘","planned":false},"geometry":{"type":"Point","coordinates":[135.65983,34.80759]}},{"type":"Feature","properties":{"name":"私市","planned":false},"geometry":{"type":"Point","coordinates":[135.68656,34.76763]}},{"type":"Feature","properties":{"name":"交野市","planned":false},"geometry":{"type":"Point","coordinates":[135.67564,34.78692]}},{"type":"Feature","properties":{"name":"村野","planned":false},"geometry":{"type":"Point","coordinates":[135.6642,34.80186]}},{"type":"Feature","properties":{"name":"郡津","planned":false},"geometry":{"type":"Point","coordinates":[135.66989,34.79445]}},{"type":"Feature","properties":{"name":"ケーブル八幡宮山上","planned":false},"geometry":{"type":"Point","coordinates":[135.69987,34.88093]}},{"type":"Feature","properties":{"name":"ケーブル八幡宮口","planned":false},"geometry":{"type":"Point","coordinates":[135.69936,34.88427]}},{"type":"Feature","properties":{"name":"今出川","planned":false},"geometry":{"type":"Point","coordinates":[135.75934,35.02992]}},{"type":"Feature","properties":{"name":"烏丸御池","planned":false},"geometry":{"type":"Point","coordinates":[135.75963,35.01021]}},{"type":"Feature","properties":{"name":"鞍馬口","planned":false},"geometry":{"type":"Point","coordinates":[135.75933,35.03719]}},{"type":"Feature","properties":{"name":"九条","planned":false},"geometry":{"type":"Point","coordinates":[135.75975,34.97908]}},{"type":"Feature","properties":{"name":"北山","planned":false},"geometry":{"type":"Point","coordinates":[135.76561,35.05126]}},{"type":"Feature","properties":{"name":"国際会館","planned":false},"geometry":{"type":"Point","coordinates":[135.78508,35.06288]}},{"type":"Feature","properties":{"name":"四条","planned":false},"geometry":{"type":"Point","coordinates":[135.75967,35.00275]}},{"type":"Feature","properties":{"name":"京都","planned":false},"geometry":{"type":"Point","coordinates":[135.75988,34.98656]}},{"type":"Feature","properties":{"name":"松ヶ崎","planned":false},"geometry":{"type":"Point","coordinates":[135.77677,35.0516]}},{"type":"Feature","properties":{"name":"五条","planned":false},"geometry":{"type":"Point","coordinates":[135.75973,34.99535]}},{"type":"Feature","properties":{"name":"丸太町","planned":false},"geometry":{"type":"Point","coordinates":[135.7595,35.0162]}},{"type":"Feature","properties":{"name":"北大路","planned":false},"geometry":{"type":"Point","coordinates":[135.75838,35.04463]}},{"type":"Feature","properties":{"name":"竹田","planned":false},"geometry":{"type":"Point","coordinates":[135.75616,34.95599]}},{"type":"Feature","properties":{"name":"十条","planned":false},"geometry":{"type":"Point","coordinates":[135.75973,34.97231]}},{"type":"Feature","properties":{"name":"くいな橋","planned":false},"geometry":{"type":"Point","coordinates":[135.75742,34.96256]}},{"type":"Feature","properties":{"name":"蹴上","planned":false},"geometry":{"type":"Point","coordinates":[135.79031,35.00814]}},{"type":"Feature","properties":{"name":"二条城前","planned":false},"geometry":{"type":"Point","coordinates":[135.75039,35.01191]}},{"type":"Feature","properties":{"name":"京都市役所前","planned":false},"geometry":{"type":"Point","coordinates":[135.76895,35.01091]}},{"type":"Feature","properties":{"name":"二条","planned":false},"geometry":{"type":"Point","coordinates":[135.74177,35.01202]}},{"type":"Feature","properties":{"name":"東山","planned":false},"geometry":{"type":"Point","coordinates":[135.77985,35.00945]}},{"type":"Feature","properties":{"name":"三条京阪","planned":false},"geometry":{"type":"Point","coordinates":[135.77377,35.00923]}},{"type":"Feature","properties":{"name":"六地蔵","planned":false},"geometry":{"type":"Point","coordinates":[135.79648,34.93382]}},{"type":"Feature","properties":{"name":"妙心寺","planned":false},"geometry":{"type":"Point","coordinates":[135.71785,35.02628]}},{"type":"Feature","properties":{"name":"北野白梅町","planned":false},"geometry":{"type":"Point","coordinates":[135.73081,35.02742]}},{"type":"Feature","properties":{"name":"龍安寺","planned":false},"geometry":{"type":"Point","coordinates":[135.72143,35.02783]}},{"type":"Feature","properties":{"name":"常盤","planned":false},"geometry":{"type":"Point","coordinates":[135.7048,35.02037]}},{"type":"Feature","properties":{"name":"等持院・立命館大学衣笠キャンパス前","planned":false},"geometry":{"type":"Point","coordinates":[135.72368,35.02783]}},{"type":"Feature","properties":{"name":"宇多野","planned":false},"geometry":{"type":"Point","coordinates":[135.70988,35.02706]}},{"type":"Feature","properties":{"name":"鳴滝","planned":false},"geometry":{"type":"Point","coordinates":[135.7058,35.02353]}},{"type":"Feature","properties":{"name":"御室仁和寺","planned":false},"geometry":{"type":"Point","coordinates":[135.71439,35.02635]}},{"type":"Feature","properties":{"name":"帷子ノ辻","planned":false},"geometry":{"type":"Point","coordinates":[135.70031,35.01515]}},{"type":"Feature","properties":{"name":"鹿王院","planned":false},"geometry":{"type":"Point","coordinates":[135.68525,35.01704]}},{"type":"Feature","properties":{"name":"西院","planned":false},"geometry":{"type":"Point","coordinates":[135.73427,35.00321]}},{"type":"Feature","properties":{"name":"西大路三条","planned":false},"geometry":{"type":"Point","coordinates":[135.73253,35.0079]}},{"type":"Feature","properties":{"name":"四条大宮","planned":false},"geometry":{"type":"Point","coordinates":[135.74824,35.00315]}},{"type":"Feature","properties":{"name":"蚕ノ社","planned":false},"geometry":{"type":"Point","coordinates":[135.71299,35.01174]}},{"type":"Feature","properties":{"name":"嵐電嵯峨","planned":false},"geometry":{"type":"Point","coordinates":[135.6818,35.0165]}},{"type":"Feature","properties":{"name":"車折神社","planned":false},"geometry":{"type":"Point","coordinates":[135.68904,35.01676]}},{"type":"Feature","properties":{"name":"嵐山","planned":false},"geometry":{"type":"Point","coordinates":[135.67821,35.01537]}},{"type":"Feature","properties":{"name":"山ノ内","planned":false},"geometry":{"type":"Point","coordinates":[135.72321,35.00832]}},{"type":"Feature","properties":{"name":"太秦広隆寺","planned":false},"geometry":{"type":"Point","coordinates":[135.70835,35.01328]}},{"type":"Feature","properties":{"name":"有栖川","planned":false},"geometry":{"type":"Point","coordinates":[135.69402,35.01519]}},{"type":"Feature","properties":{"name":"大和西大寺","planned":false},"geometry":{"type":"Point","coordinates":[135.78307,34.69365]}},{"type":"Feature","properties":{"name":"尼ヶ辻","planned":false},"geometry":{"type":"Point","coordinates":[135.78352,34.68111]}},{"type":"Feature","properties":{"name":"西ノ京","planned":false},"geometry":{"type":"Point","coordinates":[135.78317,34.67065]}},{"type":"Feature","properties":{"name":"九条","planned":false},"geometry":{"type":"Point","coordinates":[135.78296,34.65941]}},{"type":"Feature","properties":{"name":"石見","planned":false},"geometry":{"type":"Point","coordinates":[135.78586,34.57135]}},{"type":"Feature","properties":{"name":"田原本","planned":false},"geometry":{"type":"Point","coordinates":[135.79087,34.55308]}},{"type":"Feature","properties":{"name":"笠縫","planned":false},"geometry":{"type":"Point","coordinates":[135.79411,34.54142]}},{"type":"Feature","properties":{"name":"近鉄郡山","planned":false},"geometry":{"type":"Point","coordinates":[135.78073,34.64605]}},{"type":"Feature","properties":{"name":"大和八木","planned":false},"geometry":{"type":"Point","coordinates":[135.79147,34.51306]}},{"type":"Feature","properties":{"name":"新ノ口","planned":false},"geometry":{"type":"Point","coordinates":[135.79466,34.52514]}},{"type":"Feature","properties":{"name":"ファミリー公園前","planned":false},"geometry":{"type":"Point","coordinates":[135.78504,34.59806]}},{"type":"Feature","properties":{"name":"八木西口","planned":false},"geometry":{"type":"Point","coordinates":[135.79075,34.50966]}},{"type":"Feature","properties":{"name":"平端","planned":false},"geometry":{"type":"Point","coordinates":[135.78279,34.60671]}},{"type":"Feature","properties":{"name":"畝傍御陵前","planned":false},"geometry":{"type":"Point","coordinates":[135.79424,34.49277]}},{"type":"Feature","properties":{"name":"筒井","planned":false},"geometry":{"type":"Point","coordinates":[135.78066,34.62024]}},{"type":"Feature","properties":{"name":"結崎","planned":false},"geometry":{"type":"Point","coordinates":[135.78484,34.58452]}},{"type":"Feature","properties":{"name":"橿原神宮前","planned":false},"geometry":{"type":"Point","coordinates":[135.79431,34.48405]}},{"type":"Feature","properties":{"name":"大阿太","planned":false},"geometry":{"type":"Point","coordinates":[135.76643,34.3884]}},{"type":"Feature","properties":{"name":"下市口","planned":false},"geometry":{"type":"Point","coordinates":[135.7869,34.38402]}},{"type":"Feature","properties":{"name":"福神","planned":false},"geometry":{"type":"Point","coordinates":[135.75023,34.39543]}},{"type":"Feature","properties":{"name":"壺阪山","planned":false},"geometry":{"type":"Point","coordinates":[135.79481,34.44968]}},{"type":"Feature","properties":{"name":"葛","planned":false},"geometry":{"type":"Point","coordinates":[135.75959,34.43098]}},{"type":"Feature","properties":{"name":"吉野口","planned":false},"geometry":{"type":"Point","coordinates":[135.75067,34.42069]}},{"type":"Feature","properties":{"name":"岡寺","planned":false},"geometry":{"type":"Point","coordinates":[135.79595,34.47424]}},{"type":"Feature","properties":{"name":"飛鳥","planned":false},"geometry":{"type":"Point","coordinates":[135.79817,34.46501]}},{"type":"Feature","properties":{"name":"市尾","planned":false},"geometry":{"type":"Point","coordinates":[135.77633,34.44176]}},{"type":"Feature","properties":{"name":"薬水","planned":false},"geometry":{"type":"Point","coordinates":[135.74329,34.40778]}},{"type":"Feature","properties":{"name":"東寺","planned":false},"geometry":{"type":"Point","coordinates":[135.75259,34.97998]}},{"type":"Feature","properties":{"name":"伊勢田","planned":false},"geometry":{"type":"Point","coordinates":[135.779,34.88216]}},{"type":"Feature","properties":{"name":"山田川","planned":false},"geometry":{"type":"Point","coordinates":[135.79387,34.73778]}},{"type":"Feature","properties":{"name":"大久保","planned":false},"geometry":{"type":"Point","coordinates":[135.77706,34.87463]}},{"type":"Feature","properties":{"name":"富野荘","planned":false},"geometry":{"type":"Point","coordinates":[135.77292,34.84016]}},{"type":"Feature","properties":{"name":"狛田","planned":false},"geometry":{"type":"Point","coordinates":[135.78952,34.78044]}},{"type":"Feature","properties":{"name":"木津川台","planned":false},"geometry":{"type":"Point","coordinates":[135.79606,34.74665]}},{"type":"Feature","properties":{"name":"三山木","planned":false},"geometry":{"type":"Point","coordinates":[135.78609,34.79864]}},{"type":"Feature","properties":{"name":"向島","planned":false},"geometry":{"type":"Point","coordinates":[135.76977,34.91473]}},{"type":"Feature","properties":{"name":"桃山御陵前","planned":false},"geometry":{"type":"Point","coordinates":[135.76555,34.93333]}},{"type":"Feature","properties":{"name":"近鉄丹波橋","planned":false},"geometry":{"type":"Point","coordinates":[135.76643,34.93811]}},{"type":"Feature","properties":{"name":"新田辺","planned":false},"geometry":{"type":"Point","coordinates":[135.77282,34.82071]}},{"type":"Feature","properties":{"name":"上鳥羽口","planned":false},"geometry":{"type":"Point","coordinates":[135.75273,34.96502]}},{"type":"Feature","properties":{"name":"小倉","planned":false},"geometry":{"type":"Point","coordinates":[135.78188,34.89301]}},{"type":"Feature","properties":{"name":"伏見","planned":false},"geometry":{"type":"Point","coordinates":[135.76149,34.94602]}},{"type":"Feature","properties":{"name":"十条","planned":false},"geometry":{"type":"Point","coordinates":[135.75246,34.974]}},{"type":"Feature","properties":{"name":"久津川","planned":false},"geometry":{"type":"Point","coordinates":[135.77479,34.86495]}},{"type":"Feature","properties":{"name":"近鉄宮津","planned":false},"geometry":{"type":"Point","coordinates":[135.78751,34.79162]}},{"type":"Feature","properties":{"name":"高の原","planned":false},"geometry":{"type":"Point","coordinates":[135.79186,34.72371]}},{"type":"Feature","properties":{"name":"新祝園","planned":false},"geometry":{"type":"Point","coordinates":[135.79276,34.76032]}},{"type":"Feature","properties":{"name":"平城","planned":false},"geometry":{"type":"Point","coordinates":[135.78465,34.70146]}},{"type":"Feature","properties":{"name":"興戸","planned":false},"geometry":{"type":"Point","coordinates":[135.77868,34.80832]}},{"type":"Feature","properties":{"name":"寺田","planned":false},"geometry":{"type":"Point","coordinates":[135.77209,34.85327]}},{"type":"Feature","properties":{"name":"近鉄新庄","planned":false},"geometry":{"type":"Point","coordinates":[135.72728,34.4893]}},{"type":"Feature","properties":{"name":"近鉄御所","planned":false},"geometry":{"type":"Point","coordinates":[135.73238,34.46471]}},{"type":"Feature","properties":{"name":"忍海","planned":false},"geometry":{"type":"Point","coordinates":[135.73201,34.47597]}},{"type":"Feature","properties":{"name":"尺土","planned":false},"geometry":{"type":"Point","coordinates":[135.72081,34.50854]}},{"type":"Feature","properties":{"name":"服部川","planned":false},"geometry":{"type":"Point","coordinates":[135.64116,34.62645]}},{"type":"Feature","properties":{"name":"信貴山口","planned":false},"geometry":{"type":"Point","coordinates":[135.64213,34.61994]}},{"type":"Feature","properties":{"name":"河内山本","planned":false},"geometry":{"type":"Point","coordinates":[135.61917,34.62792]}},{"type":"Feature","properties":{"name":"生駒山上","planned":false},"geometry":{"type":"Point","coordinates":[135.68057,34.6795]}},{"type":"Feature","properties":{"name":"宝山寺","planned":false},"geometry":{"type":"Point","coordinates":[135.68928,34.68612]}},{"type":"Feature","properties":{"name":"霞ヶ丘","planned":false},"geometry":{"type":"Point","coordinates":[135.68342,34.68114]}},{"type":"Feature","properties":{"name":"梅屋敷","planned":false},"geometry":{"type":"Point","coordinates":[135.68675,34.68313]}},{"type":"Feature","properties":{"name":"鳥居前","planned":false},"geometry":{"type":"Point","coordinates":[135.69592,34.69206]}},{"type":"Feature","properties":{"name":"南生駒","planned":false},"geometry":{"type":"Point","coordinates":[135.70887,34.6655]}},{"type":"Feature","properties":{"name":"一分","planned":false},"geometry":{"type":"Point","coordinates":[135.70798,34.67542]}},{"type":"Feature","properties":{"name":"菜畑","planned":false},"geometry":{"type":"Point","coordinates":[135.70666,34.68559]}},{"type":"Feature","properties":{"name":"勢野北口","planned":false},"geometry":{"type":"Point","coordinates":[135.70101,34.6061]}},{"type":"Feature","properties":{"name":"信貴山下","planned":false},"geometry":{"type":"Point","coordinates":[135.69518,34.6009]}},{"type":"Feature","properties":{"name":"竜田川","planned":false},"geometry":{"type":"Point","coordinates":[135.70466,34.61719]}},{"type":"Feature","properties":{"name":"王寺","planned":false},"geometry":{"type":"Point","coordinates":[135.70274,34.59772]}},{"type":"Feature","properties":{"name":"平群","planned":false},"geometry":{"type":"Point","coordinates":[135.70436,34.62927]}},{"type":"Feature","properties":{"name":"東山","planned":false},"geometry":{"type":"Point","coordinates":[135.7086,34.6487]}},{"type":"Feature","properties":{"name":"元山上口","planned":false},"geometry":{"type":"Point","coordinates":[135.70079,34.64061]}},{"type":"Feature","properties":{"name":"萩の台","planned":false},"geometry":{"type":"Point","coordinates":[135.70898,34.65698]}},{"type":"Feature","properties":{"name":"高安山","planned":false},"geometry":{"type":"Point","coordinates":[135.65351,34.61393]}},{"type":"Feature","properties":{"name":"鶴橋","planned":false},"geometry":{"type":"Point","coordinates":[135.53121,34.66522]}},{"type":"Feature","properties":{"name":"今里","planned":false},"geometry":{"type":"Point","coordinates":[135.54991,34.66472]}},{"type":"Feature","properties":{"name":"布施","planned":false},"geometry":{"type":"Point","coordinates":[135.56357,34.66409]}},{"type":"Feature","properties":{"name":"大阪上本町","planned":false},"geometry":{"type":"Point","coordinates":[135.52131,34.66548]}},{"type":"Feature","properties":{"name":"法善寺","planned":false},"geometry":{"type":"Point","coordinates":[135.62628,34.59519]}},{"type":"Feature","properties":{"name":"関屋","planned":false},"geometry":{"type":"Point","coordinates":[135.66792,34.55375]}},{"type":"Feature","properties":{"name":"大和高田","planned":false},"geometry":{"type":"Point","coordinates":[135.74232,34.51977]}},{"type":"Feature","properties":{"name":"堅下","planned":false},"geometry":{"type":"Point","coordinates":[135.62732,34.58843]}},{"type":"Feature","properties":{"name":"二上","planned":false},"geometry":{"type":"Point","coordinates":[135.68812,34.54657]}},{"type":"Feature","properties":{"name":"松塚","planned":false},"geometry":{"type":"Point","coordinates":[135.76119,34.52059]}},{"type":"Feature","properties":{"name":"安堂","planned":false},"geometry":{"type":"Point","coordinates":[135.62912,34.5802]}},{"type":"Feature","properties":{"name":"恩智","planned":false},"geometry":{"type":"Point","coordinates":[135.62628,34.60988]}},{"type":"Feature","properties":{"name":"長瀬","planned":false},"geometry":{"type":"Point","coordinates":[135.57761,34.64986]}},{"type":"Feature","properties":{"name":"弥刀","planned":false},"geometry":{"type":"Point","coordinates":[135.58339,34.6414]}},{"type":"Feature","properties":{"name":"久宝寺口","planned":false},"geometry":{"type":"Point","coordinates":[135.59056,34.63459]}},{"type":"Feature","properties":{"name":"築山","planned":false},"geometry":{"type":"Point","coordinates":[135.73273,34.52633]}},{"type":"Feature","properties":{"name":"高安","planned":false},"geometry":{"type":"Point","coordinates":[135.62437,34.61966]}},{"type":"Feature","properties":{"name":"大阪教育大前","planned":false},"geometry":{"type":"Point","coordinates":[135.64477,34.55551]}},{"type":"Feature","properties":{"name":"近鉄下田","planned":false},"geometry":{"type":"Point","coordinates":[135.70438,34.54139]}},{"type":"Feature","properties":{"name":"五位堂","planned":false},"geometry":{"type":"Point","coordinates":[135.71819,34.53468]}},{"type":"Feature","properties":{"name":"真菅","planned":false},"geometry":{"type":"Point","coordinates":[135.7728,34.51959]}},{"type":"Feature","properties":{"name":"河内国分","planned":false},"geometry":{"type":"Point","coordinates":[135.63573,34.56672]}},{"type":"Feature","properties":{"name":"近鉄八尾","planned":false},"geometry":{"type":"Point","coordinates":[135.60354,34.62983]}},{"type":"Feature","properties":{"name":"俊徳道","planned":false},"geometry":{"type":"Point","coordinates":[135.57162,34.65858]}},{"type":"Feature","properties":{"name":"川西","planned":false},"geometry":{"type":"Point","coordinates":[135.59066,34.49196]}},{"type":"Feature","properties":{"name":"喜志","planned":false},"geometry":{"type":"Point","coordinates":[135.60725,34.52264]}},{"type":"Feature","properties":{"name":"滝谷不動","planned":false},"geometry":{"type":"Point","coordinates":[135.58668,34.48139]}},{"type":"Feature","properties":{"name":"河内長野","planned":false},"geometry":{"type":"Point","coordinates":[135.57315,34.4511]}},{"type":"Feature","properties":{"name":"汐ノ宮","planned":false},"geometry":{"type":"Point","coordinates":[135.57911,34.46701]}},{"type":"Feature","properties":{"name":"富田林","planned":false},"geometry":{"type":"Point","coordinates":[135.60074,34.50433]}},{"type":"Feature","properties":{"name":"古市","planned":false},"geometry":{"type":"Point","coordinates":[135.60917,34.55418]}},{"type":"Feature","properties":{"name":"富田林西口","planned":false},"geometry":{"type":"Point","coordinates":[135.59628,34.50028]}},{"type":"Feature","properties":{"name":"二階堂","planned":false},"geometry":{"type":"Point","coordinates":[135.79616,34.60203]}},{"type":"Feature","properties":{"name":"佐味田川","planned":false},"geometry":{"type":"Point","coordinates":[135.73108,34.58521]}},{"type":"Feature","properties":{"name":"黒田","planned":false},"geometry":{"type":"Point","coordinates":[135.77777,34.56843]}},{"type":"Feature","properties":{"name":"新王寺","planned":false},"geometry":{"type":"Point","coordinates":[135.7047,34.59768]}},{"type":"Feature","properties":{"name":"但馬","planned":false},"geometry":{"type":"Point","coordinates":[135.76833,34.56942]}},{"type":"Feature","properties":{"name":"箸尾","planned":false},"geometry":{"type":"Point","coordinates":[135.75126,34.57028]}},{"type":"Feature","properties":{"name":"西田原本","planned":false},"geometry":{"type":"Point","coordinates":[135.78955,34.55391]}},{"type":"Feature","properties":{"name":"池部","planned":false},"geometry":{"type":"Point","coordinates":[135.73719,34.57877]}},{"type":"Feature","properties":{"name":"大輪田","planned":false},"geometry":{"type":"Point","coordinates":[135.72038,34.58917]}},{"type":"Feature","properties":{"name":"柏原南口","planned":false},"geometry":{"type":"Point","coordinates":[135.62499,34.58163]}},{"type":"Feature","properties":{"name":"道明寺","planned":false},"geometry":{"type":"Point","coordinates":[135.62023,34.56838]}},{"type":"Feature","properties":{"name":"柏原","planned":false},"geometry":{"type":"Point","coordinates":[135.62317,34.58668]}},{"type":"Feature","properties":{"name":"石切","planned":false},"geometry":{"type":"Point","coordinates":[135.65501,34.68479]}},{"type":"Feature","properties":{"name":"河内永和","planned":false},"geometry":{"type":"Point","coordinates":[135.57314,34.66425]}},{"type":"Feature","properties":{"name":"河内花園","planned":false},"geometry":{"type":"Point","coordinates":[135.61843,34.66273]}},{"type":"Feature","properties":{"name":"東生駒","planned":false},"geometry":{"type":"Point","coordinates":[135.70993,34.69182]}},{"type":"Feature","properties":{"name":"額田","planned":false},"geometry":{"type":"Point","coordinates":[135.65112,34.6752]}},{"type":"Feature","properties":{"name":"枚岡","planned":false},"geometry":{"type":"Point","coordinates":[135.64805,34.66954]}},{"type":"Feature","properties":{"name":"河内小阪","planned":false},"geometry":{"type":"Point","coordinates":[135.58132,34.66398]}},{"type":"Feature","properties":{"name":"若江岩田","planned":false},"geometry":{"type":"Point","coordinates":[135.60836,34.66311]}},{"type":"Feature","properties":{"name":"富雄","planned":false},"geometry":{"type":"Point","coordinates":[135.73473,34.6942]}},{"type":"Feature","properties":{"name":"瓢箪山","planned":false},"geometry":{"type":"Point","coordinates":[135.63914,34.662]}},{"type":"Feature","properties":{"name":"八戸ノ里","planned":false},"geometry":{"type":"Point","coordinates":[135.58942,34.66372]}},{"type":"Feature","properties":{"name":"学園前","planned":false},"geometry":{"type":"Point","coordinates":[135.74981,34.69701]}},{"type":"Feature","properties":{"name":"東花園","planned":false},"geometry":{"type":"Point","coordinates":[135.62679,34.66237]}},{"type":"Feature","properties":{"name":"菖蒲池","planned":false},"geometry":{"type":"Point","coordinates":[135.76128,34.69792]}},{"type":"Feature","properties":{"name":"当麻寺","planned":false},"geometry":{"type":"Point","coordinates":[135.70584,34.51649]}},{"type":"Feature","properties":{"name":"河内松原","planned":false},"geometry":{"type":"Point","coordinates":[135.55741,34.5755]}},{"type":"Feature","properties":{"name":"土師ノ里","planned":false},"geometry":{"type":"Point","coordinates":[135.61561,34.57162]}},{"type":"Feature","properties":{"name":"布忍","planned":false},"geometry":{"type":"Point","coordinates":[135.53942,34.57784]}},{"type":"Feature","properties":{"name":"高見ノ里","planned":false},"geometry":{"type":"Point","coordinates":[135.54601,34.57518]}},{"type":"Feature","properties":{"name":"上ノ太子","planned":false},"geometry":{"type":"Point","coordinates":[135.63765,34.53294]}},{"type":"Feature","properties":{"name":"河堀口","planned":false},"geometry":{"type":"Point","coordinates":[135.52425,34.64103]}},{"type":"Feature","properties":{"name":"高鷲","planned":false},"geometry":{"type":"Point","coordinates":[135.58452,34.57149]}},{"type":"Feature","properties":{"name":"大阪阿部野橋","planned":false},"geometry":{"type":"Point","coordinates":[135.51451,34.64563]}},{"type":"Feature","properties":{"name":"磐城","planned":false},"geometry":{"type":"Point","coordinates":[135.71082,34.51129]}},{"type":"Feature","properties":{"name":"浮孔","planned":false},"geometry":{"type":"Point","coordinates":[135.75486,34.49801]}},{"type":"Feature","properties":{"name":"今川","planned":false},"geometry":{"type":"Point","coordinates":[135.53109,34.62631]}},{"type":"Feature","properties":{"name":"河内天美","planned":false},"geometry":{"type":"Point","coordinates":[135.53556,34.58578]}},{"type":"Feature","properties":{"name":"恵我ノ荘","planned":false},"geometry":{"type":"Point","coordinates":[135.57282,34.57356]}},{"type":"Feature","properties":{"name":"坊城","planned":false},"geometry":{"type":"Point","coordinates":[135.76515,34.49346]}},{"type":"Feature","properties":{"name":"藤井寺","planned":false},"geometry":{"type":"Point","coordinates":[135.594,34.57152]}},{"type":"Feature","properties":{"name":"駒ヶ谷","planned":false},"geometry":{"type":"Point","coordinates":[135.62202,34.54575]}},{"type":"Feature","properties":{"name":"二上山","planned":false},"geometry":{"type":"Point","coordinates":[135.68642,34.53873]}},{"type":"Feature","properties":{"name":"針中野","planned":false},"geometry":{"type":"Point","coordinates":[135.53305,34.61704]}},{"type":"Feature","properties":{"name":"橿原神宮西口","planned":false},"geometry":{"type":"Point","coordinates":[135.78133,34.48622]}},{"type":"Feature","properties":{"name":"矢田","planned":false},"geometry":{"type":"Point","coordinates":[135.53296,34.6059]}},{"type":"Feature","properties":{"name":"二上神社口","planned":false},"geometry":{"type":"Point","coordinates":[135.69407,34.53202]}},{"type":"Feature","properties":{"name":"高田市","planned":false},"geometry":{"type":"Point","coordinates":[135.74291,34.50675]}},{"type":"Feature","properties":{"name":"北田辺","planned":false},"geometry":{"type":"Point","coordinates":[135.52894,34.63203]}},{"type":"Feature","properties":{"name":"近鉄日本橋","planned":false},"geometry":{"type":"Point","coordinates":[135.50623,34.66683]}},{"type":"Feature","properties":{"name":"大阪難波","planned":false},"geometry":{"type":"Point","coordinates":[135.4991,34.66704]}},{"type":"Feature","properties":{"name":"トロッコ嵯峨","planned":false},"geometry":{"type":"Point","coordinates":[135.68044,35.01861]}},{"type":"Feature","properties":{"name":"トロッコ保津峡","planned":false},"geometry":{"type":"Point","coordinates":[135.64623,35.02607]}},{"type":"Feature","properties":{"name":"トロッコ嵐山","planned":false},"geometry":{"type":"Point","coordinates":[135.67092,35.01702]}},{"type":"Feature","properties":{"name":"トロッコ亀岡","planned":false},"geometry":{"type":"Point","coordinates":[135.60665,35.01305]}},{"type":"Feature","properties":{"name":"稲野","planned":false},"geometry":{"type":"Point","coordinates":[135.41564,34.76506]}},{"type":"Feature","properties":{"name":"新伊丹","planned":false},"geometry":{"type":"Point","coordinates":[135.41559,34.77237]}},{"type":"Feature","properties":{"name":"塚口","planned":false},"geometry":{"type":"Point","coordinates":[135.41629,34.75308]}},{"type":"Feature","properties":{"name":"伊丹","planned":false},"geometry":{"type":"Point","coordinates":[135.41373,34.77992]}},{"type":"Feature","properties":{"name":"烏丸","planned":false},"geometry":{"type":"Point","coordinates":[135.76038,35.0037]}},{"type":"Feature","properties":{"name":"京都河原町","planned":false},"geometry":{"type":"Point","coordinates":[135.76868,35.00378]}},{"type":"Feature","properties":{"name":"桂","planned":false},"geometry":{"type":"Point","coordinates":[135.70324,34.9789]}},{"type":"Feature","properties":{"name":"西京極","planned":false},"geometry":{"type":"Point","coordinates":[135.71842,34.99249]}},{"type":"Feature","properties":{"name":"大宮","planned":false},"geometry":{"type":"Point","coordinates":[135.74957,35.00365]}},{"type":"Feature","properties":{"name":"水無瀬","planned":false},"geometry":{"type":"Point","coordinates":[135.66777,34.87781]}},{"type":"Feature","properties":{"name":"茨木市","planned":false},"geometry":{"type":"Point","coordinates":[135.57568,34.8165]}},{"type":"Feature","properties":{"name":"上牧","planned":false},"geometry":{"type":"Point","coordinates":[135.6617,34.87203]}},{"type":"Feature","properties":{"name":"高槻市","planned":false},"geometry":{"type":"Point","coordinates":[135.62314,34.84982]}},{"type":"Feature","properties":{"name":"富田","planned":false},"geometry":{"type":"Point","coordinates":[135.59271,34.83516]}},{"type":"Feature","properties":{"name":"長岡天神","planned":false},"geometry":{"type":"Point","coordinates":[135.69246,34.92488]}},{"type":"Feature","properties":{"name":"総持寺","planned":false},"geometry":{"type":"Point","coordinates":[135.58479,34.82717]}},{"type":"Feature","properties":{"name":"東向日","planned":false},"geometry":{"type":"Point","coordinates":[135.70466,34.95391]}},{"type":"Feature","properties":{"name":"西向日","planned":false},"geometry":{"type":"Point","coordinates":[135.70272,34.93994]}},{"type":"Feature","properties":{"name":"洛西口","planned":false},"geometry":{"type":"Point","coordinates":[135.70314,34.96362]}},{"type":"Feature","properties":{"name":"南茨木","planned":false},"geometry":{"type":"Point","coordinates":[135.56501,34.80219]}},{"type":"Feature","properties":{"name":"大山崎","planned":false},"geometry":{"type":"Point","coordinates":[135.68161,34.89154]}},{"type":"Feature","properties":{"name":"淡路","planned":false},"geometry":{"type":"Point","coordinates":[135.51698,34.73938]}},{"type":"Feature","properties":{"name":"崇禅寺","planned":false},"geometry":{"type":"Point","coordinates":[135.51017,34.73101]}},{"type":"Feature","properties":{"name":"南方","planned":false},"geometry":{"type":"Point","coordinates":[135.4993,34.72571]}},{"type":"Feature","properties":{"name":"相川","planned":false},"geometry":{"type":"Point","coordinates":[135.53364,34.75758]}},{"type":"Feature","properties":{"name":"正雀","planned":false},"geometry":{"type":"Point","coordinates":[135.54563,34.77546]}},{"type":"Feature","properties":{"name":"上新庄","planned":false},"geometry":{"type":"Point","coordinates":[135.53301,34.75007]}},{"type":"Feature","properties":{"name":"十三","planned":false},"geometry":{"type":"Point","coordinates":[135.48235,34.72074]}},{"type":"Feature","properties":{"name":"苦楽園口","planned":false},"geometry":{"type":"Point","coordinates":[135.32894,34.75006]}},{"type":"Feature","properties":{"name":"甲陽園","planned":false},"geometry":{"type":"Point","coordinates":[135.33072,34.76056]}},{"type":"Feature","properties":{"name":"夙川","planned":false},"geometry":{"type":"Point","coordinates":[135.32806,34.74267]}},{"type":"Feature","properties":{"name":"門戸厄神","planned":false},"geometry":{"type":"Point","coordinates":[135.35824,34.75705]}},{"type":"Feature","properties":{"name":"仁川","planned":false},"geometry":{"type":"Point","coordinates":[135.35687,34.77508]}},{"type":"Feature","properties":{"name":"甲東園","planned":false},"geometry":{"type":"Point","coordinates":[135.35981,34.76677]}},{"type":"Feature","properties":{"name":"逆瀬川","planned":false},"geometry":{"type":"Point","coordinates":[135.35088,34.79711]}},{"type":"Feature","properties":{"name":"今津","planned":false},"geometry":{"type":"Point","coordinates":[135.35162,34.73194]}},{"type":"Feature","properties":{"name":"西宮北口","planned":false},"geometry":{"type":"Point","coordinates":[135.35676,34.74655]}},{"type":"Feature","properties":{"name":"宝塚南口","planned":false},"geometry":{"type":"Point","coordinates":[135.34579,34.8038]}},{"type":"Feature","properties":{"name":"阪神国道","planned":false},"geometry":{"type":"Point","coordinates":[135.35485,34.73739]}},{"type":"Feature","properties":{"name":"小林","planned":false},"geometry":{"type":"Point","coordinates":[135.35233,34.78938]}},{"type":"Feature","properties":{"name":"宝塚","planned":false},"geometry":{"type":"Point","coordinates":[135.34089,34.81048]}},{"type":"Feature","properties":{"name":"神戸三宮","planned":false},"geometry":{"type":"Point","coordinates":[135.19286,34.69315]}},{"type":"Feature","properties":{"name":"新開地","planned":false},"geometry":{"type":"Point","coordinates":[135.16993,34.67646]}},{"type":"Feature","properties":{"name":"花隈","planned":false},"geometry":{"type":"Point","coordinates":[135.18124,34.68646]}},{"type":"Feature","properties":{"name":"高速神戸","planned":false},"geometry":{"type":"Point","coordinates":[135.17547,34.6799]}},{"type":"Feature","properties":{"name":"大阪梅田","planned":false},"geometry":{"type":"Point","coordinates":[135.49807,34.70554]}},{"type":"Feature","properties":{"name":"中津","planned":false},"geometry":{"type":"Point","coordinates":[135.49253,34.70987]}},{"type":"Feature","properties":{"name":"神崎川","planned":false},"geometry":{"type":"Point","coordinates":[135.47313,34.73198]}},{"type":"Feature","properties":{"name":"芦屋川","planned":false},"geometry":{"type":"Point","coordinates":[135.30073,34.73636]}},{"type":"Feature","properties":{"name":"園田","planned":false},"geometry":{"type":"Point","coordinates":[135.44811,34.75185]}},{"type":"Feature","properties":{"name":"岡本","planned":false},"geometry":{"type":"Point","coordinates":[135.27594,34.72917]}},{"type":"Feature","properties":{"name":"武庫之荘","planned":false},"geometry":{"type":"Point","coordinates":[135.39386,34.75165]}},{"type":"Feature","properties":{"name":"春日野道","planned":false},"geometry":{"type":"Point","coordinates":[135.20536,34.70299]}},{"type":"Feature","properties":{"name":"王子公園","planned":false},"geometry":{"type":"Point","coordinates":[135.21864,34.71034]}},{"type":"Feature","properties":{"name":"御影","planned":false},"geometry":{"type":"Point","coordinates":[135.25187,34.72457]}},{"type":"Feature","properties":{"name":"六甲","planned":false},"geometry":{"type":"Point","coordinates":[135.2337,34.71948]}},{"type":"Feature","properties":{"name":"下新庄","planned":false},"geometry":{"type":"Point","coordinates":[135.5199,34.74641]}},{"type":"Feature","properties":{"name":"豊津","planned":false},"geometry":{"type":"Point","coordinates":[135.50896,34.76453]}},{"type":"Feature","properties":{"name":"山田","planned":false},"geometry":{"type":"Point","coordinates":[135.51561,34.80386]}},{"type":"Feature","properties":{"name":"吹田","planned":false},"geometry":{"type":"Point","coordinates":[135.51729,34.7596]}},{"type":"Feature","properties":{"name":"関大前","planned":false},"geometry":{"type":"Point","coordinates":[135.50604,34.77095]}},{"type":"Feature","properties":{"name":"南千里","planned":false},"geometry":{"type":"Point","coordinates":[135.50875,34.79241]}},{"type":"Feature","properties":{"name":"千里山","planned":false},"geometry":{"type":"Point","coordinates":[135.50551,34.77898]}},{"type":"Feature","properties":{"name":"北千里","planned":false},"geometry":{"type":"Point","coordinates":[135.51103,34.8199]}},{"type":"Feature","properties":{"name":"柴島","planned":false},"geometry":{"type":"Point","coordinates":[135.51167,34.72867]}},{"type":"Feature","properties":{"name":"天神橋筋六丁目","planned":false},"geometry":{"type":"Point","coordinates":[135.51075,34.70986]}},{"type":"Feature","properties":{"name":"三国","planned":false},"geometry":{"type":"Point","coordinates":[135.48297,34.73748]}},{"type":"Feature","properties":{"name":"曽根","planned":false},"geometry":{"type":"Point","coordinates":[135.46773,34.77094]}},{"type":"Feature","properties":{"name":"庄内","planned":false},"geometry":{"type":"Point","coordinates":[135.47514,34.75034]}},{"type":"Feature","properties":{"name":"豊中","planned":false},"geometry":{"type":"Point","coordinates":[135.46199,34.78723]}},{"type":"Feature","properties":{"name":"服部天神","planned":false},"geometry":{"type":"Point","coordinates":[135.47518,34.76293]}},{"type":"Feature","properties":{"name":"岡町","planned":false},"geometry":{"type":"Point","coordinates":[135.46507,34.77892]}},{"type":"Feature","properties":{"name":"清荒神","planned":false},"geometry":{"type":"Point","coordinates":[135.35344,34.81119]}},{"type":"Feature","properties":{"name":"石橋阪大前","planned":false},"geometry":{"type":"Point","coordinates":[135.44549,34.80819]}},{"type":"Feature","properties":{"name":"池田","planned":false},"geometry":{"type":"Point","coordinates":[135.42563,34.8216]}},{"type":"Feature","properties":{"name":"川西能勢口","planned":false},"geometry":{"type":"Point","coordinates":[135.4134,34.82746]}},{"type":"Feature","properties":{"name":"雲雀丘花屋敷","planned":false},"geometry":{"type":"Point","coordinates":[135.40291,34.82732]}},{"type":"Feature","properties":{"name":"中山観音","planned":false},"geometry":{"type":"Point","coordinates":[135.36929,34.81954]}},{"type":"Feature","properties":{"name":"山本","planned":false},"geometry":{"type":"Point","coordinates":[135.38849,34.82195]}},{"type":"Feature","properties":{"name":"蛍池","planned":false},"geometry":{"type":"Point","coordinates":[135.44923,34.79465]}},{"type":"Feature","properties":{"name":"売布神社","planned":false},"geometry":{"type":"Point","coordinates":[135.36169,34.81622]}},{"type":"Feature","properties":{"name":"箕面","planned":false},"geometry":{"type":"Point","coordinates":[135.4682,34.83428]}},{"type":"Feature","properties":{"name":"牧落","planned":false},"geometry":{"type":"Point","coordinates":[135.4659,34.82347]}},{"type":"Feature","properties":{"name":"桜井","planned":false},"geometry":{"type":"Point","coordinates":[135.46083,34.81669]}},{"type":"Feature","properties":{"name":"上桂","planned":false},"geometry":{"type":"Point","coordinates":[135.69621,34.99003]}},{"type":"Feature","properties":{"name":"松尾大社","planned":false},"geometry":{"type":"Point","coordinates":[135.68829,35.00017]}},{"type":"Feature","properties":{"name":"嵐山","planned":false},"geometry":{"type":"Point","coordinates":[135.68233,35.00987]}},{"type":"Feature","properties":{"name":"住吉","planned":false},"geometry":{"type":"Point","coordinates":[135.49174,34.61394]}},{"type":"Feature","properties":{"name":"北天下茶屋","planned":false},"geometry":{"type":"Point","coordinates":[135.5002,34.63631]}},{"type":"Feature","properties":{"name":"聖天坂","planned":false},"geometry":{"type":"Point","coordinates":[135.49946,34.63305]}},{"type":"Feature","properties":{"name":"今池","planned":false},"geometry":{"type":"Point","coordinates":[135.50229,34.64566]}},{"type":"Feature","properties":{"name":"塚西","planned":false},"geometry":{"type":"Point","coordinates":[135.49461,34.62355]}},{"type":"Feature","properties":{"name":"東粉浜","planned":false},"geometry":{"type":"Point","coordinates":[135.49259,34.61823]}},{"type":"Feature","properties":{"name":"今船","planned":false},"geometry":{"type":"Point","coordinates":[135.5017,34.64297]}},{"type":"Feature","properties":{"name":"東玉出","planned":false},"geometry":{"type":"Point","coordinates":[135.49597,34.62686]}},{"type":"Feature","properties":{"name":"天神ノ森","planned":false},"geometry":{"type":"Point","coordinates":[135.4977,34.62919]}},{"type":"Feature","properties":{"name":"恵美須町","planned":false},"geometry":{"type":"Point","coordinates":[135.50495,34.65367]}},{"type":"Feature","properties":{"name":"新今宮駅前","planned":false},"geometry":{"type":"Point","coordinates":[135.50338,34.64953]}},{"type":"Feature","properties":{"name":"松田町","planned":false},"geometry":{"type":"Point","coordinates":[135.50092,34.63946]}},{"type":"Feature","properties":{"name":"大和川","planned":false},"geometry":{"type":"Point","coordinates":[135.48675,34.59466]}},{"type":"Feature","properties":{"name":"浜寺駅前","planned":false},"geometry":{"type":"Point","coordinates":[135.44352,34.54156]}},{"type":"Feature","properties":{"name":"宿院","planned":false},"geometry":{"type":"Point","coordinates":[135.47201,34.57641]}},{"type":"Feature","properties":{"name":"我孫子道","planned":false},"geometry":{"type":"Point","coordinates":[135.48875,34.60028]}},{"type":"Feature","properties":{"name":"綾ノ町","planned":false},"geometry":{"type":"Point","coordinates":[135.4832,34.58791]}},{"type":"Feature","properties":{"name":"石津","planned":false},"geometry":{"type":"Point","coordinates":[135.45504,34.5554]}},{"type":"Feature","properties":{"name":"高須神社","planned":false},"geometry":{"type":"Point","coordinates":[135.48525,34.59047]}},{"type":"Feature","properties":{"name":"細井川","planned":false},"geometry":{"type":"Point","coordinates":[135.49116,34.60971]}},{"type":"Feature","properties":{"name":"船尾","planned":false},"geometry":{"type":"Point","coordinates":[135.45066,34.54993]}},{"type":"Feature","properties":{"name":"東湊","planned":false},"geometry":{"type":"Point","coordinates":[135.4627,34.56481]}},{"type":"Feature","properties":{"name":"安立町","planned":false},"geometry":{"type":"Point","coordinates":[135.49009,34.60546]}},{"type":"Feature","properties":{"name":"寺地町","planned":false},"geometry":{"type":"Point","coordinates":[135.4694,34.57362]}},{"type":"Feature","properties":{"name":"御陵前","planned":false},"geometry":{"type":"Point","coordinates":[135.46672,34.57075]}},{"type":"Feature","properties":{"name":"大小路","planned":false},"geometry":{"type":"Point","coordinates":[135.47451,34.57913]}},{"type":"Feature","properties":{"name":"住吉鳥居前","planned":false},"geometry":{"type":"Point","coordinates":[135.4912,34.61254]}},{"type":"Feature","properties":{"name":"花田口","planned":false},"geometry":{"type":"Point","coordinates":[135.47693,34.58176]}},{"type":"Feature","properties":{"name":"妙国寺前","planned":false},"geometry":{"type":"Point","coordinates":[135.47872,34.58369]}},{"type":"Feature","properties":{"name":"神明町","planned":false},"geometry":{"type":"Point","coordinates":[135.48046,34.58553]}},{"type":"Feature","properties":{"name":"帝塚山四丁目","planned":false},"geometry":{"type":"Point","coordinates":[135.49898,34.61762]}},{"type":"Feature","properties":{"name":"東天下茶屋","planned":false},"geometry":{"type":"Point","coordinates":[135.50849,34.63251]}},{"type":"Feature","properties":{"name":"北畠","planned":false},"geometry":{"type":"Point","coordinates":[135.50548,34.6273]}},{"type":"Feature","properties":{"name":"天王寺駅前","planned":false},"geometry":{"type":"Point","coordinates":[135.513,34.64623]}},{"type":"Feature","properties":{"name":"松虫","planned":false},"geometry":{"type":"Point","coordinates":[135.50984,34.63549]}},{"type":"Feature","properties":{"name":"帝塚山三丁目","planned":false},"geometry":{"type":"Point","coordinates":[135.50075,34.62056]}},{"type":"Feature","properties":{"name":"神ノ木","planned":false},"geometry":{"type":"Point","coordinates":[135.49674,34.61583]}},{"type":"Feature","properties":{"name":"阿倍野","planned":false},"geometry":{"type":"Point","coordinates":[135.51181,34.64178]}},{"type":"Feature","properties":{"name":"姫松","planned":false},"geometry":{"type":"Point","coordinates":[135.50317,34.6241]}},{"type":"Feature","properties":{"name":"西元町","planned":false},"geometry":{"type":"Point","coordinates":[135.17967,34.68401]}},{"type":"Feature","properties":{"name":"大開","planned":false},"geometry":{"type":"Point","coordinates":[135.16215,34.67152]}},{"type":"Feature","properties":{"name":"高速長田","planned":false},"geometry":{"type":"Point","coordinates":[135.15082,34.6669]}},{"type":"Feature","properties":{"name":"西代","planned":false},"geometry":{"type":"Point","coordinates":[135.14399,34.6624]}},{"type":"Feature","properties":{"name":"元町","planned":false},"geometry":{"type":"Point","coordinates":[135.18694,34.6889]}},{"type":"Feature","properties":{"name":"千鳥橋","planned":false},"geometry":{"type":"Point","coordinates":[135.45776,34.68538]}},{"type":"Feature","properties":{"name":"西九条","planned":false},"geometry":{"type":"Point","coordinates":[135.46558,34.68275]}},{"type":"Feature","properties":{"name":"尼崎","planned":false},"geometry":{"type":"Point","coordinates":[135.41732,34.71851]}},{"type":"Feature","properties":{"name":"福","planned":false},"geometry":{"type":"Point","coordinates":[135.44273,34.69983]}},{"type":"Feature","properties":{"name":"伝法","planned":false},"geometry":{"type":"Point","coordinates":[135.45161,34.68927]}},{"type":"Feature","properties":{"name":"大物","planned":false},"geometry":{"type":"Point","coordinates":[135.42591,34.71644]}},{"type":"Feature","properties":{"name":"出来島","planned":false},"geometry":{"type":"Point","coordinates":[135.43685,34.70727]}},{"type":"Feature","properties":{"name":"武庫川","planned":false},"geometry":{"type":"Point","coordinates":[135.38123,34.71835]}},{"type":"Feature","properties":{"name":"洲先","planned":false},"geometry":{"type":"Point","coordinates":[135.37796,34.709]}},{"type":"Feature","properties":{"name":"東鳴尾","planned":false},"geometry":{"type":"Point","coordinates":[135.37915,34.71272]}},{"type":"Feature","properties":{"name":"武庫川団地前","planned":false},"geometry":{"type":"Point","coordinates":[135.37485,34.70493]}},{"type":"Feature","properties":{"name":"大阪梅田","planned":false},"geometry":{"type":"Point","coordinates":[135.49728,34.70152]}},{"type":"Feature","properties":{"name":"淀川","planned":false},"geometry":{"type":"Point","coordinates":[135.4652,34.6962]}},{"type":"Feature","properties":{"name":"福島","planned":false},"geometry":{"type":"Point","coordinates":[135.48827,34.69607]}},{"type":"Feature","properties":{"name":"野田","planned":false},"geometry":{"type":"Point","coordinates":[135.47606,34.6944]}},{"type":"Feature","properties":{"name":"姫島","planned":false},"geometry":{"type":"Point","coordinates":[135.45819,34.70435]}},{"type":"Feature","properties":{"name":"打出","planned":false},"geometry":{"type":"Point","coordinates":[135.31556,34.73161]}},{"type":"Feature","properties":{"name":"甲子園","planned":false},"geometry":{"type":"Point","coordinates":[135.36327,34.72396]}},{"type":"Feature","properties":{"name":"魚崎","planned":false},"geometry":{"type":"Point","coordinates":[135.26968,34.71268]}},{"type":"Feature","properties":{"name":"西宮","planned":false},"geometry":{"type":"Point","coordinates":[135.3395,34.73668]}},{"type":"Feature","properties":{"name":"住吉","planned":false},"geometry":{"type":"Point","coordinates":[135.26126,34.71305]}},{"type":"Feature","properties":{"name":"芦屋","planned":false},"geometry":{"type":"Point","coordinates":[135.30355,34.72777]}},{"type":"Feature","properties":{"name":"香櫨園","planned":false},"geometry":{"type":"Point","coordinates":[135.32889,34.73431]}},{"type":"Feature","properties":{"name":"深江","planned":false},"geometry":{"type":"Point","coordinates":[135.29145,34.72257]}},{"type":"Feature","properties":{"name":"青木","planned":false},"geometry":{"type":"Point","coordinates":[135.28065,34.71698]}},{"type":"Feature","properties":{"name":"出屋敷","planned":false},"geometry":{"type":"Point","coordinates":[135.40461,34.71826]}},{"type":"Feature","properties":{"name":"尼崎センタープール前","planned":false},"geometry":{"type":"Point","coordinates":[135.39518,34.71785]}},{"type":"Feature","properties":{"name":"杭瀬","planned":false},"geometry":{"type":"Point","coordinates":[135.43868,34.71831]}},{"type":"Feature","properties":{"name":"千船","planned":false},"geometry":{"type":"Point","coordinates":[135.44535,34.71225]}},{"type":"Feature","properties":{"name":"久寿川","planned":false},"geometry":{"type":"Point","coordinates":[135.35689,34.72702]}},{"type":"Feature","properties":{"name":"鳴尾・武庫川女子大前","planned":false},"geometry":{"type":"Point","coordinates":[135.3704,34.71967]}},{"type":"Feature","properties":{"name":"西灘","planned":false},"geometry":{"type":"Point","coordinates":[135.22433,34.70573]}},{"type":"Feature","properties":{"name":"石屋川","planned":false},"geometry":{"type":"Point","coordinates":[135.24941,34.71332]}},{"type":"Feature","properties":{"name":"岩屋","planned":false},"geometry":{"type":"Point","coordinates":[135.21849,34.7042]}},{"type":"Feature","properties":{"name":"大石","planned":false},"geometry":{"type":"Point","coordinates":[135.23107,34.70771]}},{"type":"Feature","properties":{"name":"御影","planned":false},"geometry":{"type":"Point","coordinates":[135.25553,34.71494]}},{"type":"Feature","properties":{"name":"春日野道","planned":false},"geometry":{"type":"Point","coordinates":[135.20817,34.69962]}},{"type":"Feature","properties":{"name":"新在家","planned":false},"geometry":{"type":"Point","coordinates":[135.24057,34.71061]}},{"type":"Feature","properties":{"name":"板宿","planned":false},"geometry":{"type":"Point","coordinates":[135.1333,34.66016]}},{"type":"Feature","properties":{"name":"須磨浦公園","planned":false},"geometry":{"type":"Point","coordinates":[135.10022,34.63793]}},{"type":"Feature","properties":{"name":"月見山","planned":false},"geometry":{"type":"Point","coordinates":[135.12212,34.65019]}},{"type":"Feature","properties":{"name":"山陽垂水","planned":false},"geometry":{"type":"Point","coordinates":[135.05374,34.62933]}},{"type":"Feature","properties":{"name":"滝の茶屋","planned":false},"geometry":{"type":"Point","coordinates":[135.07292,34.63124]}},{"type":"Feature","properties":{"name":"東須磨","planned":false},"geometry":{"type":"Point","coordinates":[135.12748,34.65521]}},{"type":"Feature","properties":{"name":"須磨寺","planned":false},"geometry":{"type":"Point","coordinates":[135.11624,34.64602]}},{"type":"Feature","properties":{"name":"山陽須磨","planned":false},"geometry":{"type":"Point","coordinates":[135.11232,34.64357]}},{"type":"Feature","properties":{"name":"東垂水","planned":false},"geometry":{"type":"Point","coordinates":[135.06359,34.62937]}},{"type":"Feature","properties":{"name":"山陽塩屋","planned":false},"geometry":{"type":"Point","coordinates":[135.08204,34.63361]}},{"type":"Feature","properties":{"name":"ハーバーランド","planned":false},"geometry":{"type":"Point","coordinates":[135.17854,34.67808]}},{"type":"Feature","properties":{"name":"中央市場前","planned":false},"geometry":{"type":"Point","coordinates":[135.17588,34.666]}},{"type":"Feature","properties":{"name":"三宮・花時計前","planned":false},"geometry":{"type":"Point","coordinates":[135.19597,34.69181]}},{"type":"Feature","properties":{"name":"旧居留地・大丸前","planned":false},"geometry":{"type":"Point","coordinates":[135.1904,34.68949]}},{"type":"Feature","properties":{"name":"みなと元町","planned":false},"geometry":{"type":"Point","coordinates":[135.18391,34.68585]}},{"type":"Feature","properties":{"name":"御崎公園","planned":false},"geometry":{"type":"Point","coordinates":[135.16526,34.65472]}},{"type":"Feature","properties":{"name":"新長田","planned":false},"geometry":{"type":"Point","coordinates":[135.14531,34.65647]}},{"type":"Feature","properties":{"name":"和田岬","planned":false},"geometry":{"type":"Point","coordinates":[135.17605,34.65793]}},{"type":"Feature","properties":{"name":"苅藻","planned":false},"geometry":{"type":"Point","coordinates":[135.15667,34.65372]}},{"type":"Feature","properties":{"name":"駒ヶ林","planned":false},"geometry":{"type":"Point","coordinates":[135.14949,34.65223]}},{"type":"Feature","properties":{"name":"県庁前","planned":false},"geometry":{"type":"Point","coordinates":[135.18397,34.69099]}},{"type":"Feature","properties":{"name":"上沢","planned":false},"geometry":{"type":"Point","coordinates":[135.15877,34.6735]}},{"type":"Feature","properties":{"name":"湊川公園","planned":false},"geometry":{"type":"Point","coordinates":[135.16663,34.67881]}},{"type":"Feature","properties":{"name":"大倉山","planned":false},"geometry":{"type":"Point","coordinates":[135.17468,34.6847]}},{"type":"Feature","properties":{"name":"長田","planned":false},"geometry":{"type":"Point","coordinates":[135.1513,34.6684]}},{"type":"Feature","properties":{"name":"新神戸","planned":false},"geometry":{"type":"Point","coordinates":[135.19566,34.70468]}},{"type":"Feature","properties":{"name":"総合運動公園","planned":false},"geometry":{"type":"Point","coordinates":[135.07531,34.68165]}},{"type":"Feature","properties":{"name":"名谷","planned":false},"geometry":{"type":"Point","coordinates":[135.09438,34.67927]}},{"type":"Feature","properties":{"name":"学園都市","planned":false},"geometry":{"type":"Point","coordinates":[135.05747,34.68143]}},{"type":"Feature","properties":{"name":"妙法寺","planned":false},"geometry":{"type":"Point","coordinates":[135.11037,34.675]}},{"type":"Feature","properties":{"name":"虹","planned":false},"geometry":{"type":"Point","coordinates":[135.21236,34.72701]}},{"type":"Feature","properties":{"name":"摩耶ケーブル","planned":false},"geometry":{"type":"Point","coordinates":[135.216,34.72009]}},{"type":"Feature","properties":{"name":"アイランドセンター","planned":false},"geometry":{"type":"Point","coordinates":[135.26929,34.68914]}},{"type":"Feature","properties":{"name":"アイランド北口","planned":false},"geometry":{"type":"Point","coordinates":[135.26872,34.69292]}},{"type":"Feature","properties":{"name":"南魚崎","planned":false},"geometry":{"type":"Point","coordinates":[135.26762,34.70676]}},{"type":"Feature","properties":{"name":"マリンパーク","planned":false},"geometry":{"type":"Point","coordinates":[135.27009,34.68422]}},{"type":"Feature","properties":{"name":"住吉","planned":false},"geometry":{"type":"Point","coordinates":[135.26227,34.71942]}},{"type":"Feature","properties":{"name":"鈴蘭台","planned":false},"geometry":{"type":"Point","coordinates":[135.14588,34.72364]}},{"type":"Feature","properties":{"name":"栄","planned":false},"geometry":{"type":"Point","coordinates":[135.05653,34.75525]}},{"type":"Feature","properties":{"name":"藍那","planned":false},"geometry":{"type":"Point","coordinates":[135.11822,34.73238]}},{"type":"Feature","properties":{"name":"木幡","planned":false},"geometry":{"type":"Point","coordinates":[135.07138,34.74831]}},{"type":"Feature","properties":{"name":"木津","planned":false},"geometry":{"type":"Point","coordinates":[135.08851,34.74408]}},{"type":"Feature","properties":{"name":"鈴蘭台西口","planned":false},"geometry":{"type":"Point","coordinates":[135.14076,34.72653]}},{"type":"Feature","properties":{"name":"西鈴蘭台","planned":false},"geometry":{"type":"Point","coordinates":[135.13505,34.7258]}},{"type":"Feature","properties":{"name":"横山","planned":false},"geometry":{"type":"Point","coordinates":[135.22007,34.87702]}},{"type":"Feature","properties":{"name":"フラワータウン","planned":false},"geometry":{"type":"Point","coordinates":[135.20235,34.88558]}},{"type":"Feature","properties":{"name":"南ウッディタウン","planned":false},"geometry":{"type":"Point","coordinates":[135.1897,34.90174]}},{"type":"Feature","properties":{"name":"ウッディタウン中央","planned":false},"geometry":{"type":"Point","coordinates":[135.18382,34.90967]}},{"type":"Feature","properties":{"name":"岡場","planned":false},"geometry":{"type":"Point","coordinates":[135.22248,34.82178]}},{"type":"Feature","properties":{"name":"道場南口","planned":false},"geometry":{"type":"Point","coordinates":[135.22318,34.85614]}},{"type":"Feature","properties":{"name":"神鉄道場","planned":false},"geometry":{"type":"Point","coordinates":[135.22614,34.86685]}},{"type":"Feature","properties":{"name":"三田","planned":false},"geometry":{"type":"Point","coordinates":[135.23001,34.88836]}},{"type":"Feature","properties":{"name":"田尾寺","planned":false},"geometry":{"type":"Point","coordinates":[135.22618,34.83559]}},{"type":"Feature","properties":{"name":"三田本町","planned":false},"geometry":{"type":"Point","coordinates":[135.22965,34.88175]}},{"type":"Feature","properties":{"name":"二郎","planned":false},"geometry":{"type":"Point","coordinates":[135.22697,34.84884]}},{"type":"Feature","properties":{"name":"有馬口","planned":false},"geometry":{"type":"Point","coordinates":[135.22098,34.79648]}},{"type":"Feature","properties":{"name":"五社","planned":false},"geometry":{"type":"Point","coordinates":[135.21635,34.80613]}},{"type":"Feature","properties":{"name":"湊川","planned":false},"geometry":{"type":"Point","coordinates":[135.16611,34.67928]}},{"type":"Feature","properties":{"name":"大池","planned":false},"geometry":{"type":"Point","coordinates":[135.19889,34.78101]}},{"type":"Feature","properties":{"name":"神鉄六甲","planned":false},"geometry":{"type":"Point","coordinates":[135.20616,34.78525]}},{"type":"Feature","properties":{"name":"箕谷","planned":false},"geometry":{"type":"Point","coordinates":[135.15575,34.75691]}},{"type":"Feature","properties":{"name":"有馬温泉","planned":false},"geometry":{"type":"Point","coordinates":[135.24563,34.79946]}},{"type":"Feature","properties":{"name":"長田","planned":false},"geometry":{"type":"Point","coordinates":[135.14955,34.68163]}},{"type":"Feature","properties":{"name":"花山","planned":false},"geometry":{"type":"Point","coordinates":[135.18723,34.76962]}},{"type":"Feature","properties":{"name":"谷上","planned":false},"geometry":{"type":"Point","coordinates":[135.17127,34.76166]}},{"type":"Feature","properties":{"name":"鵯越","planned":false},"geometry":{"type":"Point","coordinates":[135.14261,34.69283]}},{"type":"Feature","properties":{"name":"丸山","planned":false},"geometry":{"type":"Point","coordinates":[135.14396,34.68592]}},{"type":"Feature","properties":{"name":"山の街","planned":false},"geometry":{"type":"Point","coordinates":[135.15323,34.74619]}},{"type":"Feature","properties":{"name":"唐櫃台","planned":false},"geometry":{"type":"Point","coordinates":[135.2116,34.79033]}},{"type":"Feature","properties":{"name":"北鈴蘭台","planned":false},"geometry":{"type":"Point","coordinates":[135.15197,34.73955]}},{"type":"Feature","properties":{"name":"名越","planned":false},"geometry":{"type":"Point","coordinates":[135.37507,34.42144]}},{"type":"Feature","properties":{"name":"近義の里","planned":false},"geometry":{"type":"Point","coordinates":[135.36291,34.4369]}},{"type":"Feature","properties":{"name":"貝塚","planned":false},"geometry":{"type":"Point","coordinates":[135.35789,34.44532]}},{"type":"Feature","properties":{"name":"石才","planned":false},"geometry":{"type":"Point","coordinates":[135.36814,34.43059]}},{"type":"Feature","properties":{"name":"貝塚市役所前","planned":false},"geometry":{"type":"Point","coordinates":[135.36064,34.43942]}},{"type":"Feature","properties":{"name":"水間観音","planned":false},"geometry":{"type":"Point","coordinates":[135.38556,34.40351]}},{"type":"Feature","properties":{"name":"三ツ松","planned":false},"geometry":{"type":"Point","coordinates":[135.38342,34.41103]}},{"type":"Feature","properties":{"name":"清児","planned":false},"geometry":{"type":"Point","coordinates":[135.37223,34.425]}},{"type":"Feature","properties":{"name":"森","planned":false},"geometry":{"type":"Point","coordinates":[135.38189,34.41418]}},{"type":"Feature","properties":{"name":"三ヶ山口","planned":false},"geometry":{"type":"Point","coordinates":[135.38504,34.40717]}},{"type":"Feature","properties":{"name":"海老江","planned":false},"geometry":{"type":"Point","coordinates":[135.47297,34.69564]}},{"type":"Feature","properties":{"name":"新福島","planned":false},"geometry":{"type":"Point","coordinates":[135.48556,34.69488]}},{"type":"Feature","properties":{"name":"北新地","planned":false},"geometry":{"type":"Point","coordinates":[135.49706,34.69838]}},{"type":"Feature","properties":{"name":"大阪城北詰","planned":false},"geometry":{"type":"Point","coordinates":[135.52532,34.69452]}},{"type":"Feature","properties":{"name":"御幣島","planned":false},"geometry":{"type":"Point","coordinates":[135.45561,34.71269]}},{"type":"Feature","properties":{"name":"大阪天満宮","planned":false},"geometry":{"type":"Point","coordinates":[135.51335,34.69741]}},{"type":"Feature","properties":{"name":"加島","planned":false},"geometry":{"type":"Point","coordinates":[135.45359,34.72778]}},{"type":"Feature","properties":{"name":"尼崎","planned":false},"geometry":{"type":"Point","coordinates":[135.43178,34.73185]}},{"type":"Feature","properties":{"name":"関西空港","planned":false},"geometry":{"type":"Point","coordinates":[135.24324,34.43581]}},{"type":"Feature","properties":{"name":"りんくうタウン","planned":false},"geometry":{"type":"Point","coordinates":[135.29945,34.41097]}},{"type":"Feature","properties":{"name":"日根野","planned":false},"geometry":{"type":"Point","coordinates":[135.33129,34.39073]}},{"type":"Feature","properties":{"name":"JR難波","planned":false},"geometry":{"type":"Point","coordinates":[135.49529,34.66636]}},{"type":"Feature","properties":{"name":"今宮","planned":false},"geometry":{"type":"Point","coordinates":[135.49266,34.65403]}},{"type":"Feature","properties":{"name":"新今宮","planned":false},"geometry":{"type":"Point","coordinates":[135.50179,34.64991]}},{"type":"Feature","properties":{"name":"天王寺","planned":false},"geometry":{"type":"Point","coordinates":[135.51562,34.64675]}},{"type":"Feature","properties":{"name":"三郷","planned":false},"geometry":{"type":"Point","coordinates":[135.68752,34.58888]}},{"type":"Feature","properties":{"name":"久宝寺","planned":false},"geometry":{"type":"Point","coordinates":[135.58443,34.62233]}},{"type":"Feature","properties":{"name":"東部市場前","planned":false},"geometry":{"type":"Point","coordinates":[135.53768,34.63809]}},{"type":"Feature","properties":{"name":"八尾","planned":false},"geometry":{"type":"Point","coordinates":[135.59701,34.61726]}},{"type":"Feature","properties":{"name":"郡山","planned":false},"geometry":{"type":"Point","coordinates":[135.79036,34.64812]}},{"type":"Feature","properties":{"name":"河内堅上","planned":false},"geometry":{"type":"Point","coordinates":[135.6632,34.57436]}},{"type":"Feature","properties":{"name":"法隆寺","planned":false},"geometry":{"type":"Point","coordinates":[135.7389,34.60155]}},{"type":"Feature","properties":{"name":"加美","planned":false},"geometry":{"type":"Point","coordinates":[135.56675,34.62688]}},{"type":"Feature","properties":{"name":"大和小泉","planned":false},"geometry":{"type":"Point","coordinates":[135.76345,34.62219]}},{"type":"Feature","properties":{"name":"志紀","planned":false},"geometry":{"type":"Point","coordinates":[135.61591,34.60033]}},{"type":"Feature","properties":{"name":"高井田","planned":false},"geometry":{"type":"Point","coordinates":[135.63903,34.57144]}},{"type":"Feature","properties":{"name":"平野","planned":false},"geometry":{"type":"Point","coordinates":[135.55103,34.63091]}},{"type":"Feature","properties":{"name":"紀和","planned":false},"geometry":{"type":"Point","coordinates":[135.18137,34.24195]}},{"type":"Feature","properties":{"name":"長居","planned":false},"geometry":{"type":"Point","coordinates":[135.51252,34.61052]}},{"type":"Feature","properties":{"name":"浅香","planned":false},"geometry":{"type":"Point","coordinates":[135.50249,34.58529]}},{"type":"Feature","properties":{"name":"堺市","planned":false},"geometry":{"type":"Point","coordinates":[135.49867,34.57762]}},{"type":"Feature","properties":{"name":"三国ヶ丘","planned":false},"geometry":{"type":"Point","coordinates":[135.49277,34.5662]}},{"type":"Feature","properties":{"name":"我孫子町","planned":false},"geometry":{"type":"Point","coordinates":[135.50704,34.60229]}},{"type":"Feature","properties":{"name":"美章園","planned":false},"geometry":{"type":"Point","coordinates":[135.52378,34.63863]}},{"type":"Feature","properties":{"name":"南田辺","planned":false},"geometry":{"type":"Point","coordinates":[135.52087,34.62556]}},{"type":"Feature","properties":{"name":"杉本町","planned":false},"geometry":{"type":"Point","coordinates":[135.50302,34.59301]}},{"type":"Feature","properties":{"name":"鶴ヶ丘","planned":false},"geometry":{"type":"Point","coordinates":[135.5171,34.61803]}},{"type":"Feature","properties":{"name":"津久野","planned":false},"geometry":{"type":"Point","coordinates":[135.46825,34.54228]}},{"type":"Feature","properties":{"name":"北信太","planned":false},"geometry":{"type":"Point","coordinates":[135.44144,34.51054]}},{"type":"Feature","properties":{"name":"和泉府中","planned":false},"geometry":{"type":"Point","coordinates":[135.42387,34.48798]}},{"type":"Feature","properties":{"name":"上野芝","planned":false},"geometry":{"type":"Point","coordinates":[135.47802,34.54939]}},{"type":"Feature","properties":{"name":"和泉橋本","planned":false},"geometry":{"type":"Point","coordinates":[135.35882,34.4273]}},{"type":"Feature","properties":{"name":"東佐野","planned":false},"geometry":{"type":"Point","coordinates":[135.35004,34.41663]}},{"type":"Feature","properties":{"name":"紀伊中ノ島","planned":false},"geometry":{"type":"Point","coordinates":[135.19019,34.24285]}},{"type":"Feature","properties":{"name":"和泉砂川","planned":false},"geometry":{"type":"Point","coordinates":[135.28119,34.36024]}},{"type":"Feature","properties":{"name":"東貝塚","planned":false},"geometry":{"type":"Point","coordinates":[135.37304,34.44005]}},{"type":"Feature","properties":{"name":"下松","planned":false},"geometry":{"type":"Point","coordinates":[135.39693,34.45743]}},{"type":"Feature","properties":{"name":"紀伊","planned":false},"geometry":{"type":"Point","coordinates":[135.24626,34.26926]}},{"type":"Feature","properties":{"name":"信太山","planned":false},"geometry":{"type":"Point","coordinates":[135.43296,34.50026]}},{"type":"Feature","properties":{"name":"長滝","planned":false},"geometry":{"type":"Point","coordinates":[135.32006,34.38193]}},{"type":"Feature","properties":{"name":"鳳","planned":false},"geometry":{"type":"Point","coordinates":[135.45885,34.53186]}},{"type":"Feature","properties":{"name":"百舌鳥","planned":false},"geometry":{"type":"Point","coordinates":[135.48914,34.55854]}},{"type":"Feature","properties":{"name":"和泉鳥取","planned":false},"geometry":{"type":"Point","coordinates":[135.26318,34.34247]}},{"type":"Feature","properties":{"name":"東羽衣","planned":false},"geometry":{"type":"Point","coordinates":[135.4428,34.535]}},{"type":"Feature","properties":{"name":"久米田","planned":false},"geometry":{"type":"Point","coordinates":[135.4055,34.46569]}},{"type":"Feature","properties":{"name":"熊取","planned":false},"geometry":{"type":"Point","coordinates":[135.34122,34.40629]}},{"type":"Feature","properties":{"name":"東岸和田","planned":false},"geometry":{"type":"Point","coordinates":[135.38583,34.44933]}},{"type":"Feature","properties":{"name":"山中渓","planned":false},"geometry":{"type":"Point","coordinates":[135.26968,34.32554]}},{"type":"Feature","properties":{"name":"富木","planned":false},"geometry":{"type":"Point","coordinates":[135.45122,34.52252]}},{"type":"Feature","properties":{"name":"六十谷","planned":false},"geometry":{"type":"Point","coordinates":[135.20738,34.26265]}},{"type":"Feature","properties":{"name":"新家","planned":false},"geometry":{"type":"Point","coordinates":[135.29912,34.37235]}},{"type":"Feature","properties":{"name":"高田","planned":false},"geometry":{"type":"Point","coordinates":[135.74464,34.51634]}},{"type":"Feature","properties":{"name":"金橋","planned":false},"geometry":{"type":"Point","coordinates":[135.76535,34.50966]}},{"type":"Feature","properties":{"name":"畝傍","planned":false},"geometry":{"type":"Point","coordinates":[135.79459,34.50817]}},{"type":"Feature","properties":{"name":"ユニバーサルシティ","planned":false},"geometry":{"type":"Point","coordinates":[135.43856,34.66784]}},{"type":"Feature","properties":{"name":"桜島","planned":false},"geometry":{"type":"Point","coordinates":[135.43242,34.66224]}},{"type":"Feature","properties":{"name":"安治川口","planned":false},"geometry":{"type":"Point","coordinates":[135.44387,34.67338]}},{"type":"Feature","properties":{"name":"花園","planned":false},"geometry":{"type":"Point","coordinates":[135.71789,35.0186]}},{"type":"Feature","properties":{"name":"嵯峨嵐山","planned":false},"geometry":{"type":"Point","coordinates":[135.68131,35.01878]}},{"type":"Feature","properties":{"name":"太秦","planned":false},"geometry":{"type":"Point","coordinates":[135.70063,35.01695]}},{"type":"Feature","properties":{"name":"並河","planned":false},"geometry":{"type":"Point","coordinates":[135.55505,35.0323]}},{"type":"Feature","properties":{"name":"亀岡","planned":false},"geometry":{"type":"Point","coordinates":[135.58232,35.0168]}},{"type":"Feature","properties":{"name":"八木","planned":false},"geometry":{"type":"Point","coordinates":[135.53198,35.06895]}},{"type":"Feature","properties":{"name":"保津峡","planned":false},"geometry":{"type":"Point","coordinates":[135.64033,35.0231]}},{"type":"Feature","properties":{"name":"円町","planned":false},"geometry":{"type":"Point","coordinates":[135.73069,35.01814]}},{"type":"Feature","properties":{"name":"千代川","planned":false},"geometry":{"type":"Point","coordinates":[135.54842,35.04844]}},{"type":"Feature","properties":{"name":"馬堀","planned":false},"geometry":{"type":"Point","coordinates":[135.60246,35.01066]}},{"type":"Feature","properties":{"name":"丹波口","planned":false},"geometry":{"type":"Point","coordinates":[135.74227,34.99655]}},{"type":"Feature","properties":{"name":"新大阪","planned":false},"geometry":{"type":"Point","coordinates":[135.50003,34.73368]}},{"type":"Feature","properties":{"name":"神戸","planned":false},"geometry":{"type":"Point","coordinates":[135.17822,34.67922]}},{"type":"Feature","properties":{"name":"兵庫","planned":false},"geometry":{"type":"Point","coordinates":[135.16425,34.6677]}},{"type":"Feature","properties":{"name":"垂水","planned":false},"geometry":{"type":"Point","coordinates":[135.05385,34.62909]}},{"type":"Feature","properties":{"name":"塩屋","planned":false},"geometry":{"type":"Point","coordinates":[135.08336,34.63375]}},{"type":"Feature","properties":{"name":"鷹取","planned":false},"geometry":{"type":"Point","coordinates":[135.13556,34.65185]}},{"type":"Feature","properties":{"name":"須磨","planned":false},"geometry":{"type":"Point","coordinates":[135.11266,34.64227]}},{"type":"Feature","properties":{"name":"桜ノ宮","planned":false},"geometry":{"type":"Point","coordinates":[135.52095,34.70505]}},{"type":"Feature","properties":{"name":"大正","planned":false},"geometry":{"type":"Point","coordinates":[135.48,34.66551]}},{"type":"Feature","properties":{"name":"玉造","planned":false},"geometry":{"type":"Point","coordinates":[135.53287,34.67352]}},{"type":"Feature","properties":{"name":"芦原橋","planned":false},"geometry":{"type":"Point","coordinates":[135.48919,34.65857]}},{"type":"Feature","properties":{"name":"野田","planned":false},"geometry":{"type":"Point","coordinates":[135.47493,34.68894]}},{"type":"Feature","properties":{"name":"弁天町","planned":false},"geometry":{"type":"Point","coordinates":[135.46198,34.67003]}},{"type":"Feature","properties":{"name":"大阪城公園","planned":false},"geometry":{"type":"Point","coordinates":[135.53438,34.68784]}},{"type":"Feature","properties":{"name":"天満","planned":false},"geometry":{"type":"Point","coordinates":[135.51237,34.70494]}},{"type":"Feature","properties":{"name":"大阪","planned":false},"geometry":{"type":"Point","coordinates":[135.49588,34.70216]}},{"type":"Feature","properties":{"name":"森ノ宮","planned":false},"geometry":{"type":"Point","coordinates":[135.53402,34.68046]}},{"type":"Feature","properties":{"name":"桃谷","planned":false},"geometry":{"type":"Point","coordinates":[135.528,34.65853]}},{"type":"Feature","properties":{"name":"寺田町","planned":false},"geometry":{"type":"Point","coordinates":[135.5236,34.64794]}},{"type":"Feature","properties":{"name":"西大路","planned":false},"geometry":{"type":"Point","coordinates":[135.73163,34.98106]}},{"type":"Feature","properties":{"name":"向日町","planned":false},"geometry":{"type":"Point","coordinates":[135.70977,34.95486]}},{"type":"Feature","properties":{"name":"山崎","planned":false},"geometry":{"type":"Point","coordinates":[135.67925,34.89224]}},{"type":"Feature","properties":{"name":"長岡京","planned":false},"geometry":{"type":"Point","coordinates":[135.7009,34.9235]}},{"type":"Feature","properties":{"name":"高槻","planned":false},"geometry":{"type":"Point","coordinates":[135.61711,34.85124]}},{"type":"Feature","properties":{"name":"摂津富田","planned":false},"geometry":{"type":"Point","coordinates":[135.59333,34.83768]}},{"type":"Feature","properties":{"name":"千里丘","planned":false},"geometry":{"type":"Point","coordinates":[135.55145,34.79149]}},{"type":"Feature","properties":{"name":"吹田","planned":false},"geometry":{"type":"Point","coordinates":[135.52376,34.76322]}},{"type":"Feature","properties":{"name":"東淀川","planned":false},"geometry":{"type":"Point","coordinates":[135.504,34.73921]}},{"type":"Feature","properties":{"name":"岸辺","planned":false},"geometry":{"type":"Point","coordinates":[135.54133,34.77694]}},{"type":"Feature","properties":{"name":"塚本","planned":false},"geometry":{"type":"Point","coordinates":[135.46889,34.71273]}},{"type":"Feature","properties":{"name":"茨木","planned":false},"geometry":{"type":"Point","coordinates":[135.56208,34.81512]}},{"type":"Feature","properties":{"name":"摂津本山","planned":false},"geometry":{"type":"Point","coordinates":[135.27757,34.7268]}},{"type":"Feature","properties":{"name":"西宮","planned":false},"geometry":{"type":"Point","coordinates":[135.34878,34.73901]}},{"type":"Feature","properties":{"name":"甲南山手","planned":false},"geometry":{"type":"Point","coordinates":[135.2926,34.73063]}},{"type":"Feature","properties":{"name":"立花","planned":false},"geometry":{"type":"Point","coordinates":[135.3996,34.73789]}},{"type":"Feature","properties":{"name":"芦屋","planned":false},"geometry":{"type":"Point","coordinates":[135.30742,34.73427]}},{"type":"Feature","properties":{"name":"甲子園口","planned":false},"geometry":{"type":"Point","coordinates":[135.37439,34.73906]}},{"type":"Feature","properties":{"name":"六甲道","planned":false},"geometry":{"type":"Point","coordinates":[135.23841,34.7148]}},{"type":"Feature","properties":{"name":"灘","planned":false},"geometry":{"type":"Point","coordinates":[135.21654,34.70587]}},{"type":"Feature","properties":{"name":"三ノ宮","planned":false},"geometry":{"type":"Point","coordinates":[135.19504,34.69479]}},{"type":"Feature","properties":{"name":"新田","planned":false},"geometry":{"type":"Point","coordinates":[135.78073,34.87434]}},{"type":"Feature","properties":{"name":"木幡","planned":false},"geometry":{"type":"Point","coordinates":[135.79892,34.92481]}},{"type":"Feature","properties":{"name":"JR小倉","planned":false},"geometry":{"type":"Point","coordinates":[135.78621,34.8891]}},{"type":"Feature","properties":{"name":"JR藤森","planned":false},"geometry":{"type":"Point","coordinates":[135.7756,34.94797]}},{"type":"Feature","properties":{"name":"城陽","planned":false},"geometry":{"type":"Point","coordinates":[135.78106,34.85558]}},{"type":"Feature","properties":{"name":"桃山","planned":false},"geometry":{"type":"Point","coordinates":[135.77195,34.93253]}},{"type":"Feature","properties":{"name":"稲荷","planned":false},"geometry":{"type":"Point","coordinates":[135.7707,34.96673]}},{"type":"Feature","properties":{"name":"長池","planned":false},"geometry":{"type":"Point","coordinates":[135.78977,34.84239]}},{"type":"Feature","properties":{"name":"山城青谷","planned":false},"geometry":{"type":"Point","coordinates":[135.80016,34.82814]}},{"type":"Feature","properties":{"name":"藍本","planned":false},"geometry":{"type":"Point","coordinates":[135.15553,34.97696]}},{"type":"Feature","properties":{"name":"南矢代","planned":false},"geometry":{"type":"Point","coordinates":[135.1748,35.03764]}},{"type":"Feature","properties":{"name":"草野","planned":false},"geometry":{"type":"Point","coordinates":[135.15237,34.99693]}},{"type":"Feature","properties":{"name":"古市","planned":false},"geometry":{"type":"Point","coordinates":[135.15495,35.02196]}},{"type":"Feature","properties":{"name":"篠山口","planned":false},"geometry":{"type":"Point","coordinates":[135.17749,35.0562]}},{"type":"Feature","properties":{"name":"丹波大山","planned":false},"geometry":{"type":"Point","coordinates":[135.16857,35.0724]}},{"type":"Feature","properties":{"name":"北伊丹","planned":false},"geometry":{"type":"Point","coordinates":[135.41954,34.80082]}},{"type":"Feature","properties":{"name":"猪名寺","planned":false},"geometry":{"type":"Point","coordinates":[135.42262,34.764]}},{"type":"Feature","properties":{"name":"西宮名塩","planned":false},"geometry":{"type":"Point","coordinates":[135.30888,34.82723]}},{"type":"Feature","properties":{"name":"中山寺","planned":false},"geometry":{"type":"Point","coordinates":[135.37401,34.8166]}},{"type":"Feature","properties":{"name":"生瀬","planned":false},"geometry":{"type":"Point","coordinates":[135.32533,34.81934]}},{"type":"Feature","properties":{"name":"伊丹","planned":false},"geometry":{"type":"Point","coordinates":[135.42177,34.78061]}},{"type":"Feature","properties":{"name":"武田尾","planned":false},"geometry":{"type":"Point","coordinates":[135.30572,34.8555]}},{"type":"Feature","properties":{"name":"川西池田","planned":false},"geometry":{"type":"Point","coordinates":[135.40981,34.82489]}},{"type":"Feature","properties":{"name":"塚口","planned":false},"geometry":{"type":"Point","coordinates":[135.42512,34.75083]}},{"type":"Feature","properties":{"name":"広野","planned":false},"geometry":{"type":"Point","coordinates":[135.19143,34.92855]}},{"type":"Feature","properties":{"name":"新三田","planned":false},"geometry":{"type":"Point","coordinates":[135.20862,34.91014]}},{"type":"Feature","properties":{"name":"道場","planned":false},"geometry":{"type":"Point","coordinates":[135.25581,34.86727]}},{"type":"Feature","properties":{"name":"相野","planned":false},"geometry":{"type":"Point","coordinates":[135.15595,34.94763]}},{"type":"Feature","properties":{"name":"寝屋川公園","planned":false},"geometry":{"type":"Point","coordinates":[135.65335,34.7555]}},{"type":"Feature","properties":{"name":"同志社前","planned":false},"geometry":{"type":"Point","coordinates":[135.77842,34.80555]}},{"type":"Feature","properties":{"name":"住道","planned":false},"geometry":{"type":"Point","coordinates":[135.62144,34.70628]}},{"type":"Feature","properties":{"name":"野崎","planned":false},"geometry":{"type":"Point","coordinates":[135.63702,34.71846]}},{"type":"Feature","properties":{"name":"星田","planned":false},"geometry":{"type":"Point","coordinates":[135.66345,34.76735]}},{"type":"Feature","properties":{"name":"藤阪","planned":false},"geometry":{"type":"Point","coordinates":[135.70275,34.81444]}},{"type":"Feature","properties":{"name":"津田","planned":false},"geometry":{"type":"Point","coordinates":[135.69797,34.80141]}},{"type":"Feature","properties":{"name":"長尾","planned":false},"geometry":{"type":"Point","coordinates":[135.71302,34.82596]}},{"type":"Feature","properties":{"name":"松井山手","planned":false},"geometry":{"type":"Point","coordinates":[135.72757,34.83319]}},{"type":"Feature","properties":{"name":"四条畷","planned":false},"geometry":{"type":"Point","coordinates":[135.63925,34.7304]}},{"type":"Feature","properties":{"name":"祝園","planned":false},"geometry":{"type":"Point","coordinates":[135.79202,34.76019]}},{"type":"Feature","properties":{"name":"京田辺","planned":false},"geometry":{"type":"Point","coordinates":[135.76836,34.82171]}},{"type":"Feature","properties":{"name":"鴻池新田","planned":false},"geometry":{"type":"Point","coordinates":[135.59764,34.69886]}},{"type":"Feature","properties":{"name":"河内磐船","planned":false},"geometry":{"type":"Point","coordinates":[135.68465,34.77652]}},{"type":"Feature","properties":{"name":"徳庵","planned":false},"geometry":{"type":"Point","coordinates":[135.58142,34.69249]}},{"type":"Feature","properties":{"name":"JR三山木","planned":false},"geometry":{"type":"Point","coordinates":[135.7845,34.79847]}},{"type":"Feature","properties":{"name":"下狛","planned":false},"geometry":{"type":"Point","coordinates":[135.78856,34.78057]}},{"type":"Feature","properties":{"name":"忍ヶ丘","planned":false},"geometry":{"type":"Point","coordinates":[135.64515,34.74564]}},{"type":"Feature","properties":{"name":"大住","planned":false},"geometry":{"type":"Point","coordinates":[135.7499,34.8308]}},{"type":"Feature","properties":{"name":"放出","planned":false},"geometry":{"type":"Point","coordinates":[135.56314,34.688]}},{"type":"Feature","properties":{"name":"鴫野","planned":false},"geometry":{"type":"Point","coordinates":[135.54507,34.69272]}},{"type":"Feature","properties":{"name":"中飯降","planned":false},"geometry":{"type":"Point","coordinates":[135.53244,34.30447]}},{"type":"Feature","properties":{"name":"畠田","planned":false},"geometry":{"type":"Point","coordinates":[135.70363,34.57776]}},{"type":"Feature","properties":{"name":"志都美","planned":false},"geometry":{"type":"Point","coordinates":[135.70195,34.56204]}},{"type":"Feature","properties":{"name":"大和新庄","planned":false},"geometry":{"type":"Point","coordinates":[135.73602,34.48893]}},{"type":"Feature","properties":{"name":"下兵庫","planned":false},"geometry":{"type":"Point","coordinates":[135.63474,34.32259]}},{"type":"Feature","properties":{"name":"妙寺","planned":false},"geometry":{"type":"Point","coordinates":[135.5174,34.29851]}},{"type":"Feature","properties":{"name":"紀伊山田","planned":false},"geometry":{"type":"Point","coordinates":[135.58411,34.31298]}},{"type":"Feature","properties":{"name":"玉手","planned":false},"geometry":{"type":"Point","coordinates":[135.7485,34.4584]}},{"type":"Feature","properties":{"name":"橋本","planned":false},"geometry":{"type":"Point","coordinates":[135.61477,34.31816]}},{"type":"Feature","properties":{"name":"高野口","planned":false},"geometry":{"type":"Point","coordinates":[135.55692,34.30762]}},{"type":"Feature","properties":{"name":"JR五位堂","planned":false},"geometry":{"type":"Point","coordinates":[135.71885,34.5273]}},{"type":"Feature","properties":{"name":"大和二見","planned":false},"geometry":{"type":"Point","coordinates":[135.68444,34.34612]}},{"type":"Feature","properties":{"name":"隅田","planned":false},"geometry":{"type":"Point","coordinates":[135.65557,34.32809]}},{"type":"Feature","properties":{"name":"掖上","planned":false},"geometry":{"type":"Point","coordinates":[135.76306,34.45248]}},{"type":"Feature","properties":{"name":"香芝","planned":false},"geometry":{"type":"Point","coordinates":[135.70532,34.54377]}},{"type":"Feature","properties":{"name":"御所","planned":false},"geometry":{"type":"Point","coordinates":[135.73379,34.46507]}},{"type":"Feature","properties":{"name":"大谷","planned":false},"geometry":{"type":"Point","coordinates":[135.49385,34.2986]}},{"type":"Feature","properties":{"name":"北宇智","planned":false},"geometry":{"type":"Point","coordinates":[135.71447,34.38229]}},{"type":"Feature","properties":{"name":"五条","planned":false},"geometry":{"type":"Point","coordinates":[135.69869,34.35574]}},{"type":"Feature","properties":{"name":"名手","planned":false},"geometry":{"type":"Point","coordinates":[135.4337,34.27294]}},{"type":"Feature","properties":{"name":"岩出","planned":false},"geometry":{"type":"Point","coordinates":[135.32128,34.25502]}},{"type":"Feature","properties":{"name":"田井ノ瀬","planned":false},"geometry":{"type":"Point","coordinates":[135.22944,34.24207]}},{"type":"Feature","properties":{"name":"粉河","planned":false},"geometry":{"type":"Point","coordinates":[135.4042,34.27072]}},{"type":"Feature","properties":{"name":"布施屋","planned":false},"geometry":{"type":"Point","coordinates":[135.26167,34.24445]}},{"type":"Feature","properties":{"name":"下井阪","planned":false},"geometry":{"type":"Point","coordinates":[135.34019,34.26201]}},{"type":"Feature","properties":{"name":"紀伊長田","planned":false},"geometry":{"type":"Point","coordinates":[135.3916,34.26828]}},{"type":"Feature","properties":{"name":"船戸","planned":false},"geometry":{"type":"Point","coordinates":[135.31124,34.24831]}},{"type":"Feature","properties":{"name":"千旦","planned":false},"geometry":{"type":"Point","coordinates":[135.24567,34.24165]}},{"type":"Feature","properties":{"name":"紀伊小倉","planned":false},"geometry":{"type":"Point","coordinates":[135.28742,34.24637]}},{"type":"Feature","properties":{"name":"打田","planned":false},"geometry":{"type":"Point","coordinates":[135.36417,34.26515]}},{"type":"Feature","properties":{"name":"笠田","planned":false},"geometry":{"type":"Point","coordinates":[135.4799,34.29206]}},{"type":"Feature","properties":{"name":"西笠田","planned":false},"geometry":{"type":"Point","coordinates":[135.45263,34.28012]}},{"type":"Feature","properties":{"name":"公園東口","planned":false},"geometry":{"type":"Point","coordinates":[135.5396,34.81059]}},{"type":"Feature","properties":{"name":"阪大病院前","planned":false},"geometry":{"type":"Point","coordinates":[135.52974,34.81845]}},{"type":"Feature","properties":{"name":"万博記念公園","planned":false},"geometry":{"type":"Point","coordinates":[135.53016,34.80678]}},{"type":"Feature","properties":{"name":"沢良宜","planned":false},"geometry":{"type":"Point","coordinates":[135.56596,34.79402]}},{"type":"Feature","properties":{"name":"大日","planned":false},"geometry":{"type":"Point","coordinates":[135.57894,34.74894]}},{"type":"Feature","properties":{"name":"南摂津","planned":false},"geometry":{"type":"Point","coordinates":[135.56876,34.76509]}},{"type":"Feature","properties":{"name":"少路","planned":false},"geometry":{"type":"Point","coordinates":[135.47534,34.80427]}},{"type":"Feature","properties":{"name":"摂津","planned":false},"geometry":{"type":"Point","coordinates":[135.56142,34.78003]}},{"type":"Feature","properties":{"name":"柴原阪大前","planned":false},"geometry":{"type":"Point","coordinates":[135.45869,34.80033]}},{"type":"Feature","properties":{"name":"宇野辺","planned":false},"geometry":{"type":"Point","coordinates":[135.55448,34.80804]}},{"type":"Feature","properties":{"name":"千里中央","planned":false},"geometry":{"type":"Point","coordinates":[135.49518,34.80746]}},{"type":"Feature","properties":{"name":"大阪空港","planned":false},"geometry":{"type":"Point","coordinates":[135.442,34.79131]}},{"type":"Feature","properties":{"name":"江坂","planned":false},"geometry":{"type":"Point","coordinates":[135.4971,34.75875]}},{"type":"Feature","properties":{"name":"中津","planned":false},"geometry":{"type":"Point","coordinates":[135.4971,34.71136]}},{"type":"Feature","properties":{"name":"心斎橋","planned":false},"geometry":{"type":"Point","coordinates":[135.50034,34.6744]}},{"type":"Feature","properties":{"name":"難波","planned":false},"geometry":{"type":"Point","coordinates":[135.50027,34.66616]}},{"type":"Feature","properties":{"name":"西中島南方","planned":false},"geometry":{"type":"Point","coordinates":[135.4986,34.72655]}},{"type":"Feature","properties":{"name":"本町","planned":false},"geometry":{"type":"Point","coordinates":[135.50068,34.68358]}},{"type":"Feature","properties":{"name":"梅田","planned":false},"geometry":{"type":"Point","coordinates":[135.49768,34.70313]}},{"type":"Feature","properties":{"name":"東三国","planned":false},"geometry":{"type":"Point","coordinates":[135.49849,34.7411]}},{"type":"Feature","properties":{"name":"大国町","planned":false},"geometry":{"type":"Point","coordinates":[135.49786,34.6563]}},{"type":"Feature","properties":{"name":"北花田","planned":false},"geometry":{"type":"Point","coordinates":[135.51639,34.5825]}},{"type":"Feature","properties":{"name":"動物園前","planned":false},"geometry":{"type":"Point","coordinates":[135.50478,34.64873]}},{"type":"Feature","properties":{"name":"新金岡","planned":false},"geometry":{"type":"Point","coordinates":[135.51527,34.5682]}},{"type":"Feature","properties":{"name":"西田辺","planned":false},"geometry":{"type":"Point","coordinates":[135.51517,34.62165]}},{"type":"Feature","properties":{"name":"我孫子","planned":false},"geometry":{"type":"Point","coordinates":[135.51279,34.59902]}},{"type":"Feature","properties":{"name":"昭和町","planned":false},"geometry":{"type":"Point","coordinates":[135.51689,34.63298]}},{"type":"Feature","properties":{"name":"中百舌鳥","planned":false},"geometry":{"type":"Point","coordinates":[135.50631,34.55639]}},{"type":"Feature","properties":{"name":"守口","planned":false},"geometry":{"type":"Point","coordinates":[135.56435,34.73844]}},{"type":"Feature","properties":{"name":"関目高殿","planned":false},"geometry":{"type":"Point","coordinates":[135.54542,34.71516]}},{"type":"Feature","properties":{"name":"中崎町","planned":false},"geometry":{"type":"Point","coordinates":[135.50556,34.70718]}},{"type":"Feature","properties":{"name":"南森町","planned":false},"geometry":{"type":"Point","coordinates":[135.51083,34.69758]}},{"type":"Feature","properties":{"name":"野江内代","planned":false},"geometry":{"type":"Point","coordinates":[135.53833,34.70914]}},{"type":"Feature","properties":{"name":"都島","planned":false},"geometry":{"type":"Point","coordinates":[135.52601,34.70898]}},{"type":"Feature","properties":{"name":"谷町四丁目","planned":false},"geometry":{"type":"Point","coordinates":[135.51731,34.68216]}},{"type":"Feature","properties":{"name":"千林大宮","planned":false},"geometry":{"type":"Point","coordinates":[135.54926,34.72423]}},{"type":"Feature","properties":{"name":"谷町九丁目","planned":false},"geometry":{"type":"Point","coordinates":[135.51584,34.66706]}},{"type":"Feature","properties":{"name":"太子橋今市","planned":false},"geometry":{"type":"Point","coordinates":[135.5545,34.73109]}},{"type":"Feature","properties":{"name":"谷町六丁目","planned":false},"geometry":{"type":"Point","coordinates":[135.51707,34.67521]}},{"type":"Feature","properties":{"name":"東梅田","planned":false},"geometry":{"type":"Point","coordinates":[135.49982,34.70056]}},{"type":"Feature","properties":{"name":"出戸","planned":false},"geometry":{"type":"Point","coordinates":[135.56544,34.60903]}},{"type":"Feature","properties":{"name":"文の里","planned":false},"geometry":{"type":"Point","coordinates":[135.51828,34.63583]}},{"type":"Feature","properties":{"name":"平野","planned":false},"geometry":{"type":"Point","coordinates":[135.54864,34.62109]}},{"type":"Feature","properties":{"name":"駒川中野","planned":false},"geometry":{"type":"Point","coordinates":[135.53279,34.62154]}},{"type":"Feature","properties":{"name":"田辺","planned":false},"geometry":{"type":"Point","coordinates":[135.52521,34.62858]}},{"type":"Feature","properties":{"name":"喜連瓜破","planned":false},"geometry":{"type":"Point","coordinates":[135.55209,34.60919]}},{"type":"Feature","properties":{"name":"八尾南","planned":false},"geometry":{"type":"Point","coordinates":[135.58283,34.59723]}},{"type":"Feature","properties":{"name":"長原","planned":false},"geometry":{"type":"Point","coordinates":[135.57376,34.60249]}},{"type":"Feature","properties":{"name":"四天王寺前夕陽ヶ丘","planned":false},"geometry":{"type":"Point","coordinates":[135.51418,34.65841]}},{"type":"Feature","properties":{"name":"西梅田","planned":false},"geometry":{"type":"Point","coordinates":[135.49564,34.69944]}},{"type":"Feature","properties":{"name":"四ツ橋","planned":false},"geometry":{"type":"Point","coordinates":[135.49674,34.67394]}},{"type":"Feature","properties":{"name":"肥後橋","planned":false},"geometry":{"type":"Point","coordinates":[135.49636,34.69121]}},{"type":"Feature","properties":{"name":"花園町","planned":false},"geometry":{"type":"Point","coordinates":[135.49655,34.6442]}},{"type":"Feature","properties":{"name":"岸里","planned":false},"geometry":{"type":"Point","coordinates":[135.4938,34.6342]}},{"type":"Feature","properties":{"name":"玉出","planned":false},"geometry":{"type":"Point","coordinates":[135.49049,34.62409]}},{"type":"Feature","properties":{"name":"北加賀屋","planned":false},"geometry":{"type":"Point","coordinates":[135.47935,34.6213]}},{"type":"Feature","properties":{"name":"住之江公園","planned":false},"geometry":{"type":"Point","coordinates":[135.47311,34.60886]}},{"type":"Feature","properties":{"name":"高井田","planned":false},"geometry":{"type":"Point","coordinates":[135.5725,34.67849]}},{"type":"Feature","properties":{"name":"緑橋","planned":false},"geometry":{"type":"Point","coordinates":[135.54503,34.68072]}},{"type":"Feature","properties":{"name":"堺筋本町","planned":false},"geometry":{"type":"Point","coordinates":[135.5071,34.68187]}},{"type":"Feature","properties":{"name":"九条","planned":false},"geometry":{"type":"Point","coordinates":[135.47358,34.67533]}},{"type":"Feature","properties":{"name":"阿波座","planned":false},"geometry":{"type":"Point","coordinates":[135.48793,34.68135]}},{"type":"Feature","properties":{"name":"深江橋","planned":false},"geometry":{"type":"Point","coordinates":[135.55686,34.67919]}},{"type":"Feature","properties":{"name":"朝潮橋","planned":false},"geometry":{"type":"Point","coordinates":[135.44869,34.66076]}},{"type":"Feature","properties":{"name":"コスモスクエア","planned":false},"geometry":{"type":"Point","coordinates":[135.41222,34.64257]}},{"type":"Feature","properties":{"name":"大阪港","planned":false},"geometry":{"type":"Point","coordinates":[135.43433,34.65386]}},{"type":"Feature","properties":{"name":"西長堀","planned":false},"geometry":{"type":"Point","coordinates":[135.48701,34.67394]}},{"type":"Feature","properties":{"name":"小路","planned":false},"geometry":{"type":"Point","coordinates":[135.55627,34.66134]}},{"type":"Feature","properties":{"name":"日本橋","planned":false},"geometry":{"type":"Point","coordinates":[135.50644,34.66697]}},{"type":"Feature","properties":{"name":"今里","planned":false},"geometry":{"type":"Point","coordinates":[135.54413,34.66869]}},{"type":"Feature","properties":{"name":"玉川","planned":false},"geometry":{"type":"Point","coordinates":[135.47636,34.68933]}},{"type":"Feature","properties":{"name":"桜川","planned":false},"geometry":{"type":"Point","coordinates":[135.4903,34.6683]}},{"type":"Feature","properties":{"name":"新深江","planned":false},"geometry":{"type":"Point","coordinates":[135.55421,34.66818]}},{"type":"Feature","properties":{"name":"野田阪神","planned":false},"geometry":{"type":"Point","coordinates":[135.47487,34.69411]}},{"type":"Feature","properties":{"name":"北巽","planned":false},"geometry":{"type":"Point","coordinates":[135.555,34.65327]}},{"type":"Feature","properties":{"name":"南巽","planned":false},"geometry":{"type":"Point","coordinates":[135.55319,34.64281]}},{"type":"Feature","properties":{"name":"長堀橋","planned":false},"geometry":{"type":"Point","coordinates":[135.50632,34.67465]}},{"type":"Feature","properties":{"name":"扇町","planned":false},"geometry":{"type":"Point","coordinates":[135.51085,34.70383]}},{"type":"Feature","properties":{"name":"天下茶屋","planned":false},"geometry":{"type":"Point","coordinates":[135.49698,34.63703]}},{"type":"Feature","properties":{"name":"横堤","planned":false},"geometry":{"type":"Point","coordinates":[135.57268,34.70354]}},{"type":"Feature","properties":{"name":"門真南","planned":false},"geometry":{"type":"Point","coordinates":[135.59247,34.71675]}},{"type":"Feature","properties":{"name":"鶴見緑地","planned":false},"geometry":{"type":"Point","coordinates":[135.58071,34.71097]}},{"type":"Feature","properties":{"name":"今福鶴見","planned":false},"geometry":{"type":"Point","coordinates":[135.56028,34.70207]}},{"type":"Feature","properties":{"name":"大阪ビジネスパーク","planned":false},"geometry":{"type":"Point","coordinates":[135.52976,34.69187]}},{"type":"Feature","properties":{"name":"蒲生四丁目","planned":false},"geometry":{"type":"Point","coordinates":[135.54775,34.70049]}},{"type":"Feature","properties":{"name":"西大橋","planned":false},"geometry":{"type":"Point","coordinates":[135.49372,34.67553]}},{"type":"Feature","properties":{"name":"松屋町","planned":false},"geometry":{"type":"Point","coordinates":[135.51251,34.6755]}},{"type":"Feature","properties":{"name":"ドーム前千代崎","planned":false},"geometry":{"type":"Point","coordinates":[135.47934,34.67086]}},{"type":"Feature","properties":{"name":"トレードセンター前","planned":false},"geometry":{"type":"Point","coordinates":[135.41184,34.63876]}},{"type":"Feature","properties":{"name":"南港東","planned":false},"geometry":{"type":"Point","coordinates":[135.43832,34.6138]}},{"type":"Feature","properties":{"name":"ポートタウン東","planned":false},"geometry":{"type":"Point","coordinates":[135.42902,34.63088]}},{"type":"Feature","properties":{"name":"中ふ頭","planned":false},"geometry":{"type":"Point","coordinates":[135.41723,34.63393]}},{"type":"Feature","properties":{"name":"平林","planned":false},"geometry":{"type":"Point","coordinates":[135.45855,34.6106]}},{"type":"Feature","properties":{"name":"フェリーターミナル","planned":false},"geometry":{"type":"Point","coordinates":[135.43493,34.6193]}},{"type":"Feature","properties":{"name":"南港口","planned":false},"geometry":{"type":"Point","coordinates":[135.44588,34.61382]}},{"type":"Feature","properties":{"name":"ポートタウン西","planned":false},"geometry":{"type":"Point","coordinates":[135.42273,34.63088]}},{"type":"Feature","properties":{"name":"泉ケ丘","planned":false},"geometry":{"type":"Point","coordinates":[135.51143,34.49698]}},{"type":"Feature","properties":{"name":"深井","planned":false},"geometry":{"type":"Point","coordinates":[135.49755,34.53035]}},{"type":"Feature","properties":{"name":"和泉中央","planned":false},"geometry":{"type":"Point","coordinates":[135.45644,34.46141]}},{"type":"Feature","properties":{"name":"光明池","planned":false},"geometry":{"type":"Point","coordinates":[135.47537,34.47465]}},{"type":"Feature","properties":{"name":"栂・美木多","planned":false},"geometry":{"type":"Point","coordinates":[135.49023,34.48505]}},{"type":"Feature","properties":{"name":"紀ノ川","planned":false},"geometry":{"type":"Point","coordinates":[135.1659,34.25493]}},{"type":"Feature","properties":{"name":"磯ノ浦","planned":false},"geometry":{"type":"Point","coordinates":[135.09462,34.26049]}},{"type":"Feature","properties":{"name":"八幡前","planned":false},"geometry":{"type":"Point","coordinates":[135.1218,34.25254]}},{"type":"Feature","properties":{"name":"西ノ庄","planned":false},"geometry":{"type":"Point","coordinates":[135.11079,34.25546]}},{"type":"Feature","properties":{"name":"加太","planned":false},"geometry":{"type":"Point","coordinates":[135.08076,34.27531]}},{"type":"Feature","properties":{"name":"二里ヶ浜","planned":false},"geometry":{"type":"Point","coordinates":[135.10416,34.25753]}},{"type":"Feature","properties":{"name":"中松江","planned":false},"geometry":{"type":"Point","coordinates":[135.13295,34.24873]}},{"type":"Feature","properties":{"name":"東松江","planned":false},"geometry":{"type":"Point","coordinates":[135.14112,34.24777]}},{"type":"Feature","properties":{"name":"泉佐野","planned":false},"geometry":{"type":"Point","coordinates":[135.31737,34.41106]}},{"type":"Feature","properties":{"name":"羽衣","planned":false},"geometry":{"type":"Point","coordinates":[135.44172,34.53431]}},{"type":"Feature","properties":{"name":"高師浜","planned":false},"geometry":{"type":"Point","coordinates":[135.43203,34.52734]}},{"type":"Feature","properties":{"name":"伽羅橋","planned":false},"geometry":{"type":"Point","coordinates":[135.43685,34.52873]}},{"type":"Feature","properties":{"name":"汐見橋","planned":false},"geometry":{"type":"Point","coordinates":[135.48622,34.66762]}},{"type":"Feature","properties":{"name":"芦原町","planned":false},"geometry":{"type":"Point","coordinates":[135.4863,34.66052]}},{"type":"Feature","properties":{"name":"下古沢","planned":false},"geometry":{"type":"Point","coordinates":[135.55325,34.26648]}},{"type":"Feature","properties":{"name":"百舌鳥八幡","planned":false},"geometry":{"type":"Point","coordinates":[135.49833,34.56078]}},{"type":"Feature","properties":{"name":"大阪狭山市","planned":false},"geometry":{"type":"Point","coordinates":[135.55727,34.50474]}},{"type":"Feature","properties":{"name":"紀伊清水","planned":false},"geometry":{"type":"Point","coordinates":[135.60474,34.30745]}},{"type":"Feature","properties":{"name":"林間田園都市","planned":false},"geometry":{"type":"Point","coordinates":[135.6033,34.3554]}},{"type":"Feature","properties":{"name":"天見","planned":false},"geometry":{"type":"Point","coordinates":[135.59555,34.39763]}},{"type":"Feature","properties":{"name":"千早口","planned":false},"geometry":{"type":"Point","coordinates":[135.59013,34.4117]}},{"type":"Feature","properties":{"name":"九度山","planned":false},"geometry":{"type":"Point","coordinates":[135.5645,34.28779]}},{"type":"Feature","properties":{"name":"三日市町","planned":false},"geometry":{"type":"Point","coordinates":[135.57134,34.43666]}},{"type":"Feature","properties":{"name":"沢ノ町","planned":false},"geometry":{"type":"Point","coordinates":[135.49687,34.60632]}},{"type":"Feature","properties":{"name":"岸里玉出","planned":false},"geometry":{"type":"Point","coordinates":[135.49613,34.62866]}},{"type":"Feature","properties":{"name":"萩原天神","planned":false},"geometry":{"type":"Point","coordinates":[135.53503,34.53708]}},{"type":"Feature","properties":{"name":"狭山","planned":false},"geometry":{"type":"Point","coordinates":[135.54818,34.51665]}},{"type":"Feature","properties":{"name":"学文路","planned":false},"geometry":{"type":"Point","coordinates":[135.5799,34.2965]}},{"type":"Feature","properties":{"name":"美加の台","planned":false},"geometry":{"type":"Point","coordinates":[135.57702,34.42477]}},{"type":"Feature","properties":{"name":"我孫子前","planned":false},"geometry":{"type":"Point","coordinates":[135.49691,34.60002]}},{"type":"Feature","properties":{"name":"初芝","planned":false},"geometry":{"type":"Point","coordinates":[135.5265,34.54223]}},{"type":"Feature","properties":{"name":"紀見峠","planned":false},"geometry":{"type":"Point","coordinates":[135.60024,34.36583]}},{"type":"Feature","properties":{"name":"御幸辻","planned":false},"geometry":{"type":"Point","coordinates":[135.60205,34.33782]}},{"type":"Feature","properties":{"name":"千代田","planned":false},"geometry":{"type":"Point","coordinates":[135.56633,34.469]}},{"type":"Feature","properties":{"name":"滝谷","planned":false},"geometry":{"type":"Point","coordinates":[135.56212,34.47957]}},{"type":"Feature","properties":{"name":"上古沢","planned":false},"geometry":{"type":"Point","coordinates":[135.54801,34.25733]}},{"type":"Feature","properties":{"name":"紀伊神谷","planned":false},"geometry":{"type":"Point","coordinates":[135.57113,34.24278]}},{"type":"Feature","properties":{"name":"高野下","planned":false},"geometry":{"type":"Point","coordinates":[135.56637,34.27181]}},{"type":"Feature","properties":{"name":"金剛","planned":false},"geometry":{"type":"Point","coordinates":[135.55942,34.49524]}},{"type":"Feature","properties":{"name":"帝塚山","planned":false},"geometry":{"type":"Point","coordinates":[135.49835,34.62195]}},{"type":"Feature","properties":{"name":"北野田","planned":false},"geometry":{"type":"Point","coordinates":[135.54321,34.52293]}},{"type":"Feature","properties":{"name":"住吉東","planned":false},"geometry":{"type":"Point","coordinates":[135.49758,34.61337]}},{"type":"Feature","properties":{"name":"白鷺","planned":false},"geometry":{"type":"Point","coordinates":[135.51334,34.55011]}},{"type":"Feature","properties":{"name":"津守","planned":false},"geometry":{"type":"Point","coordinates":[135.48324,34.64709]}},{"type":"Feature","properties":{"name":"西天下茶屋","planned":false},"geometry":{"type":"Point","coordinates":[135.4892,34.63859]}},{"type":"Feature","properties":{"name":"堺東","planned":false},"geometry":{"type":"Point","coordinates":[135.48503,34.57586]}},{"type":"Feature","properties":{"name":"木津川","planned":false},"geometry":{"type":"Point","coordinates":[135.48309,34.65465]}},{"type":"Feature","properties":{"name":"浅香山","planned":false},"geometry":{"type":"Point","coordinates":[135.4911,34.58965]}},{"type":"Feature","properties":{"name":"みさき公園","planned":false},"geometry":{"type":"Point","coordinates":[135.16102,34.32399]}},{"type":"Feature","properties":{"name":"深日町","planned":false},"geometry":{"type":"Point","coordinates":[135.14806,34.31827]}},{"type":"Feature","properties":{"name":"深日港","planned":false},"geometry":{"type":"Point","coordinates":[135.14127,34.31743]}},{"type":"Feature","properties":{"name":"多奈川","planned":false},"geometry":{"type":"Point","coordinates":[135.13721,34.31674]}},{"type":"Feature","properties":{"name":"難波","planned":false},"geometry":{"type":"Point","coordinates":[135.50235,34.66299]}},{"type":"Feature","properties":{"name":"今宮戎","planned":false},"geometry":{"type":"Point","coordinates":[135.50151,34.65486]}},{"type":"Feature","properties":{"name":"萩ノ茶屋","planned":false},"geometry":{"type":"Point","coordinates":[135.49905,34.64559]}},{"type":"Feature","properties":{"name":"粉浜","planned":false},"geometry":{"type":"Point","coordinates":[135.49168,34.61809]}},{"type":"Feature","properties":{"name":"北助松","planned":false},"geometry":{"type":"Point","coordinates":[135.42276,34.51452]}},{"type":"Feature","properties":{"name":"住吉大社","planned":false},"geometry":{"type":"Point","coordinates":[135.49019,34.61257]}},{"type":"Feature","properties":{"name":"鶴原","planned":false},"geometry":{"type":"Point","coordinates":[135.33831,34.42642]}},{"type":"Feature","properties":{"name":"淡輪","planned":false},"geometry":{"type":"Point","coordinates":[135.17864,34.33137]}},{"type":"Feature","properties":{"name":"堺","planned":false},"geometry":{"type":"Point","coordinates":[135.46866,34.58182]}},{"type":"Feature","properties":{"name":"泉大津","planned":false},"geometry":{"type":"Point","coordinates":[135.40683,34.50338]}},{"type":"Feature","properties":{"name":"松ノ浜","planned":false},"geometry":{"type":"Point","coordinates":[135.41479,34.50897]}},{"type":"Feature","properties":{"name":"蛸地蔵","planned":false},"geometry":{"type":"Point","coordinates":[135.3704,34.45639]}},{"type":"Feature","properties":{"name":"岸和田","planned":false},"geometry":{"type":"Point","coordinates":[135.37813,34.46026]}},{"type":"Feature","properties":{"name":"鳥取ノ荘","planned":false},"geometry":{"type":"Point","coordinates":[135.23182,34.35128]}},{"type":"Feature","properties":{"name":"住ノ江","planned":false},"geometry":{"type":"Point","coordinates":[135.48702,34.60528]}},{"type":"Feature","properties":{"name":"井原里","planned":false},"geometry":{"type":"Point","coordinates":[135.33048,34.41937]}},{"type":"Feature","properties":{"name":"樽井","planned":false},"geometry":{"type":"Point","coordinates":[135.26136,34.37417]}},{"type":"Feature","properties":{"name":"石津川","planned":false},"geometry":{"type":"Point","coordinates":[135.45326,34.55933]}},{"type":"Feature","properties":{"name":"二色浜","planned":false},"geometry":{"type":"Point","coordinates":[135.34476,34.43218]}},{"type":"Feature","properties":{"name":"岡田浦","planned":false},"geometry":{"type":"Point","coordinates":[135.27691,34.38452]}},{"type":"Feature","properties":{"name":"吉見ノ里","planned":false},"geometry":{"type":"Point","coordinates":[135.28988,34.3915]}},{"type":"Feature","properties":{"name":"七道","planned":false},"geometry":{"type":"Point","coordinates":[135.48051,34.59219]}},{"type":"Feature","properties":{"name":"忠岡","planned":false},"geometry":{"type":"Point","coordinates":[135.39777,34.48858]}},{"type":"Feature","properties":{"name":"諏訪ノ森","planned":false},"geometry":{"type":"Point","coordinates":[135.44918,34.55181]}},{"type":"Feature","properties":{"name":"箱作","planned":false},"geometry":{"type":"Point","coordinates":[135.21261,34.34131]}},{"type":"Feature","properties":{"name":"尾崎","planned":false},"geometry":{"type":"Point","coordinates":[135.24011,34.36099]}},{"type":"Feature","properties":{"name":"湊","planned":false},"geometry":{"type":"Point","coordinates":[135.46009,34.57062]}},{"type":"Feature","properties":{"name":"春木","planned":false},"geometry":{"type":"Point","coordinates":[135.39214,34.47763]}},{"type":"Feature","properties":{"name":"浜寺公園","planned":false},"geometry":{"type":"Point","coordinates":[135.44468,34.54134]}},{"type":"Feature","properties":{"name":"孝子","planned":false},"geometry":{"type":"Point","coordinates":[135.15104,34.29067]}},{"type":"Feature","properties":{"name":"羽倉崎","planned":false},"geometry":{"type":"Point","coordinates":[135.30009,34.39952]}},{"type":"Feature","properties":{"name":"高石","planned":false},"geometry":{"type":"Point","coordinates":[135.43282,34.52148]}},{"type":"Feature","properties":{"name":"和泉大宮","planned":false},"geometry":{"type":"Point","coordinates":[135.38502,34.46796]}},{"type":"Feature","properties":{"name":"山下","planned":false},"geometry":{"type":"Point","coordinates":[135.41224,34.89301]}},{"type":"Feature","properties":{"name":"日生中央","planned":false},"geometry":{"type":"Point","coordinates":[135.39303,34.90642]}},{"type":"Feature","properties":{"name":"平野","planned":false},"geometry":{"type":"Point","coordinates":[135.41733,34.86876]}},{"type":"Feature","properties":{"name":"光風台","planned":false},"geometry":{"type":"Point","coordinates":[135.43141,34.89991]}},{"type":"Feature","properties":{"name":"滝山","planned":false},"geometry":{"type":"Point","coordinates":[135.42114,34.84309]}},{"type":"Feature","properties":{"name":"鼓滝","planned":false},"geometry":{"type":"Point","coordinates":[135.41834,34.8547]}},{"type":"Feature","properties":{"name":"絹延橋","planned":false},"geometry":{"type":"Point","coordinates":[135.42307,34.83482]}},{"type":"Feature","properties":{"name":"多田","planned":false},"geometry":{"type":"Point","coordinates":[135.4167,34.86057]}},{"type":"Feature","properties":{"name":"一の鳥居","planned":false},"geometry":{"type":"Point","coordinates":[135.41994,34.87956]}},{"type":"Feature","properties":{"name":"鴬の森","planned":false},"geometry":{"type":"Point","coordinates":[135.41885,34.84775]}},{"type":"Feature","properties":{"name":"妙見口","planned":false},"geometry":{"type":"Point","coordinates":[135.44458,34.91152]}},{"type":"Feature","properties":{"name":"畦野","planned":false},"geometry":{"type":"Point","coordinates":[135.41563,34.88495]}},{"type":"Feature","properties":{"name":"ときわ台","planned":false},"geometry":{"type":"Point","coordinates":[135.43809,34.90617]}},{"type":"Feature","properties":{"name":"笹部","planned":false},"geometry":{"type":"Point","coordinates":[135.41645,34.89368]}},{"type":"Feature","properties":{"name":"緑地公園","planned":false},"geometry":{"type":"Point","coordinates":[135.49527,34.77484]}},{"type":"Feature","properties":{"name":"桃山台","planned":false},"geometry":{"type":"Point","coordinates":[135.49719,34.79329]}},{"type":"Feature","properties":{"name":"千里中央","planned":false},"geometry":{"type":"Point","coordinates":[135.49505,34.80977]}},{"type":"Feature","properties":{"name":"六甲山上","planned":false},"geometry":{"type":"Point","coordinates":[135.2369,34.75178]}},{"type":"Feature","properties":{"name":"六甲ケーブル下","planned":false},"geometry":{"type":"Point","coordinates":[135.23365,34.7374]}},{"type":"Feature","properties":{"name":"さくら夙川","planned":false},"geometry":{"type":"Point","coordinates":[135.33108,34.73903]}},{"type":"Feature","properties":{"name":"彩都西","planned":false},"geometry":{"type":"Point","coordinates":[135.52287,34.85507]}},{"type":"Feature","properties":{"name":"豊川","planned":false},"geometry":{"type":"Point","coordinates":[135.52672,34.8346]}},{"type":"Feature","properties":{"name":"新森古市","planned":false},"geometry":{"type":"Point","coordinates":[135.55826,34.71525]}},{"type":"Feature","properties":{"name":"井高野","planned":false},"geometry":{"type":"Point","coordinates":[135.54726,34.76012]}},{"type":"Feature","properties":{"name":"瑞光四丁目","planned":false},"geometry":{"type":"Point","coordinates":[135.54451,34.75212]}},{"type":"Feature","properties":{"name":"だいどう豊里","planned":false},"geometry":{"type":"Point","coordinates":[135.54448,34.744]}},{"type":"Feature","properties":{"name":"清水","planned":false},"geometry":{"type":"Point","coordinates":[135.56081,34.72216]}},{"type":"Feature","properties":{"name":"関目成育","planned":false},"geometry":{"type":"Point","coordinates":[135.54644,34.71303]}},{"type":"Feature","properties":{"name":"なにわ橋","planned":false},"geometry":{"type":"Point","coordinates":[135.50799,34.69228]}},{"type":"Feature","properties":{"name":"渡辺橋","planned":false},"geometry":{"type":"Point","coordinates":[135.4959,34.69405]}},{"type":"Feature","properties":{"name":"大江橋","planned":false},"geometry":{"type":"Point","coordinates":[135.50097,34.69436]}},{"type":"Feature","properties":{"name":"中之島","planned":false},"geometry":{"type":"Point","coordinates":[135.4879,34.6917]}},{"type":"Feature","properties":{"name":"ドーム前","planned":false},"geometry":{"type":"Point","coordinates":[135.47875,34.67031]}},{"type":"Feature","properties":{"name":"桜川","planned":false},"geometry":{"type":"Point","coordinates":[135.48652,34.66843]}},{"type":"Feature","properties":{"name":"太秦天神川","planned":false},"geometry":{"type":"Point","coordinates":[135.71606,35.01094]}},{"type":"Feature","properties":{"name":"西大路御池","planned":false},"geometry":{"type":"Point","coordinates":[135.73062,35.01096]}},{"type":"Feature","properties":{"name":"新加美","planned":false},"geometry":{"type":"Point","coordinates":[135.56812,34.62722]}},{"type":"Feature","properties":{"name":"JR長瀬","planned":false},"geometry":{"type":"Point","coordinates":[135.57034,34.64996]}},{"type":"Feature","properties":{"name":"JR俊徳道","planned":false},"geometry":{"type":"Point","coordinates":[135.57248,34.65865]}},{"type":"Feature","properties":{"name":"JR河内永和","planned":false},"geometry":{"type":"Point","coordinates":[135.57232,34.66433]}},{"type":"Feature","properties":{"name":"高井田中央","planned":false},"geometry":{"type":"Point","coordinates":[135.5724,34.67883]}},{"type":"Feature","properties":{"name":"桂川","planned":false},"geometry":{"type":"Point","coordinates":[135.71035,34.96465]}},{"type":"Feature","properties":{"name":"嵐電天神川","planned":false},"geometry":{"type":"Point","coordinates":[135.71479,35.01021]}},{"type":"Feature","properties":{"name":"須磨海浜公園","planned":false},"geometry":{"type":"Point","coordinates":[135.1266,34.64716]}},{"type":"Feature","properties":{"name":"島本","planned":false},"geometry":{"type":"Point","coordinates":[135.66251,34.88039]}},{"type":"Feature","properties":{"name":"摂津市","planned":false},"geometry":{"type":"Point","coordinates":[135.55368,34.78637]}},{"type":"Feature","properties":{"name":"和歌山大学前","planned":false},"geometry":{"type":"Point","coordinates":[135.14698,34.27638]}},{"type":"Feature","properties":{"name":"西山天王山","planned":false},"geometry":{"type":"Point","coordinates":[135.68855,34.91289]}},{"type":"Feature","properties":{"name":"石津北","planned":false},"geometry":{"type":"Point","coordinates":[135.45909,34.56039]}},{"type":"Feature","properties":{"name":"摩耶","planned":false},"geometry":{"type":"Point","coordinates":[135.22459,34.70846]}},{"type":"Feature","properties":{"name":"撮影所前","planned":false},"geometry":{"type":"Point","coordinates":[135.70274,35.01571]}},{"type":"Feature","properties":{"name":"JR総持寺","planned":false},"geometry":{"type":"Point","coordinates":[135.57767,34.82852]}},{"type":"Feature","properties":{"name":"衣摺加美北","planned":false},"geometry":{"type":"Point","coordinates":[135.56712,34.63843]}},{"type":"Feature","properties":{"name":"南吹田","planned":false},"geometry":{"type":"Point","coordinates":[135.51129,34.74946]}},{"type":"Feature","properties":{"name":"JR淡路","planned":false},"geometry":{"type":"Point","coordinates":[135.51981,34.7408]}},{"type":"Feature","properties":{"name":"城北公園通","planned":false},"geometry":{"type":"Point","coordinates":[135.5306,34.7237]}},{"type":"Feature","properties":{"name":"JR野江","planned":false},"geometry":{"type":"Point","coordinates":[135.54139,34.70684]}},{"type":"Feature","properties":{"name":"梅小路京都西","planned":false},"geometry":{"type":"Point","coordinates":[135.74315,34.98902]}},{"type":"Feature","properties":{"name":"箕面船場阪大前","planned":false},"geometry":{"type":"Point","coordinates":[135.49029,34.8217]}},{"type":"Feature","properties":{"name":"箕面萱野","planned":false},"geometry":{"type":"Point","coordinates":[135.48904,34.83152]}},{"type":"Feature","properties":{"name":"夢洲","planned":false},"geometry":{"type":"Point","coordinates":[135.38932,34.6518]}},{"type":"Feature","properties":{"name":"松生町（仮称）","planned":true},"geometry":{"type":"Point","coordinates":[135.58273,34.73049]}},{"type":"Feature","properties":{"name":"門真南（仮称）","planned":true},"geometry":{"type":"Point","coordinates":[135.59034,34.71586]}},{"type":"Feature","properties":{"name":"鴻池新田（仮称）","planned":true},"geometry":{"type":"Point","coordinates":[135.59229,34.6978]}},{"type":"Feature","properties":{"name":"荒本（仮称）","planned":true},"geometry":{"type":"Point","coordinates":[135.60181,34.68]}},{"type":"Feature","properties":{"name":"瓜生堂（仮称）","planned":true},"geometry":{"type":"Point","coordinates":[135.59884,34.66343]}},{"type":"Feature","properties":{"name":"中之島（仮称）","planned":true},"geometry":{"type":"Point","coordinates":[135.48973,34.69116]}},{"type":"Feature","properties":{"name":"西本町（仮称）","planned":true},"geometry":{"type":"Point","coordinates":[135.49304,34.68168]}},{"type":"Feature","properties":{"name":"南海新難波（仮称）","planned":true},"geometry":{"type":"Point","coordinates":[135.49887,34.66574]}},{"type":"Feature","properties":{"name":"森之宮新駅（仮称）","planned":true},"geometry":{"type":"Point","coordinates":[135.5365,34.687]}}]}