{"type":"FeatureCollection","features":[{"type":"Feature","properties":{"tier":"bus"},"geometry":{"type":"MultiPolygon","coordinates":[[[[135.13566,34.2381],[135.13466,34.23924],[135.13412,34.23946],[135.13196,34.23828],[135.12979,34.23826],[135.12856,34.23895],[135.12787,34.2399],[135.12814,34.24013],[135.13112,34.24062],[135.13166,34.24102],[135.13227,34.24236],[135.13408,34.24319],[135.13489,34.2432],[135.13571,34.24277],[135.13646,34.24149],[135.1379,34.24138],[135.13834,34.24105],[135.13861,34.23857],[135.1394,34.2379],[135.13938,34.23768],[135.13875,34.23727],[135.13762,34.23721],[135.13566,34.2381]]],[[[135.15122,34.23776],[135.15338,34.23979],[135.15479,34.24049],[135.15507,34.24117],[135.15581,34.24116],[135.15626,34.2414],[135.15656,34.24321],[135.15795,34.24444],[135.15874,34.24435],[135.15887,34.24322],[135.1596,34.24243],[135.16068,34.24217],[135.16231,34.24233],[135.16339,34.24285],[135.16448,34.24262],[135.16521,34.24349],[135.16528,34.24462],[135.16662,34.24571],[135.16716,34.2459],[135.16852,34.24546],[135.16886,34.24577],[135.16908,34.24667],[135.16959,34.24699],[135.17366,34.24716],[135.17447,34.24749],[135.17438,34.24671],[135.17368,34.24556],[135.16935,34.24423],[135.16802,34.24328],[135.16759,34.24215],[135.16639,34.24143],[135.16598,34.23966],[135.1661,34.23921],[135.16724,34.23826],[135.16861,34.23788],[135.16908,34.23743],[135.16718,34.23742],[135.16506,34.23891],[135.16452,34.23876],[135.16245,34.23739],[135.15175,34.23731],[135.15122,34.23776]]],[[[135.11482,34.24246],[135.11099,34.24517],[135.10492,34.24847],[135.10334,34.24951],[135.10324,34.24981],[135.10658,34.2513],[135.10739,34.2513],[135.11121,34.24992],[135.11312,34.24849],[135.11394,34.24809],[135.11612,34.24759],[135.11831,34.2462],[135.11831,34.24578],[135.11777,34.24546],[135.11668,34.24612],[135.11613,34.24611],[135.11476,34.24494],[135.11457,34.24426],[135.11491,34.24336],[135.11563,34.24246],[135.11482,34.24246]]],[[[135.09245,34.26596],[135.0923,34.2667],[135.09365,34.26741],[135.09393,34.26709],[135.09426,34.26552],[135.09395,34.26482],[135.09341,34.2647],[135.09245,34.26596]]],[[[135.14257,34.26677],[135.14387,34.26747],[135.14442,34.26742],[135.14473,34.26701],[135.14441,34.26589],[135.14362,34.26545],[135.143,34.26565],[135.14256,34.26632],[135.14257,34.26677]]],[[[135.07282,34.26053],[135.06983,34.26139],[135.06603,34.26138],[135.0644,34.26167],[135.06249,34.2625],[135.06136,34.2637],[135.06112,34.2646],[135.06126,34.26505],[135.06363,34.26732],[135.06445,34.26846],[135.06521,34.27094],[135.06526,34.27274],[135.06562,34.27322],[135.06726,34.27309],[135.06888,34.27361],[135.07026,34.27121],[135.07162,34.27149],[135.07379,34.27112],[135.0746,34.27182],[135.07508,34.27169],[135.07553,34.26989],[135.07565,34.26764],[135.07721,34.2663],[135.07757,34.26563],[135.07739,34.26496],[135.07661,34.26404],[135.07687,34.26315],[135.07769,34.26269],[135.07877,34.26314],[135.07931,34.26315],[135.0804,34.26279],[135.08063,34.26249],[135.08041,34.26133],[135.07961,34.26082],[135.07689,34.26121],[135.07282,34.26053]]],[[[135.15093,34.26841],[135.15065,34.2682],[135.15038,34.26836],[135.15065,34.26897],[135.15092,34.26882],[135.15093,34.26841]]],[[[135.14167,34.2733],[135.14219,34.27327],[135.14249,34.27286],[135.14255,34.27241],[135.1422,34.27213],[135.14165,34.27219],[135.14118,34.27262],[135.14131,34.27308],[135.14167,34.2733]]],[[[135.15298,34.27977],[135.15234,34.28036],[135.15195,34.28239],[135.15126,34.28329],[135.15213,34.28378],[135.15375,34.28419],[135.1549,34.28376],[135.15597,34.28287],[135.15631,34.2822],[135.15632,34.28084],[135.15573,34.27971],[135.15516,34.27927],[135.15298,34.27977]]],[[[135.17565,34.32191],[135.17755,34.32213],[135.17863,34.32267],[135.17916,34.32247],[135.17929,34.32202],[135.17891,34.3213],[135.17783,34.32101],[135.1762,34.32108],[135.17539,34.32154],[135.17565,34.32191]]],[[[135.15313,34.33086],[135.15328,34.33114],[135.15382,34.33118],[135.15482,34.32997],[135.15438,34.32968],[135.15384,34.32973],[135.15313,34.33086]]],[[[135.18339,34.33638],[135.18719,34.33666],[135.18758,34.3365],[135.18766,34.33605],[135.18747,34.33578],[135.18394,34.33525],[135.18312,34.33564],[135.18307,34.33602],[135.18339,34.33638]]],[[[135.20076,34.34154],[135.20262,34.34231],[135.20299,34.34178],[135.20263,34.3415],[135.201,34.34104],[135.20049,34.34109],[135.20076,34.34154]]],[[[135.25231,34.36599],[135.25187,34.36558],[135.2513,34.36575],[135.25161,34.36621],[135.25213,34.36622],[135.25231,34.36599]]],[[[135.24717,34.37388],[135.24743,34.37485],[135.24834,34.37565],[135.24893,34.37656],[135.24959,34.37676],[135.2501,34.37657],[135.25035,34.37589],[135.25016,34.37455],[135.24827,34.37261],[135.24718,34.37262],[135.24673,34.37294],[135.2467,34.37339],[135.24717,34.37388]]],[[[135.20915,34.63211],[135.20911,34.63408],[135.20938,34.63432],[135.2102,34.63441],[135.21073,34.63483],[135.211,34.63551],[135.21083,34.63663],[135.2126,34.63939],[135.21314,34.63981],[135.21423,34.64011],[135.21614,34.64021],[135.21669,34.64006],[135.21676,34.63892],[135.21433,34.6362],[135.21446,34.63575],[135.2163,34.63419],[135.21645,34.63374],[135.21539,34.63321],[135.21404,34.63211],[135.21213,34.63143],[135.21077,34.63142],[135.20915,34.63211]]],[[[135.09568,34.64417],[135.09721,34.64422],[135.09757,34.64373],[135.09749,34.64323],[135.09695,34.64296],[135.09613,34.64305],[135.09559,34.64349],[135.09568,34.64417]]],[[[135.23272,34.6521],[135.23387,34.65323],[135.23403,34.65391],[135.23381,34.65458],[135.23446,34.65526],[135.23462,34.65617],[135.23371,34.65725],[135.23207,34.65795],[135.23183,34.6584],[135.2326,34.65871],[135.23587,34.65918],[135.23943,34.65793],[135.24036,34.65733],[135.24349,34.65239],[135.24369,34.65126],[135.24338,34.65081],[135.24277,34.6507],[135.23404,34.65066],[135.23309,34.6512],[135.23272,34.6521]]],[[[135.08909,34.64187],[135.08858,34.64367],[135.08805,34.64456],[135.08464,34.64603],[135.08247,34.64536],[135.08207,34.64632],[135.08136,34.64668],[135.07919,34.64601],[135.07858,34.64562],[135.07864,34.64427],[135.0795,34.64292],[135.07923,34.64261],[135.07785,34.64329],[135.07702,34.64434],[135.07404,34.64331],[135.07212,34.64396],[135.07102,34.64473],[135.07048,34.64478],[135.0699,34.64443],[135.06832,34.64248],[135.06696,34.6421],[135.06559,34.64234],[135.06288,34.64132],[135.06097,34.64172],[135.05988,34.64134],[135.05607,34.64086],[135.05497,34.6415],[135.05224,34.6417],[135.05089,34.6409],[135.0498,34.64078],[135.04944,34.67188],[135.05026,34.67177],[135.05104,34.67133],[135.05114,34.6702],[135.05165,34.66986],[135.05355,34.67001],[135.05491,34.67074],[135.05573,34.67075],[135.05683,34.67018],[135.0582,34.66892],[135.05876,34.66763],[135.06176,34.66826],[135.06269,34.66894],[135.06431,34.67075],[135.0646,34.67188],[135.06589,34.6737],[135.0654,34.67459],[135.06195,34.67534],[135.06165,34.67547],[135.06165,34.67592],[135.06275,34.67705],[135.06493,34.67739],[135.06564,34.67707],[135.06686,34.67565],[135.06852,34.67484],[135.06889,34.67417],[135.06854,34.67281],[135.06865,34.67236],[135.07073,34.67106],[135.07236,34.67099],[135.07345,34.67152],[135.07481,34.67176],[135.07518,34.67219],[135.07534,34.67323],[135.07561,34.67334],[135.07613,34.67265],[135.07639,34.6713],[135.07683,34.67085],[135.07749,34.67085],[135.07836,34.67134],[135.07946,34.67086],[135.08,34.67089],[135.08064,34.67133],[135.08108,34.67213],[135.08163,34.67223],[135.08327,34.67177],[135.08382,34.67108],[135.08473,34.67091],[135.08547,34.67019],[135.0871,34.6703],[135.08903,34.66845],[135.09094,34.66902],[135.09174,34.66999],[135.09283,34.67015],[135.09273,34.66917],[135.09368,34.66805],[135.0945,34.66747],[135.09505,34.6674],[135.09695,34.66779],[135.09915,34.66718],[135.09939,34.66583],[135.10054,34.66344],[135.1019,34.6638],[135.10327,34.6637],[135.10464,34.66329],[135.10513,34.6634],[135.10545,34.66375],[135.10679,34.66638],[135.10814,34.66719],[135.10896,34.66741],[135.11141,34.66749],[135.11333,34.66698],[135.11442,34.66697],[135.11986,34.66771],[135.12073,34.66824],[135.12057,34.66982],[135.12092,34.67072],[135.12147,34.67081],[135.12284,34.6704],[135.12339,34.66804],[135.12241,34.66735],[135.1212,34.66599],[135.12134,34.66532],[135.12216,34.66442],[135.12154,34.66364],[135.12073,34.66337],[135.11936,34.66362],[135.11773,34.66318],[135.11609,34.66311],[135.11419,34.66268],[135.11201,34.66279],[135.11092,34.66237],[135.11077,34.66073],[135.11302,34.65917],[135.11331,34.65872],[135.11125,34.65675],[135.11044,34.65657],[135.10907,34.65666],[135.1088,34.65649],[135.10866,34.65599],[135.1092,34.65486],[135.10909,34.65464],[135.10719,34.65413],[135.1061,34.65444],[135.10582,34.65432],[135.10599,34.65259],[135.10707,34.65147],[135.10614,34.64987],[135.1037,34.64871],[135.10152,34.64865],[135.10071,34.64799],[135.09935,34.64756],[135.09868,34.64667],[135.09663,34.64709],[135.09609,34.64688],[135.09528,34.64607],[135.09391,34.64595],[135.09248,34.64505],[135.09042,34.64131],[135.08934,34.64068],[135.08866,34.64096],[135.08909,34.64187]],[[135.10001,34.66268],[135.10014,34.66314],[135.1,34.66327],[135.09991,34.66291],[135.10001,34.66268]]],[[[135.23082,34.66516],[135.2312,34.66651],[135.23201,34.66764],[135.23209,34.66832],[135.23171,34.66899],[135.23059,34.66954],[135.23034,34.66989],[135.2314,34.67046],[135.23277,34.67082],[135.23331,34.67077],[135.23512,34.66744],[135.23532,34.66518],[135.23473,34.66478],[135.23147,34.6638],[135.23088,34.66403],[135.23082,34.66516]]],[[[135.22396,34.67903],[135.22461,34.67887],[135.22522,34.67819],[135.22488,34.67774],[135.22397,34.67744],[135.22348,34.67773],[135.22355,34.67863],[135.22396,34.67903]]],[[[135.11917,34.68063],[135.11945,34.68079],[135.11975,34.68063],[135.11946,34.68052],[135.11917,34.68063]]],[[[135.15102,34.68888],[135.15238,34.68916],[135.15374,34.68992],[135.15538,34.6896],[135.15701,34.6901],[135.15837,34.69],[135.15861,34.6897],[135.15702,34.68875],[135.15403,34.68809],[135.15185,34.68719],[135.15131,34.68732],[135.15081,34.68784],[135.15102,34.68888]]],[[[135.21091,34.68824],[135.21102,34.69185],[135.21072,34.6923],[135.20912,34.69296],[135.20928,34.69342],[135.21099,34.69409],[135.21264,34.69365],[135.21345,34.69374],[135.21589,34.69552],[135.21969,34.69742],[135.22044,34.69732],[135.22067,34.69642],[135.22135,34.69554],[135.22409,34.6947],[135.22464,34.69418],[135.22683,34.6933],[135.22764,34.69369],[135.22901,34.69363],[135.2295,34.69422],[135.22974,34.69512],[135.23036,34.69545],[135.2309,34.69533],[135.23173,34.6947],[135.23282,34.69491],[135.23416,34.69696],[135.23392,34.69831],[135.23442,34.69858],[135.23528,34.69809],[135.23789,34.69382],[135.23774,34.69336],[135.23665,34.69306],[135.22411,34.6918],[135.21944,34.69514],[135.21862,34.69527],[135.21585,34.69391],[135.21472,34.69277],[135.215,34.69233],[135.21758,34.69039],[135.21775,34.69009],[135.21758,34.68974],[135.21541,34.68861],[135.21377,34.68897],[135.21283,34.68826],[135.21261,34.68713],[135.21161,34.68656],[135.2112,34.68667],[135.21091,34.68824]]],[[[135.24355,34.70039],[135.24372,34.70152],[135.24532,34.70221],[135.24601,34.70379],[135.24719,34.70463],[135.24773,34.70533],[135.25073,34.70559],[135.25236,34.70642],[135.25318,34.70634],[135.25409,34.70587],[135.25436,34.70519],[135.25403,34.70429],[135.25417,34.70362],[135.25485,34.70275],[135.25594,34.70216],[135.25616,34.70182],[135.25568,34.70143],[135.25432,34.70112],[135.2535,34.70039],[135.25269,34.70012],[135.24533,34.6994],[135.24396,34.6998],[135.24355,34.70039]]],[[[135.20315,34.71489],[135.20289,34.71437],[135.20261,34.71453],[135.20288,34.71506],[135.20315,34.71489]]],[[[135.23739,34.73195],[135.23775,34.73169],[135.23758,34.73123],[135.23712,34.73101],[135.23658,34.73114],[135.23657,34.7317],[135.23739,34.73195]]],[[[135.13939,34.73531],[135.13962,34.73558],[135.13996,34.73532],[135.13962,34.73513],[135.13939,34.73531]]],[[[135.23459,34.74361],[135.23509,34.74438],[135.23591,34.74466],[135.23706,34.7443],[135.2378,34.74363],[135.23756,34.74332],[135.23592,34.74271],[135.23483,34.74315],[135.23459,34.74361]]],[[[135.09415,34.74941],[135.09524,34.74952],[135.09552,34.74864],[135.09498,34.74842],[135.09378,34.7485],[135.09359,34.74895],[135.09415,34.74941]]],[[[135.07429,34.75016],[135.07538,34.75175],[135.07545,34.75287],[135.07572,34.7531],[135.07609,34.75307],[135.07667,34.75243],[135.07669,34.7513],[135.07594,34.74995],[135.07504,34.74963],[135.07449,34.74976],[135.07429,34.75016]]],[[[135.0699,34.75846],[135.06949,34.75936],[135.06965,34.75981],[135.07055,34.76042],[135.07137,34.76042],[135.07205,34.75961],[135.07248,34.75802],[135.07221,34.75788],[135.07057,34.75806],[135.0699,34.75846]]],[[[135.06509,34.76541],[135.06425,34.76631],[135.06443,34.76721],[135.065,34.76788],[135.06663,34.76856],[135.06773,34.76832],[135.06909,34.76836],[135.06938,34.7672],[135.07074,34.76784],[135.07401,34.76817],[135.07481,34.76961],[135.07726,34.77074],[135.07767,34.77069],[135.07836,34.77012],[135.07945,34.7705],[135.07983,34.77116],[135.08026,34.77133],[135.08135,34.7708],[135.08299,34.77082],[135.08368,34.77051],[135.08327,34.77006],[135.08273,34.76993],[135.08109,34.77041],[135.07972,34.7702],[135.07919,34.76929],[135.07864,34.76908],[135.0781,34.76919],[135.07784,34.76754],[135.07716,34.76663],[135.07595,34.76569],[135.07377,34.76492],[135.07268,34.76481],[135.0713,34.76623],[135.06993,34.76632],[135.06885,34.76587],[135.06694,34.7655],[135.06505,34.76391],[135.06473,34.76406],[135.06509,34.76541]]],[[[135.08928,34.7702],[135.08738,34.77189],[135.08598,34.77237],[135.08461,34.77253],[135.0827,34.77221],[135.08024,34.77301],[135.07833,34.77228],[135.07615,34.77197],[135.07478,34.77224],[135.07452,34.7727],[135.07522,34.7736],[135.07513,34.77473],[135.07611,34.77544],[135.07775,34.77564],[135.08077,34.77446],[135.08159,34.77463],[135.08376,34.77573],[135.08485,34.77583],[135.08731,34.77543],[135.08978,34.77442],[135.09065,34.77372],[135.09108,34.7726],[135.09022,34.77011],[135.08983,34.77001],[135.08928,34.7702]]],[[[135.05058,34.76342],[135.04885,34.76506],[135.04889,34.76574],[135.04836,34.76613],[135.04825,34.77543],[135.04989,34.77576],[135.05208,34.77552],[135.05316,34.77662],[135.05598,34.77774],[135.05686,34.77955],[135.05863,34.78069],[135.05851,34.78204],[135.05875,34.78249],[135.05941,34.78295],[135.05993,34.78385],[135.06106,34.78431],[135.0607,34.78564],[135.06178,34.78657],[135.0626,34.78658],[135.06343,34.78616],[135.06444,34.78502],[135.06729,34.78308],[135.0703,34.78233],[135.07066,34.78168],[135.06998,34.78055],[135.06996,34.77987],[135.0712,34.77741],[135.07091,34.77698],[135.07009,34.77653],[135.07051,34.77582],[135.07038,34.77525],[135.06875,34.77446],[135.06628,34.77509],[135.06492,34.77479],[135.06355,34.7753],[135.06273,34.77515],[135.06197,34.77373],[135.06067,34.77237],[135.06035,34.77079],[135.05957,34.7692],[135.05899,34.76849],[135.05745,34.76738],[135.05813,34.76649],[135.05793,34.76566],[135.05765,34.76549],[135.05602,34.7655],[135.05493,34.76461],[135.0533,34.76442],[135.05113,34.76328],[135.05058,34.76342]],[[135.05725,34.7768],[135.05726,34.77647],[135.05766,34.7764],[135.0578,34.77665],[135.05725,34.7768]],[[135.06085,34.78228],[135.06084,34.78206],[135.06129,34.78177],[135.06183,34.78207],[135.06156,34.78236],[135.06085,34.78228]]],[[[135.21778,34.79737],[135.21836,34.79737],[135.21794,34.79665],[135.21658,34.79633],[135.21635,34.79646],[135.21778,34.79737]]],[[[135.23078,34.82643],[135.23112,34.82607],[135.23113,34.82562],[135.23052,34.82507],[135.23016,34.82562],[135.23046,34.82629],[135.23078,34.82643]]],[[[135.23201,34.84067],[135.232,34.84207],[135.23281,34.84259],[135.23336,34.84241],[135.2346,34.84097],[135.23439,34.84007],[135.23366,34.83944],[135.23284,34.83973],[135.23201,34.84067]]],[[[135.21235,34.86712],[135.21235,34.86694],[135.21202,34.86697],[135.21208,34.86712],[135.21235,34.86712]]],[[[135.23227,34.87182],[135.2305,34.87295],[135.23045,34.8734],[135.23143,34.87433],[135.23224,34.87453],[135.23339,34.87409],[135.23346,34.87364],[135.233,34.87251],[135.23309,34.87182],[135.23227,34.87182]]],[[[135.21238,34.89261],[135.21033,34.894],[135.20963,34.89494],[135.20688,34.89563],[135.20497,34.89554],[135.2036,34.89628],[135.20305,34.89619],[135.20196,34.89535],[135.2006,34.89495],[135.19923,34.89548],[135.19786,34.8951],[135.19737,34.89594],[135.19785,34.89644],[135.20003,34.89706],[135.20384,34.89956],[135.20493,34.89956],[135.20685,34.89871],[135.20822,34.89857],[135.20932,34.89811],[135.20981,34.89828],[135.21014,34.89879],[135.21068,34.89893],[135.2155,34.89764],[135.21563,34.89624],[135.21376,34.89515],[135.21406,34.89425],[135.21378,34.89267],[135.21238,34.89261]]],[[[135.19693,34.91374],[135.19701,34.91465],[135.19597,34.91599],[135.19616,34.91667],[135.19656,34.91699],[135.19874,34.91695],[135.20066,34.91722],[135.20298,34.91559],[135.20231,34.91552],[135.19902,34.91634],[135.19836,34.91578],[135.19795,34.91443],[135.19904,34.91353],[135.19906,34.9128],[135.19851,34.91255],[135.19769,34.91269],[135.19693,34.91374]]],[[[135.1981,34.92885],[135.19835,34.92927],[135.19926,34.92841],[135.19939,34.92796],[135.19892,34.92752],[135.19837,34.92749],[135.19809,34.92773],[135.1981,34.92885]]],[[[135.19835,34.92935],[135.19682,34.93132],[135.19723,34.93194],[135.1975,34.93191],[135.19793,34.93088],[135.19856,34.93021],[135.19835,34.92935]]],[[[135.14872,34.97697],[135.14732,34.97763],[135.14777,34.97789],[135.15023,34.97825],[135.15089,34.97721],[135.1508,34.97595],[135.15053,34.97574],[135.14998,34.97584],[135.14872,34.97697]]],[[[135.14884,34.98801],[135.14958,34.98865],[135.15068,34.98838],[135.15107,34.9878],[135.15096,34.98684],[135.15042,34.98658],[135.14932,34.98655],[135.14878,34.98624],[135.14851,34.98637],[135.14841,34.98711],[135.14884,34.98801]]],[[[135.15979,34.97885],[135.15813,34.98087],[135.15896,34.98159],[135.15923,34.9829],[135.1605,34.98381],[135.16017,34.98516],[135.16029,34.98584],[135.1611,34.98653],[135.1622,34.98647],[135.16402,34.98722],[135.16373,34.98789],[135.1639,34.98879],[135.1637,34.99172],[135.16671,34.99625],[135.1683,34.99716],[135.16825,34.99851],[135.1681,34.99876],[135.16662,34.99895],[135.16479,35.00106],[135.16424,35.00105],[135.16287,35.00048],[135.16115,35.00027],[135.161,35.00049],[135.16206,35.00298],[135.1612,35.0041],[135.16067,35.00545],[135.15925,35.00661],[135.15938,35.00859],[135.15868,35.00897],[135.15597,35.00902],[135.1558,35.00924],[135.1562,35.01037],[135.1576,35.01196],[135.15868,35.01377],[135.1603,35.01536],[135.16214,35.01838],[135.16378,35.01907],[135.16652,35.0189],[135.16795,35.01902],[135.16824,35.01947],[135.16815,35.01997],[135.1667,35.02149],[135.17013,35.02241],[135.17039,35.02287],[135.1703,35.02332],[135.16927,35.02421],[135.16948,35.02457],[135.17098,35.02535],[135.17251,35.02604],[135.17384,35.02635],[135.17658,35.02629],[135.17788,35.02517],[135.17847,35.02315],[135.17881,35.02288],[135.18126,35.02468],[135.18317,35.02546],[135.18535,35.0259],[135.18726,35.0267],[135.18918,35.02693],[135.1911,35.02642],[135.19359,35.02437],[135.19372,35.02347],[135.19335,35.02116],[135.19643,35.01921],[135.19612,35.01741],[135.19452,35.01582],[135.19204,35.01431],[135.18992,35.01263],[135.1885,35.0123],[135.18768,35.0126],[135.18651,35.01419],[135.18628,35.01537],[135.18465,35.01643],[135.18474,35.01801],[135.18449,35.01868],[135.18406,35.01856],[135.18188,35.01683],[135.18052,35.01637],[135.17888,35.01623],[135.17853,35.01594],[135.17926,35.01436],[135.17941,35.01234],[135.18167,35.01104],[135.18225,35.0101],[135.1825,35.00898],[135.18224,35.00816],[135.18061,35.00696],[135.17998,35.0058],[135.18056,35.00265],[135.18107,35.0013],[135.1808,34.99882],[135.17982,34.99679],[135.17866,34.99565],[135.17636,34.99413],[135.17472,34.99358],[135.17308,34.99344],[135.17253,34.9932],[135.17114,34.99132],[135.17146,34.99103],[135.17392,34.99167],[135.17557,34.99121],[135.1765,34.99046],[135.17699,34.98956],[135.17706,34.98843],[135.17674,34.98775],[135.17535,34.9859],[135.17301,34.98345],[135.17101,34.98177],[135.16964,34.98101],[135.16555,34.97993],[135.16336,34.97991],[135.16091,34.97848],[135.15979,34.97885]],[[135.1699,35.01017],[135.17071,35.011],[135.17241,35.01206],[135.17243,35.01251],[135.16933,35.01196],[135.16632,35.01185],[135.16565,35.01134],[135.16532,35.01066],[135.16551,35.01021],[135.16579,35.01013],[135.1688,35.0099],[135.1699,35.01017]]],[[[135.14261,34.97418],[135.1404,34.97547],[135.13926,34.97645],[135.13864,34.97802],[135.13844,34.97979],[135.13702,34.98094],[135.13619,34.98251],[135.13581,34.98386],[135.13577,34.98634],[135.13621,34.9886],[135.13488,34.99107],[135.13538,34.99355],[135.13528,34.99428],[135.135,34.99442],[135.13446,34.99427],[135.13356,34.99354],[135.13357,34.99174],[135.13446,34.99039],[135.13371,34.98926],[135.13344,34.98768],[135.13224,34.98677],[135.13257,34.98564],[135.13166,34.98338],[135.1302,34.98237],[135.12883,34.98278],[135.12801,34.98265],[135.12581,34.98312],[135.12527,34.98356],[135.12487,34.98491],[135.12333,34.98522],[135.12288,34.98557],[135.12264,34.98625],[135.12276,34.98693],[135.1233,34.98741],[135.12412,34.98773],[135.12522,34.98763],[135.12549,34.98779],[135.1257,34.98852],[135.12548,34.98886],[135.12465,34.98922],[135.12273,34.98955],[135.12218,34.99008],[135.12192,34.99098],[135.12162,34.99112],[135.11972,34.98943],[135.1178,34.98963],[135.11671,34.98924],[135.11589,34.98933],[135.11523,34.9898],[135.11486,34.99047],[135.11595,34.99341],[135.11595,34.99431],[135.11528,34.99462],[135.11446,34.99463],[135.11338,34.99372],[135.11201,34.99373],[135.11118,34.99398],[135.11072,34.9945],[135.11051,34.9963],[135.11114,34.9977],[135.11304,34.99928],[135.11495,34.99978],[135.11632,35.0005],[135.11657,35.00085],[135.11636,35.00108],[135.11465,35.0024],[135.11301,35.00215],[135.11139,35.00262],[135.11053,35.00373],[135.11025,35.00374],[135.10993,35.00283],[135.10917,35.00233],[135.10698,35.00266],[135.10633,35.00393],[135.10522,35.00483],[135.105,35.00527],[135.1053,35.00574],[135.10739,35.00687],[135.10798,35.00913],[135.10855,35.00975],[135.11165,35.00915],[135.11144,35.01163],[135.1124,35.01277],[135.11284,35.01412],[135.11397,35.01496],[135.11574,35.01527],[135.11519,35.01707],[135.11562,35.01887],[135.11442,35.01999],[135.11408,35.02067],[135.11408,35.02202],[135.11506,35.02315],[135.11409,35.02517],[135.11438,35.02563],[135.11585,35.02654],[135.11647,35.02812],[135.11738,35.0288],[135.11875,35.02898],[135.1215,35.02821],[135.12256,35.02884],[135.1231,35.0302],[135.12449,35.03049],[135.12613,35.03014],[135.12651,35.02955],[135.1267,35.02842],[135.12753,35.02772],[135.12787,35.02685],[135.12836,35.0266],[135.12864,35.02675],[135.12887,35.02798],[135.12958,35.02889],[135.1308,35.02963],[135.13238,35.03004],[135.13232,35.03139],[135.13277,35.03252],[135.13535,35.03479],[135.13535,35.03569],[135.13601,35.03795],[135.13607,35.03998],[135.13593,35.04043],[135.13468,35.04177],[135.13476,35.04335],[135.13612,35.04416],[135.13736,35.04607],[135.13856,35.04684],[135.13938,35.04685],[135.14131,35.04642],[135.14296,35.04571],[135.14321,35.04589],[135.14267,35.04685],[135.1402,35.04774],[135.13883,35.0477],[135.13772,35.04823],[135.13636,35.04799],[135.13569,35.04809],[135.13416,35.04988],[135.13434,35.05078],[135.13537,35.05214],[135.13658,35.05284],[135.13904,35.05352],[135.13936,35.05398],[135.13876,35.0544],[135.13684,35.05438],[135.13518,35.0552],[135.13431,35.05664],[135.13433,35.05838],[135.13405,35.05848],[135.13378,35.05831],[135.13282,35.05731],[135.13161,35.05661],[135.12825,35.05592],[135.12752,35.05477],[135.1267,35.05441],[135.1256,35.05469],[135.12477,35.05534],[135.12237,35.05859],[135.12254,35.05881],[135.12363,35.05913],[135.12471,35.06039],[135.12663,35.06055],[135.12833,35.06178],[135.12842,35.06224],[135.12767,35.06358],[135.12756,35.06448],[135.12803,35.06561],[135.12876,35.06633],[135.13013,35.06683],[135.13259,35.06685],[135.13727,35.06508],[135.13863,35.06678],[135.13999,35.06752],[135.14163,35.06759],[135.14346,35.06708],[135.14341,35.06865],[135.1438,35.07007],[135.14352,35.07031],[135.14188,35.07041],[135.14023,35.07096],[135.13913,35.07095],[135.13722,35.07022],[135.13586,35.06924],[135.13477,35.06879],[135.13285,35.06847],[135.12956,35.06847],[135.12626,35.06928],[135.12505,35.0701],[135.12447,35.07122],[135.12449,35.07235],[135.12482,35.07303],[135.12594,35.07397],[135.12758,35.07447],[135.13088,35.0739],[135.13252,35.07421],[135.13633,35.0763],[135.13814,35.07695],[135.13933,35.07795],[135.14042,35.0784],[135.14234,35.07836],[135.14427,35.07739],[135.14592,35.07726],[135.14894,35.0761],[135.15086,35.07605],[135.15117,35.07637],[135.15003,35.07722],[135.14944,35.07816],[135.14931,35.08019],[135.15799,35.08025],[135.15606,35.07956],[135.15566,35.0791],[135.15561,35.07865],[135.15624,35.07753],[135.15607,35.07601],[135.15723,35.07461],[135.16004,35.07283],[135.16049,35.0717],[135.16023,35.07145],[135.15859,35.07117],[135.15667,35.07175],[135.15557,35.07147],[135.15503,35.07009],[135.15556,35.06919],[135.15426,35.06715],[135.15453,35.06603],[135.15565,35.06426],[135.15619,35.06417],[135.15756,35.06448],[135.15837,35.06402],[135.15895,35.0631],[135.16032,35.0632],[135.16142,35.06253],[135.16252,35.06246],[135.16279,35.06045],[135.16385,35.05956],[135.1642,35.05882],[135.1653,35.05796],[135.16585,35.05779],[135.16695,35.05794],[135.16813,35.05778],[135.16767,35.05507],[135.16711,35.05417],[135.1672,35.05372],[135.16975,35.05216],[135.17194,35.0517],[135.17226,35.05127],[135.17226,35.05015],[135.17425,35.04903],[135.17432,35.04881],[135.17335,35.04832],[135.17116,35.04799],[135.16898,35.04693],[135.16623,35.04771],[135.16486,35.0477],[135.16404,35.04732],[135.16368,35.04558],[135.16297,35.04483],[135.16191,35.04444],[135.16315,35.03949],[135.16319,35.03566],[135.16281,35.03386],[135.16226,35.0338],[135.16143,35.03448],[135.15978,35.03521],[135.15923,35.03522],[135.15814,35.03467],[135.15704,35.03548],[135.15621,35.03571],[135.15567,35.03561],[135.15472,35.03493],[135.15402,35.0338],[135.15267,35.03387],[135.15212,35.0337],[135.15076,35.0322],[135.15026,35.03084],[135.15046,35.02949],[135.15165,35.02815],[135.15204,35.02702],[135.15172,35.02589],[135.15085,35.0249],[135.14975,35.02465],[135.14783,35.02511],[135.14748,35.02541],[135.14762,35.02631],[135.14726,35.02683],[135.14561,35.02733],[135.14397,35.0274],[135.14343,35.02696],[135.1426,35.02493],[135.1426,35.02358],[135.14182,35.02336],[135.14099,35.02403],[135.14044,35.02407],[135.13827,35.02261],[135.13552,35.02127],[135.13564,35.02082],[135.13792,35.01881],[135.13968,35.01833],[135.13989,35.01747],[135.13935,35.01612],[135.13971,35.01535],[135.14082,35.01475],[135.14301,35.01465],[135.14434,35.01435],[135.14549,35.013],[135.14578,35.01165],[135.14661,35.0103],[135.14689,35.01009],[135.14775,35.01009],[135.14793,35.00987],[135.1469,35.00873],[135.14633,35.0076],[135.14582,35.0074],[135.14445,35.00769],[135.14336,35.00756],[135.14254,35.00665],[135.14146,35.00592],[135.14063,35.00486],[135.14086,35.00418],[135.1423,35.00327],[135.14319,35.00194],[135.14289,35.00082],[135.14304,34.99992],[135.14264,34.99901],[135.14349,34.99744],[135.14246,34.99676],[135.14207,34.99608],[135.14183,34.99224],[135.14284,34.99022],[135.14284,34.98774],[135.14237,34.98616],[135.14262,34.98436],[135.14426,34.98302],[135.14462,34.98235],[135.14408,34.98032],[135.14311,34.97918],[135.14304,34.97873],[135.14336,34.97828],[135.14421,34.9778],[135.14631,34.9774],[135.1464,34.97718],[135.14533,34.97604],[135.14521,34.97537],[135.14555,34.97424],[135.14481,34.97331],[135.14399,34.97297],[135.14261,34.97418]],[[135.14529,35.03187],[135.14724,35.0324],[135.14721,35.03285],[135.14665,35.03346],[135.1461,35.03345],[135.14533,35.03306],[135.14384,35.03192],[135.14357,35.03147],[135.14393,35.03114],[135.1442,35.0312],[135.14529,35.03187]],[[135.11442,35.00602],[135.11324,35.00647],[135.11321,35.00624],[135.1138,35.00564],[135.11434,35.00561],[135.11442,35.00602]],[[135.11868,35.0102],[135.12225,35.01126],[135.1239,35.01217],[135.12424,35.01263],[135.12358,35.01293],[135.12276,35.01277],[135.12058,35.01169],[135.11866,35.01128],[135.11824,35.01056],[135.11868,35.0102]],[[135.12793,35.01806],[135.12751,35.01986],[135.12757,35.02099],[135.12732,35.02129],[135.12705,35.02126],[135.12644,35.02076],[135.12599,35.01963],[135.12607,35.01918],[135.12663,35.01828],[135.12736,35.01784],[135.12793,35.01806]],[[135.13205,35.01922],[135.13178,35.01899],[135.13201,35.01885],[135.13215,35.01899],[135.13205,35.01922]],[[135.13548,35.00151],[135.13458,35.00166],[135.13426,35.00143],[135.1342,35.00098],[135.13504,35.00099],[135.13551,35.00121],[135.13548,35.00151]],[[135.13706,35.00724],[135.13979,35.00771],[135.13993,35.00868],[135.13834,35.01138],[135.13756,35.01151],[135.13664,35.01091],[135.13623,35.01023],[135.13671,35.00753],[135.13706,35.00724]],[[135.14613,35.05685],[135.14767,35.05832],[135.14721,35.05866],[135.14611,35.05883],[135.14447,35.05857],[135.14413,35.05829],[135.14448,35.05757],[135.14558,35.05673],[135.14613,35.05685]]],[[[135.21134,35.0302],[135.21052,35.03029],[135.20888,35.02985],[135.20774,35.03055],[135.20718,35.03168],[135.20681,35.03325],[135.20749,35.03551],[135.2072,35.03596],[135.20635,35.03639],[135.2058,35.03622],[135.2045,35.03504],[135.20362,35.03473],[135.20116,35.03486],[135.19979,35.03468],[135.19842,35.03486],[135.19653,35.03296],[135.19571,35.03133],[135.19435,35.03046],[135.19243,35.03035],[135.19133,35.03064],[135.19023,35.03155],[135.18967,35.03269],[135.18912,35.03292],[135.18832,35.03245],[135.18777,35.03109],[135.18642,35.02996],[135.18477,35.02962],[135.18367,35.02996],[135.18366,35.03055],[135.18558,35.03123],[135.18616,35.03176],[135.18666,35.03274],[135.18802,35.03347],[135.18892,35.03494],[135.18873,35.03674],[135.18915,35.03764],[135.18911,35.03922],[135.18754,35.04034],[135.18687,35.04123],[135.1852,35.04186],[135.18501,35.04212],[135.18677,35.04484],[135.18689,35.04619],[135.18843,35.0474],[135.18815,35.04814],[135.18677,35.04859],[135.18614,35.04934],[135.18638,35.05002],[135.18757,35.05126],[135.18866,35.05191],[135.19058,35.05195],[135.19332,35.05168],[135.19496,35.05235],[135.19824,35.05283],[135.19962,35.05239],[135.20028,35.05191],[135.20103,35.05079],[135.20132,35.04899],[135.20267,35.04851],[135.20785,35.05102],[135.21006,35.05243],[135.2129,35.0547],[135.21275,35.05494],[135.21137,35.05514],[135.21027,35.05573],[135.20888,35.05759],[135.20845,35.05738],[135.20845,35.05602],[135.20791,35.05489],[135.20673,35.05406],[135.20563,35.05387],[135.20371,35.05403],[135.20151,35.05533],[135.19903,35.05627],[135.19684,35.05625],[135.19466,35.05518],[135.19274,35.05516],[135.19164,35.0556],[135.19025,35.0568],[135.18941,35.05702],[135.18943,35.05733],[135.19163,35.05817],[135.19215,35.0593],[135.19321,35.06066],[135.19248,35.062],[135.19108,35.06267],[135.19113,35.06312],[135.19189,35.0638],[135.19187,35.06448],[135.19127,35.06483],[135.1899,35.0649],[135.18852,35.06593],[135.18715,35.0661],[135.18586,35.06669],[135.18467,35.06679],[135.18412,35.06707],[135.18398,35.06871],[135.18298,35.06983],[135.18273,35.07118],[135.18373,35.07276],[135.18223,35.07388],[135.18112,35.07567],[135.18236,35.07726],[135.18235,35.07771],[135.18154,35.07838],[135.17959,35.07904],[135.17926,35.07972],[135.17834,35.08039],[135.21579,35.08064],[135.21573,35.07973],[135.21607,35.0794],[135.21744,35.0805],[135.21796,35.0802],[135.21851,35.0793],[135.22016,35.07818],[135.22048,35.07766],[135.22158,35.07709],[135.22242,35.07595],[135.22195,35.07527],[135.22187,35.07414],[135.22052,35.07306],[135.2197,35.07295],[135.2183,35.07164],[135.21846,35.07141],[135.21944,35.07126],[135.22054,35.07143],[135.22218,35.07117],[135.22384,35.07024],[135.22514,35.0701],[135.22553,35.06966],[135.2255,35.06881],[135.22687,35.06854],[135.22841,35.06742],[135.22849,35.06697],[135.22762,35.06606],[135.22814,35.06471],[135.22884,35.06427],[135.22915,35.06359],[135.22823,35.06269],[135.22809,35.06223],[135.22987,35.06044],[135.23,35.05999],[135.22806,35.05832],[135.22642,35.05767],[135.22616,35.05704],[135.22625,35.05591],[135.22508,35.05388],[135.22454,35.05351],[135.22186,35.05296],[135.22072,35.05227],[135.2199,35.05244],[135.21907,35.05296],[135.21866,35.05293],[135.21843,35.05158],[135.21917,35.05023],[135.21883,35.04963],[135.21583,35.04816],[135.21531,35.04841],[135.21477,35.0493],[135.21417,35.04931],[135.21297,35.04839],[135.21146,35.0465],[135.209,35.04522],[135.20864,35.04476],[135.20854,35.04385],[135.2107,35.04252],[135.2117,35.04117],[135.21207,35.04005],[135.21356,35.03893],[135.21462,35.03758],[135.21522,35.03601],[135.21537,35.03443],[135.21613,35.03241],[135.21613,35.03173],[135.21551,35.0306],[135.21436,35.02947],[135.21272,35.02944],[135.21134,35.0302]],[[135.21198,35.04935],[135.21474,35.05043],[135.21482,35.05111],[135.21442,35.05164],[135.2136,35.05143],[135.21153,35.04951],[135.21198,35.04935]],[[135.21575,35.05641],[135.21602,35.05622],[135.21629,35.05653],[135.21602,35.05678],[135.21575,35.05641]],[[135.21864,35.07502],[135.21843,35.07479],[135.2196,35.07458],[135.21968,35.0748],[135.21941,35.07502],[135.21864,35.07502]],[[135.19002,35.06785],[135.18904,35.06927],[135.18876,35.0692],[135.18888,35.06806],[135.1896,35.0675],[135.19002,35.06785]],[[135.20003,35.06567],[135.19946,35.06543],[135.19954,35.06498],[135.20032,35.06497],[135.20055,35.06521],[135.20003,35.06567]],[[135.1901,35.04484],[135.1901,35.04489],[135.18981,35.04486],[135.1901,35.04484]],[[135.20961,35.0393],[135.20906,35.03945],[135.20856,35.03912],[135.20879,35.03844],[135.20934,35.03824],[135.20982,35.03845],[135.20961,35.0393]],[[135.19999,35.0704],[135.19944,35.07016],[135.19972,35.0697],[135.20035,35.06994],[135.19999,35.0704]]],[[[135.15878,35.07941],[135.15932,35.0789],[135.15934,35.07867],[135.15879,35.07861],[135.1583,35.0789],[135.15823,35.07945],[135.15878,35.07941]]],[[[135.28154,34.23859],[135.28187,34.23814],[135.28023,34.23813],[135.28089,34.23859],[135.28154,34.23859]]],[[[135.27586,34.23923],[135.27659,34.23966],[135.27714,34.23954],[135.27803,34.2388],[135.27809,34.23812],[135.27504,34.2381],[135.27586,34.23923]]],[[[135.29798,34.23824],[135.29636,34.23958],[135.29627,34.24003],[135.29676,34.24093],[135.29721,34.24123],[135.29857,34.2407],[135.29938,34.24066],[135.3005,34.24163],[135.30127,34.24176],[135.30399,34.24101],[135.30438,34.24053],[135.30437,34.2394],[135.30393,34.23827],[135.29798,34.23824]]],[[[135.27271,34.24917],[135.27407,34.24895],[135.27428,34.24869],[135.27414,34.24824],[135.27354,34.24794],[135.27238,34.248],[135.2721,34.24868],[135.27271,34.24917]]],[[[135.33323,34.25043],[135.33494,34.25061],[135.33519,34.25039],[135.33351,34.24971],[135.33296,34.24993],[135.33323,34.25043]]],[[[135.27215,34.25087],[135.27165,34.25116],[135.27188,34.25141],[135.27513,34.25172],[135.27568,34.25169],[135.27602,34.25141],[135.27576,34.25095],[135.27487,34.25072],[135.27215,34.25087]]],[[[135.36228,34.25414],[135.36278,34.25449],[135.36333,34.25425],[135.36374,34.2537],[135.36361,34.25314],[135.36249,34.25346],[135.36228,34.25414]]],[[[135.34478,34.25427],[135.34676,34.25566],[135.3516,34.25634],[135.35299,34.25751],[135.35353,34.25735],[135.35545,34.25562],[135.35599,34.25553],[135.35685,34.25591],[135.35771,34.25457],[135.35763,34.25434],[135.35709,34.25427],[135.35246,34.25526],[135.34569,34.25403],[135.34483,34.25405],[135.34478,34.25427]]],[[[135.26582,34.33496],[135.2667,34.33497],[135.26696,34.33452],[135.26654,34.33427],[135.26573,34.33437],[135.26543,34.33451],[135.26582,34.33496]]],[[[135.26122,34.3529],[135.26122,34.353],[135.2613,34.35297],[135.26122,34.3529]]],[[[135.29376,34.36152],[135.29451,34.36083],[135.29404,34.36033],[135.29349,34.36054],[135.29339,34.36082],[135.29344,34.36127],[135.29376,34.36152]]],[[[135.28739,34.37206],[135.28747,34.37206],[135.28742,34.37193],[135.28739,34.37206]]],[[[135.27628,34.37158],[135.27532,34.37244],[135.27529,34.37334],[135.27572,34.37364],[135.27653,34.37362],[135.27762,34.37298],[135.27871,34.37282],[135.27931,34.37223],[135.27926,34.37201],[135.27791,34.37154],[135.27709,34.37174],[135.27628,34.37158]]],[[[135.28338,34.37293],[135.28289,34.37293],[135.28281,34.37338],[135.28346,34.37339],[135.28338,34.37293]]],[[[135.30255,34.38294],[135.30146,34.38278],[135.30101,34.38295],[135.30053,34.38385],[135.30057,34.3843],[135.30171,34.38522],[135.30262,34.38431],[135.30326,34.38432],[135.30345,34.38477],[135.30278,34.38589],[135.30388,34.38629],[135.30469,34.38756],[135.30523,34.38761],[135.30591,34.38726],[135.30623,34.38659],[135.30623,34.38546],[135.30532,34.38365],[135.30558,34.38253],[135.30473,34.38182],[135.30338,34.38151],[135.30315,34.38161],[135.30314,34.38251],[135.30255,34.38294]]],[[[135.2726,34.38842],[135.27206,34.388],[135.27183,34.38819],[135.27232,34.38858],[135.2726,34.38842]]],[[[135.31339,34.39384],[135.31498,34.39475],[135.31524,34.3952],[135.31446,34.39723],[135.31452,34.39903],[135.31492,34.39964],[135.31682,34.39955],[135.31764,34.39923],[135.31954,34.3993],[135.31955,34.399],[135.31786,34.39725],[135.31778,34.39657],[135.31815,34.39567],[135.31767,34.39499],[135.31713,34.39469],[135.31605,34.39452],[135.3147,34.3935],[135.31361,34.39345],[135.31339,34.39384]]],[[[135.31771,34.42404],[135.31459,34.42608],[135.31438,34.42675],[135.3182,34.43064],[135.31929,34.43042],[135.3225,34.42815],[135.3224,34.42747],[135.3215,34.42669],[135.31976,34.42611],[135.31855,34.42497],[135.31822,34.42407],[135.31771,34.42404]]],[[[135.32227,34.43196],[135.3214,34.43288],[135.32141,34.43333],[135.32441,34.43638],[135.32495,34.43662],[135.3255,34.43652],[135.32692,34.43539],[135.32724,34.43404],[135.32715,34.43336],[135.32499,34.43207],[135.32445,34.43109],[135.32391,34.43109],[135.32227,34.43196]]],[[[135.33791,34.44311],[135.33658,34.44446],[135.33712,34.44563],[135.34299,34.44967],[135.34362,34.44975],[135.34402,34.44743],[135.34325,34.44652],[135.34335,34.44517],[135.34267,34.44449],[135.34313,34.44359],[135.34293,34.44314],[135.34204,34.4427],[135.34041,34.44271],[135.33933,34.44215],[135.33803,34.44243],[135.33791,34.44311]]],[[[135.33332,34.44552],[135.33135,34.44736],[135.33028,34.4478],[135.32988,34.4487],[135.32854,34.44982],[135.3285,34.45027],[135.33964,34.46543],[135.3405,34.46645],[135.34104,34.46657],[135.34699,34.45894],[135.34693,34.45781],[135.34607,34.4551],[135.34533,34.45397],[135.34225,34.45091],[135.33413,34.44549],[135.33332,34.44552]]],[[[135.3637,34.46601],[135.36417,34.46628],[135.36437,34.46601],[135.3639,34.4658],[135.3637,34.46601]]],[[[135.35522,34.46229],[135.35484,34.46281],[135.35494,34.46346],[135.35633,34.46439],[135.36196,34.47147],[135.36277,34.47192],[135.36353,34.47119],[135.36373,34.47052],[135.36246,34.46871],[135.36281,34.46781],[135.3624,34.46668],[135.36362,34.46579],[135.36255,34.46523],[135.36092,34.46517],[135.35766,34.46447],[135.3573,34.46372],[135.35773,34.46215],[135.35713,34.46142],[135.35522,34.46229]]],[[[135.35138,34.46682],[135.3503,34.46842],[135.35117,34.46888],[135.35146,34.46933],[135.35042,34.47158],[135.35139,34.47271],[135.3517,34.47406],[135.35079,34.47586],[135.35263,34.4788],[135.35256,34.4797],[135.35291,34.48004],[135.35346,34.47978],[135.35658,34.47679],[135.35946,34.47388],[135.35961,34.47343],[135.35491,34.46767],[135.3522,34.46648],[135.35138,34.46682]]],[[[135.25448,34.67815],[135.25275,34.68828],[135.25292,34.68873],[135.25333,34.68892],[135.25388,34.68851],[135.25356,34.68738],[135.25636,34.68583],[135.25698,34.68515],[135.25701,34.68177],[135.25584,34.68086],[135.25539,34.67996],[135.25587,34.6795],[135.25768,34.6793],[135.2579,34.6784],[135.25752,34.67811],[135.2548,34.67789],[135.25448,34.67815]]],[[[135.28542,34.68239],[135.28685,34.68443],[135.28689,34.68511],[135.28638,34.68548],[135.28501,34.68584],[135.28391,34.68692],[135.28282,34.68706],[135.2826,34.68733],[135.28334,34.68869],[135.28362,34.68881],[135.28881,34.68812],[135.28945,34.6876],[135.29006,34.68467],[135.2902,34.68332],[135.29002,34.68287],[135.28941,34.68249],[135.28804,34.68215],[135.28559,34.68196],[135.28542,34.68239]]],[[[135.25715,34.68973],[135.25797,34.68969],[135.25822,34.68944],[135.25797,34.68892],[135.25716,34.68857],[135.25667,34.68876],[135.25654,34.68921],[135.25715,34.68973]]],[[[135.25239,34.69188],[135.2525,34.69324],[135.25329,34.69372],[135.2538,34.6937],[135.25406,34.69144],[135.25386,34.69089],[135.25305,34.69052],[135.25277,34.69065],[135.25239,34.69188]]],[[[135.28824,34.69096],[135.28469,34.69151],[135.28422,34.69185],[135.28535,34.69366],[135.28361,34.69613],[135.2835,34.69658],[135.28383,34.69687],[135.28546,34.69706],[135.28786,34.6966],[135.28828,34.69616],[135.28888,34.6912],[135.28824,34.69096]]],[[[135.36302,34.68875],[135.35451,34.6962],[135.35419,34.69675],[135.35465,34.69743],[135.35993,34.70112],[135.36129,34.70067],[135.36238,34.70094],[135.36318,34.70063],[135.36326,34.70018],[135.36277,34.6995],[135.3629,34.69792],[135.36323,34.6976],[135.36513,34.69748],[135.36518,34.69703],[135.36449,34.69613],[135.36453,34.69545],[135.36488,34.69504],[135.3657,34.69509],[135.36679,34.69561],[135.36767,34.69637],[135.36812,34.69637],[135.36696,34.69546],[135.36534,34.69365],[135.36599,34.69312],[135.36708,34.69354],[135.36762,34.69348],[135.36838,34.69277],[135.36822,34.69232],[135.36384,34.68869],[135.36302,34.68875]]],[[[135.36217,34.70333],[135.36263,34.70371],[135.36316,34.70356],[135.36297,34.70243],[135.36265,34.70216],[135.36197,34.70265],[135.36217,34.70333]]],[[[135.28185,34.70485],[135.28195,34.70581],[135.28264,34.70731],[135.28482,34.7077],[135.28592,34.70854],[135.28567,34.70921],[135.28451,34.71011],[135.28428,34.71056],[135.28534,34.71104],[135.28668,34.71102],[135.28708,34.71035],[135.28797,34.70494],[135.28786,34.70421],[135.2865,34.70373],[135.28159,34.70325],[135.28108,34.70355],[135.28185,34.70485]]],[[[135.29331,34.70516],[135.29231,34.71105],[135.29234,34.71218],[135.2927,34.71261],[135.29488,34.71288],[135.29512,34.71242],[135.29441,34.71129],[135.29462,34.71079],[135.29517,34.71058],[135.29763,34.7107],[135.29927,34.70989],[135.29987,34.7102],[135.30223,34.71382],[135.30339,34.71382],[135.30373,34.71315],[135.30378,34.71067],[135.30432,34.70639],[135.30394,34.70574],[135.29413,34.70466],[135.29331,34.70516]]],[[[135.34843,34.7054],[135.34651,34.70684],[135.34578,34.7082],[135.34338,34.71044],[135.34251,34.71359],[135.34295,34.71472],[135.34344,34.71517],[135.34754,34.71404],[135.348,34.71249],[135.3503,34.71002],[135.35205,34.70891],[135.35281,34.70756],[135.35274,34.70711],[135.35007,34.70517],[135.34843,34.7054]]],[[[135.3206,34.70492],[135.31169,34.70576],[135.3113,34.70688],[135.31021,34.70757],[135.30857,34.70762],[135.30721,34.70696],[135.30693,34.70707],[135.30623,34.71136],[135.30628,34.71294],[135.30683,34.71339],[135.30797,34.71366],[135.3216,34.7162],[135.32201,34.71551],[135.32193,34.70874],[135.32139,34.70859],[135.32081,34.70919],[135.32094,34.71122],[135.32054,34.71175],[135.31956,34.71144],[135.3193,34.71053],[135.31892,34.71021],[135.3181,34.70996],[135.31728,34.71006],[135.317,34.70984],[135.31741,34.70917],[135.31742,34.70827],[135.31865,34.70891],[135.3218,34.70784],[135.32206,34.70739],[135.32202,34.70581],[135.32126,34.70513],[135.3206,34.70492]]],[[[135.36016,34.70617],[135.35758,34.70871],[135.35686,34.70971],[135.35521,34.71086],[135.35054,34.71515],[135.34999,34.71529],[135.34863,34.71494],[135.34575,34.71699],[135.34542,34.71766],[135.34634,34.71924],[135.3473,34.71925],[135.34753,34.71903],[135.34746,34.71812],[135.34777,34.71745],[135.34889,34.71663],[135.34971,34.71633],[135.35053,34.71558],[135.35272,34.71561],[135.35381,34.71516],[135.35415,34.71478],[135.35437,34.7138],[135.35712,34.71069],[135.35767,34.71059],[135.35876,34.71113],[135.35983,34.71098],[135.36016,34.71053],[135.36044,34.70918],[135.36197,34.70873],[135.3627,34.70761],[135.36424,34.70725],[135.36445,34.70694],[135.36399,34.70649],[135.36316,34.70616],[135.36125,34.70581],[135.36016,34.70617]]],[[[135.30632,34.71484],[135.30632,34.71502],[135.30644,34.71497],[135.30632,34.71484]]],[[[135.33038,34.71031],[135.32519,34.71041],[135.32492,34.71057],[135.32478,34.71665],[135.32649,34.71856],[135.33002,34.7215],[135.33056,34.7217],[135.33466,34.72124],[135.34069,34.71771],[135.34107,34.71651],[135.34102,34.71561],[135.33883,34.71117],[135.3372,34.71078],[135.33502,34.71067],[135.3342,34.71032],[135.33283,34.71049],[135.33038,34.71031]]],[[[135.30883,34.71566],[135.31135,34.71905],[135.31332,34.71996],[135.31317,34.72041],[135.31242,34.72086],[135.31232,34.72131],[135.31281,34.7221],[135.3139,34.7227],[135.31449,34.72222],[135.3155,34.71908],[135.31584,34.71872],[135.3163,34.71885],[135.31666,34.71969],[135.31801,34.72048],[135.31993,34.7197],[135.32157,34.72005],[135.32265,34.72083],[135.32381,34.7198],[135.32381,34.71822],[135.32322,34.71789],[135.30932,34.71517],[135.30905,34.71521],[135.30883,34.71566]]],[[[135.34039,34.72146],[135.33898,34.72259],[135.33928,34.72299],[135.33983,34.72308],[135.34202,34.72222],[135.34223,34.72193],[135.34203,34.72147],[135.34148,34.72121],[135.34039,34.72146]]],[[[135.33355,34.72295],[135.33464,34.72297],[135.3347,34.72234],[135.33444,34.72211],[135.33356,34.72261],[135.33355,34.72295]]],[[[135.31802,34.75966],[135.31851,34.75996],[135.31851,34.75965],[135.31802,34.75966]]],[[[135.34935,34.76211],[135.35044,34.76216],[135.35099,34.76164],[135.35072,34.76138],[135.3499,34.76154],[135.34923,34.76186],[135.34935,34.76211]]],[[[135.3193,34.76282],[135.31931,34.76282],[135.3193,34.76281],[135.3193,34.76282]]],[[[135.31564,34.80936],[135.31502,34.8099],[135.31503,34.81035],[135.31782,34.81034],[135.31945,34.81131],[135.32025,34.81105],[135.32056,34.8106],[135.32054,34.81015],[135.31986,34.80947],[135.31811,34.80876],[135.31729,34.80875],[135.31564,34.80936]]],[[[135.25225,34.80998],[135.25197,34.80974],[135.25157,34.80997],[135.25197,34.81039],[135.25225,34.80998]]],[[[135.36303,34.82571],[135.3628,34.82593],[135.36306,34.82614],[135.36334,34.82594],[135.36303,34.82571]]],[[[135.12774,34.67079],[135.12637,34.67187],[135.12483,34.67188],[135.12436,34.673],[135.12356,34.6739],[135.12347,34.67457],[135.12286,34.67525],[135.12332,34.6784],[135.12302,34.67928],[135.12162,34.6811],[135.12161,34.68222],[135.11997,34.68344],[135.11942,34.68354],[135.11806,34.68316],[135.11752,34.68324],[135.11733,34.68467],[135.11649,34.68579],[135.11503,34.68644],[135.1134,34.68545],[135.11286,34.68539],[135.1115,34.68666],[135.11118,34.68756],[135.11065,34.6879],[135.10851,34.68754],[135.10739,34.68642],[135.10684,34.68637],[135.10411,34.68716],[135.10218,34.68862],[135.10163,34.68878],[135.1,34.68792],[135.09989,34.68747],[135.10052,34.6868],[135.10031,34.68658],[135.09866,34.68639],[135.09809,34.68701],[135.09838,34.68769],[135.0982,34.68791],[135.09691,34.68858],[135.09738,34.68948],[135.09728,34.68993],[135.09642,34.69108],[135.09505,34.69204],[135.09233,34.69088],[135.09097,34.69095],[135.09058,34.69056],[135.09049,34.68988],[135.09016,34.68971],[135.08825,34.69034],[135.08579,34.69075],[135.08332,34.6919],[135.07951,34.69068],[135.07869,34.69093],[135.07761,34.69204],[135.07677,34.69233],[135.07541,34.6919],[135.07295,34.69161],[135.07076,34.6923],[135.06967,34.69241],[135.06858,34.69191],[135.06777,34.69197],[135.06668,34.6914],[135.06505,34.69098],[135.06368,34.69151],[135.06204,34.69148],[135.06138,34.69169],[135.06111,34.69214],[135.06132,34.69349],[135.06074,34.69416],[135.0601,34.69416],[135.05874,34.69366],[135.05791,34.69444],[135.05627,34.69465],[135.0559,34.69435],[135.0552,34.6929],[135.05279,34.69095],[135.05299,34.68937],[135.05387,34.68848],[135.05365,34.68802],[135.05308,34.68791],[135.05144,34.68831],[135.04925,34.68833],[135.04896,34.71378],[135.05306,34.71334],[135.05471,34.71229],[135.05553,34.71206],[135.05744,34.71261],[135.05933,34.71361],[135.06097,34.71363],[135.06207,34.71327],[135.06289,34.7126],[135.06355,34.71154],[135.06356,34.71019],[135.06312,34.70883],[135.06341,34.70681],[135.06368,34.70636],[135.06406,34.70622],[135.06595,34.70753],[135.06704,34.70798],[135.06867,34.70827],[135.07031,34.70813],[135.07167,34.70847],[135.07304,34.71071],[135.07347,34.71252],[135.07464,34.71388],[135.07462,34.715],[135.07542,34.71559],[135.07705,34.71589],[135.07846,34.71458],[135.07854,34.71256],[135.07682,34.70939],[135.07669,34.70781],[135.07634,34.7069],[135.07472,34.70481],[135.07329,34.7035],[135.07641,34.70017],[135.07669,34.69924],[135.07724,34.69906],[135.07778,34.6993],[135.07859,34.70018],[135.07967,34.70073],[135.08376,34.7013],[135.08498,34.70179],[135.08348,34.70222],[135.08236,34.70289],[135.08172,34.70402],[135.0817,34.70582],[135.08214,34.70695],[135.08303,34.70808],[135.08491,34.7099],[135.08642,34.71059],[135.08503,34.7117],[135.08442,34.7135],[135.08436,34.71395],[135.08497,34.71527],[135.08551,34.71561],[135.08715,34.71578],[135.0882,34.71646],[135.08836,34.71691],[135.08656,34.71965],[135.08408,34.72153],[135.08171,34.72047],[135.08088,34.71866],[135.07961,34.71752],[135.07895,34.71722],[135.07813,34.7173],[135.07771,34.71773],[135.07745,34.71863],[135.07581,34.7193],[135.07398,34.72131],[135.07295,34.72446],[135.07219,34.7258],[135.07203,34.72828],[135.07156,34.72895],[135.0709,34.72925],[135.06571,34.72903],[135.06379,34.72993],[135.06216,34.72943],[135.06181,34.7291],[135.06167,34.72888],[135.06189,34.72873],[135.06326,34.72875],[135.06455,34.72822],[135.06535,34.72665],[135.06596,34.72598],[135.06576,34.72485],[135.06464,34.72394],[135.06533,34.7226],[135.06531,34.72147],[135.06417,34.72075],[135.06199,34.72024],[135.05981,34.72],[135.05706,34.72134],[135.05433,34.72159],[135.05296,34.72227],[135.05187,34.72229],[135.05023,34.72193],[135.04887,34.72209],[135.04878,34.72946],[135.05042,34.72982],[135.05143,34.73083],[135.05113,34.73128],[135.04875,34.73189],[135.04862,34.74321],[135.0499,34.74366],[135.04969,34.74525],[135.05024,34.74536],[135.05134,34.74449],[135.05216,34.74417],[135.05407,34.74417],[135.05845,34.74307],[135.05884,34.7417],[135.06076,34.74104],[135.06102,34.74037],[135.06149,34.74003],[135.0656,34.73897],[135.06833,34.73917],[135.0697,34.73886],[135.0708,34.73819],[135.07268,34.73753],[135.07285,34.73708],[135.07256,34.73617],[135.07383,34.73526],[135.0752,34.73522],[135.07572,34.73552],[135.07615,34.73665],[135.07581,34.73755],[135.07599,34.73779],[135.07653,34.73771],[135.07718,34.73734],[135.07893,34.73555],[135.0789,34.73487],[135.0792,34.73442],[135.0804,34.7339],[135.08203,34.73414],[135.08313,34.73357],[135.08368,34.73357],[135.08465,34.73469],[135.08503,34.73483],[135.08668,34.73377],[135.08805,34.73333],[135.08913,34.73388],[135.09022,34.73406],[135.09158,34.73492],[135.09322,34.73485],[135.09524,34.73679],[135.09516,34.73724],[135.09452,34.73792],[135.09446,34.73814],[135.09482,34.73833],[135.09619,34.73779],[135.09867,34.73596],[135.1003,34.73623],[135.10084,34.73662],[135.10116,34.73751],[135.10061,34.73886],[135.09944,34.74007],[135.09712,34.74132],[135.09656,34.74221],[135.09641,34.74447],[135.09665,34.74492],[135.0972,34.74498],[135.0994,34.7442],[135.10157,34.74498],[135.10193,34.74541],[135.10219,34.74766],[135.10181,34.74833],[135.10066,34.74878],[135.0999,34.74945],[135.10059,34.75081],[135.09982,34.75328],[135.10071,34.75419],[135.09846,34.75521],[135.09734,34.75664],[135.09752,34.75822],[135.09826,34.76048],[135.09786,34.76251],[135.09714,34.76408],[135.09716,34.76521],[135.09774,34.76634],[135.09786,34.76791],[135.09716,34.76926],[135.09748,34.76972],[135.09857,34.76973],[135.10132,34.76856],[135.10268,34.7687],[135.10307,34.76998],[135.10458,34.77067],[135.10429,34.77127],[135.10374,34.77158],[135.10319,34.77162],[135.10183,34.77117],[135.10103,34.77154],[135.10163,34.77335],[135.10224,34.77403],[135.10289,34.77434],[135.10371,34.77438],[135.10563,34.77407],[135.10711,34.77317],[135.10839,34.77145],[135.10893,34.77154],[135.11029,34.77232],[135.11465,34.7732],[135.11533,34.77278],[135.11522,34.77103],[135.11713,34.7709],[135.11821,34.7721],[135.12039,34.77289],[135.12147,34.77385],[135.12201,34.77399],[135.12311,34.77368],[135.12338,34.77383],[135.12374,34.77464],[135.12381,34.77599],[135.12417,34.77659],[135.12554,34.7767],[135.12662,34.77715],[135.12827,34.77681],[135.12889,34.77873],[135.12897,34.77986],[135.12971,34.78122],[135.12919,34.78414],[135.13009,34.78557],[135.13308,34.78631],[135.13365,34.78598],[135.13474,34.78442],[135.13529,34.78429],[135.13616,34.78442],[135.13651,34.78532],[135.13773,34.7863],[135.13855,34.78624],[135.13965,34.78571],[135.14101,34.78615],[135.14238,34.78557],[135.1432,34.78556],[135.14358,34.78605],[135.14368,34.78808],[135.14492,34.78876],[135.14478,34.79011],[135.14533,34.79061],[135.1467,34.79051],[135.14861,34.79103],[135.1497,34.79095],[135.15063,34.78993],[135.1509,34.78903],[135.15085,34.78768],[135.15313,34.78612],[135.15436,34.7841],[135.15578,34.78409],[135.15771,34.78257],[135.15879,34.78352],[135.15961,34.78374],[135.16071,34.78322],[135.16152,34.7832],[135.16263,34.78219],[135.16317,34.78221],[135.16508,34.7831],[135.16575,34.78395],[135.16517,34.78507],[135.16263,34.78708],[135.16278,34.78776],[135.16365,34.78914],[135.16528,34.79009],[135.16637,34.79028],[135.16774,34.78969],[135.16912,34.78849],[135.16994,34.78833],[135.17031,34.78871],[135.1706,34.79119],[135.17154,34.79248],[135.1729,34.79298],[135.17367,34.79415],[135.17425,34.79458],[135.17699,34.79416],[135.17788,34.79327],[135.17823,34.79215],[135.17767,34.79012],[135.17694,34.78876],[135.17681,34.78628],[135.17707,34.78578],[135.17789,34.78566],[135.17949,34.7863],[135.17964,34.7872],[135.17913,34.78877],[135.17918,34.78945],[135.17965,34.79035],[135.18111,34.79142],[135.18275,34.79161],[135.18412,34.79129],[135.18533,34.79039],[135.18608,34.78927],[135.18643,34.78792],[135.18645,34.78612],[135.18519,34.78295],[135.18539,34.78138],[135.18524,34.7798],[135.18455,34.77867],[135.18479,34.77816],[135.18622,34.77755],[135.18706,34.77688],[135.18704,34.77621],[135.1862,34.77424],[135.18239,34.77254],[135.18021,34.7721],[135.17831,34.77063],[135.17342,34.76828],[135.17273,34.7689],[135.17203,34.77028],[135.17121,34.77061],[135.16821,34.7704],[135.16658,34.76918],[135.16548,34.77041],[135.16329,34.77021],[135.16248,34.76976],[135.16167,34.76878],[135.1614,34.76887],[135.16131,34.76927],[135.16155,34.77085],[135.16254,34.77311],[135.1626,34.77559],[135.16325,34.77762],[135.16049,34.77775],[135.15939,34.77801],[135.15857,34.7784],[135.15692,34.77977],[135.15528,34.77949],[135.15337,34.77949],[135.15311,34.77913],[135.15317,34.7762],[135.15259,34.77496],[135.15174,34.77394],[135.15226,34.77169],[135.15274,34.77101],[135.15559,34.76968],[135.15651,34.76901],[135.15429,34.76916],[135.1502,34.76851],[135.14927,34.76761],[135.14886,34.76655],[135.14859,34.76642],[135.14776,34.76676],[135.14722,34.76673],[135.14641,34.76535],[135.14483,34.76465],[135.14504,34.76352],[135.14426,34.76236],[135.14371,34.76212],[135.14289,34.76213],[135.14068,34.76124],[135.14072,34.76056],[135.14149,34.75989],[135.14219,34.75809],[135.14154,34.75696],[135.14172,34.75584],[135.14128,34.75448],[135.14161,34.75358],[135.14242,34.75269],[135.14157,34.75178],[135.14101,34.7502],[135.14103,34.74862],[135.1414,34.74795],[135.14103,34.74704],[135.14111,34.74569],[135.14089,34.74503],[135.13967,34.74365],[135.13574,34.74158],[135.13538,34.74114],[135.13536,34.74024],[135.13581,34.73889],[135.13713,34.73777],[135.13754,34.73688],[135.13524,34.73633],[135.13415,34.73629],[135.13305,34.73714],[135.13169,34.73713],[135.13086,34.73771],[135.13031,34.73782],[135.1295,34.73765],[135.12842,34.73662],[135.12677,34.7368],[135.12645,34.73702],[135.1257,34.74017],[135.12537,34.74059],[135.12506,34.74039],[135.12496,34.73927],[135.12431,34.73809],[135.123,34.737],[135.12214,34.73677],[135.12035,34.73856],[135.1194,34.7408],[135.11881,34.74141],[135.11608,34.74108],[135.11554,34.74084],[135.11447,34.73875],[135.11115,34.74142],[135.11097,34.743],[135.1106,34.74334],[135.10947,34.74231],[135.10955,34.74186],[135.11027,34.74119],[135.11008,34.74078],[135.10742,34.74004],[135.10709,34.73976],[135.1073,34.73688],[135.10685,34.73675],[135.10438,34.73739],[135.10357,34.73734],[135.10325,34.73708],[135.10306,34.73595],[135.1025,34.73502],[135.10001,34.73367],[135.09997,34.73322],[135.10034,34.73285],[135.10225,34.73312],[135.10307,34.73287],[135.1036,34.73167],[135.10302,34.73054],[135.10325,34.72964],[135.10365,34.72922],[135.10584,34.72857],[135.10559,34.72696],[135.10779,34.7251],[135.10861,34.72511],[135.11077,34.72695],[135.11127,34.72677],[135.11089,34.72564],[135.11103,34.72519],[135.11271,34.72455],[135.11489,34.72476],[135.11651,34.72456],[135.11788,34.72581],[135.11952,34.7263],[135.12048,34.72098],[135.12094,34.72069],[135.12231,34.72054],[135.12286,34.72016],[135.12337,34.71852],[135.12426,34.71785],[135.12563,34.71615],[135.12727,34.71622],[135.12945,34.71579],[135.13081,34.71622],[135.13163,34.71631],[135.13273,34.71603],[135.13354,34.7163],[135.13413,34.71567],[135.13422,34.71432],[135.13466,34.71413],[135.13629,34.71447],[135.13737,34.71557],[135.13778,34.71524],[135.13764,34.71434],[135.13794,34.71376],[135.1404,34.71335],[135.14258,34.71362],[135.14321,34.71325],[135.14396,34.71185],[135.14451,34.71146],[135.14587,34.71214],[135.1461,34.7126],[135.14595,34.71305],[135.14695,34.7131],[135.14753,34.71351],[135.14813,34.71464],[135.14724,34.71531],[135.14747,34.7156],[135.14801,34.71566],[135.14866,34.71487],[135.14914,34.71352],[135.15003,34.71285],[135.15025,34.71195],[135.15078,34.71173],[135.15109,34.71196],[135.15144,34.71331],[135.15117,34.71466],[135.15124,34.71624],[135.15155,34.71714],[135.15235,34.71805],[135.15311,34.72008],[135.15343,34.72024],[135.1537,34.72012],[135.15331,34.71941],[135.15399,34.71844],[135.15564,34.71774],[135.15618,34.71778],[135.15825,34.71877],[135.15875,34.72147],[135.15993,34.72238],[135.15968,34.72307],[135.15818,34.7235],[135.1583,34.72415],[135.15911,34.72508],[135.15768,34.72665],[135.15779,34.7271],[135.15881,34.72773],[135.1594,34.72869],[135.1581,34.73003],[135.15714,34.73054],[135.15703,34.73093],[135.15741,34.73121],[135.15796,34.7312],[135.15906,34.73002],[135.15961,34.72981],[135.16015,34.72992],[135.16153,34.73141],[135.16085,34.73253],[135.16072,34.73321],[135.16093,34.73364],[135.16175,34.73371],[135.16313,34.73282],[135.16394,34.73298],[135.16452,34.73368],[135.16398,34.73458],[135.16419,34.73561],[135.16555,34.73573],[135.16666,34.7364],[135.16699,34.73686],[135.16687,34.73776],[135.16607,34.73831],[135.1653,34.73932],[135.16582,34.74068],[135.1656,34.74135],[135.16377,34.74314],[135.16534,34.74451],[135.16589,34.74609],[135.16707,34.74745],[135.16736,34.75016],[135.16548,34.75217],[135.16313,34.75351],[135.16292,34.75396],[135.16317,34.75486],[135.16481,34.75502],[135.16568,34.75533],[135.1662,34.75578],[135.1667,34.75702],[135.16889,34.75672],[135.17019,34.75603],[135.17376,34.75223],[135.17467,34.75202],[135.17525,34.75246],[135.17535,34.75291],[135.17455,34.75516],[135.17471,34.75606],[135.17544,34.757],[135.17797,34.75744],[135.17824,34.75789],[135.17817,34.75879],[135.17859,34.7597],[135.17896,34.75988],[135.18033,34.75966],[135.18253,34.7586],[135.18307,34.75854],[135.18497,34.76002],[135.18771,34.75937],[135.1888,34.75961],[135.19016,34.7604],[135.19207,34.76028],[135.19251,34.76002],[135.1933,34.75889],[135.19348,34.75732],[135.19401,34.75692],[135.19429,34.757],[135.19429,34.75777],[135.19351,34.75935],[135.19393,34.76138],[135.19617,34.76387],[135.19711,34.76568],[135.19775,34.76613],[135.19856,34.76625],[135.20098,34.76593],[135.20161,34.76526],[135.20206,34.76346],[135.20207,34.76121],[135.20255,34.75986],[135.20263,34.75828],[135.20294,34.75783],[135.20466,34.75752],[135.20711,34.75766],[135.21068,34.75585],[135.21287,34.75543],[135.2132,34.75587],[135.21276,34.75699],[135.21281,34.75812],[135.21451,34.76061],[135.21582,34.76145],[135.218,34.76168],[135.21827,34.76192],[135.21807,34.76401],[135.21769,34.76498],[135.21715,34.76519],[135.21551,34.76509],[135.21195,34.76607],[135.21109,34.76667],[135.21004,34.76824],[135.20782,34.7694],[135.20483,34.7684],[135.20237,34.76806],[135.20194,34.76819],[135.20209,34.76858],[135.20345,34.76906],[135.20455,34.77001],[135.20488,34.77091],[135.20422,34.77204],[135.20451,34.77234],[135.20561,34.77253],[135.20692,34.77205],[135.2078,34.77138],[135.20835,34.7714],[135.20899,34.77184],[135.20936,34.7732],[135.2083,34.77387],[135.20804,34.77544],[135.2094,34.77568],[135.21076,34.77648],[135.21158,34.7763],[135.21211,34.77592],[135.21334,34.77345],[135.21544,34.77216],[135.21898,34.7737],[135.21933,34.77416],[135.21924,34.77484],[135.21838,34.77619],[135.21801,34.77754],[135.21655,34.7791],[135.21641,34.78],[135.21673,34.78026],[135.21918,34.78093],[135.22028,34.78075],[135.22082,34.78088],[135.22136,34.78154],[135.22171,34.78252],[135.22118,34.78364],[135.22161,34.78409],[135.22232,34.7841],[135.2252,34.77961],[135.22733,34.77737],[135.22807,34.77535],[135.22773,34.77377],[135.22587,34.77195],[135.22568,34.76947],[135.22663,34.76632],[135.22972,34.76384],[135.23054,34.76366],[135.23141,34.76432],[135.2313,34.7668],[135.23268,34.76842],[135.23404,34.76893],[135.23568,34.76903],[135.23704,34.77002],[135.24058,34.77133],[135.24167,34.77145],[135.24331,34.77117],[135.24522,34.77159],[135.24558,34.77208],[135.24413,34.775],[135.24107,34.77691],[135.23938,34.77925],[135.23926,34.78173],[135.23959,34.78308],[135.23761,34.786],[135.23782,34.78893],[135.23756,34.79028],[135.23766,34.79152],[135.23738,34.7917],[135.23602,34.79155],[135.23492,34.79181],[135.23355,34.79242],[135.23278,34.79318],[135.23381,34.79438],[135.23503,34.79477],[135.23557,34.79523],[135.23596,34.7959],[135.23597,34.79687],[135.23652,34.79694],[135.23734,34.79662],[135.2389,34.79547],[135.23915,34.79502],[135.23906,34.79412],[135.24023,34.79323],[135.24066,34.7921],[135.2423,34.7919],[135.24285,34.79154],[135.24296,34.79054],[135.24247,34.78896],[135.24263,34.78806],[135.24343,34.78759],[135.24535,34.78731],[135.24753,34.78757],[135.24851,34.78809],[135.24872,34.78967],[135.24771,34.79057],[135.24756,34.79102],[135.24859,34.7917],[135.24995,34.79203],[135.25133,34.79058],[135.25215,34.79034],[135.25269,34.79054],[135.25305,34.79105],[135.2531,34.7924],[135.25376,34.79354],[135.2543,34.79399],[135.25512,34.7941],[135.25704,34.79379],[135.25949,34.79407],[135.2606,34.79255],[135.26114,34.79283],[135.26176,34.79381],[135.26036,34.79493],[135.26038,34.79673],[135.26001,34.79742],[135.25891,34.79788],[135.257,34.79807],[135.25606,34.79873],[135.25581,34.79918],[135.25616,34.79948],[135.25753,34.79957],[135.25807,34.79984],[135.25961,34.80123],[135.25969,34.80214],[135.25832,34.80328],[135.25695,34.80355],[135.25449,34.80361],[135.25397,34.8039],[135.25352,34.80661],[135.25371,34.80841],[135.25325,34.81044],[135.25306,34.81075],[135.25058,34.81233],[135.24949,34.81236],[135.24782,34.81085],[135.24815,34.80999],[135.24944,34.80906],[135.24925,34.80831],[135.24871,34.80773],[135.24652,34.80801],[135.24542,34.80901],[135.24378,34.80907],[135.24268,34.80962],[135.2405,34.80931],[135.23968,34.80898],[135.23914,34.80832],[135.23902,34.80697],[135.23834,34.80649],[135.23725,34.80636],[135.23705,34.80605],[135.23851,34.80336],[135.23837,34.80305],[135.23754,34.80403],[135.23672,34.80434],[135.23399,34.80406],[135.23154,34.80323],[135.23072,34.80322],[135.2277,34.8044],[135.22729,34.80486],[135.22742,34.80583],[135.22885,34.806],[135.22986,34.80731],[135.2315,34.80775],[135.23179,34.80805],[135.23137,34.80917],[135.23129,34.81052],[135.23044,34.81187],[135.23091,34.8123],[135.23173,34.81229],[135.23227,34.81254],[135.23292,34.81346],[135.23399,34.81415],[135.23468,34.81505],[135.23471,34.8155],[135.23359,34.81757],[135.23387,34.81767],[135.23524,34.81713],[135.23688,34.81719],[135.23741,34.81814],[135.23845,34.81891],[135.23827,34.81981],[135.23913,34.82071],[135.23765,34.82214],[135.23628,34.82272],[135.23545,34.82365],[135.23325,34.82521],[135.23262,34.82608],[135.23514,34.82799],[135.23759,34.82898],[135.23894,34.83033],[135.23992,34.83086],[135.24142,34.8329],[135.24169,34.83493],[135.2408,34.83665],[135.2375,34.83879],[135.23695,34.8389],[135.23636,34.83873],[135.23563,34.84053],[135.23576,34.84165],[135.23637,34.84197],[135.23768,34.84212],[135.23882,34.84376],[135.23863,34.84505],[135.23787,34.84685],[135.23792,34.8491],[135.2352,34.85046],[135.23411,34.85035],[135.23302,34.84959],[135.23248,34.84971],[135.23182,34.85087],[135.2313,34.85379],[135.23189,34.85437],[135.23435,34.85374],[135.23483,34.85404],[135.23551,34.85607],[135.23555,34.85743],[135.23696,34.85834],[135.23826,34.86082],[135.23794,34.86172],[135.23891,34.86241],[135.23928,34.86308],[135.23931,34.86354],[135.23829,34.86443],[135.23793,34.86556],[135.23834,34.866],[135.23943,34.86633],[135.2397,34.86669],[135.2388,34.86804],[135.23987,34.8703],[135.23911,34.87112],[135.23892,34.87187],[135.23801,34.872],[135.23772,34.87254],[135.23821,34.87299],[135.23964,34.87347],[135.23999,34.87391],[135.23995,34.87458],[135.23942,34.87526],[135.24023,34.87594],[135.24036,34.87639],[135.23908,34.87773],[135.24014,34.87825],[135.24179,34.87709],[135.24234,34.87701],[135.24452,34.87767],[135.24486,34.87799],[135.24504,34.87867],[135.24475,34.87957],[135.24512,34.88138],[135.24483,34.88318],[135.24502,34.88341],[135.24611,34.88366],[135.24638,34.884],[135.24556,34.88566],[135.24616,34.88724],[135.24412,34.89016],[135.24381,34.89106],[135.24412,34.89162],[135.24506,34.89219],[135.24794,34.89282],[135.24851,34.89379],[135.24847,34.89483],[135.24792,34.89498],[135.24683,34.8942],[135.24547,34.8937],[135.24384,34.89236],[135.24221,34.89169],[135.23784,34.89094],[135.23565,34.89091],[135.2353,34.89101],[135.23498,34.89145],[135.23472,34.89303],[135.23488,34.89416],[135.23414,34.89551],[135.23381,34.89686],[135.23405,34.89731],[135.23504,34.89754],[135.23557,34.89799],[135.23562,34.89957],[135.23529,34.9001],[135.23391,34.90105],[135.23337,34.90109],[135.23188,34.90045],[135.23123,34.89909],[135.23038,34.89842],[135.22983,34.89853],[135.22863,34.89953],[135.22837,34.9002],[135.22874,34.90133],[135.22789,34.90137],[135.22724,34.9011],[135.22599,34.90001],[135.22436,34.89995],[135.22299,34.89913],[135.22107,34.89943],[135.21944,34.89823],[135.21699,34.89748],[135.21636,34.89765],[135.21682,34.90013],[135.21777,34.90184],[135.21912,34.90292],[135.21839,34.90419],[135.21821,34.906],[135.21909,34.90623],[135.21977,34.90668],[135.22074,34.90827],[135.22079,34.90939],[135.22022,34.91007],[135.22024,34.91052],[135.22123,34.91151],[135.2226,34.91184],[135.22292,34.91211],[135.22227,34.91346],[135.21979,34.91434],[135.21989,34.91525],[135.21968,34.9157],[135.21845,34.91652],[135.21708,34.91682],[135.21667,34.91725],[135.21843,34.91822],[135.2207,34.91886],[135.221,34.91931],[135.22114,34.92117],[135.22059,34.92135],[135.21759,34.91993],[135.21596,34.91942],[135.21459,34.91934],[135.2135,34.91883],[135.21213,34.91914],[135.2094,34.91893],[135.2083,34.91935],[135.20774,34.9199],[135.20833,34.92126],[135.20803,34.92193],[135.20717,34.92252],[135.20536,34.92259],[135.2055,34.92394],[135.20442,34.92484],[135.20385,34.92573],[135.20389,34.92619],[135.20446,34.92664],[135.20424,34.92731],[135.20455,34.92822],[135.20546,34.92935],[135.20554,34.93003],[135.20447,34.93115],[135.20313,34.93181],[135.20304,34.93272],[135.20235,34.93339],[135.20298,34.93474],[135.20306,34.93565],[135.20153,34.93766],[135.201,34.93795],[135.19854,34.9384],[135.19764,34.93944],[135.19633,34.9398],[135.19587,34.94078],[135.19521,34.94123],[135.19358,34.94116],[135.19248,34.94188],[135.19193,34.94198],[135.18892,34.94169],[135.18701,34.94184],[135.18651,34.94162],[135.18592,34.94085],[135.18346,34.94054],[135.18296,34.94024],[135.18268,34.93844],[135.18134,34.93775],[135.18083,34.93662],[135.18077,34.93587],[135.17966,34.93526],[135.1797,34.93481],[135.18033,34.93392],[135.18037,34.93324],[135.17944,34.9321],[135.17933,34.93098],[135.18024,34.92941],[135.18075,34.92896],[135.18046,34.92806],[135.18003,34.92778],[135.17948,34.92779],[135.17865,34.92886],[135.1781,34.92903],[135.17756,34.92892],[135.17604,34.9278],[135.17621,34.92735],[135.17769,34.92646],[135.17849,34.92534],[135.17805,34.92421],[135.17673,34.92307],[135.17757,34.92105],[135.17574,34.91949],[135.17437,34.91958],[135.17328,34.91902],[135.17109,34.91924],[135.17051,34.91875],[135.17098,34.9174],[135.1717,34.91651],[135.17035,34.91559],[135.17022,34.91469],[135.17086,34.9143],[135.17223,34.91434],[135.17278,34.9141],[135.17334,34.91292],[135.17397,34.91224],[135.17481,34.90999],[135.17457,34.90931],[135.17312,34.90773],[135.17313,34.90705],[135.17385,34.90615],[135.17671,34.90369],[135.17838,34.90078],[135.17867,34.89952],[135.1795,34.89898],[135.18087,34.89867],[135.18144,34.89787],[135.18142,34.89742],[135.18008,34.89515],[135.17981,34.89495],[135.17872,34.8951],[135.17708,34.89479],[135.17675,34.89423],[135.17874,34.8924],[135.18257,34.89209],[135.18312,34.89186],[135.1837,34.89112],[135.18344,34.89044],[135.18369,34.89018],[135.18533,34.89052],[135.18732,34.88957],[135.18725,34.88919],[135.18643,34.88896],[135.1862,34.88753],[135.18713,34.88573],[135.18803,34.88506],[135.18802,34.88281],[135.18829,34.88236],[135.18924,34.8823],[135.19061,34.8817],[135.19226,34.88038],[135.19363,34.88052],[135.19501,34.87909],[135.19692,34.87926],[135.19733,34.87859],[135.19709,34.87701],[135.19777,34.87651],[135.20079,34.87566],[135.20516,34.87582],[135.20598,34.87555],[135.20588,34.87414],[135.20463,34.87323],[135.20454,34.87255],[135.20576,34.87189],[135.20589,34.87098],[135.20631,34.87047],[135.20768,34.87008],[135.21072,34.86809],[135.21072,34.86764],[135.2097,34.8674],[135.20945,34.86695],[135.2106,34.86561],[135.21155,34.86564],[135.2121,34.86534],[135.21212,34.86258],[135.21267,34.86236],[135.21376,34.86261],[135.21409,34.86225],[135.21398,34.86067],[135.21297,34.86023],[135.21216,34.85908],[135.21079,34.85881],[135.2105,34.85839],[135.21083,34.85795],[135.21272,34.8573],[135.21292,34.85706],[135.21218,34.85637],[135.21057,34.85546],[135.21057,34.85501],[135.21148,34.85367],[135.21146,34.85141],[135.21233,34.85052],[135.21197,34.8502],[135.21087,34.8501],[135.21049,34.84983],[135.21023,34.84893],[135.21037,34.84825],[135.21216,34.84714],[135.21278,34.84646],[135.21283,34.84555],[135.21338,34.84508],[135.21475,34.84547],[135.21611,34.84547],[135.2172,34.84649],[135.21965,34.84738],[135.22046,34.84696],[135.21996,34.84561],[135.22104,34.84468],[135.22186,34.84449],[135.22295,34.84529],[135.22349,34.84473],[135.22328,34.84428],[135.22241,34.84409],[135.22133,34.8435],[135.21858,34.84424],[135.21777,34.8441],[135.21588,34.84163],[135.21561,34.84075],[135.2137,34.84036],[135.21301,34.83948],[135.21218,34.83902],[135.21227,34.83767],[135.21155,34.83677],[135.21114,34.83564],[135.20923,34.83314],[135.20918,34.83269],[135.21298,34.82977],[135.21625,34.83078],[135.21678,34.82936],[135.21502,34.82687],[135.21502,34.82552],[135.21412,34.82349],[135.21169,34.82212],[135.2105,34.82188],[135.20865,34.82007],[135.20859,34.81849],[135.2091,34.81669],[135.20898,34.81602],[135.20793,34.81551],[135.20657,34.81446],[135.2052,34.81438],[135.20439,34.81384],[135.20256,34.81214],[135.20264,34.81056],[135.20088,34.80981],[135.20028,34.80875],[135.20047,34.8074],[135.20081,34.80695],[135.20118,34.80678],[135.20254,34.80683],[135.20337,34.80637],[135.20328,34.80539],[135.20372,34.80471],[135.20421,34.80224],[135.20465,34.80179],[135.20615,34.80148],[135.20751,34.80174],[135.20797,34.80204],[135.20796,34.80294],[135.20831,34.80366],[135.21131,34.80404],[135.21186,34.80371],[135.21288,34.80207],[135.21462,34.8014],[135.21482,34.80095],[135.21462,34.80067],[135.21408,34.80038],[135.21239,34.80026],[135.2119,34.79942],[135.21101,34.7989],[135.21071,34.79822],[135.211,34.79755],[135.21165,34.7971],[135.21357,34.79686],[135.21393,34.79644],[135.21405,34.79554],[135.21386,34.79531],[135.21304,34.7952],[135.21058,34.79547],[135.20907,34.79708],[135.20862,34.79821],[135.20809,34.79858],[135.20754,34.79864],[135.20712,34.7982],[135.20652,34.79572],[135.20577,34.79458],[135.20458,34.79384],[135.20159,34.79285],[135.20055,34.79094],[135.1997,34.79023],[135.19806,34.78973],[135.1967,34.78978],[135.19598,34.79001],[135.19395,34.79135],[135.19313,34.79144],[135.19254,34.79112],[135.19222,34.78909],[135.19016,34.7883],[135.18894,34.78861],[135.18837,34.79064],[135.18889,34.79244],[135.18963,34.7938],[135.18948,34.79448],[135.18898,34.79492],[135.18571,34.79587],[135.18465,34.79647],[135.1835,34.79804],[135.18209,34.79916],[135.18125,34.80073],[135.18086,34.80321],[135.18111,34.80456],[135.18108,34.80929],[135.18146,34.81087],[135.18119,34.81106],[135.17901,34.81054],[135.17764,34.81092],[135.17597,34.81426],[135.17486,34.81511],[135.17185,34.81597],[135.1716,34.81689],[135.17102,34.81738],[135.17065,34.81846],[135.17153,34.82046],[135.17235,34.82055],[135.17317,34.82022],[135.17425,34.8218],[135.17588,34.82143],[135.17672,34.82078],[135.17705,34.82121],[135.17699,34.8217],[135.17564,34.82301],[135.17603,34.82391],[135.1775,34.82448],[135.17886,34.82592],[135.18104,34.82573],[135.18136,34.82597],[135.18139,34.82755],[135.18185,34.82936],[135.18125,34.83026],[135.18118,34.83093],[135.18235,34.83229],[135.18291,34.83342],[135.18319,34.83545],[135.18285,34.83636],[135.1812,34.83794],[135.17941,34.83858],[135.17926,34.83993],[135.18007,34.84061],[135.1797,34.84174],[135.17982,34.84242],[135.18033,34.84267],[135.1817,34.84267],[135.18225,34.84244],[135.18308,34.8415],[135.18444,34.84162],[135.18538,34.84245],[135.18572,34.84336],[135.18563,34.84381],[135.18476,34.84448],[135.18494,34.84632],[135.18549,34.84651],[135.18713,34.84638],[135.18755,34.84562],[135.18737,34.84494],[135.18769,34.84463],[135.18811,34.84495],[135.18808,34.84563],[135.1884,34.84585],[135.18877,34.84589],[135.18932,34.84538],[135.1896,34.84541],[135.19071,34.847],[135.1908,34.8479],[135.19039,34.84825],[135.18984,34.84834],[135.18903,34.84728],[135.18821,34.8475],[135.18788,34.84788],[135.18825,34.84856],[135.188,34.84923],[135.18655,34.84986],[135.18518,34.84992],[135.18462,34.85108],[135.18305,34.85258],[135.18323,34.85323],[135.18521,34.8553],[135.18516,34.85597],[135.18444,34.85732],[135.18401,34.85746],[135.18265,34.85733],[135.18154,34.85862],[135.18017,34.85866],[135.17907,34.85974],[135.17742,34.86],[135.17708,34.86043],[135.1772,34.86133],[135.17548,34.86339],[135.17329,34.86311],[135.17247,34.86332],[135.17164,34.86392],[135.17056,34.86332],[135.17001,34.86325],[135.16891,34.86398],[135.16819,34.86577],[135.16705,34.86644],[135.16692,34.86712],[135.16641,34.86779],[135.16635,34.86847],[135.16575,34.86936],[135.16577,34.87162],[135.16609,34.87208],[135.16691,34.87238],[135.16828,34.87247],[135.16965,34.87206],[135.17019,34.87217],[135.17116,34.87301],[135.17098,34.87391],[135.16881,34.87382],[135.16662,34.87437],[135.16361,34.87387],[135.16299,34.8743],[135.16223,34.87547],[135.16086,34.87539],[135.15968,34.87563],[135.15865,34.87752],[135.15643,34.87854],[135.15596,34.87944],[135.15691,34.8808],[135.1567,34.8813],[135.15588,34.88157],[135.15471,34.88146],[135.15425,34.8801],[135.15344,34.87962],[135.15285,34.87987],[135.15233,34.88074],[135.15144,34.88121],[135.15149,34.88189],[135.15371,34.88325],[135.15405,34.88371],[135.15359,34.88618],[135.15404,34.88889],[135.15344,34.89001],[135.15393,34.89137],[135.15331,34.89202],[135.15221,34.89206],[135.1514,34.89165],[135.15086,34.89066],[135.15004,34.89036],[135.14916,34.89043],[135.14832,34.8911],[135.14854,34.89246],[135.1481,34.89335],[135.14957,34.89449],[135.14971,34.89517],[135.14944,34.8959],[135.14998,34.89631],[135.15143,34.89676],[135.15187,34.89789],[135.15247,34.89857],[135.15287,34.90173],[135.15254,34.90285],[135.15195,34.9033],[135.15085,34.90352],[135.15013,34.90396],[135.14976,34.90441],[135.14938,34.90576],[135.14906,34.90597],[135.14742,34.9058],[135.14523,34.9067],[135.14465,34.90708],[135.14397,34.9082],[135.14302,34.90875],[135.14165,34.90831],[135.14056,34.9085],[135.14017,34.90907],[135.14053,34.91065],[135.13918,34.91132],[135.13776,34.91379],[135.13694,34.91399],[135.13558,34.91333],[135.1345,34.91422],[135.1342,34.9149],[135.13275,34.91533],[135.13246,34.91578],[135.13245,34.91646],[135.13339,34.91736],[135.13348,34.91782],[135.13306,34.91851],[135.13142,34.91914],[135.13095,34.9196],[135.13034,34.92095],[135.12998,34.92275],[135.13025,34.92343],[135.13172,34.92434],[135.13127,34.92479],[135.12998,34.92535],[135.12889,34.92502],[135.12847,34.92454],[135.12897,34.92297],[135.12873,34.92251],[135.12647,34.92115],[135.1251,34.92103],[135.12401,34.92067],[135.12264,34.92105],[135.12223,34.92179],[135.12205,34.92404],[135.12306,34.92676],[135.12038,34.9277],[135.11984,34.92748],[135.11954,34.92696],[135.11902,34.9267],[135.11793,34.92687],[135.11601,34.92671],[135.11541,34.92693],[135.11513,34.9285],[135.11532,34.92895],[135.11598,34.92951],[135.11707,34.92978],[135.11832,34.93145],[135.11951,34.93221],[135.12043,34.93327],[135.12136,34.93486],[135.12236,34.93599],[135.12192,34.93703],[135.1211,34.93717],[135.12056,34.93689],[135.11894,34.93476],[135.11839,34.93455],[135.1173,34.93456],[135.11567,34.93338],[135.11485,34.93322],[135.11337,34.93412],[135.11181,34.93614],[135.11173,34.93659],[135.11237,34.9375],[135.11224,34.93772],[135.11069,34.93802],[135.11004,34.93883],[135.10979,34.94041],[135.11099,34.94132],[135.11122,34.94199],[135.11219,34.94313],[135.1131,34.94357],[135.11447,34.94319],[135.11478,34.94405],[135.1161,34.94449],[135.11663,34.94496],[135.11685,34.94587],[135.1178,34.94678],[135.11815,34.94903],[135.11851,34.94946],[135.11933,34.94948],[135.12126,34.94779],[135.12181,34.94793],[135.12318,34.95087],[135.12394,34.95403],[135.12583,34.95523],[135.12574,34.95585],[135.125,34.95667],[135.12313,34.95695],[135.12225,34.95758],[135.1217,34.95755],[135.12034,34.95694],[135.11979,34.95711],[135.11965,34.95851],[135.11996,34.96031],[135.12058,34.96071],[135.12167,34.96072],[135.12169,34.961],[135.12112,34.96124],[135.1203,34.96099],[135.11975,34.96115],[135.11848,34.96233],[135.11699,34.96322],[135.11664,34.96367],[135.11649,34.96457],[135.11758,34.96548],[135.11636,34.96592],[135.11578,34.96682],[135.11596,34.96727],[135.1164,34.96751],[135.11804,34.96728],[135.11924,34.96797],[135.11965,34.96865],[135.1195,34.97045],[135.11997,34.97113],[135.12073,34.9714],[135.12211,34.97108],[135.12282,34.97138],[135.12318,34.97363],[135.12462,34.97477],[135.12561,34.97637],[135.12697,34.9768],[135.12794,34.9784],[135.1286,34.97867],[135.1297,34.9784],[135.13089,34.97684],[135.13217,34.97708],[135.13272,34.97687],[135.13413,34.97529],[135.13382,34.97371],[135.13413,34.9734],[135.1366,34.97256],[135.13879,34.97295],[135.14071,34.97278],[135.14209,34.97178],[135.14262,34.97039],[135.14292,34.97025],[135.14345,34.97062],[135.14373,34.97141],[135.144,34.97154],[135.1451,34.97112],[135.14676,34.97001],[135.14813,34.97018],[135.14837,34.96975],[135.14817,34.9693],[135.14542,34.96664],[135.14534,34.9659],[135.14571,34.9653],[135.14626,34.96501],[135.14818,34.96498],[135.14927,34.96537],[135.14993,34.96391],[135.15038,34.96354],[135.15176,34.96314],[135.1534,34.96336],[135.15449,34.96325],[135.15531,34.96364],[135.15667,34.96493],[135.16023,34.96479],[135.16242,34.96438],[135.16376,34.9649],[135.1639,34.96603],[135.16336,34.96738],[135.16362,34.96986],[135.16504,34.9719],[135.16507,34.9728],[135.16452,34.97347],[135.16242,34.97413],[135.16221,34.97458],[135.16255,34.97504],[135.16422,34.97588],[135.17431,34.97978],[135.17923,34.98071],[135.18017,34.98124],[135.18044,34.98192],[135.17972,34.98327],[135.17961,34.98417],[135.18024,34.988],[135.17971,34.98935],[135.18131,34.99213],[135.18213,34.99224],[135.18333,34.99185],[135.18345,34.99073],[135.18379,34.99042],[135.18543,34.9906],[135.18708,34.9901],[135.18864,34.98828],[135.18984,34.98741],[135.19368,34.98752],[135.19469,34.9872],[135.19511,34.9863],[135.19498,34.98472],[135.19564,34.9836],[135.19559,34.98315],[135.19509,34.98285],[135.19354,34.98268],[135.19323,34.98155],[135.19292,34.98129],[135.19045,34.98127],[135.18809,34.98039],[135.18751,34.97814],[135.18697,34.97723],[135.18612,34.97644],[135.18338,34.97518],[135.18176,34.9741],[135.17924,34.97335],[135.17915,34.97312],[135.18178,34.97225],[135.18298,34.97157],[135.18419,34.96978],[135.18455,34.96845],[135.18483,34.96832],[135.18756,34.96899],[135.19003,34.96839],[135.19113,34.96843],[135.19144,34.9687],[135.19184,34.97073],[135.19217,34.97118],[135.19356,34.97164],[135.19492,34.97245],[135.19547,34.97249],[135.19905,34.96953],[135.20016,34.9683],[135.20026,34.96763],[135.19978,34.96515],[135.2002,34.96395],[135.20075,34.96396],[135.20239,34.96561],[135.20566,34.96607],[135.20627,34.96587],[135.2065,34.96519],[135.20573,34.96406],[135.20584,34.96338],[135.20623,34.96307],[135.20733,34.96279],[135.20801,34.96205],[135.20845,34.96005],[135.20929,34.95822],[135.21068,34.95628],[135.21616,34.95563],[135.21862,34.95651],[135.21998,34.95675],[135.22137,34.9556],[135.22156,34.95492],[135.22124,34.95402],[135.22228,34.95335],[135.22257,34.9529],[135.22252,34.952],[135.22204,34.95109],[135.22277,34.95107],[135.22468,34.95203],[135.22741,34.95234],[135.22931,34.95114],[135.22943,34.95069],[135.22902,34.95001],[135.22689,34.94937],[135.22618,34.94887],[135.22527,34.94724],[135.22163,34.94343],[135.22102,34.94207],[135.22132,34.94117],[135.22177,34.9409],[135.22367,34.94329],[135.22557,34.94368],[135.22667,34.94435],[135.22722,34.94439],[135.22753,34.94414],[135.22778,34.94283],[135.2287,34.94167],[135.22863,34.93982],[135.22781,34.9396],[135.22671,34.94014],[135.22534,34.93964],[135.22477,34.93872],[135.22424,34.93646],[135.22372,34.936],[135.22182,34.93561],[135.22073,34.93578],[135.21909,34.93565],[135.21717,34.93624],[135.21658,34.93551],[135.21526,34.9352],[135.21416,34.93596],[135.21306,34.93621],[135.21197,34.93612],[135.21086,34.93701],[135.21005,34.93638],[135.2095,34.93645],[135.20913,34.93681],[135.20897,34.93771],[135.20942,34.94087],[135.21027,34.94358],[135.211,34.94426],[135.21175,34.94584],[135.21172,34.94629],[135.2111,34.94719],[135.21127,34.94809],[135.21075,34.94849],[135.20856,34.94846],[135.20802,34.94868],[135.20701,34.95009],[135.20779,34.95168],[135.20685,34.9537],[135.2055,34.95458],[135.20466,34.95557],[135.20411,34.95579],[135.20338,34.9557],[135.20331,34.9548],[135.20501,34.95301],[135.20562,34.95189],[135.20596,34.94986],[135.20572,34.94806],[135.20621,34.94693],[135.20588,34.94535],[135.20603,34.94468],[135.2067,34.94346],[135.2077,34.94289],[135.20761,34.94244],[135.20715,34.94198],[135.20589,34.94169],[135.20565,34.9413],[135.20568,34.94017],[135.20598,34.93972],[135.20674,34.9391],[135.20791,34.93883],[135.20825,34.93838],[135.20813,34.93662],[135.20687,34.9359],[135.2073,34.9341],[135.20761,34.9338],[135.20816,34.93368],[135.20952,34.93413],[135.21062,34.93421],[135.21144,34.9339],[135.21226,34.93401],[135.21364,34.93273],[135.21446,34.93351],[135.21582,34.93337],[135.21665,34.93299],[135.21774,34.93369],[135.22212,34.93372],[135.2243,34.93433],[135.22538,34.93538],[135.22812,34.9357],[135.23224,34.93378],[135.2328,34.93296],[135.23361,34.93323],[135.2347,34.93422],[135.23543,34.93405],[135.23699,34.93226],[135.23691,34.93158],[135.23635,34.9309],[135.23669,34.92888],[135.23886,34.9277],[135.24052,34.92612],[135.24202,34.92665],[135.24286,34.92801],[135.24541,34.92972],[135.24596,34.92962],[135.24651,34.92913],[135.24897,34.92947],[135.25005,34.92896],[135.25124,34.92626],[135.24924,34.92309],[135.24907,34.92264],[135.24923,34.92219],[135.24986,34.92185],[135.2515,34.92209],[135.2526,34.92183],[135.25325,34.92041],[135.25489,34.91997],[135.25663,34.91728],[135.25847,34.91661],[135.25872,34.91617],[135.25869,34.91459],[135.25896,34.91414],[135.25951,34.91409],[135.2606,34.91443],[135.26142,34.91432],[135.26235,34.91371],[135.26305,34.91259],[135.26298,34.91214],[135.26118,34.91032],[135.26009,34.91004],[135.25899,34.91067],[135.25862,34.91031],[135.25873,34.90963],[135.25955,34.90943],[135.26005,34.90896],[135.25996,34.90783],[135.26178,34.90514],[135.26192,34.90356],[135.2613,34.90198],[135.258,34.89791],[135.25775,34.89681],[135.2615,34.89613],[135.26184,34.89658],[135.26175,34.89748],[135.26208,34.89906],[135.26292,34.90005],[135.26346,34.90027],[135.26483,34.90027],[135.26593,34.89968],[135.2665,34.90044],[135.26702,34.90073],[135.26921,34.90048],[135.26977,34.90023],[135.27012,34.89978],[135.27006,34.89713],[135.26951,34.89679],[135.26814,34.89676],[135.26758,34.89639],[135.26491,34.89185],[135.26328,34.89073],[135.26329,34.88876],[135.26384,34.88885],[135.2652,34.88983],[135.26738,34.89028],[135.26836,34.89166],[135.26928,34.89227],[135.26982,34.89235],[135.27065,34.89191],[135.27256,34.89223],[135.27314,34.89191],[135.27314,34.89146],[135.27216,34.88943],[135.2715,34.88897],[135.2704,34.88913],[135.26991,34.88896],[135.27049,34.88829],[135.27014,34.88753],[135.26987,34.8873],[135.2685,34.88701],[135.26734,34.88579],[135.26753,34.88422],[135.26698,34.88241],[135.26947,34.88107],[135.27032,34.8795],[135.27022,34.87899],[135.26908,34.87837],[135.26906,34.87701],[135.26942,34.87648],[135.26996,34.87651],[135.2716,34.87716],[135.27209,34.87793],[135.27115,34.87973],[135.27035,34.88221],[135.27056,34.88288],[135.27156,34.88402],[135.27155,34.88537],[135.27097,34.88602],[135.26976,34.88603],[135.26943,34.88648],[135.26987,34.88689],[135.27397,34.88805],[135.2746,34.88854],[135.27493,34.88967],[135.27532,34.88991],[135.27641,34.8899],[135.27751,34.8892],[135.27888,34.88877],[135.28,34.88902],[135.2805,34.8897],[135.28034,34.89038],[135.27776,34.89239],[135.27797,34.89284],[135.27857,34.89311],[135.2805,34.89241],[135.28113,34.89151],[135.28298,34.88984],[135.285,34.88838],[135.28711,34.88562],[135.2901,34.88818],[135.29228,34.88897],[135.29338,34.88895],[135.29389,34.88866],[135.29395,34.8873],[135.29538,34.88506],[135.29548,34.88438],[135.29483,34.88325],[135.29327,34.88144],[135.29191,34.88031],[135.29181,34.87985],[135.29265,34.87821],[135.2943,34.87739],[135.29594,34.87698],[135.29779,34.87583],[135.29718,34.87403],[135.29709,34.8729],[135.29656,34.87199],[135.29681,34.87171],[135.29872,34.87139],[135.29927,34.87156],[135.29961,34.87426],[135.30077,34.87765],[135.30202,34.87901],[135.3012,34.88036],[135.30177,34.88171],[135.29918,34.88395],[135.29852,34.88665],[135.29886,34.88717],[135.30037,34.88802],[135.30045,34.88982],[135.30126,34.8914],[135.30275,34.89209],[135.30374,34.89285],[135.30428,34.89255],[135.30539,34.89129],[135.30785,34.89106],[135.30923,34.8906],[135.31032,34.89099],[135.31169,34.89091],[135.31278,34.89116],[135.31469,34.89306],[135.31604,34.89314],[135.31667,34.89284],[135.31726,34.89104],[135.31924,34.8897],[135.31961,34.88858],[135.32048,34.88768],[135.32067,34.887],[135.31911,34.88618],[135.31721,34.88475],[135.31639,34.88463],[135.31502,34.88479],[135.31415,34.88449],[135.31304,34.88358],[135.31273,34.88268],[135.31285,34.88238],[135.31367,34.88243],[135.31831,34.88374],[135.32077,34.88357],[135.32191,34.88453],[135.32268,34.8848],[135.32624,34.88372],[135.32656,34.88321],[135.32642,34.88208],[135.3268,34.8816],[135.32762,34.88163],[135.33171,34.88373],[135.33308,34.88325],[135.3355,34.8828],[135.33637,34.88207],[135.33774,34.88176],[135.33814,34.88147],[135.33869,34.88057],[135.33871,34.87832],[135.33751,34.87628],[135.33726,34.87538],[135.33801,34.8738],[135.33723,34.87267],[135.33672,34.87247],[135.3359,34.87253],[135.33552,34.87199],[135.33557,34.86996],[135.33613,34.86861],[135.33582,34.86726],[135.33592,34.86433],[135.33789,34.86368],[135.33926,34.86264],[135.34008,34.86269],[135.34172,34.86329],[135.34254,34.86288],[135.34337,34.86192],[135.34501,34.86175],[135.34748,34.85988],[135.34799,34.85741],[135.34876,34.85673],[135.34882,34.85628],[135.34743,34.85583],[135.34642,34.85447],[135.34535,34.85402],[135.34509,34.85225],[135.34427,34.85174],[135.34372,34.85178],[135.34262,34.85269],[135.34098,34.85276],[135.33988,34.85334],[135.33688,34.85314],[135.33251,34.85248],[135.3295,34.85272],[135.32731,34.85337],[135.32595,34.85262],[135.3245,34.85232],[135.32359,34.85119],[135.32241,34.8505],[135.3205,34.85017],[135.31913,34.8503],[135.31848,34.85003],[135.318,34.84935],[135.31828,34.84845],[135.31884,34.84733],[135.32114,34.84419],[135.32326,34.83834],[135.32377,34.83789],[135.32525,34.83734],[135.32486,34.84015],[135.32536,34.84128],[135.32631,34.84214],[135.32822,34.8427],[135.32958,34.84243],[135.33071,34.84176],[135.33234,34.83974],[135.33289,34.83961],[135.33441,34.84246],[135.33511,34.84449],[135.33585,34.84547],[135.33639,34.8457],[135.33858,34.84578],[135.34049,34.84621],[135.34158,34.84693],[135.34239,34.84711],[135.34322,34.84701],[135.34392,34.84657],[135.34415,34.84612],[135.34405,34.84544],[135.34302,34.84431],[135.34084,34.84339],[135.34041,34.84249],[135.34107,34.84218],[135.34189,34.84234],[135.34298,34.84286],[135.34433,34.844],[135.34488,34.84405],[135.3449,34.84342],[135.3434,34.84183],[135.34317,34.84093],[135.34382,34.83983],[135.34549,34.83914],[135.34602,34.83761],[135.3463,34.83752],[135.34956,34.84002],[135.34975,34.84141],[135.34961,34.84322],[135.34926,34.8437],[135.3478,34.84411],[135.34623,34.84598],[135.34481,34.84657],[135.34459,34.84702],[135.34502,34.84792],[135.34567,34.84836],[135.34703,34.8484],[135.34839,34.84914],[135.35058,34.84941],[135.35277,34.84918],[135.35578,34.84836],[135.35769,34.84875],[135.35988,34.84875],[135.36152,34.84902],[135.3648,34.84856],[135.36508,34.84916],[135.36407,34.85163],[135.36535,34.85299],[135.36563,34.85367],[135.36508,34.85434],[135.36396,34.85479],[135.36378,34.85524],[135.36447,34.85595],[135.36583,34.85637],[135.36665,34.85625],[135.3672,34.85582],[135.36674,34.8539],[135.37172,34.85009],[135.3732,34.84762],[135.37739,34.84615],[135.37866,34.84472],[135.38207,34.84178],[135.38399,34.84111],[135.38481,34.84112],[135.38726,34.84232],[135.38835,34.84259],[135.38945,34.84252],[135.38999,34.84311],[135.38997,34.8441],[135.38669,34.84557],[135.38504,34.84728],[135.38438,34.84723],[135.38368,34.84605],[135.38287,34.84543],[135.38068,34.84585],[135.37931,34.84578],[135.37873,34.84607],[135.37786,34.84742],[135.375,34.84943],[135.37451,34.85236],[135.37516,34.85276],[135.37707,34.8529],[135.37759,34.85328],[135.37768,34.85373],[135.37733,34.8542],[135.37463,34.85574],[135.37403,34.85715],[135.37252,34.85776],[135.37201,34.85911],[135.37172,34.86159],[135.37235,34.86219],[135.37447,34.86273],[135.37483,34.86318],[135.37461,34.86363],[135.37398,34.86397],[135.37179,34.86391],[135.37145,34.86452],[135.37237,34.86542],[135.37256,34.86655],[135.37313,34.8672],[135.37723,34.86724],[135.37766,34.86748],[135.37775,34.86793],[135.37632,34.86927],[135.37648,34.8704],[135.37542,34.87378],[135.37562,34.87581],[135.37416,34.87578],[135.37115,34.87656],[135.37066,34.87713],[135.37026,34.87848],[135.36757,34.87917],[135.36701,34.88027],[135.36345,34.88205],[135.36374,34.88318],[135.36272,34.88723],[135.36341,34.88761],[135.36477,34.88747],[135.36511,34.8877],[135.36499,34.88815],[135.36285,34.88889],[135.36148,34.88888],[135.36039,34.88858],[135.35981,34.88812],[135.35796,34.88503],[135.3555,34.88424],[135.35457,34.88471],[135.35366,34.88606],[135.35186,34.88695],[135.35115,34.88762],[135.35151,34.8892],[135.35087,34.89033],[135.3512,34.89078],[135.35298,34.89133],[135.35518,34.89063],[135.35572,34.89081],[135.35592,34.89125],[135.35467,34.89237],[135.35215,34.89333],[135.35151,34.89393],[135.35138,34.89551],[135.3525,34.89619],[135.35267,34.89664],[135.35202,34.89822],[135.35212,34.89957],[135.35116,34.90159],[135.3504,34.90721],[135.35138,34.90813],[135.35203,34.90834],[135.35368,34.90769],[135.35614,34.90722],[135.35687,34.90771],[135.35766,34.90907],[135.35916,34.9102],[135.3583,34.91151],[135.3561,34.91257],[135.35417,34.91422],[135.35333,34.91671],[135.35172,34.91873],[135.35194,34.91959],[135.35249,34.91984],[135.35421,34.91987],[135.35576,34.9214],[135.35713,34.92108],[135.35794,34.92151],[135.35849,34.92153],[135.35959,34.92066],[135.36042,34.92047],[135.36232,34.92164],[135.36396,34.9219],[135.36437,34.92172],[135.36589,34.92009],[135.36726,34.92008],[135.36761,34.91971],[135.36759,34.91858],[135.36618,34.91783],[135.36575,34.91722],[135.36592,34.91691],[135.3703,34.91559],[135.37249,34.91524],[135.37304,34.91534],[135.37337,34.91568],[135.37334,34.91659],[135.37262,34.91793],[135.37269,34.91861],[135.37236,34.91928],[135.37285,34.92086],[135.3728,34.92244],[135.37132,34.92401],[135.37096,34.92491],[135.37093,34.92581],[135.37062,34.92626],[135.36967,34.92698],[135.36912,34.92704],[135.36813,34.9267],[135.36667,34.92577],[135.36448,34.92568],[135.36311,34.92609],[135.36271,34.92667],[135.36242,34.92915],[135.36258,34.93005],[135.36185,34.93163],[135.36196,34.9332],[135.36305,34.93411],[135.36523,34.93466],[135.36578,34.9345],[135.36716,34.93322],[135.36795,34.93323],[135.368,34.93369],[135.36746,34.93481],[135.36597,34.93593],[135.3658,34.93638],[135.3662,34.93706],[135.36767,34.93827],[135.36849,34.93841],[135.37041,34.93731],[135.37151,34.937],[135.3721,34.93619],[135.37345,34.93304],[135.37373,34.93293],[135.37454,34.93444],[135.37546,34.93508],[135.37569,34.93553],[135.37754,34.93589],[135.37744,34.93711],[135.37845,34.93825],[135.37764,34.93914],[135.37759,34.93982],[135.37887,34.94102],[135.37987,34.94141],[135.38045,34.94231],[135.38156,34.94209],[135.38179,34.94119],[135.38215,34.94095],[135.3831,34.9412],[135.38406,34.94217],[135.3857,34.94263],[135.38679,34.9424],[135.38734,34.94208],[135.3877,34.94145],[135.38755,34.93965],[135.38819,34.93901],[135.38873,34.93899],[135.3899,34.93966],[135.39024,34.94011],[135.39007,34.94101],[135.38919,34.94191],[135.38951,34.94281],[135.39034,34.94329],[135.39253,34.94363],[135.39335,34.94458],[135.39389,34.94479],[135.39471,34.94464],[135.39526,34.9443],[135.39637,34.94335],[135.39702,34.9424],[135.3973,34.9406],[135.39655,34.93856],[135.39689,34.93721],[135.39723,34.93695],[135.4038,34.93757],[135.40572,34.93697],[135.40566,34.93771],[135.40598,34.93818],[135.40816,34.93945],[135.40953,34.93964],[135.41006,34.93931],[135.41063,34.93825],[135.41283,34.93708],[135.4133,34.93662],[135.41547,34.93077],[135.41538,34.92942],[135.41426,34.92821],[135.41372,34.92808],[135.41152,34.92858],[135.4107,34.92856],[135.41016,34.92821],[135.41008,34.92736],[135.41042,34.92691],[135.41099,34.92667],[135.41345,34.92657],[135.41415,34.92625],[135.41432,34.9258],[135.41403,34.9249],[135.41445,34.92265],[135.41689,34.92063],[135.41788,34.91884],[135.41844,34.91858],[135.4189,34.91929],[135.41832,34.92109],[135.41858,34.92267],[135.41918,34.9238],[135.42038,34.92516],[135.41946,34.92856],[135.42028,34.9291],[135.4241,34.92991],[135.42373,34.93148],[135.42229,34.93283],[135.42237,34.93351],[135.42407,34.93434],[135.42475,34.93374],[135.42573,34.93226],[135.42682,34.93206],[135.42874,34.93223],[135.42983,34.9319],[135.43202,34.9325],[135.43476,34.93237],[135.4394,34.93423],[135.44021,34.9349],[135.44103,34.93612],[135.44391,34.93924],[135.44619,34.94083],[135.44687,34.94331],[135.44816,34.94444],[135.44745,34.94557],[135.4478,34.94661],[135.45134,34.94863],[135.45193,34.94852],[135.45272,34.94741],[135.45409,34.94759],[135.45576,34.94628],[135.45738,34.94471],[135.458,34.94268],[135.45714,34.94171],[135.45598,34.9411],[135.45589,34.93975],[135.45551,34.9395],[135.45387,34.93926],[135.45289,34.93793],[135.45182,34.93702],[135.44924,34.93582],[135.44811,34.93475],[135.44648,34.93249],[135.44547,34.92978],[135.4476,34.92686],[135.44958,34.92572],[135.4504,34.92557],[135.45267,34.92734],[135.45381,34.92937],[135.4542,34.92967],[135.45667,34.92936],[135.46022,34.93039],[135.46159,34.92991],[135.46188,34.93008],[135.46203,34.93121],[135.46266,34.93279],[135.46373,34.93437],[135.46465,34.93505],[135.46586,34.93551],[135.46638,34.93664],[135.46729,34.93711],[135.46811,34.93705],[135.46894,34.9363],[135.46923,34.93485],[135.47143,34.93268],[135.47389,34.93209],[135.47608,34.93245],[135.47773,34.93157],[135.47982,34.93106],[135.48004,34.93061],[135.47993,34.92972],[135.47876,34.92858],[135.47913,34.9267],[135.47858,34.92632],[135.47721,34.92636],[135.47684,34.92609],[135.47705,34.92429],[135.47604,34.92203],[135.47571,34.92023],[135.47589,34.91985],[135.47643,34.91964],[135.4778,34.92008],[135.47889,34.92006],[135.48,34.91889],[135.4802,34.91777],[135.47963,34.91596],[135.47892,34.9155],[135.47783,34.91567],[135.47728,34.9155],[135.47677,34.91392],[135.4771,34.91347],[135.47921,34.91295],[135.48085,34.91324],[135.4814,34.91309],[135.48179,34.91236],[135.4813,34.91101],[135.47978,34.9091],[135.47788,34.90782],[135.47624,34.90768],[135.47487,34.90699],[135.47351,34.90662],[135.47077,34.90742],[135.46749,34.90708],[135.46724,34.90667],[135.46815,34.90352],[135.46806,34.90229],[135.46752,34.90192],[135.46369,34.90128],[135.46335,34.90079],[135.46356,34.89921],[135.46326,34.89741],[135.46281,34.89651],[135.46282,34.89515],[135.46346,34.89446],[135.46538,34.89412],[135.46654,34.89314],[135.4665,34.89083],[135.46705,34.89057],[135.46817,34.89067],[135.46835,34.8909],[135.46804,34.89225],[135.46894,34.89315],[135.46949,34.89322],[135.47059,34.89284],[135.47332,34.89315],[135.47387,34.89291],[135.47423,34.89205],[135.47374,34.89002],[135.47198,34.88821],[135.47032,34.88369],[135.46983,34.88304],[135.46901,34.88293],[135.46572,34.88332],[135.46463,34.88295],[135.46464,34.88249],[135.466,34.88239],[135.46652,34.8821],[135.46659,34.8812],[135.46524,34.87894],[135.46276,34.87632],[135.46194,34.87637],[135.46056,34.87785],[135.45974,34.87803],[135.45954,34.87756],[135.46039,34.87689],[135.4603,34.87633],[135.45784,34.87563],[135.45648,34.87496],[135.45566,34.87492],[135.45511,34.87551],[135.45375,34.87618],[135.45428,34.87689],[135.45437,34.87754],[135.454,34.8784],[135.45345,34.87863],[135.45263,34.87834],[135.45231,34.87798],[135.45255,34.8773],[135.45372,34.87641],[135.45265,34.87573],[135.44991,34.87567],[135.44855,34.87501],[135.44664,34.87473],[135.44554,34.87502],[135.44335,34.87506],[135.44105,34.8741],[135.44046,34.87319],[135.43981,34.87271],[135.4376,34.87228],[135.43805,34.87048],[135.43738,34.86799],[135.43766,34.86752],[135.43985,34.86702],[135.44095,34.86704],[135.4421,34.86756],[135.44367,34.86872],[135.44503,34.86923],[135.44585,34.86918],[135.44805,34.86848],[135.44941,34.86876],[135.45023,34.86846],[135.45053,34.86783],[135.45006,34.86647],[135.44834,34.86608],[135.44785,34.86511],[135.44973,34.86264],[135.44983,34.86197],[135.44896,34.85903],[135.44843,34.85813],[135.44694,34.85699],[135.4454,34.85491],[135.44348,34.85315],[135.44356,34.8527],[135.44491,34.85203],[135.44583,34.8509],[135.44608,34.84955],[135.44549,34.84842],[135.44409,34.84748],[135.44217,34.84719],[135.44027,34.84635],[135.43863,34.84619],[135.43672,34.84475],[135.4344,34.84409],[135.43422,34.84386],[135.43465,34.84274],[135.43465,34.84161],[135.43433,34.84094],[135.43375,34.84044],[135.43347,34.84039],[135.43307,34.8407],[135.43318,34.84183],[135.43266,34.84296],[135.43051,34.8443],[135.42961,34.84543],[135.42879,34.84554],[135.42798,34.84478],[135.42743,34.84478],[135.42695,34.84586],[135.42776,34.84676],[135.42802,34.84767],[135.428,34.84924],[135.42767,34.85011],[135.42701,34.85082],[135.4274,34.85217],[135.42737,34.85307],[135.42764,34.85326],[135.42983,34.85324],[135.43093,34.85257],[135.43148,34.85249],[135.43365,34.85413],[135.43382,34.85446],[135.43316,34.85558],[135.43416,34.85649],[135.43425,34.85694],[135.4339,34.85748],[135.43225,34.85875],[135.43171,34.85892],[135.43061,34.85875],[135.43006,34.85907],[135.42964,34.86097],[135.43012,34.86255],[135.43003,34.863],[135.42921,34.86366],[135.42785,34.86338],[135.42749,34.86367],[135.42841,34.86592],[135.42843,34.86683],[135.42755,34.86734],[135.42509,34.867],[135.42456,34.86726],[135.42424,34.86816],[135.42526,34.86906],[135.42537,34.86974],[135.4241,34.87131],[135.42259,34.872],[135.42249,34.87401],[135.42279,34.87446],[135.42312,34.87451],[135.42422,34.87378],[135.42532,34.87342],[135.4262,34.87358],[135.42647,34.87403],[135.42636,34.87515],[135.42822,34.87787],[135.42878,34.88035],[135.42929,34.88125],[135.431,34.88133],[135.43375,34.8803],[135.43429,34.8804],[135.43466,34.88083],[135.43546,34.88308],[135.43516,34.88376],[135.43454,34.88383],[135.43291,34.88327],[135.43154,34.88319],[135.43072,34.88349],[135.43014,34.88419],[135.43016,34.88482],[135.43125,34.88577],[135.43078,34.88689],[135.43142,34.8878],[135.43114,34.88847],[135.43015,34.88914],[135.4304,34.89032],[135.43176,34.89054],[135.43239,34.89141],[135.43557,34.89394],[135.43748,34.89485],[135.43999,34.8955],[135.44347,34.89837],[135.44402,34.89829],[135.44512,34.8975],[135.44786,34.89705],[135.4484,34.89719],[135.44941,34.89847],[135.4496,34.89983],[135.45002,34.90048],[135.45107,34.90073],[135.45166,34.90143],[135.45423,34.903],[135.4538,34.90435],[135.45464,34.90483],[135.45494,34.90526],[135.45409,34.90645],[135.45332,34.90683],[135.4549,34.90749],[135.45708,34.90881],[135.45747,34.90955],[135.45709,34.91045],[135.45443,34.91202],[135.45705,34.91364],[135.45925,34.91429],[135.46023,34.9152],[135.45977,34.91551],[135.45649,34.9153],[135.45457,34.91566],[135.45293,34.91491],[135.44991,34.91583],[135.44962,34.91628],[135.44991,34.91666],[135.45128,34.91723],[135.45319,34.9172],[135.45347,34.91738],[135.45375,34.91833],[135.45459,34.91923],[135.45427,34.91986],[135.45372,34.92015],[135.45208,34.92031],[135.45126,34.92015],[135.45076,34.92034],[135.45054,34.92079],[135.4507,34.92116],[135.45208,34.92068],[135.4526,34.92103],[135.45271,34.9217],[135.45246,34.92238],[135.45204,34.92283],[135.44905,34.92378],[135.44823,34.92353],[135.44695,34.92235],[135.447,34.92123],[135.4466,34.92091],[135.44469,34.92091],[135.44277,34.92154],[135.4403,34.92197],[135.43785,34.91972],[135.43515,34.91779],[135.43533,34.91531],[135.4357,34.9146],[135.43652,34.91416],[135.43816,34.91459],[135.43928,34.9133],[135.439,34.91255],[135.43682,34.91127],[135.436,34.91118],[135.43463,34.91148],[135.43325,34.9124],[135.43188,34.91289],[135.43125,34.91281],[135.43052,34.91218],[135.42942,34.91276],[135.4286,34.91245],[135.42778,34.91272],[135.42723,34.91257],[135.42676,34.91144],[135.42698,34.90996],[135.42561,34.90927],[135.42455,34.90827],[135.42455,34.90782],[135.42582,34.90625],[135.426,34.90558],[135.42521,34.90309],[135.42461,34.90219],[135.42294,34.90064],[135.42239,34.9009],[135.4212,34.90217],[135.42074,34.90232],[135.41994,34.90217],[135.41731,34.899],[135.41639,34.89847],[135.41229,34.89845],[135.41045,34.89942],[135.41074,34.90032],[135.40977,34.90167],[135.40952,34.90279],[135.40647,34.90526],[135.40653,34.90571],[135.40775,34.90662],[135.40783,34.90752],[135.40841,34.9082],[135.40845,34.90865],[135.40728,34.90999],[135.40627,34.91224],[135.40472,34.91314],[135.40512,34.91427],[135.40501,34.91472],[135.40313,34.91569],[135.40121,34.91723],[135.40039,34.91734],[135.3993,34.91717],[135.39821,34.91622],[135.39684,34.91656],[135.39576,34.91557],[135.3952,34.91545],[135.3941,34.91601],[135.39273,34.91632],[135.39192,34.91826],[135.39135,34.91842],[135.3908,34.91735],[135.39027,34.91699],[135.38808,34.9172],[135.38753,34.91704],[135.38653,34.91575],[135.38565,34.91507],[135.3851,34.91349],[135.38428,34.91262],[135.38373,34.91252],[135.38236,34.91281],[135.381,34.91153],[135.37964,34.91164],[135.37876,34.9112],[135.37812,34.90895],[135.37895,34.90805],[135.37894,34.90692],[135.3794,34.90665],[135.38077,34.90682],[135.38131,34.9067],[135.38219,34.90491],[135.38219,34.90378],[135.38097,34.9013],[135.38163,34.90039],[135.38187,34.89928],[135.383,34.89838],[135.38294,34.89703],[135.38386,34.89523],[135.38441,34.89504],[135.38496,34.89521],[135.38777,34.89728],[135.39094,34.90203],[135.3931,34.90355],[135.39419,34.90385],[135.39474,34.90371],[135.39551,34.90227],[135.39537,34.9016],[135.39476,34.90131],[135.39339,34.90162],[135.39284,34.90143],[135.39174,34.89955],[135.39178,34.8991],[135.39232,34.89854],[135.39396,34.89784],[135.39345,34.8964],[135.39508,34.89525],[135.39795,34.8944],[135.39819,34.89305],[135.39795,34.89214],[135.39866,34.89125],[135.39948,34.89116],[135.40058,34.89051],[135.40277,34.89059],[135.40311,34.89037],[135.40169,34.88903],[135.39959,34.88877],[135.39986,34.88787],[135.40002,34.88472],[135.40063,34.88421],[135.4017,34.88405],[135.40188,34.88383],[135.40145,34.88338],[135.40036,34.88355],[135.39984,34.88314],[135.40017,34.88201],[135.4001,34.88108],[135.40093,34.88057],[135.40311,34.881],[135.40448,34.88084],[135.40833,34.87842],[135.40997,34.87795],[135.41021,34.87756],[135.41023,34.87711],[135.40998,34.87693],[135.40861,34.87716],[135.40588,34.87647],[135.40552,34.87596],[135.40523,34.8737],[135.40248,34.87143],[135.40266,34.87031],[135.40419,34.86874],[135.40381,34.86806],[135.40371,34.86558],[135.40432,34.86486],[135.40569,34.8647],[135.40596,34.86424],[135.4057,34.86384],[135.40515,34.86374],[135.40405,34.86457],[135.40323,34.8646],[135.40194,34.86287],[135.40211,34.86174],[135.40079,34.86114],[135.40021,34.86038],[135.40054,34.85948],[135.40225,34.85768],[135.4025,34.85633],[135.40384,34.85582],[135.40423,34.85544],[135.40547,34.85116],[135.40489,34.84891],[135.40495,34.84823],[135.40554,34.84798],[135.40635,34.84834],[135.4069,34.84819],[135.40588,34.84553],[135.40586,34.84418],[135.40604,34.84238],[135.40713,34.84081],[135.40695,34.839],[135.4057,34.83809],[135.40557,34.83764],[135.40586,34.83674],[135.40535,34.83614],[135.4048,34.83622],[135.4026,34.83794],[135.40123,34.83853],[135.40069,34.83844],[135.39824,34.8365],[135.39687,34.83679],[135.39605,34.83667],[135.39574,34.83624],[135.39587,34.83534],[135.39559,34.83444],[135.39717,34.83323],[135.39908,34.83398],[135.39932,34.83378],[135.39926,34.83333],[135.39854,34.8326],[135.39471,34.83283],[135.39224,34.83421],[135.38897,34.83347],[135.3876,34.83431],[135.3865,34.83452],[135.38585,34.83416],[135.38487,34.83296],[135.3837,34.83235],[135.38342,34.831],[135.38217,34.82917],[135.38162,34.8289],[135.38108,34.82891],[135.3803,34.83008],[135.37805,34.83095],[135.37751,34.83075],[135.37659,34.82984],[135.37589,34.8283],[135.37561,34.82826],[135.37397,34.82845],[135.3726,34.82919],[135.37123,34.8293],[135.37014,34.82972],[135.36921,34.82957],[135.36878,34.82874],[135.36827,34.82912],[135.36818,34.83024],[135.36658,34.83084],[135.36602,34.83139],[135.36575,34.83151],[135.36493,34.83112],[135.36329,34.83119],[135.36236,34.83044],[135.3622,34.82908],[135.36113,34.82802],[135.36059,34.82786],[135.35894,34.82804],[135.35785,34.82769],[135.35703,34.82769],[135.35671,34.82725],[135.35686,34.82658],[135.35569,34.82509],[135.35432,34.82481],[135.35351,34.82423],[135.35187,34.82401],[135.35102,34.82317],[135.35052,34.82218],[135.34897,34.82113],[135.34898,34.82],[135.34808,34.8192],[135.34754,34.81915],[135.34671,34.81954],[135.34501,34.82111],[135.34397,34.82142],[135.34342,34.82132],[135.34179,34.82031],[135.34125,34.81937],[135.3407,34.81941],[135.33768,34.8211],[135.33632,34.8208],[135.33577,34.82093],[135.33538,34.8215],[135.33521,34.82314],[135.33466,34.82339],[135.33329,34.82333],[135.33224,34.82374],[135.33127,34.82554],[135.33081,34.82585],[135.32808,34.82559],[135.32688,34.82461],[135.3259,34.82454],[135.32538,34.82483],[135.32511,34.82573],[135.3248,34.82595],[135.32343,34.82581],[135.32261,34.82656],[135.32151,34.8267],[135.31959,34.82735],[135.3185,34.82701],[135.3178,34.82727],[135.31771,34.82772],[135.3193,34.82974],[135.32122,34.82906],[135.32177,34.82903],[135.32231,34.8293],[135.32315,34.83135],[135.3232,34.83248],[135.32227,34.83415],[135.31921,34.83606],[135.31867,34.83696],[135.31817,34.83944],[135.31624,34.84213],[135.31298,34.84482],[135.31246,34.84842],[135.3131,34.85252],[135.31364,34.85266],[135.31475,34.85145],[135.3153,34.85132],[135.31584,34.85158],[135.31639,34.8525],[135.31779,34.85363],[135.31782,34.85431],[135.3171,34.85521],[135.31704,34.85566],[135.31825,34.85797],[135.31879,34.85846],[135.31988,34.85867],[135.3229,34.85788],[135.32536,34.85806],[135.32864,34.85766],[135.33001,34.85783],[135.33165,34.85744],[135.33548,34.85744],[135.33685,34.85725],[135.33766,34.85744],[135.33827,34.85803],[135.33854,34.85893],[135.33819,34.85966],[135.33381,34.86045],[135.33162,34.86122],[135.32724,34.86172],[135.32587,34.8621],[135.32368,34.86217],[135.32284,34.862],[135.32041,34.86064],[135.31671,34.86016],[135.31632,34.86039],[135.31616,34.86084],[135.31693,34.86242],[135.31671,34.86309],[135.31602,34.86335],[135.31493,34.86284],[135.31274,34.86239],[135.3122,34.86249],[135.31182,34.86307],[135.31187,34.86397],[135.313,34.86445],[135.31325,34.8651],[135.31262,34.86578],[135.31134,34.86644],[135.3108,34.86651],[135.31006,34.86621],[135.30898,34.86463],[135.30835,34.86429],[135.30506,34.86538],[135.30373,34.86527],[135.30334,34.86482],[135.30327,34.86302],[135.3029,34.86205],[135.2999,34.86195],[135.29769,34.86141],[135.29633,34.85915],[135.29655,34.8587],[135.29793,34.85758],[135.29783,34.85713],[135.2972,34.85667],[135.29557,34.85658],[135.29485,34.85688],[135.29462,34.85733],[135.29454,34.86026],[135.2928,34.86103],[135.29187,34.86047],[135.29013,34.85843],[135.28709,34.85727],[135.28408,34.85719],[135.28134,34.85792],[135.28079,34.8576],[135.2797,34.85744],[135.27815,34.85634],[135.27832,34.85566],[135.27924,34.85476],[135.27937,34.85341],[135.28013,34.85116],[135.28014,34.85026],[135.27935,34.84913],[135.27724,34.84799],[135.27593,34.84483],[135.27633,34.8437],[135.27674,34.84326],[135.27846,34.84333],[135.2791,34.84304],[135.27947,34.84237],[135.27935,34.84147],[135.27985,34.84103],[135.28149,34.84095],[135.2834,34.84141],[135.28396,34.84172],[135.2843,34.8424],[135.28423,34.84398],[135.28281,34.8469],[135.28225,34.84743],[135.28115,34.84781],[135.28079,34.84824],[135.28078,34.84891],[135.2814,34.85004],[135.28249,34.85079],[135.28414,34.85042],[135.28658,34.85241],[135.2874,34.85265],[135.28904,34.8522],[135.29125,34.85044],[135.29343,34.85089],[135.29452,34.85088],[135.29534,34.85061],[135.29644,34.84968],[135.2967,34.84833],[135.29757,34.84743],[135.29893,34.84747],[135.29956,34.84835],[135.30001,34.84859],[135.30056,34.84864],[135.3011,34.84839],[135.30202,34.84746],[135.30206,34.84543],[135.30182,34.8443],[135.30279,34.84296],[135.30363,34.84088],[135.30417,34.84099],[135.30471,34.84188],[135.30553,34.84213],[135.30745,34.84138],[135.31019,34.84067],[135.31128,34.84089],[135.3121,34.84137],[135.31264,34.84135],[135.31557,34.83987],[135.31641,34.83875],[135.31661,34.83808],[135.3157,34.83585],[135.31515,34.83568],[135.31378,34.83588],[135.31076,34.83534],[135.31035,34.83511],[135.31044,34.83421],[135.30997,34.83377],[135.30935,34.83398],[135.30887,34.83469],[135.30833,34.83477],[135.3077,34.83397],[135.30779,34.83194],[135.30726,34.83119],[135.30672,34.83127],[135.30534,34.83246],[135.30424,34.83282],[135.30314,34.83353],[135.3004,34.83446],[135.29847,34.83347],[135.29837,34.83302],[135.29899,34.83212],[135.29879,34.83177],[135.29687,34.8316],[135.29605,34.83219],[135.2955,34.83231],[135.2949,34.83187],[135.29489,34.83142],[135.29532,34.83074],[135.29506,34.83029],[135.29443,34.83003],[135.29333,34.8301],[135.29299,34.82983],[135.29334,34.82923],[135.29526,34.82821],[135.29706,34.82535],[135.29933,34.82333],[135.3005,34.82326],[135.3024,34.82405],[135.30458,34.82291],[135.30473,34.82111],[135.30407,34.82063],[135.30135,34.81988],[135.30104,34.81928],[135.30163,34.81862],[135.30519,34.81782],[135.30553,34.81751],[135.30593,34.81638],[135.3063,34.81612],[135.30848,34.81593],[135.30984,34.81667],[135.31082,34.81866],[135.31309,34.82033],[135.31506,34.81846],[135.31559,34.81756],[135.31557,34.81711],[135.31314,34.81483],[135.31095,34.81553],[135.31013,34.81542],[135.30941,34.81392],[135.30945,34.81325],[135.31064,34.81235],[135.3122,34.81168],[135.3122,34.81123],[135.30935,34.81006],[135.30542,34.80894],[135.30333,34.80668],[135.30229,34.8046],[135.29975,34.80237],[135.29905,34.80098],[135.29714,34.79977],[135.29551,34.7992],[135.29415,34.79835],[135.29197,34.79774],[135.28979,34.79767],[135.28926,34.79803],[135.28896,34.79869],[135.28841,34.79873],[135.28651,34.7973],[135.28488,34.79662],[135.28421,34.79687],[135.2824,34.79844],[135.28131,34.79851],[135.27995,34.79817],[135.2794,34.79834],[135.27876,34.7991],[135.27876,34.80067],[135.27856,34.80093],[135.27747,34.79976],[135.27736,34.79864],[135.27773,34.79751],[135.2789,34.79549],[135.279,34.79481],[135.27871,34.79414],[135.27752,34.793],[135.27671,34.79272],[135.2748,34.79346],[135.27343,34.79367],[135.27242,34.795],[135.27177,34.79538],[135.27143,34.79522],[135.27046,34.79364],[135.26957,34.79273],[135.26803,34.79024],[135.26718,34.78948],[135.26446,34.78876],[135.26336,34.78883],[135.26199,34.78924],[135.26172,34.78912],[135.2612,34.78727],[135.26001,34.78591],[135.2597,34.78478],[135.26,34.78433],[135.26068,34.78389],[135.26396,34.78322],[135.26614,34.78418],[135.26778,34.78409],[135.26887,34.78351],[135.26973,34.78214],[135.27106,34.78147],[135.27136,34.78046],[135.27,34.77968],[135.26897,34.7783],[135.26933,34.7765],[135.26894,34.77549],[135.26786,34.77487],[135.26624,34.77288],[135.26569,34.77281],[135.26459,34.77312],[135.2638,34.77264],[135.26396,34.77196],[135.26548,34.77062],[135.26658,34.76905],[135.26493,34.76663],[135.26383,34.76645],[135.26219,34.76679],[135.26132,34.76609],[135.26001,34.76605],[135.25828,34.76674],[135.25767,34.76832],[135.25726,34.76851],[135.25536,34.76747],[135.25291,34.76655],[135.25285,34.76603],[135.25374,34.76557],[135.25565,34.76541],[135.25702,34.76496],[135.25788,34.76426],[135.25923,34.76228],[135.2595,34.76226],[135.26059,34.76287],[135.26168,34.76258],[135.26332,34.76286],[135.2641,34.76408],[135.26494,34.76443],[135.26549,34.76433],[135.26659,34.76363],[135.26846,34.7641],[135.26931,34.76458],[135.27095,34.76474],[135.272,34.76457],[135.27369,34.76323],[135.27377,34.76278],[135.27313,34.76165],[135.27302,34.76052],[135.2739,34.75918],[135.27483,34.75866],[135.27619,34.75893],[135.27751,34.7601],[135.27751,34.7619],[135.27812,34.76303],[135.27943,34.76356],[135.28114,34.76328],[135.28187,34.76283],[135.28243,34.76171],[135.28352,34.76104],[135.28364,34.76036],[135.28312,34.75946],[135.28138,34.75844],[135.28068,34.75741],[135.28112,34.75713],[135.28303,34.75701],[135.28468,34.75647],[135.28615,34.75542],[135.28694,34.75429],[135.28907,34.75331],[135.28962,34.75326],[135.29043,34.75408],[135.29074,34.75477],[135.29092,34.75702],[135.29259,34.75996],[135.2928,34.76154],[135.29393,34.76403],[135.29404,34.76538],[135.2935,34.76628],[135.29304,34.76786],[135.2914,34.76806],[135.28977,34.76714],[135.28817,34.76805],[135.28763,34.7703],[135.28809,34.77233],[135.28729,34.77368],[135.28889,34.77517],[135.29055,34.7755],[135.2906,34.77663],[135.29157,34.77753],[135.29261,34.77799],[135.29405,34.7781],[135.29569,34.77786],[135.29761,34.77708],[135.30006,34.77775],[135.30061,34.77812],[135.30172,34.7794],[135.30148,34.77962],[135.30059,34.77955],[135.30004,34.77977],[135.29949,34.78125],[135.29839,34.78188],[135.29787,34.78275],[135.29765,34.78388],[135.29799,34.78456],[135.29973,34.78472],[135.30191,34.78541],[135.30746,34.78551],[135.30746,34.78619],[135.30663,34.78709],[135.30567,34.78888],[135.30597,34.78941],[135.30807,34.7907],[135.30787,34.79145],[135.3065,34.79201],[135.30628,34.79249],[135.30626,34.79317],[135.30734,34.79498],[135.30593,34.79503],[135.30519,34.79542],[135.30511,34.79632],[135.30423,34.79767],[135.30371,34.79924],[135.3042,34.80082],[135.30505,34.80154],[135.30669,34.80222],[135.30887,34.80235],[135.31132,34.80296],[135.31351,34.8026],[135.31515,34.80261],[135.31842,34.80364],[135.31979,34.80384],[135.32032,34.80429],[135.32067,34.80565],[135.32167,34.80689],[135.3244,34.80817],[135.32658,34.80838],[135.32711,34.81017],[135.32902,34.81125],[135.32943,34.8111],[135.33168,34.80886],[135.33185,34.80841],[135.33145,34.80773],[135.32996,34.80705],[135.32998,34.80592],[135.32949,34.80457],[135.32996,34.80299],[135.32995,34.80142],[135.33046,34.80114],[135.33099,34.8012],[135.33401,34.80257],[135.33537,34.80287],[135.33619,34.8027],[135.33653,34.80235],[135.33656,34.80145],[135.3363,34.801],[135.33539,34.80032],[135.3343,34.80005],[135.33304,34.79828],[135.33322,34.79782],[135.33514,34.79626],[135.33566,34.79514],[135.33573,34.79424],[135.33775,34.79222],[135.33711,34.79086],[135.33802,34.78884],[135.33913,34.78817],[135.34014,34.78697],[135.34096,34.78658],[135.3426,34.78661],[135.34396,34.7878],[135.34452,34.7873],[135.34434,34.78617],[135.34398,34.78562],[135.34316,34.78511],[135.3418,34.78472],[135.34016,34.78496],[135.33796,34.78623],[135.3355,34.7862],[135.33351,34.78589],[135.3334,34.78566],[135.33453,34.78476],[135.3357,34.78319],[135.33772,34.78269],[135.34018,34.78159],[135.34264,34.78162],[135.34296,34.78188],[135.34315,34.78278],[135.34372,34.78371],[135.34481,34.78425],[135.34528,34.78392],[135.34445,34.78234],[135.34477,34.78099],[135.34449,34.77986],[135.345,34.77919],[135.34623,34.77852],[135.34647,34.77784],[135.34595,34.77734],[135.34405,34.77672],[135.34323,34.77557],[135.34181,34.77421],[135.3421,34.77309],[135.34294,34.77219],[135.34296,34.77129],[135.34327,34.77065],[135.34536,34.77017],[135.34458,34.76859],[135.34524,34.76724],[135.34656,34.76657],[135.34611,34.76522],[135.34765,34.76252],[135.34685,34.76162],[135.34621,34.75846],[135.34423,34.75642],[135.34472,34.75507],[135.34429,34.75439],[135.34368,34.75424],[135.34245,34.75438],[135.34232,34.75461],[135.34294,34.75551],[135.34297,34.75619],[135.34264,34.75686],[135.34165,34.75753],[135.34209,34.75911],[135.34172,34.75963],[135.34032,34.76023],[135.34035,34.76048],[135.34218,34.76159],[135.34332,34.76205],[135.34321,34.76385],[135.3438,34.76498],[135.34348,34.76611],[135.34379,34.76701],[135.34357,34.76725],[135.34139,34.76774],[135.33946,34.76879],[135.33864,34.7697],[135.33645,34.7706],[135.33562,34.7714],[135.3348,34.77139],[135.3329,34.77024],[135.33153,34.7709],[135.3307,34.77207],[135.33015,34.77212],[135.32879,34.77121],[135.32716,34.77066],[135.32579,34.77102],[135.32416,34.77023],[135.32225,34.77027],[135.32171,34.76983],[135.3214,34.76914],[135.32127,34.76734],[135.31927,34.76679],[135.31854,34.76619],[135.31828,34.76552],[135.31872,34.76462],[135.31855,34.76417],[135.3182,34.76373],[135.31711,34.76353],[135.31673,34.76258],[135.31585,34.76167],[135.31593,34.76055],[135.31728,34.75965],[135.31646,34.7583],[135.31478,34.75716],[135.31343,34.75445],[135.31356,34.75377],[135.31474,34.75288],[135.3149,34.75243],[135.31382,34.75129],[135.31413,34.74949],[135.31315,34.74752],[135.31178,34.74772],[135.31015,34.74754],[135.30933,34.74769],[135.30742,34.74697],[135.30605,34.74744],[135.30359,34.74787],[135.30277,34.74829],[135.30141,34.74774],[135.30063,34.74874],[135.29949,34.74866],[135.29839,34.7492],[135.29676,34.74845],[135.29403,34.74862],[135.29356,34.74825],[135.29371,34.74757],[135.29345,34.74667],[135.29378,34.74608],[135.29487,34.7451],[135.29488,34.7442],[135.29216,34.7435],[135.29078,34.74478],[135.28969,34.74505],[135.28915,34.74484],[135.28878,34.74416],[135.28869,34.74304],[135.28826,34.74236],[135.28808,34.741],[135.28664,34.73964],[135.28628,34.73897],[135.28473,34.73806],[135.28294,34.73602],[135.28131,34.73583],[135.28091,34.736],[135.28027,34.73916],[135.27991,34.73967],[135.27799,34.74027],[135.2758,34.74141],[135.27361,34.74159],[135.2717,34.74118],[135.27128,34.74091],[135.27111,34.74045],[135.27154,34.73865],[135.26994,34.73684],[135.26929,34.73654],[135.26716,34.73637],[135.26592,34.73479],[135.26358,34.7336],[135.26222,34.73329],[135.26183,34.73228],[135.26114,34.73175],[135.26059,34.73193],[135.26017,34.7325],[135.26062,34.73408],[135.25974,34.73518],[135.25893,34.73498],[135.25839,34.73396],[135.25812,34.73386],[135.25729,34.73446],[135.2562,34.73485],[135.25482,34.73628],[135.25291,34.73607],[135.25208,34.73686],[135.25072,34.73717],[135.24772,34.73688],[135.24737,34.73648],[135.24724,34.73535],[135.24556,34.73352],[135.24502,34.73331],[135.24414,34.73375],[135.24338,34.73374],[135.24265,34.73307],[135.24227,34.73194],[135.24149,34.73159],[135.24123,34.73193],[135.24137,34.73329],[135.24235,34.73622],[135.24142,34.73853],[135.24005,34.7395],[135.23946,34.74071],[135.23989,34.74161],[135.2399,34.74252],[135.24135,34.74343],[135.24169,34.74433],[135.24455,34.74638],[135.24426,34.74773],[135.24232,34.75019],[135.24206,34.75312],[135.24319,34.75449],[135.24428,34.75478],[135.24509,34.75583],[135.24617,34.7564],[135.24707,34.75789],[135.24706,34.75879],[135.24614,34.75972],[135.24339,34.75944],[135.24302,34.75966],[135.2431,34.76057],[135.24248,34.76101],[135.24095,34.76048],[135.23767,34.76019],[135.2374,34.76033],[135.23709,34.76143],[135.23657,34.76174],[135.23138,34.76149],[135.22921,34.7597],[135.2273,34.75942],[135.22659,34.75911],[135.22567,34.75775],[135.225,34.75617],[135.22544,34.75431],[135.22763,34.75371],[135.22782,34.75348],[135.22767,34.75236],[135.22684,34.75073],[135.22419,34.74828],[135.22304,34.74779],[135.22086,34.74748],[135.21951,34.7459],[135.21706,34.7449],[135.21648,34.7444],[135.21672,34.74372],[135.21928,34.74182],[135.22174,34.74168],[135.22419,34.74207],[135.22583,34.74168],[135.22734,34.74063],[135.22912,34.73884],[135.22891,34.73749],[135.22844,34.73658],[135.22779,34.73605],[135.22657,34.73567],[135.22562,34.73507],[135.22507,34.73503],[135.22454,34.73543],[135.22434,34.73656],[135.22397,34.73683],[135.22233,34.73625],[135.21824,34.73617],[135.21769,34.73608],[135.21754,34.73584],[135.21987,34.73292],[135.22046,34.73254],[135.22096,34.73271],[135.2217,34.73384],[135.22289,34.73481],[135.22535,34.73473],[135.227,34.73381],[135.22718,34.73342],[135.22696,34.73207],[135.22647,34.73138],[135.22554,34.7289],[135.2246,34.72787],[135.22405,34.72761],[135.22301,34.72776],[135.22212,34.7296],[135.22102,34.73078],[135.21992,34.73115],[135.21693,34.73063],[135.21528,34.73154],[135.21391,34.73172],[135.21294,34.73108],[135.21257,34.72988],[135.2112,34.7301],[135.2101,34.7308],[135.20873,34.73125],[135.20771,34.73239],[135.20753,34.73352],[135.20856,34.7351],[135.20784,34.736],[135.20704,34.7363],[135.20513,34.73639],[135.20404,34.73668],[135.20239,34.73574],[135.20207,34.73529],[135.20215,34.73436],[135.20107,34.73325],[135.20193,34.73168],[135.2032,34.73101],[135.20325,34.73034],[135.20276,34.72876],[135.20073,34.72649],[135.20047,34.72559],[135.20052,34.72446],[135.20088,34.72403],[135.20335,34.72304],[135.20443,34.72383],[135.20498,34.72369],[135.20666,34.72044],[135.20802,34.71978],[135.20832,34.71933],[135.2069,34.71797],[135.20613,34.71766],[135.20435,34.71863],[135.20338,34.71951],[135.2012,34.71957],[135.20047,34.71905],[135.19986,34.71769],[135.19903,34.7176],[135.1984,34.71791],[135.19792,34.71948],[135.1971,34.71996],[135.19676,34.7197],[135.19553,34.71631],[135.19496,34.71607],[135.19272,34.7163],[135.19239,34.71584],[135.19227,34.71449],[135.1917,34.71369],[135.19089,34.71351],[135.18952,34.71381],[135.18625,34.71284],[135.18584,34.71152],[135.18603,34.71084],[135.18586,34.71039],[135.18438,34.7094],[135.18328,34.70975],[135.18274,34.70965],[135.18223,34.70834],[135.18249,34.70678],[135.18386,34.70679],[135.18495,34.70634],[135.18606,34.70483],[135.18645,34.70363],[135.18631,34.70318],[135.1858,34.70292],[135.18389,34.70323],[135.18311,34.70293],[135.18299,34.70181],[135.18377,34.69866],[135.18365,34.6982],[135.18285,34.69774],[135.18203,34.69787],[135.17961,34.69908],[135.17874,34.69997],[135.17737,34.70046],[135.1769,34.70041],[135.17637,34.69996],[135.17602,34.69891],[135.17516,34.69837],[135.17469,34.69634],[135.17441,34.69607],[135.17332,34.69587],[135.17222,34.69636],[135.17059,34.6959],[135.16977,34.69592],[135.16932,34.69563],[135.16879,34.69472],[135.16815,34.69434],[135.16705,34.69534],[135.16488,34.69515],[135.1643,34.69447],[135.1647,34.69357],[135.16456,34.69312],[135.16353,34.69263],[135.16189,34.69254],[135.16109,34.69153],[135.15945,34.69102],[135.15863,34.69148],[135.15727,34.69142],[135.15645,34.69171],[135.15588,34.69373],[135.1537,34.6953],[135.15422,34.69733],[135.15311,34.69762],[135.15075,34.69978],[135.14763,34.69979],[135.14713,34.69886],[135.14601,34.69803],[135.14465,34.69796],[135.14438,34.69777],[135.14411,34.69658],[135.14358,34.69606],[135.14303,34.69595],[135.14134,34.69724],[135.13915,34.70038],[135.13836,34.70195],[135.13778,34.70218],[135.1375,34.70172],[135.13789,34.70082],[135.13763,34.69969],[135.13673,34.69876],[135.13618,34.69858],[135.13482,34.69884],[135.13373,34.69808],[135.13193,34.69762],[135.13209,34.69717],[135.13367,34.69561],[135.13531,34.69494],[135.13559,34.69472],[135.13549,34.69449],[135.13377,34.6945],[135.13241,34.69389],[135.13105,34.69386],[135.12969,34.69334],[135.12916,34.69242],[135.12948,34.69107],[135.12834,34.69038],[135.12805,34.68993],[135.12942,34.68724],[135.12869,34.68611],[135.12928,34.68431],[135.12928,34.6834],[135.1298,34.68304],[135.13089,34.68275],[135.13145,34.68116],[135.13529,34.67939],[135.13666,34.67915],[135.13731,34.67828],[135.1382,34.67761],[135.1384,34.67693],[135.13821,34.67581],[135.13846,34.67491],[135.13814,34.67355],[135.13754,34.67298],[135.13617,34.67314],[135.13482,34.67248],[135.13318,34.67292],[135.13237,34.67283],[135.13176,34.67215],[135.13223,34.67148],[135.1321,34.67135],[135.13046,34.67162],[135.12965,34.67099],[135.12883,34.6707],[135.12774,34.67079]],[[135.14728,34.70584],[135.14675,34.70638],[135.14647,34.70621],[135.14675,34.70494],[135.14731,34.70456],[135.14728,34.70584]],[[135.17164,34.72719],[135.17166,34.72742],[135.17137,34.72745],[135.17137,34.72738],[135.17164,34.72719]],[[135.17314,34.70715],[135.17293,34.7073],[135.17276,34.70692],[135.17294,34.70683],[135.17314,34.70715]],[[135.17526,34.72091],[135.17471,34.72099],[135.17439,34.72068],[135.17448,34.72023],[135.17499,34.71994],[135.17559,34.72024],[135.17526,34.72091]],[[135.18017,34.74825],[135.181,34.75025],[135.18151,34.75055],[135.18451,34.75101],[135.18616,34.75028],[135.18696,34.75096],[135.18604,34.75254],[135.18438,34.75388],[135.1835,34.75522],[135.18283,34.75571],[135.18011,34.75494],[135.17683,34.75456],[135.17646,34.75427],[135.17656,34.75315],[135.17552,34.75134],[135.17602,34.75021],[135.17661,34.74977],[135.17825,34.74936],[135.1799,34.74823],[135.18017,34.74825]],[[135.19706,34.73165],[135.19698,34.73212],[135.19589,34.73213],[135.19558,34.73186],[135.19556,34.73119],[135.1959,34.73087],[135.19618,34.73092],[135.19706,34.73165]],[[135.20842,34.74434],[135.2081,34.74434],[135.20834,34.74404],[135.20846,34.74412],[135.20842,34.74434]],[[135.24618,34.78601],[135.24591,34.78595],[135.2459,34.7856],[135.24646,34.78508],[135.24673,34.78524],[135.24676,34.7856],[135.24618,34.78601]],[[135.2514,34.74935],[135.25318,34.75161],[135.25151,34.75408],[135.25083,34.75459],[135.24866,34.75352],[135.24832,34.75294],[135.25005,34.74889],[135.25117,34.74778],[135.2514,34.74935]],[[135.25238,34.74642],[135.25144,34.74734],[135.25139,34.74732],[135.25165,34.74574],[135.25201,34.74539],[135.25267,34.74575],[135.25238,34.74642]],[[135.27643,34.7504],[135.27661,34.7504],[135.27654,34.75047],[135.27643,34.7504]],[[135.30252,34.75416],[135.30279,34.75461],[135.30234,34.75641],[135.30293,34.75822],[135.30212,34.76003],[135.30047,34.76128],[135.30018,34.76113],[135.30011,34.76023],[135.30109,34.75798],[135.3012,34.75641],[135.30045,34.75415],[135.30058,34.75392],[135.30108,34.75386],[135.30252,34.75416]],[[135.31516,34.76861],[135.31553,34.76866],[135.31543,34.76899],[135.31514,34.76888],[135.31516,34.76861]],[[135.32004,34.77296],[135.32029,34.77319],[135.31976,34.77338],[135.31954,34.77319],[135.32004,34.77296]],[[135.32496,34.77221],[135.32618,34.77255],[135.32657,34.77323],[135.32604,34.77385],[135.32467,34.77436],[135.32284,34.77411],[135.32222,34.77308],[135.32131,34.77297],[135.32122,34.77275],[135.32196,34.77211],[135.32496,34.77221]],[[135.32952,34.78272],[135.33034,34.78291],[135.33099,34.78339],[135.33143,34.78407],[135.3314,34.78452],[135.33032,34.78565],[135.32759,34.78566],[135.3272,34.78517],[135.32714,34.78315],[135.32761,34.78274],[135.32952,34.78272]],[[135.33458,34.78026],[135.33336,34.78073],[135.33325,34.78025],[135.33388,34.7798],[135.33446,34.77981],[135.33458,34.78026]],[[135.29115,34.7719],[135.29072,34.77302],[135.29081,34.77386],[135.29217,34.77412],[135.29329,34.77507],[135.29343,34.77552],[135.29104,34.77528],[135.2907,34.77415],[135.28972,34.77376],[135.28926,34.77324],[135.28908,34.77256],[135.28946,34.77166],[135.29028,34.77157],[135.29115,34.7719]],[[135.2572,34.77565],[135.25893,34.77802],[135.25607,34.77931],[135.25578,34.77912],[135.2558,34.77507],[135.25638,34.77493],[135.2572,34.77565]],[[135.27237,34.80785],[135.27193,34.80815],[135.27166,34.80802],[135.27148,34.80739],[135.27167,34.807],[135.27252,34.80717],[135.27237,34.80785]],[[135.28259,34.80843],[135.28358,34.80949],[135.28422,34.80979],[135.28613,34.80955],[135.28776,34.81039],[135.28941,34.80963],[135.29105,34.80994],[135.2913,34.81089],[135.29098,34.81201],[135.2912,34.81247],[135.29265,34.81353],[135.29457,34.81376],[135.29527,34.81407],[135.29528,34.81542],[135.2956,34.81632],[135.29812,34.81927],[135.29807,34.81967],[135.29697,34.81969],[135.29561,34.82005],[135.2923,34.82265],[135.28985,34.8225],[135.28848,34.82273],[135.28683,34.82325],[135.28546,34.82408],[135.28327,34.82453],[135.28204,34.82548],[135.28106,34.82741],[135.27777,34.82835],[135.27475,34.82954],[135.27403,34.82949],[135.27463,34.82769],[135.27455,34.82724],[135.27396,34.82677],[135.27341,34.82668],[135.27231,34.82729],[135.27067,34.82741],[135.26957,34.82864],[135.26765,34.82953],[135.26382,34.82954],[135.26217,34.831],[135.25955,34.83031],[135.25932,34.82985],[135.25976,34.8276],[135.26304,34.8253],[135.26878,34.8248],[135.26994,34.82428],[135.27063,34.82361],[135.2713,34.82226],[135.27131,34.82136],[135.27073,34.82057],[135.26964,34.82041],[135.26869,34.81977],[135.2689,34.81729],[135.27076,34.81688],[135.27297,34.81521],[135.27434,34.81477],[135.27476,34.8144],[135.27498,34.8135],[135.27544,34.81321],[135.27599,34.81334],[135.27645,34.81396],[135.27718,34.81441],[135.27769,34.81554],[135.27925,34.81565],[135.28002,34.81533],[135.27973,34.81307],[135.28009,34.81256],[135.28119,34.81214],[135.28142,34.81173],[135.28079,34.81083],[135.27978,34.81037],[135.2796,34.80992],[135.28068,34.80833],[135.28177,34.80824],[135.28259,34.80843]],[[135.29274,34.80357],[135.29342,34.80482],[135.2949,34.80665],[135.29272,34.80635],[135.29162,34.80654],[135.29096,34.80593],[135.29076,34.80548],[135.29113,34.80322],[135.29193,34.80281],[135.29274,34.80357]],[[135.29321,34.84508],[135.2935,34.84516],[135.29348,34.84541],[135.29306,34.84538],[135.29321,34.84508]],[[135.28962,34.86384],[135.29046,34.86475],[135.29112,34.865],[135.29332,34.86406],[135.29414,34.86401],[135.29686,34.86498],[135.29749,34.86569],[135.29721,34.86681],[135.29657,34.86728],[135.29356,34.86723],[135.29331,34.86792],[135.29301,34.86806],[135.29165,34.86742],[135.29065,34.86813],[135.29042,34.8688],[135.29053,34.86954],[135.29202,34.86994],[135.29271,34.87054],[135.29403,34.87085],[135.29408,34.87108],[135.29188,34.87247],[135.29162,34.87354],[135.29104,34.87382],[135.28913,34.87378],[135.28877,34.87353],[135.28695,34.86946],[135.2864,34.86698],[135.28698,34.86495],[135.28769,34.8636],[135.28867,34.86329],[135.28962,34.86384]],[[135.30912,34.87018],[135.30857,34.87043],[135.30798,34.86981],[135.30804,34.86938],[135.30892,34.86936],[135.30917,34.86959],[135.30912,34.87018]],[[135.33952,34.83054],[135.33908,34.82964],[135.33926,34.82907],[135.33954,34.82919],[135.33952,34.83054]],[[135.39129,34.85254],[135.39204,34.8538],[135.39188,34.85403],[135.39046,34.85392],[135.38964,34.85408],[135.38689,34.85575],[135.3863,34.85558],[135.38475,34.85444],[135.38347,34.85308],[135.38363,34.85277],[135.38418,34.85259],[135.38828,34.85246],[135.38938,34.85214],[135.39075,34.85136],[135.39108,34.85154],[135.39129,34.85254]],[[135.3823,34.9217],[135.38174,34.92295],[135.38119,34.92319],[135.38057,34.92293],[135.38026,34.92226],[135.38066,34.92135],[135.38148,34.92119],[135.3823,34.9217]],[[135.40358,34.93005],[135.40646,34.93185],[135.40658,34.9323],[135.40624,34.93298],[135.40575,34.93302],[135.40466,34.93222],[135.4022,34.93179],[135.40212,34.9316],[135.40358,34.93005]],[[135.40501,34.91922],[135.40405,34.91922],[135.40411,34.91899],[135.40475,34.91878],[135.40514,34.919],[135.40501,34.91922]],[[135.41361,34.90483],[135.41551,34.90618],[135.4166,34.90747],[135.41796,34.908],[135.4188,34.9078],[135.41936,34.90667],[135.41989,34.90626],[135.42098,34.9064],[135.42208,34.90621],[135.42235,34.90638],[135.42208,34.90659],[135.42098,34.90654],[135.42046,34.9069],[135.42017,34.9087],[135.42046,34.90916],[135.42206,34.90953],[135.42242,34.90984],[135.42159,34.91051],[135.42265,34.91142],[135.42278,34.91232],[135.42256,34.91322],[135.42321,34.9148],[135.42364,34.91706],[135.42368,34.91819],[135.42325,34.91909],[135.42343,34.92021],[135.42315,34.92134],[135.42524,34.9227],[135.42587,34.92406],[135.42648,34.92474],[135.42625,34.92564],[135.42649,34.92609],[135.42741,34.92671],[135.42905,34.92718],[135.4295,34.92768],[135.42931,34.92805],[135.4285,34.92765],[135.42686,34.92746],[135.42522,34.92685],[135.4244,34.9271],[135.4241,34.92653],[135.4243,34.92563],[135.4239,34.9236],[135.42336,34.92292],[135.42226,34.92224],[135.42194,34.92133],[135.42194,34.92088],[135.42264,34.91998],[135.42242,34.91886],[135.42255,34.91751],[135.42233,34.91593],[135.42155,34.91412],[135.42126,34.91254],[135.41958,34.91178],[135.4192,34.91073],[135.41822,34.90991],[135.41713,34.91041],[135.41601,34.91049],[135.41583,34.91071],[135.41611,34.91139],[135.41593,34.91274],[135.41618,34.91387],[135.41514,34.91679],[135.41462,34.91713],[135.41325,34.91703],[135.41294,34.91723],[135.41302,34.91836],[135.41219,34.91903],[135.41219,34.92084],[135.41129,34.92196],[135.41228,34.92286],[135.41232,34.92332],[135.4113,34.92399],[135.41073,34.92496],[135.40826,34.92582],[135.4079,34.92577],[135.40803,34.92532],[135.40936,34.92446],[135.41015,34.92353],[135.40961,34.92195],[135.41019,34.92083],[135.4111,34.92015],[135.41099,34.91722],[135.41138,34.91655],[135.41142,34.91565],[135.41244,34.91512],[135.41381,34.91561],[135.41439,34.91499],[135.41449,34.91409],[135.4141,34.91242],[135.41301,34.91197],[135.41191,34.91233],[135.41109,34.91234],[135.41058,34.91204],[135.41042,34.91136],[135.41051,34.91069],[135.41138,34.91008],[135.41182,34.90912],[135.41358,34.90845],[135.41372,34.90822],[135.41332,34.90752],[135.41176,34.90664],[135.41147,34.90618],[135.41158,34.90573],[135.41279,34.90466],[135.41361,34.90483]],[[135.43544,34.87316],[135.4356,34.87339],[135.43516,34.87353],[135.43516,34.87327],[135.43544,34.87316]],[[135.45017,34.88383],[135.44986,34.88411],[135.44952,34.88383],[135.44954,34.8827],[135.44987,34.88228],[135.45022,34.8827],[135.45017,34.88383]],[[135.46853,34.91366],[135.46826,34.91377],[135.46772,34.91348],[135.46755,34.9132],[135.46771,34.91298],[135.46848,34.91321],[135.46853,34.91366]],[[135.46985,34.92264],[135.47089,34.92404],[135.47066,34.9243],[135.46948,34.92358],[135.4693,34.92272],[135.46985,34.92264]],[[135.37733,34.93328],[135.37673,34.9338],[135.37652,34.9335],[135.37701,34.93278],[135.37733,34.93328]],[[135.38215,34.87246],[135.38184,34.87271],[135.38102,34.87274],[135.38051,34.87222],[135.38075,34.87198],[135.38185,34.87185],[135.38212,34.87202],[135.38215,34.87246]],[[135.2189,34.94995],[135.21912,34.94995],[135.21895,34.95012],[135.2189,34.94995]],[[135.12633,34.93039],[135.12637,34.93016],[135.12672,34.92994],[135.12692,34.93016],[135.12668,34.93061],[135.12633,34.93039]],[[135.13181,34.95116],[135.13189,34.95183],[135.13162,34.95199],[135.13044,34.95115],[135.13034,34.95047],[135.13109,34.95036],[135.13181,34.95116]],[[135.14049,34.91499],[135.1424,34.91531],[135.14458,34.91662],[135.14484,34.917],[135.14484,34.91812],[135.14773,34.92062],[135.14892,34.92198],[135.14925,34.92266],[135.14916,34.92312],[135.14861,34.92335],[135.14806,34.92316],[135.14761,34.92175],[135.14617,34.92068],[135.14372,34.92015],[135.14154,34.91905],[135.14044,34.91938],[135.1399,34.91921],[135.13779,34.91559],[135.13913,34.91436],[135.14049,34.91499]],[[135.14996,34.92498],[135.1497,34.92447],[135.14997,34.9242],[135.15024,34.92424],[135.15023,34.9247],[135.14996,34.92498]],[[135.15128,34.92987],[135.151,34.92943],[135.15184,34.92892],[135.15197,34.92944],[135.15128,34.92987]],[[135.15565,34.93084],[135.1549,34.93059],[135.15496,34.93014],[135.15538,34.92992],[135.15602,34.93014],[135.15597,34.93059],[135.15565,34.93084]],[[135.1605,34.91069],[135.16086,34.9108],[135.16082,34.91102],[135.1605,34.911],[135.1605,34.91069]],[[135.16099,34.90809],[135.16054,34.90786],[135.16081,34.90721],[135.16109,34.90713],[135.16141,34.90742],[135.16099,34.90809]],[[135.16408,34.93493],[135.16414,34.93629],[135.16478,34.93719],[135.16788,34.93873],[135.16925,34.93862],[135.17029,34.93903],[135.17006,34.94016],[135.16857,34.94172],[135.16921,34.94221],[135.17031,34.94204],[135.17113,34.94222],[135.17147,34.94265],[135.17139,34.94396],[135.17028,34.94511],[135.16919,34.94511],[135.16892,34.94533],[135.16972,34.94606],[135.17054,34.94609],[135.17219,34.94557],[135.17277,34.94604],[135.17307,34.94716],[135.17202,34.94828],[135.17192,34.94896],[135.17285,34.9519],[135.17267,34.95213],[135.17075,34.95284],[135.16938,34.95284],[135.16856,34.95306],[135.1635,34.95566],[135.16333,34.95611],[135.16469,34.95905],[135.16494,34.96131],[135.16436,34.96196],[135.16244,34.96248],[135.16079,34.96322],[135.15943,34.96214],[135.15698,34.96134],[135.15776,34.95945],[135.15764,34.959],[135.15618,34.95867],[135.15454,34.95888],[135.15399,34.95856],[135.15337,34.95762],[135.1532,34.95593],[135.15265,34.95597],[135.15183,34.95649],[135.15046,34.95589],[135.14992,34.95591],[135.14872,34.95669],[135.14798,34.95782],[135.14716,34.95811],[135.14524,34.95796],[135.14475,34.95756],[135.14448,34.95688],[135.14361,34.95675],[135.14252,34.95618],[135.14216,34.95574],[135.14178,34.95438],[135.1408,34.95325],[135.14041,34.95235],[135.14066,34.95104],[135.14149,34.95049],[135.14237,34.94875],[135.14114,34.94807],[135.14087,34.94739],[135.14086,34.94604],[135.14127,34.94528],[135.14237,34.94489],[135.14286,34.94448],[135.14234,34.94267],[135.14361,34.94088],[135.14433,34.94068],[135.14542,34.94097],[135.14706,34.94084],[135.14842,34.94199],[135.14992,34.94092],[135.15023,34.94047],[135.15024,34.93889],[135.15055,34.93754],[135.15121,34.93672],[135.15284,34.93737],[135.15343,34.93621],[135.15505,34.93543],[135.15587,34.93582],[135.15724,34.93548],[135.16024,34.93618],[135.16079,34.93581],[135.16135,34.93498],[135.16245,34.93445],[135.16353,34.93448],[135.16408,34.93493]],[[135.16591,34.91151],[135.16589,34.91196],[135.16541,34.91209],[135.16433,34.91146],[135.16415,34.91104],[135.16488,34.91077],[135.16591,34.91151]],[[135.16617,34.9185],[135.16618,34.9185],[135.16617,34.91851],[135.16617,34.9185]],[[135.16663,34.92719],[135.16838,34.92775],[135.16842,34.9282],[135.16771,34.92866],[135.16689,34.92828],[135.16603,34.92751],[135.16663,34.92719]],[[135.1694,34.89654],[135.16968,34.89629],[135.17002,34.89644],[135.16967,34.8967],[135.1694,34.89654]],[[135.1749,34.87551],[135.1751,34.88024],[135.17611,34.88093],[135.17611,34.88164],[135.17556,34.88196],[135.17448,34.88105],[135.17283,34.88188],[135.17064,34.88223],[135.17009,34.88213],[135.16974,34.88179],[135.16983,34.88144],[135.1712,34.88098],[135.17188,34.88022],[135.1722,34.87842],[135.17324,34.8773],[135.17345,34.87497],[135.17372,34.87476],[135.17427,34.87483],[135.1749,34.87551]],[[135.17629,34.86443],[135.17657,34.8647],[135.17628,34.86485],[135.17618,34.8647],[135.17629,34.86443]],[[135.18022,34.86721],[135.18008,34.86764],[135.18009,34.86711],[135.18022,34.86721]],[[135.18315,34.81449],[135.18286,34.81494],[135.18224,34.81508],[135.1817,34.81497],[135.18143,34.81448],[135.18161,34.81403],[135.18198,34.81389],[135.18315,34.81449]],[[135.18767,34.82489],[135.18706,34.82525],[135.18654,34.82511],[135.18672,34.82398],[135.18707,34.82405],[135.18767,34.82489]],[[135.19593,34.79925],[135.19923,34.8013],[135.19924,34.80153],[135.19753,34.80309],[135.19709,34.80541],[135.19422,34.80735],[135.19296,34.80858],[135.18996,34.80839],[135.18798,34.80799],[135.18765,34.80731],[135.18792,34.80596],[135.18793,34.80281],[135.18904,34.80191],[135.18994,34.80079],[135.19277,34.80014],[135.1947,34.79853],[135.19525,34.79858],[135.19593,34.79925]],[[135.19914,34.82011],[135.19942,34.82046],[135.19913,34.82059],[135.19893,34.82046],[135.19914,34.82011]],[[135.20534,34.80061],[135.20561,34.80057],[135.20596,34.80067],[135.20561,34.80084],[135.20534,34.80061]],[[135.20209,34.85969],[135.20231,34.85937],[135.20258,34.85994],[135.2023,34.86005],[135.20209,34.85969]],[[135.20486,34.85498],[135.20474,34.85543],[135.20426,34.85556],[135.20338,34.85452],[135.20427,34.85444],[135.20486,34.85498]],[[135.20706,34.8484],[135.20691,34.84868],[135.20651,34.84875],[135.20533,34.84799],[135.2057,34.84782],[135.20652,34.84791],[135.20706,34.8484]],[[135.2119,34.82846],[135.21182,34.82798],[135.21218,34.82792],[135.21248,34.82821],[135.21245,34.82858],[135.2119,34.82846]],[[135.21071,34.83897],[135.21071,34.83919],[135.21043,34.83901],[135.21071,34.83897]],[[135.17279,34.9253],[135.17294,34.92503],[135.17351,34.92508],[135.17322,34.92532],[135.17279,34.9253]],[[135.1767,34.93282],[135.17618,34.93231],[135.17617,34.93209],[135.177,34.93232],[135.17705,34.93277],[135.1767,34.93282]],[[135.17803,34.96388],[135.17812,34.96658],[135.1778,34.96703],[135.17608,34.96711],[135.17539,34.96679],[135.17529,34.96611],[135.17748,34.96377],[135.17803,34.96388]],[[135.18102,34.94046],[135.17962,34.94175],[135.17875,34.94134],[135.17963,34.94057],[135.18046,34.94016],[135.181,34.94014],[135.18102,34.94046]],[[135.1828,34.95245],[135.18249,34.95241],[135.18225,34.95196],[135.1828,34.95167],[135.18331,34.95197],[135.1828,34.95245]],[[135.19072,34.95224],[135.19062,34.95404],[135.19115,34.95517],[135.19109,34.95698],[135.19034,34.95877],[135.18985,34.95915],[135.18886,34.95854],[135.18845,34.95763],[135.18943,34.95539],[135.18992,34.95206],[135.19072,34.95224]],[[135.19509,34.95514],[135.19559,34.9552],[135.19536,34.95562],[135.19496,34.95542],[135.19509,34.95514]],[[135.19842,34.95017],[135.2017,34.95096],[135.20185,34.95141],[135.20042,34.95321],[135.19948,34.95367],[135.19813,34.95161],[135.19806,34.95049],[135.19842,34.95017]],[[135.2032,34.93717],[135.20364,34.93723],[135.20347,34.93755],[135.2031,34.93745],[135.2032,34.93717]],[[135.21559,34.92941],[135.21477,34.92923],[135.21462,34.92896],[135.2156,34.92857],[135.21597,34.92897],[135.21559,34.92941]],[[135.22556,34.91631],[135.22748,34.91625],[135.22783,34.91642],[135.22781,34.91665],[135.22568,34.91799],[135.22499,34.91882],[135.22472,34.91881],[135.22418,34.91753],[135.22343,34.91662],[135.22348,34.91617],[135.22393,34.91566],[135.22448,34.91549],[135.22556,34.91631]],[[135.22595,34.90988],[135.22534,34.91058],[135.2249,34.91032],[135.22508,34.9098],[135.22595,34.90988]],[[135.23305,34.93133],[135.23262,34.93268],[135.23225,34.93275],[135.23169,34.93222],[135.23142,34.93087],[135.23172,34.93062],[135.23227,34.93063],[135.23282,34.93088],[135.23305,34.93133]],[[135.24147,34.85882],[135.24086,34.8593],[135.24053,34.85904],[135.2413,34.85814],[135.24132,34.85769],[135.2417,34.85756],[135.2418,34.85792],[135.24147,34.85882]],[[135.24213,34.81094],[135.24503,34.81286],[135.2449,34.81444],[135.24455,34.81474],[135.24209,34.81463],[135.24046,34.81408],[135.23854,34.8141],[135.23718,34.8144],[135.23617,34.81394],[135.23622,34.81348],[135.23664,34.81312],[135.24048,34.81126],[135.24213,34.81094]],[[135.25397,34.84763],[135.25428,34.8492],[135.25413,34.84965],[135.25231,34.85054],[135.25022,34.85264],[135.2483,34.85329],[135.24778,34.85322],[135.24711,34.85074],[135.24751,34.84939],[135.24807,34.84883],[135.24972,34.84779],[135.25136,34.8473],[135.25355,34.8472],[135.25397,34.84763]],[[135.26018,34.80847],[135.26088,34.80958],[135.26233,34.81072],[135.26261,34.81213],[135.2637,34.81365],[135.26191,34.81522],[135.26167,34.81612],[135.26205,34.81702],[135.26199,34.81747],[135.26119,34.81793],[135.2601,34.81821],[135.25945,34.81791],[135.25932,34.81611],[135.25848,34.81495],[135.2574,34.81428],[135.25549,34.81388],[135.25528,34.8136],[135.25586,34.81203],[135.25707,34.81046],[135.25826,34.80821],[135.25909,34.80797],[135.26018,34.80847]],[[135.11084,34.74611],[135.11073,34.7484],[135.11124,34.74976],[135.11119,34.75021],[135.1086,34.75194],[135.10805,34.75183],[135.10615,34.75071],[135.10337,34.74835],[135.10338,34.74812],[135.10372,34.74805],[135.10727,34.74795],[135.10892,34.7473],[135.11084,34.74611]],[[135.11848,34.74709],[135.12093,34.7479],[135.12338,34.74778],[135.12393,34.74805],[135.12398,34.74872],[135.12308,34.74984],[135.12275,34.75074],[135.12343,34.75278],[135.12342,34.75368],[135.12309,34.7548],[135.12276,34.75503],[135.12141,34.75392],[135.11977,34.75408],[135.11864,34.75455],[135.11801,34.75544],[135.1173,34.75859],[135.11671,34.75888],[135.1159,34.75836],[135.11483,34.75542],[135.11512,34.75508],[135.11676,34.75457],[135.11758,34.75397],[135.11849,34.75049],[135.11788,34.74733],[135.11848,34.74709]],[[135.12878,34.75417],[135.12859,34.75372],[135.12933,34.75331],[135.12933,34.75372],[135.12878,34.75417]],[[135.13159,34.74622],[135.13354,34.74699],[135.13294,34.74776],[135.13185,34.74798],[135.13095,34.74765],[135.13057,34.74674],[135.13077,34.74629],[135.13159,34.74622]],[[135.13811,34.74911],[135.13719,34.74904],[135.13705,34.74882],[135.1373,34.74847],[135.13806,34.74882],[135.13811,34.74911]],[[135.14246,34.7779],[135.146,34.77858],[135.14621,34.77886],[135.146,34.77909],[135.14408,34.77926],[135.14189,34.77998],[135.14025,34.78014],[135.13888,34.78066],[135.13833,34.78063],[135.13799,34.78038],[135.13788,34.77992],[135.13973,34.77806],[135.14055,34.77781],[135.14246,34.7779]],[[135.06273,34.73587],[135.06318,34.73561],[135.06346,34.73588],[135.0629,34.73602],[135.06273,34.73587]],[[135.08423,34.73263],[135.08369,34.73252],[135.08349,34.7322],[135.08368,34.73152],[135.08397,34.73141],[135.08451,34.73221],[135.08423,34.73263]],[[135.06163,34.70372],[135.0619,34.70364],[135.06207,34.70387],[135.0619,34.70421],[135.06163,34.70372]],[[135.07505,34.69427],[135.07521,34.69428],[135.0751,34.69446],[135.07505,34.69427]],[[135.09189,34.70615],[135.09515,34.70808],[135.09671,34.70954],[135.10057,34.71156],[135.10175,34.7125],[135.10251,34.71409],[135.10168,34.71633],[135.10052,34.71638],[135.09862,34.71525],[135.09671,34.71497],[135.09506,34.71426],[135.09374,34.71267],[135.09244,34.7086],[135.09143,34.70702],[135.09133,34.70634],[135.09189,34.70615]],[[135.09961,34.69936],[135.09998,34.70145],[135.09958,34.70192],[135.09886,34.70166],[135.09721,34.69985],[135.09783,34.6994],[135.09907,34.6991],[135.09961,34.69936]],[[135.11409,34.69744],[135.11427,34.6975],[135.11399,34.69749],[135.11409,34.69744]],[[135.12015,34.69226],[135.12042,34.69259],[135.11905,34.69283],[135.11851,34.69271],[135.11819,34.69234],[135.11848,34.69189],[135.11879,34.69184],[135.12015,34.69226]],[[135.12586,34.68451],[135.12514,34.68498],[135.12471,34.68472],[135.12543,34.68355],[135.12597,34.68331],[135.12618,34.68361],[135.12586,34.68451]],[[135.32535,34.79178],[135.32686,34.79329],[135.32707,34.79599],[135.32572,34.79824],[135.32571,34.79936],[135.3261,34.80056],[135.32501,34.79996],[135.32452,34.7971],[135.32396,34.79597],[135.3224,34.79416],[135.32258,34.79371],[135.32453,34.79178],[135.32535,34.79178]],[[135.2622,34.85753],[135.26221,34.85724],[135.26284,34.85737],[135.26267,34.85759],[135.2622,34.85753]],[[135.26536,34.84081],[135.26566,34.84094],[135.26536,34.84134],[135.26513,34.84116],[135.26536,34.84081]],[[135.26933,34.85563],[135.27167,34.85742],[135.27122,34.85796],[135.26985,34.85831],[135.26776,34.85763],[135.26776,34.85717],[135.26878,34.85564],[135.26933,34.85563]],[[135.42546,34.93105],[135.42519,34.93038],[135.42547,34.9306],[135.42546,34.93105]],[[135.14349,34.96611],[135.14352,34.96573],[135.14389,34.96567],[135.14406,34.96592],[135.14349,34.96611]],[[135.16769,34.96245],[135.16709,34.96305],[135.16679,34.96267],[135.16737,34.96206],[135.16769,34.96245]],[[135.1682,34.9611],[135.16765,34.96165],[135.16738,34.96148],[135.16753,34.96042],[135.16794,34.96001],[135.16844,34.96043],[135.1682,34.9611]],[[135.17037,34.93362],[135.16991,34.93362],[135.16967,34.93339],[135.16955,34.93294],[135.16981,34.93272],[135.17059,34.93317],[135.17037,34.93362]],[[135.17384,34.90255],[135.17362,34.90232],[135.17372,34.902],[135.17427,34.90255],[135.17384,34.90255]],[[135.17737,34.86558],[135.17874,34.86541],[135.17928,34.8658],[135.17926,34.86653],[135.17789,34.86797],[135.1768,34.86792],[135.17623,34.86741],[135.17602,34.86583],[135.17655,34.86537],[135.17737,34.86558]],[[135.19732,34.86679],[135.19731,34.86756],[135.19676,34.86771],[135.19577,34.86686],[135.19595,34.86662],[135.19677,34.86655],[135.19732,34.86679]],[[135.19778,34.84776],[135.19722,34.84864],[135.19667,34.84856],[135.19627,34.84816],[135.19641,34.84787],[135.19778,34.84776]],[[135.20554,34.86427],[135.2069,34.86527],[135.2069,34.86571],[135.20635,34.86565],[135.20526,34.86467],[135.20461,34.86376],[135.20466,34.86331],[135.20501,34.86341],[135.20554,34.86427]],[[135.17684,34.97315],[135.17629,34.97318],[135.17601,34.97288],[135.1763,34.97267],[135.17714,34.97288],[135.17684,34.97315]],[[135.22465,34.92591],[135.22499,34.9279],[135.22422,34.92902],[135.22382,34.9306],[135.22351,34.93077],[135.22297,34.93068],[135.2226,34.93014],[135.22345,34.92699],[135.22438,34.92581],[135.22465,34.92591]],[[135.25577,34.82014],[135.25615,34.82262],[135.25677,34.82311],[135.25842,34.82257],[135.26061,34.82134],[135.26143,34.8213],[135.26198,34.82176],[135.25817,34.82489],[135.25643,34.82533],[135.25642,34.82623],[135.2562,34.82641],[135.25454,34.82554],[135.2541,34.82486],[135.25511,34.81991],[135.25544,34.81953],[135.25577,34.82014]],[[135.13748,34.76167],[135.13738,34.76189],[135.13744,34.76165],[135.13748,34.76167]],[[135.10236,34.72246],[135.10306,34.72288],[135.10425,34.72469],[135.10445,34.72582],[135.10396,34.72573],[135.10096,34.72354],[135.10031,34.72241],[135.101,34.7221],[135.10236,34.72246]],[[135.32684,34.8014],[135.32691,34.80109],[135.3273,34.8014],[135.32722,34.80163],[135.32684,34.8014]],[[135.25787,34.85689],[135.26021,34.86028],[135.2596,34.86389],[135.26022,34.86523],[135.26131,34.86555],[135.26268,34.86552],[135.263,34.86526],[135.26314,34.86413],[135.26352,34.86354],[135.26407,34.86337],[135.26625,34.8634],[135.26952,34.86476],[135.27022,34.86598],[135.27152,34.86689],[135.27179,34.86757],[135.27142,34.86914],[135.27112,34.86951],[135.26984,34.87003],[135.27001,34.87071],[135.27111,34.87207],[135.271,34.87274],[135.27049,34.87319],[135.26862,34.87351],[135.2648,34.87305],[135.26234,34.87302],[135.26179,34.87275],[135.26134,34.87178],[135.26044,34.87127],[135.25826,34.87056],[135.25662,34.87052],[135.25634,34.87063],[135.25485,34.87377],[135.2544,34.8742],[135.25303,34.87451],[135.25165,34.87537],[135.24925,34.87509],[135.24822,34.87621],[135.24727,34.8762],[135.24591,34.87508],[135.2447,34.87461],[135.24373,34.87325],[135.24384,34.87123],[135.24279,34.87032],[135.24261,34.86987],[135.24287,34.86942],[135.24451,34.86853],[135.24442,34.86695],[135.24408,34.86664],[135.24271,34.86643],[135.24206,34.86513],[135.2427,34.86378],[135.2447,34.86154],[135.24486,34.85951],[135.2458,34.85753],[135.24614,34.85727],[135.2469,34.85717],[135.24826,34.85756],[135.24909,34.85687],[135.24963,34.85685],[135.25208,34.85847],[135.25344,34.85909],[135.254,34.85889],[135.2562,34.85664],[135.25702,34.85647],[135.25787,34.85689]],[[135.24872,34.89734],[135.25497,34.90167],[135.25552,34.9024],[135.25587,34.90353],[135.25604,34.90443],[135.25576,34.90483],[135.25358,34.90415],[135.25221,34.90455],[135.25044,34.90395],[135.24965,34.90326],[135.2486,34.90145],[135.24902,34.89988],[135.24842,34.89807],[135.24844,34.89745],[135.24872,34.89734]],[[135.26039,34.87922],[135.26009,34.87938],[135.25988,34.87921],[135.2601,34.87917],[135.26039,34.87922]]],[[[135.31813,34.832],[135.31927,34.83347],[135.31954,34.83351],[135.32018,34.83314],[135.32045,34.83246],[135.31983,34.83177],[135.31901,34.83167],[135.31813,34.832]]],[[[135.27046,34.88446],[135.2699,34.88387],[135.26936,34.884],[135.26969,34.88468],[135.27017,34.88476],[135.27046,34.88446]]],[[[135.37179,34.24852],[135.3682,34.24989],[135.36661,34.25132],[135.36443,34.25247],[135.36419,34.2528],[135.36438,34.25302],[135.36551,34.25336],[135.36877,34.25301],[135.37054,34.25418],[135.37174,34.25444],[135.37228,34.25514],[135.37363,34.25592],[135.37444,34.25681],[135.37614,34.25714],[135.37714,34.25848],[135.37985,34.25955],[135.38057,34.25942],[135.38129,34.25852],[135.38311,34.25849],[135.38364,34.25808],[135.38349,34.25763],[135.3815,34.25614],[135.38002,34.25446],[135.37879,34.25242],[135.37855,34.25129],[135.37693,34.24961],[135.37341,34.24846],[135.37179,34.24852]]],[[[135.37929,34.26211],[135.37947,34.26189],[135.37902,34.26148],[135.37848,34.26142],[135.3782,34.26165],[135.37847,34.26197],[135.37929,34.26211]]],[[[135.37992,34.26257],[135.38017,34.2628],[135.3801,34.26251],[135.37992,34.26257]]],[[[135.41808,34.26613],[135.41865,34.26704],[135.41838,34.26794],[135.41861,34.26803],[135.4197,34.2678],[135.42137,34.2666],[135.42118,34.2657],[135.4208,34.26556],[135.41835,34.26587],[135.41808,34.26613]]],[[[135.3798,34.2662],[135.37919,34.26685],[135.37985,34.26753],[135.38033,34.2678],[135.38169,34.26789],[135.38193,34.26574],[135.38171,34.2653],[135.3798,34.2662]]],[[[135.39587,34.39698],[135.39624,34.39707],[135.39642,34.39676],[135.39597,34.39665],[135.39587,34.39698]]],[[[135.37084,34.41148],[135.3717,34.41106],[135.37171,34.41083],[135.37112,34.41064],[135.37048,34.41083],[135.37027,34.41128],[135.37084,34.41148]]],[[[135.41445,34.4753],[135.41383,34.47595],[135.41389,34.4764],[135.41526,34.47623],[135.41635,34.4769],[135.41689,34.47679],[135.41828,34.47575],[135.41801,34.4753],[135.41718,34.47499],[135.41445,34.4753]]],[[[135.36724,34.47302],[135.36401,34.47751],[135.36423,34.47818],[135.36582,34.48022],[135.36624,34.48045],[135.37122,34.478],[135.37319,34.47665],[135.37405,34.47576],[135.3739,34.47561],[135.37254,34.4757],[135.3713,34.47529],[135.37104,34.47439],[135.3701,34.47366],[135.3702,34.47213],[135.36979,34.47168],[135.36822,34.47131],[135.36767,34.47139],[135.36765,34.47212],[135.36724,34.47302]]],[[[135.40708,34.47811],[135.40976,34.47819],[135.41061,34.47959],[135.41143,34.4796],[135.41196,34.4791],[135.4118,34.47775],[135.41117,34.47736],[135.40736,34.47696],[135.406,34.47704],[135.40582,34.47727],[135.406,34.47782],[135.40708,34.47811]]],[[[135.40922,34.4845],[135.40626,34.48764],[135.40618,34.48854],[135.40554,34.48989],[135.40554,34.49146],[135.40617,34.49204],[135.40753,34.49196],[135.40834,34.49247],[135.40998,34.49252],[135.41046,34.49216],[135.41105,34.49059],[135.41069,34.48946],[135.41082,34.48766],[135.40986,34.48653],[135.41033,34.48473],[135.41003,34.48447],[135.40922,34.4845]]],[[[135.37933,34.49156],[135.37813,34.4925],[135.37941,34.49201],[135.3799,34.49156],[135.37933,34.49156]]],[[[135.37605,34.47903],[135.37223,34.48109],[135.37197,34.48161],[135.37218,34.48251],[135.37275,34.48318],[135.37521,34.48258],[135.37602,34.48281],[135.37718,34.48614],[135.37604,34.48771],[135.3768,34.48769],[135.37871,34.48683],[135.37937,34.48705],[135.38014,34.48886],[135.3806,34.49134],[135.38116,34.49247],[135.38236,34.49653],[135.38108,34.49848],[135.37999,34.49844],[135.37753,34.49959],[135.37699,34.49959],[135.37599,34.49808],[135.37434,34.49446],[135.37374,34.49378],[135.37217,34.49062],[135.37263,34.48995],[135.37556,34.48839],[135.37593,34.48771],[135.37462,34.4879],[135.37052,34.49016],[135.37049,34.49061],[135.37221,34.494],[135.37212,34.49445],[135.3712,34.49535],[135.3709,34.49602],[135.37088,34.50256],[135.37159,34.50414],[135.37281,34.50595],[135.37355,34.50686],[135.37394,34.507],[135.37482,34.50664],[135.38226,34.50194],[135.38262,34.50149],[135.38243,34.50034],[135.38488,34.49911],[135.38569,34.49925],[135.38624,34.49998],[135.3876,34.49952],[135.38863,34.49882],[135.38544,34.49752],[135.38456,34.49654],[135.3844,34.49542],[135.3851,34.49429],[135.38438,34.49338],[135.38434,34.49204],[135.38361,34.49091],[135.38396,34.49001],[135.384,34.4882],[135.38306,34.48785],[135.38279,34.48728],[135.38186,34.48684],[135.38063,34.48551],[135.38067,34.4848],[135.38018,34.483],[135.37911,34.48209],[135.37963,34.48052],[135.37904,34.47894],[135.37824,34.47798],[135.37769,34.47786],[135.37696,34.47802],[135.37605,34.47903]]],[[[135.37512,34.49397],[135.3764,34.49357],[135.37698,34.49313],[135.37631,34.49312],[135.37512,34.49397]]],[[[135.38938,34.49972],[135.38705,34.50127],[135.38599,34.50286],[135.38526,34.50353],[135.37801,34.50905],[135.37779,34.50958],[135.37839,34.51071],[135.37823,34.51116],[135.37689,34.51205],[135.37635,34.51192],[135.37554,34.51122],[135.37499,34.5113],[135.36753,34.51674],[135.36748,34.51742],[135.36921,34.51963],[135.37003,34.51965],[135.37029,34.51924],[135.37031,34.51824],[135.37086,34.5181],[135.37139,34.51983],[135.37278,34.5206],[135.37302,34.52105],[135.37291,34.5215],[135.37137,34.5224],[135.37156,34.52285],[135.37218,34.5233],[135.37517,34.52409],[135.37653,34.52378],[135.3779,34.52309],[135.37887,34.52446],[135.37979,34.52515],[135.38115,34.52548],[135.38224,34.52525],[135.38443,34.51908],[135.38565,34.51774],[135.38578,34.51729],[135.38204,34.51208],[135.38195,34.51163],[135.38362,34.51029],[135.38426,34.5102],[135.38723,34.51392],[135.38777,34.51408],[135.38832,34.5138],[135.38918,34.51302],[135.38921,34.51257],[135.38679,34.50918],[135.38651,34.50827],[135.38974,34.50578],[135.39055,34.50594],[135.39203,34.5074],[135.39195,34.50785],[135.39075,34.50897],[135.39067,34.50942],[135.39242,34.51179],[135.39296,34.51199],[135.3946,34.51129],[135.39622,34.51216],[135.39677,34.51218],[135.39703,34.51193],[135.39706,34.51148],[135.39627,34.5099],[135.39634,34.509],[135.39598,34.5089],[135.39461,34.50944],[135.39411,34.50921],[135.39325,34.50696],[135.3941,34.50606],[135.39246,34.50516],[135.39208,34.5047],[135.39204,34.50424],[135.39243,34.50357],[135.39166,34.50221],[135.39204,34.50131],[135.39167,34.50041],[135.3917,34.49951],[135.39087,34.49903],[135.38938,34.49972]]],[[[135.39893,34.51508],[135.39951,34.51578],[135.40093,34.51668],[135.4019,34.51807],[135.40244,34.51809],[135.40281,34.51782],[135.40301,34.51715],[135.40173,34.51489],[135.39893,34.51508]]],[[[135.40703,34.51784],[135.40762,34.51814],[135.40819,34.51762],[135.40767,34.51649],[135.40736,34.51634],[135.40667,34.51694],[135.40703,34.51784]]],[[[135.40908,34.52078],[135.41004,34.52244],[135.41058,34.52274],[135.41261,34.52193],[135.41308,34.52148],[135.4125,34.52106],[135.41114,34.52117],[135.40924,34.52029],[135.40908,34.52078]]],[[[135.39482,34.51764],[135.39352,34.5189],[135.39365,34.51935],[135.39618,34.52117],[135.396,34.52184],[135.39506,34.52224],[135.39265,34.5207],[135.39208,34.5206],[135.391,34.52137],[135.39097,34.52182],[135.39349,34.52363],[135.39362,34.52409],[135.39341,34.5244],[135.39287,34.52479],[135.39232,34.52479],[135.38961,34.52303],[135.38906,34.52325],[135.38843,34.52406],[135.39243,34.52949],[135.39283,34.52985],[135.39382,34.53017],[135.39474,34.53198],[135.39553,34.53228],[135.3969,34.5318],[135.3981,34.53087],[135.40216,34.52616],[135.40256,34.52526],[135.4011,34.52052],[135.40026,34.5193],[135.39863,34.5189],[135.39537,34.51756],[135.39482,34.51764]]],[[[135.41534,34.52532],[135.41471,34.52577],[135.41439,34.52734],[135.41203,34.53364],[135.41188,34.53432],[135.41206,34.53477],[135.41485,34.53572],[135.41648,34.53588],[135.41864,34.53851],[135.42,34.53822],[135.42055,34.53842],[135.43052,34.55354],[135.43134,34.55367],[135.43434,34.55289],[135.43488,34.55294],[135.4365,34.55503],[135.43705,34.55535],[135.44049,34.55451],[135.44097,34.55384],[135.44082,34.55294],[135.43925,34.55195],[135.43789,34.55155],[135.43754,34.55112],[135.43763,34.55022],[135.43863,34.54932],[135.43685,34.54616],[135.43718,34.54413],[135.43704,34.54368],[135.43094,34.53441],[135.42975,34.53373],[135.42524,34.52913],[135.4247,34.52893],[135.42333,34.52922],[135.42285,34.52896],[135.42282,34.52851],[135.42343,34.52761],[135.42344,34.52694],[135.42227,34.52578],[135.42173,34.52561],[135.42091,34.5258],[135.41955,34.52509],[135.41738,34.52459],[135.41534,34.52532]]],[[[135.43839,34.55868],[135.43621,34.56013],[135.43537,34.56158],[135.43428,34.562],[135.43373,34.56183],[135.43293,34.56036],[135.43238,34.5602],[135.43102,34.56063],[135.42856,34.56087],[135.41113,34.56081],[135.41058,34.56099],[135.41029,34.56136],[135.40824,34.57059],[135.40808,34.57239],[135.4086,34.57246],[135.40996,34.57172],[135.4116,34.57194],[135.41155,34.57308],[135.41186,34.57346],[135.41295,34.57355],[135.41458,34.57434],[135.41567,34.57404],[135.41648,34.5742],[135.41807,34.57537],[135.41892,34.57679],[135.41919,34.57677],[135.41955,34.57605],[135.42087,34.56996],[135.42142,34.56981],[135.42305,34.5699],[135.42877,34.57056],[135.42927,34.57091],[135.42884,34.57452],[135.4277,34.5806],[135.42724,34.5815],[135.4271,34.58397],[135.42638,34.58668],[135.42637,34.58893],[135.42673,34.5893],[135.4322,34.5873],[135.43357,34.58641],[135.43394,34.58581],[135.43429,34.58333],[135.43468,34.58285],[135.43904,34.58279],[135.44095,34.583],[135.44162,34.58246],[135.44232,34.57999],[135.44207,34.57908],[135.44299,34.57774],[135.44393,34.57368],[135.44448,34.56986],[135.44508,34.56805],[135.44459,34.56762],[135.4435,34.56742],[135.44278,34.56692],[135.44265,34.56556],[135.44189,34.56496],[135.44053,34.56478],[135.43889,34.56505],[135.4378,34.5648],[135.43719,34.56441],[135.43706,34.56374],[135.43775,34.56216],[135.43865,34.56077],[135.43994,34.55969],[135.43987,34.55879],[135.43948,34.55851],[135.43839,34.55868]]],[[[135.41677,34.61191],[135.41349,34.61219],[135.40313,34.61219],[135.40246,34.6127],[135.40125,34.6163],[135.40174,34.61684],[135.40255,34.61724],[135.405,34.61746],[135.40527,34.61913],[135.40635,34.61978],[135.41426,34.61945],[135.41808,34.61958],[135.41866,34.61887],[135.42025,34.61324],[135.41922,34.6124],[135.41899,34.61121],[135.41868,34.61094],[135.41774,34.61098],[135.41677,34.61191]]],[[[135.42348,34.61371],[135.42343,34.61844],[135.42353,34.61871],[135.42408,34.61889],[135.42572,34.61813],[135.42605,34.61778],[135.4264,34.61597],[135.42629,34.61417],[135.42552,34.61349],[135.42384,34.61337],[135.42348,34.61371]]],[[[135.39037,34.64251],[135.38778,34.64396],[135.38607,34.64575],[135.38561,34.64688],[135.3856,34.64778],[135.38596,34.64868],[135.38651,34.64913],[135.38715,34.64914],[135.3877,34.64734],[135.38864,34.64667],[135.38952,34.64662],[135.39034,34.64701],[135.39225,34.64664],[135.39416,34.64691],[135.39472,34.6467],[135.39511,34.64625],[135.39556,34.64535],[135.39553,34.64467],[135.3931,34.64221],[135.39256,34.64207],[135.39037,34.64251]]],[[[135.42001,34.65552],[135.4207,34.65494],[135.42028,34.65475],[135.41989,34.65493],[135.41975,34.65538],[135.42001,34.65552]]],[[[135.38778,34.65681],[135.38862,34.65823],[135.38998,34.65847],[135.39208,34.65795],[135.39255,34.65705],[135.39257,34.65615],[135.39219,34.65566],[135.3911,34.65544],[135.38837,34.65538],[135.38782,34.65604],[135.38778,34.65681]]],[[[135.4148,34.65401],[135.41642,34.66119],[135.41724,34.6617],[135.41833,34.66169],[135.41845,34.66146],[135.41806,34.66079],[135.41869,34.65989],[135.41801,34.65921],[135.41704,34.6556],[135.41614,34.65311],[135.41572,34.65266],[135.41513,34.65266],[135.4148,34.65288],[135.4148,34.65401]]],[[[135.40907,34.65916],[135.40252,34.6602],[135.4006,34.66078],[135.38941,34.66253],[135.38722,34.66268],[135.38704,34.66289],[135.38712,34.66401],[135.38803,34.66762],[135.39154,34.66928],[135.39589,34.67085],[135.40215,34.67303],[135.40297,34.67295],[135.40917,34.66886],[135.40898,34.66615],[135.4093,34.66589],[135.41039,34.66568],[135.41075,34.66526],[135.41024,34.66142],[135.40969,34.65939],[135.40907,34.65916]],[[135.39864,34.66816],[135.39887,34.66835],[135.39864,34.6687],[135.3983,34.66835],[135.39864,34.66816]]],[[[135.41712,34.66416],[135.41709,34.66844],[135.41827,34.67028],[135.4199,34.67098],[135.42317,34.67187],[135.42371,34.67181],[135.42399,34.67141],[135.42389,34.67095],[135.42301,34.67027],[135.42185,34.66982],[135.42104,34.66734],[135.42187,34.66599],[135.42255,34.66554],[135.42255,34.66509],[135.42185,34.66478],[135.41749,34.66391],[135.41712,34.66416]]],[[[135.40843,34.67201],[135.40922,34.67449],[135.40914,34.67539],[135.40991,34.67585],[135.41249,34.67679],[135.42148,34.6794],[135.42284,34.68022],[135.42883,34.68199],[135.43454,34.68398],[135.43536,34.68385],[135.43548,34.68363],[135.43464,34.68295],[135.43366,34.68114],[135.43362,34.67934],[135.42804,34.6766],[135.41552,34.6729],[135.41116,34.67191],[135.4098,34.67106],[135.40871,34.67154],[135.40843,34.67201]]],[[[135.41804,34.68828],[135.42194,34.69158],[135.42289,34.69281],[135.42682,34.69605],[135.42927,34.69637],[135.43119,34.69526],[135.43228,34.69503],[135.43238,34.69398],[135.43111,34.6924],[135.43109,34.69195],[135.43159,34.69105],[135.43159,34.69015],[135.43123,34.68983],[135.42878,34.68898],[135.42469,34.68807],[135.42333,34.68803],[135.4187,34.68684],[135.41815,34.68689],[135.41787,34.68715],[135.41779,34.68783],[135.41804,34.68828]]],[[[135.37099,34.68126],[135.36897,34.68285],[135.36878,34.68353],[135.3726,34.69031],[135.37529,34.69686],[135.37624,34.69979],[135.37821,34.70041],[135.37875,34.70149],[135.37929,34.70185],[135.37995,34.70162],[135.38094,34.70032],[135.3815,34.7014],[135.38284,34.70215],[135.38338,34.70279],[135.38475,34.70276],[135.38611,34.70341],[135.38747,34.70335],[135.38853,34.70436],[135.39018,34.70537],[135.39155,34.70502],[135.39209,34.70556],[135.39264,34.70568],[135.39401,34.70458],[135.39511,34.70403],[135.39565,34.70399],[135.39741,34.70508],[135.39837,34.70633],[135.39891,34.70623],[135.39925,34.70554],[135.39914,34.70419],[135.39704,34.70123],[135.39649,34.70114],[135.39424,34.70191],[135.39294,34.70206],[135.39212,34.70259],[135.38986,34.70121],[135.38994,34.70091],[135.39049,34.70087],[135.3924,34.70167],[135.39513,34.70113],[135.39646,34.70057],[135.39514,34.69932],[135.3946,34.69917],[135.39294,34.70114],[135.3924,34.70109],[135.39235,34.7001],[135.39367,34.69808],[135.39356,34.69673],[135.39237,34.69514],[135.38919,34.69199],[135.3881,34.69194],[135.38545,34.69285],[135.38641,34.69556],[135.38616,34.69601],[135.38534,34.69624],[135.3848,34.69587],[135.38354,34.69397],[135.38234,34.69329],[135.38101,34.69135],[135.38047,34.69124],[135.37937,34.69155],[135.37877,34.69237],[135.37972,34.6944],[135.37949,34.69575],[135.37975,34.69688],[135.3796,34.69722],[135.37832,34.69552],[135.37835,34.69462],[135.37775,34.69281],[135.37654,34.69055],[135.37554,34.68785],[135.3755,34.68717],[135.37639,34.68605],[135.37639,34.6856],[135.37506,34.68414],[135.37154,34.68126],[135.37099,34.68126]],[[135.38067,34.7002],[135.38029,34.69914],[135.38041,34.69881],[135.38079,34.69982],[135.38067,34.7002]]],[[[135.38817,34.68183],[135.38674,34.68362],[135.38737,34.6852],[135.39304,34.68856],[135.39506,34.6911],[135.39596,34.69268],[135.39793,34.69472],[135.39984,34.69721],[135.40114,34.69931],[135.40385,34.69948],[135.40386,34.69971],[135.40277,34.70052],[135.40275,34.70105],[135.40574,34.70566],[135.40672,34.70626],[135.40661,34.70693],[135.4079,34.70897],[135.40844,34.70913],[135.41014,34.70763],[135.41005,34.70627],[135.41038,34.70587],[135.41092,34.70586],[135.41174,34.70633],[135.4131,34.70605],[135.41428,34.70652],[135.41302,34.70448],[135.41194,34.70403],[135.41224,34.7038],[135.41339,34.70379],[135.41482,34.70584],[135.41723,34.70721],[135.41748,34.70608],[135.41802,34.70564],[135.41877,34.70541],[135.41875,34.70519],[135.41367,34.70338],[135.41176,34.70249],[135.40865,34.70018],[135.40697,34.69859],[135.39895,34.68841],[135.39595,34.68502],[135.39436,34.68478],[135.39353,34.68365],[135.39225,34.68374],[135.39115,34.68342],[135.39064,34.68296],[135.39063,34.68206],[135.39009,34.6817],[135.38817,34.68183]]],[[[135.41404,34.68969],[135.41103,34.6913],[135.41,34.69252],[135.40906,34.6941],[135.40835,34.69635],[135.40859,34.69725],[135.41114,34.69974],[135.41368,34.70134],[135.41668,34.70263],[135.42049,34.70393],[135.42131,34.70393],[135.4235,34.70295],[135.42514,34.70273],[135.42617,34.70229],[135.42569,34.70121],[135.42487,34.7009],[135.42458,34.70048],[135.42488,34.69996],[135.42625,34.69916],[135.42671,34.69846],[135.42663,34.69711],[135.42627,34.69655],[135.41486,34.68975],[135.41404,34.68969]]],[[[135.39819,34.70058],[135.39858,34.70148],[135.39895,34.70158],[135.40031,34.70103],[135.4006,34.70059],[135.4001,34.69991],[135.39923,34.69988],[135.39819,34.70058]]],[[[135.40002,34.70323],[135.39954,34.70419],[135.40001,34.70465],[135.40084,34.70442],[135.40247,34.70496],[135.40356,34.70511],[135.40401,34.70489],[135.40308,34.70331],[135.40221,34.70253],[135.40002,34.70323]]],[[[135.41581,34.7088],[135.41663,34.70865],[135.41715,34.70811],[135.41695,34.70766],[135.41637,34.70727],[135.41582,34.70736],[135.41561,34.70765],[135.41546,34.70833],[135.41581,34.7088]]],[[[135.41402,34.73155],[135.41347,34.7314],[135.41319,34.73153],[135.41347,34.73191],[135.41401,34.73211],[135.41424,34.73199],[135.41402,34.73155]]],[[[135.41457,34.73131],[135.41444,34.73221],[135.41529,34.73379],[135.41564,34.73395],[135.41619,34.73361],[135.41756,34.732],[135.41765,34.73065],[135.4173,34.73034],[135.41594,34.73039],[135.41511,34.73065],[135.41457,34.73131]]],[[[135.39029,34.72868],[135.38727,34.7306],[135.3859,34.73075],[135.38466,34.73161],[135.38284,34.73386],[135.38232,34.73483],[135.38119,34.73543],[135.38122,34.73654],[135.38149,34.73664],[135.38357,34.73567],[135.38781,34.73104],[135.39028,34.72961],[135.39083,34.72863],[135.39029,34.72868]]],[[[135.41616,34.73698],[135.41557,34.73943],[135.41668,34.74034],[135.4187,34.73967],[135.41915,34.73922],[135.41899,34.73854],[135.41671,34.73691],[135.41616,34.73698]]],[[[135.37151,34.75273],[135.37317,34.75404],[135.37344,34.75394],[135.37407,34.75342],[135.37415,34.75275],[135.37373,34.75241],[135.37236,34.75248],[135.37155,34.75215],[135.37136,34.75228],[135.37151,34.75273]]],[[[135.3726,34.75693],[135.37289,34.75589],[135.37261,34.75567],[135.37232,34.75657],[135.3726,34.75693]]],[[[135.37232,34.75838],[135.37267,34.75792],[135.3726,34.75727],[135.37233,34.7571],[135.37202,34.75792],[135.37232,34.75838]]],[[[135.37242,34.76806],[135.37248,34.76829],[135.37279,34.76832],[135.37298,34.76807],[135.37279,34.76791],[135.37242,34.76806]]],[[[135.37593,34.7507],[135.37464,34.75342],[135.37466,34.755],[135.3741,34.75793],[135.37408,34.76154],[135.37437,34.76311],[135.37542,34.76447],[135.37488,34.7656],[135.37537,34.77011],[135.37441,34.77889],[135.37364,34.78114],[135.37241,34.7826],[135.37222,34.78203],[135.37257,34.78023],[135.37356,34.77911],[135.37376,34.77776],[135.37332,34.77641],[135.37329,34.77528],[135.37399,34.77213],[135.37386,34.77167],[135.37331,34.77152],[135.37249,34.77186],[135.37231,34.77234],[135.37238,34.77347],[135.37293,34.77528],[135.37219,34.7759],[135.37101,34.77639],[135.36982,34.77842],[135.36861,34.77924],[135.36649,34.77975],[135.3656,34.7804],[135.36423,34.78041],[135.36404,34.78064],[135.36571,34.7829],[135.36563,34.7838],[135.36609,34.78448],[135.36618,34.78538],[135.36746,34.78662],[135.36846,34.7872],[135.3689,34.78788],[135.36881,34.78855],[135.36771,34.78935],[135.36733,34.79012],[135.36606,34.79079],[135.36686,34.79282],[135.36679,34.7944],[135.36621,34.7953],[135.36657,34.7958],[135.3673,34.79553],[135.36868,34.79374],[135.37213,34.7828],[135.37241,34.78296],[135.3725,34.78451],[135.37186,34.78744],[135.37046,34.79127],[135.36741,34.79643],[135.36656,34.7976],[135.36452,34.79957],[135.36443,34.80093],[135.36362,34.80182],[135.36432,34.80228],[135.36433,34.80318],[135.36765,34.80455],[135.36895,34.80573],[135.36977,34.80579],[135.37278,34.80508],[135.37331,34.80525],[135.37384,34.80616],[135.37484,34.80661],[135.37484,34.80842],[135.37549,34.809],[135.37604,34.80867],[135.37612,34.8082],[135.37527,34.80571],[135.37539,34.80526],[135.37935,34.80404],[135.38125,34.80579],[135.38179,34.80591],[135.38344,34.80572],[135.38452,34.80676],[135.3858,34.80689],[135.38722,34.80893],[135.38748,34.81006],[135.38781,34.81029],[135.38859,34.81044],[135.38969,34.8099],[135.39078,34.81029],[135.39269,34.81016],[135.39516,34.80915],[135.39852,34.81192],[135.4,34.81463],[135.40058,34.81493],[135.40222,34.81511],[135.40275,34.81464],[135.40232,34.81329],[135.40361,34.81239],[135.4047,34.81236],[135.40523,34.8133],[135.40551,34.81328],[135.40661,34.81232],[135.40962,34.81191],[135.40999,34.81175],[135.4102,34.8113],[135.41005,34.81017],[135.40922,34.80926],[135.40904,34.80836],[135.40774,34.80775],[135.40725,34.80723],[135.40766,34.80655],[135.40756,34.8061],[135.40639,34.80557],[135.40509,34.80406],[135.40523,34.80361],[135.40668,34.80238],[135.40722,34.80092],[135.40642,34.79911],[135.40453,34.79826],[135.40422,34.79775],[135.40477,34.79617],[135.40577,34.79482],[135.40658,34.79415],[135.40623,34.79325],[135.40651,34.79235],[135.40594,34.79195],[135.4043,34.7916],[135.40403,34.79121],[135.4035,34.78867],[135.40188,34.78804],[135.40122,34.78714],[135.40079,34.78595],[135.39889,34.78477],[135.3983,34.78217],[135.39706,34.77855],[135.39841,34.77721],[135.39819,34.77563],[135.39953,34.77406],[135.39898,34.77248],[135.39907,34.77135],[135.39878,34.77045],[135.39905,34.77],[135.40003,34.76955],[135.39995,34.76865],[135.40018,34.76798],[135.39927,34.76662],[135.39909,34.76594],[135.39984,34.76505],[135.40074,34.7646],[135.40021,34.76392],[135.40041,34.76329],[135.40209,34.7628],[135.40232,34.76235],[135.40206,34.7619],[135.40151,34.76169],[135.39932,34.76328],[135.39439,34.76515],[135.39384,34.76518],[135.39193,34.76463],[135.39002,34.76479],[135.38839,34.76374],[135.38738,34.76341],[135.38622,34.76224],[135.38513,34.76208],[135.38349,34.76119],[135.38323,34.75994],[135.38202,34.75932],[135.38051,34.75799],[135.37862,34.75543],[135.37673,34.75366],[135.3767,34.75298],[135.37728,34.75186],[135.37702,34.75111],[135.37593,34.7507]],[[135.37924,34.80033],[135.37883,34.80077],[135.37791,34.80054],[135.37773,34.80009],[135.37802,34.79948],[135.37857,34.79935],[135.37911,34.79962],[135.37924,34.80033]],[[135.38347,34.80047],[135.38423,34.80103],[135.3842,34.80148],[135.38374,34.80186],[135.3821,34.80155],[135.38134,34.80079],[135.38144,34.80034],[135.38184,34.80011],[135.38347,34.80047]],[[135.39764,34.7878],[135.39587,34.79027],[135.39529,34.7907],[135.39311,34.79058],[135.39165,34.78957],[135.392,34.78845],[135.39313,34.78774],[135.39395,34.78763],[135.39504,34.78788],[135.39587,34.78717],[135.39669,34.78686],[135.39733,34.78712],[135.39764,34.7878]],[[135.40073,34.79389],[135.40319,34.7948],[135.40349,34.79526],[135.4018,34.79744],[135.39907,34.79713],[135.39769,34.79636],[135.39787,34.79569],[135.39991,34.79402],[135.40073,34.79389]],[[135.36816,34.80261],[135.3675,34.80207],[135.36789,34.80178],[135.36844,34.80196],[135.36865,34.8023],[135.36816,34.80261]],[[135.36897,34.80383],[135.36901,34.80343],[135.3695,34.80343],[135.36969,34.80366],[135.36951,34.80392],[135.36897,34.80383]]],[[[135.4214,34.80736],[135.41948,34.80909],[135.41948,34.80953],[135.42057,34.80975],[135.42166,34.80931],[135.4223,34.8082],[135.4214,34.80736]]],[[[135.41798,34.81179],[135.41638,34.81471],[135.41698,34.81516],[135.41773,34.81449],[135.41864,34.81173],[135.41798,34.81179]]],[[[135.42329,34.84965],[135.42384,34.84988],[135.4245,34.84945],[135.42492,34.84878],[135.42467,34.84824],[135.42385,34.84823],[135.42333,34.84855],[135.42329,34.84965]]],[[[135.3987,34.89508],[135.3989,34.8954],[135.39929,34.89531],[135.39916,34.89508],[135.3987,34.89508]]],[[[135.32188,34.23972],[135.32192,34.2404],[135.32245,34.24088],[135.3257,34.24153],[135.32637,34.242],[135.32634,34.24245],[135.32557,34.24358],[135.32551,34.24493],[135.32589,34.24561],[135.32838,34.24552],[135.33028,34.24583],[135.33109,34.24629],[135.33217,34.24747],[135.33704,34.24927],[135.33894,34.2495],[135.34166,34.24887],[135.34243,34.2511],[135.34299,34.25161],[135.3495,34.25236],[135.35194,34.25209],[135.35602,34.2511],[135.35765,34.25108],[135.35982,34.25198],[135.36199,34.25232],[135.36389,34.25133],[135.3669,34.2485],[135.37289,34.24669],[135.37424,34.24696],[135.37586,34.24764],[135.37852,34.24949],[135.38041,34.2522],[135.38173,34.25334],[135.38369,34.25431],[135.38991,34.25675],[135.39234,34.25873],[135.39614,34.25946],[135.40074,34.26076],[135.40453,34.26233],[135.40507,34.26224],[135.40563,34.26083],[135.40644,34.26057],[135.40807,34.26063],[135.40917,34.25929],[135.41053,34.25877],[135.41252,34.2598],[135.41294,34.26115],[135.41428,34.26274],[135.41432,34.26364],[135.41484,34.26395],[135.42081,34.26334],[135.42651,34.26358],[135.43167,34.26294],[135.43466,34.26342],[135.43598,34.26284],[135.4371,34.26265],[135.43928,34.26276],[135.44037,34.26217],[135.44253,34.26264],[135.44362,34.26262],[135.44394,34.26288],[135.44425,34.26378],[135.44399,34.26513],[135.44495,34.26604],[135.44532,34.26807],[135.44584,34.26897],[135.44596,34.2701],[135.44543,34.27077],[135.44647,34.27213],[135.44734,34.27416],[135.44923,34.27647],[135.45031,34.27736],[135.4525,34.27802],[135.45255,34.27824],[135.45211,34.27847],[135.45253,34.27892],[135.45519,34.27934],[135.45564,34.27916],[135.45565,34.27893],[135.45478,34.27848],[135.45546,34.27837],[135.45899,34.27913],[135.46197,34.28035],[135.46522,34.28126],[135.46766,34.28177],[135.46902,34.28181],[135.475,34.28068],[135.47609,34.27974],[135.47744,34.28019],[135.48016,34.28],[135.48057,34.27972],[135.48098,34.27892],[135.48153,34.27868],[135.48217,34.27905],[135.48334,34.2804],[135.48477,34.28037],[135.48536,34.28064],[135.4872,34.283],[135.49342,34.28771],[135.49424,34.28714],[135.4956,34.28678],[135.49777,34.2873],[135.49913,34.2866],[135.49967,34.28679],[135.50161,34.28814],[135.50283,34.28995],[135.50207,34.29108],[135.50236,34.29134],[135.50312,34.29131],[135.50426,34.29076],[135.51187,34.29081],[135.51349,34.29131],[135.51512,34.29252],[135.51946,34.29323],[135.52006,34.29295],[135.51942,34.29182],[135.51974,34.29123],[135.52165,34.2902],[135.52409,34.29026],[135.52571,34.29164],[135.52707,34.29198],[135.52788,34.29318],[135.52772,34.29411],[135.52823,34.29501],[135.53149,34.29683],[135.53254,34.29908],[135.53368,34.30044],[135.53624,34.30256],[135.53895,34.30347],[135.54058,34.30348],[135.5414,34.30321],[135.55039,34.29747],[135.55133,34.29668],[135.55153,34.296],[135.55091,34.29419],[135.55144,34.29329],[135.55083,34.29284],[135.55075,34.29239],[135.5516,34.29149],[135.55215,34.28992],[135.55204,34.28901],[135.55253,34.28789],[135.55343,34.28726],[135.55469,34.28722],[135.55528,34.2861],[135.55507,34.28563],[135.55453,34.28535],[135.55263,34.2855],[135.55209,34.28523],[135.55263,34.28316],[135.55564,34.28092],[135.55619,34.28017],[135.55734,34.27957],[135.55783,34.27832],[135.55864,34.2783],[135.55972,34.27884],[135.56054,34.27803],[135.5619,34.27786],[135.56223,34.27756],[135.56192,34.27688],[135.56082,34.27655],[135.56001,34.27665],[135.55729,34.27762],[135.55653,34.27754],[135.55608,34.27708],[135.55565,34.2755],[135.55405,34.27447],[135.55282,34.27301],[135.54998,34.27274],[135.54889,34.27351],[135.54835,34.27362],[135.5475,34.27299],[135.54673,34.27166],[135.54375,34.27123],[135.54264,34.2705],[135.54237,34.26982],[135.54332,34.26802],[135.54594,34.26728],[135.54649,34.26691],[135.54663,34.26646],[135.54595,34.26579],[135.54404,34.26606],[135.54294,34.26531],[135.54276,34.26486],[135.5432,34.26419],[135.5433,34.26284],[135.54298,34.26213],[135.54135,34.26149],[135.53973,34.26149],[135.53835,34.26079],[135.53849,34.25989],[135.53803,34.25853],[135.5389,34.25764],[135.53893,34.25719],[135.53644,34.25492],[135.53654,34.25447],[135.53764,34.2538],[135.53769,34.2529],[135.53729,34.252],[135.53788,34.251],[135.53845,34.25065],[135.53924,34.25066],[135.54059,34.25179],[135.54114,34.25198],[135.54223,34.25019],[135.54305,34.24992],[135.54482,34.24999],[135.54413,34.24944],[135.54416,34.24864],[135.54496,34.24818],[135.54631,34.2481],[135.54741,34.24606],[135.54795,34.24599],[135.54931,34.24658],[135.54985,34.2469],[135.55059,34.24799],[135.5512,34.24789],[135.55234,34.24506],[135.55296,34.24214],[135.55296,34.24056],[135.55261,34.23943],[135.53104,34.23935],[135.53178,34.24093],[135.53107,34.24205],[135.53059,34.24386],[135.52962,34.2452],[135.52936,34.24903],[135.52912,34.24948],[135.52757,34.25055],[135.5268,34.25286],[135.52701,34.2531],[135.52756,34.25315],[135.52919,34.25252],[135.53027,34.25282],[135.53136,34.25265],[135.53155,34.25287],[135.53163,34.2549],[135.53135,34.25508],[135.53026,34.25457],[135.52972,34.25463],[135.52727,34.256],[135.527,34.25646],[135.52835,34.25759],[135.52914,34.2594],[135.53023,34.26039],[135.53104,34.26171],[135.5335,34.26415],[135.53536,34.26532],[135.53645,34.2656],[135.53807,34.26567],[135.54019,34.26621],[135.54061,34.26688],[135.54024,34.26726],[135.53534,34.26925],[135.53451,34.27002],[135.53398,34.27159],[135.5337,34.27176],[135.53153,34.27146],[135.5299,34.27061],[135.52854,34.27159],[135.52528,34.27151],[135.52393,34.27063],[135.52257,34.27064],[135.5223,34.27043],[135.52385,34.2693],[135.52399,34.26885],[135.5234,34.26842],[135.52177,34.26867],[135.52123,34.26844],[135.52122,34.26636],[135.5207,34.26613],[135.51988,34.26699],[135.51634,34.26798],[135.5149,34.26881],[135.51477,34.26926],[135.51602,34.27152],[135.51586,34.27197],[135.51523,34.2725],[135.51225,34.27166],[135.51035,34.27224],[135.50899,34.27146],[135.50709,34.27212],[135.50655,34.27206],[135.50533,34.27103],[135.50528,34.27013],[135.50493,34.26958],[135.5025,34.26832],[135.50211,34.26786],[135.50198,34.26741],[135.50301,34.26651],[135.50286,34.26606],[135.50224,34.26553],[135.50061,34.26536],[135.49898,34.26611],[135.49789,34.26583],[135.49738,34.26491],[135.49799,34.26379],[135.49788,34.26311],[135.49737,34.26281],[135.49574,34.26263],[135.4952,34.2617],[135.49493,34.26175],[135.49466,34.26246],[135.4933,34.26211],[135.49221,34.26319],[135.4914,34.2631],[135.491,34.26263],[135.49101,34.26173],[135.4905,34.2606],[135.48978,34.26014],[135.4887,34.26016],[135.48826,34.25969],[135.48825,34.25856],[135.48782,34.25743],[135.48818,34.25598],[135.48683,34.25554],[135.48602,34.25436],[135.48548,34.25457],[135.48465,34.25555],[135.48088,34.25718],[135.48162,34.25831],[135.48167,34.25944],[135.4809,34.25988],[135.47947,34.26018],[135.47838,34.26093],[135.47459,34.25942],[135.47295,34.25999],[135.47187,34.2597],[135.47051,34.25997],[135.46943,34.25943],[135.46834,34.25933],[135.46824,34.25893],[135.46862,34.2585],[135.46998,34.25819],[135.47136,34.25736],[135.47119,34.25669],[135.47054,34.25624],[135.46972,34.25604],[135.46958,34.25578],[135.47057,34.2542],[135.47055,34.25362],[135.46974,34.25338],[135.46838,34.25362],[135.46702,34.25349],[135.46667,34.25306],[135.46653,34.25148],[135.46625,34.25126],[135.46513,34.25173],[135.46459,34.25168],[135.46351,34.2505],[135.46162,34.24999],[135.46027,34.24844],[135.4581,34.24769],[135.45784,34.24707],[135.45894,34.24649],[135.45916,34.24582],[135.45785,34.24453],[135.45623,34.24345],[135.45569,34.24328],[135.45487,34.24339],[135.45433,34.24363],[135.45378,34.24435],[135.45297,34.24431],[135.45132,34.24353],[135.44946,34.2418],[135.44891,34.24166],[135.44783,34.24205],[135.44675,34.24121],[135.44409,34.24169],[135.44305,34.24281],[135.44158,34.243],[135.43941,34.24228],[135.43642,34.24336],[135.43479,34.2427],[135.43344,34.24281],[135.43127,34.24246],[135.42936,34.24311],[135.428,34.24461],[135.42365,34.24486],[135.42175,34.24457],[135.42114,34.24384],[135.42155,34.24294],[135.42297,34.24182],[135.4236,34.24092],[135.42381,34.24002],[135.42357,34.23889],[135.41689,34.23886],[135.41663,34.23933],[135.415,34.24052],[135.41309,34.24129],[135.41173,34.24216],[135.41144,34.24199],[135.41085,34.23996],[135.40992,34.23883],[135.40626,34.23881],[135.40532,34.23993],[135.40423,34.24263],[135.40317,34.2433],[135.40195,34.24362],[135.40133,34.24352],[135.4006,34.24252],[135.39979,34.2421],[135.39707,34.24257],[135.39544,34.24313],[135.39408,34.24318],[135.39264,34.24235],[135.39171,34.24032],[135.39112,34.24],[135.3903,34.24009],[135.38976,34.24052],[135.38923,34.24233],[135.38866,34.243],[135.38811,34.24313],[135.38676,34.24284],[135.38501,34.24186],[135.38433,34.24044],[135.38284,34.23982],[135.38284,34.23869],[135.32245,34.23837],[135.32188,34.23972]],[[135.38347,34.2432],[135.38329,34.24365],[135.38268,34.24382],[135.38183,34.24342],[135.38152,34.24297],[135.38163,34.24274],[135.38214,34.24263],[135.38347,34.2432]],[[135.38403,34.24488],[135.38387,34.24456],[135.3843,34.24417],[135.38458,34.24434],[135.38403,34.24488]],[[135.43856,34.24746],[135.43747,34.24829],[135.43698,34.24797],[135.43715,34.24707],[135.43748,34.24681],[135.43836,34.24685],[135.43856,34.24746]],[[135.44548,34.25973],[135.44581,34.25935],[135.44615,34.25951],[135.44581,34.25984],[135.44548,34.25973]],[[135.45335,34.26998],[135.45304,34.26968],[135.45335,34.26941],[135.45389,34.26944],[135.45416,34.26968],[135.45407,34.26991],[135.45335,34.26998]],[[135.46858,34.26447],[135.46886,34.26433],[135.46914,34.26457],[135.46885,34.26469],[135.46858,34.26447]],[[135.47131,34.26279],[135.47091,34.26255],[135.47131,34.26228],[135.47195,34.26232],[135.47193,34.26255],[135.47131,34.26279]],[[135.54778,34.27759],[135.5505,34.2779],[135.55095,34.27819],[135.55103,34.28063],[135.54831,34.28011],[135.54587,34.28091],[135.54532,34.28067],[135.54453,34.27975],[135.54475,34.2793],[135.54778,34.27759]]],[[[135.46572,34.28805],[135.46678,34.28755],[135.46665,34.28709],[135.46573,34.28687],[135.46521,34.28709],[135.46545,34.28791],[135.46572,34.28805]]],[[[135.45477,34.28885],[135.45491,34.28907],[135.45512,34.28922],[135.45512,34.28894],[135.45477,34.28885]]],[[[135.47163,34.29862],[135.47183,34.29839],[135.47163,34.29832],[135.47157,34.29839],[135.47163,34.29862]]],[[[135.54666,34.30139],[135.54633,34.30184],[135.54711,34.30238],[135.54847,34.30171],[135.54878,34.30117],[135.5482,34.30039],[135.54666,34.30139]]],[[[135.51393,34.30915],[135.51421,34.30921],[135.51421,34.30887],[135.51394,34.30892],[135.51393,34.30915]]],[[[135.2022,34.23855],[135.20576,34.24173],[135.20595,34.24241],[135.20545,34.24308],[135.2053,34.24376],[135.20679,34.24489],[135.20652,34.2453],[135.20579,34.24556],[135.20547,34.24669],[135.20549,34.24781],[135.20404,34.24909],[135.20289,34.25073],[135.20158,34.25089],[135.20022,34.25153],[135.19939,34.25251],[135.19942,34.25318],[135.20115,34.25342],[135.20128,34.25432],[135.20239,34.25546],[135.20242,34.25591],[135.20188,34.25681],[135.20201,34.25703],[135.2037,34.25676],[135.20532,34.25727],[135.20668,34.25696],[135.20831,34.25729],[135.20967,34.25701],[135.21347,34.25696],[135.21592,34.25656],[135.21918,34.25536],[135.21948,34.25557],[135.21953,34.25602],[135.21887,34.25692],[135.21894,34.25737],[135.21974,34.25805],[135.22033,34.25918],[135.22159,34.25991],[135.22294,34.26013],[135.22377,34.26145],[135.22345,34.26235],[135.22351,34.26326],[135.22297,34.26393],[135.22263,34.26497],[135.22149,34.26595],[135.21961,34.26851],[135.21769,34.27004],[135.21643,34.27065],[135.21624,34.27132],[135.2164,34.27268],[135.21548,34.27445],[135.21494,34.27454],[135.21358,34.27424],[135.21169,34.27281],[135.21089,34.27191],[135.21035,34.27181],[135.20944,34.27286],[135.20924,34.27355],[135.20897,34.27377],[135.20788,34.27396],[135.20706,34.27487],[135.20624,34.27497],[135.20489,34.27477],[135.20321,34.27417],[135.20269,34.27372],[135.20219,34.27271],[135.20084,34.27237],[135.20003,34.27161],[135.19915,34.27121],[135.19832,34.26963],[135.19899,34.26873],[135.19871,34.26809],[135.19789,34.2682],[135.19679,34.26933],[135.19544,34.26901],[135.19436,34.26735],[135.19457,34.2669],[135.19519,34.26653],[135.19518,34.26623],[135.19465,34.26597],[135.19357,34.26594],[135.19331,34.26487],[135.19249,34.26507],[135.19195,34.26482],[135.19043,34.26214],[135.19038,34.26169],[135.1909,34.26109],[135.19199,34.26072],[135.19274,34.25945],[135.19391,34.25883],[135.19394,34.25766],[135.19583,34.25601],[135.19692,34.25558],[135.19828,34.25608],[135.19855,34.25598],[135.19921,34.25408],[135.19911,34.2538],[135.19884,34.25364],[135.19748,34.25379],[135.19424,34.25221],[135.19234,34.25284],[135.19152,34.25283],[135.18829,34.25055],[135.18639,34.25005],[135.18531,34.24952],[135.1837,34.24819],[135.18099,34.24717],[135.17882,34.24667],[135.17646,34.24762],[135.17575,34.24852],[135.17609,34.249],[135.17744,34.24911],[135.17866,34.24967],[135.17959,34.25148],[135.18042,34.25216],[135.18134,34.25374],[135.18126,34.25419],[135.18065,34.25468],[135.17956,34.2547],[135.17854,34.2553],[135.17874,34.25589],[135.17982,34.25579],[135.18032,34.25621],[135.17898,34.2586],[135.17799,34.25935],[135.1781,34.26026],[135.17515,34.26204],[135.17297,34.26215],[135.17198,34.26337],[135.16996,34.26518],[135.16833,34.26554],[135.16776,34.26742],[135.16558,34.26826],[135.16504,34.2683],[135.16423,34.26798],[135.1632,34.26601],[135.16221,34.26511],[135.16019,34.26501],[135.1591,34.26542],[135.15721,34.26406],[135.15596,34.26236],[135.1546,34.26145],[135.15401,34.26032],[135.15329,34.25964],[135.15311,34.25896],[135.15338,34.25806],[135.15186,34.25649],[135.1498,34.25713],[135.14827,34.25893],[135.14776,34.25917],[135.14668,34.25882],[135.14395,34.25945],[135.14261,34.25851],[135.14179,34.25874],[135.14097,34.25957],[135.13961,34.25942],[135.13879,34.25967],[135.13708,34.2593],[135.13696,34.2602],[135.13551,34.26191],[135.13416,34.26129],[135.13253,34.26161],[135.13171,34.26084],[135.13091,34.26075],[135.13067,34.26106],[135.13159,34.26196],[135.13149,34.26241],[135.13116,34.26287],[135.13007,34.26327],[135.12898,34.26402],[135.12843,34.26412],[135.12763,34.26352],[135.126,34.26351],[135.12516,34.26485],[135.12408,34.26533],[135.12326,34.26519],[135.12163,34.26531],[135.12083,34.26473],[135.11974,34.26439],[135.11859,34.26503],[135.11837,34.2658],[135.11799,34.26615],[135.11701,34.26653],[135.1162,34.26605],[135.11565,34.26604],[135.11374,34.26726],[135.1127,34.26679],[135.11105,34.2652],[135.10915,34.26472],[135.10805,34.26518],[135.10725,34.26525],[135.10319,34.26393],[135.10183,34.26376],[135.09939,34.26429],[135.09801,34.26555],[135.09793,34.266],[135.09835,34.26736],[135.09691,34.26771],[135.09609,34.26823],[135.09472,34.26864],[135.0945,34.26823],[135.09392,34.2679],[135.09355,34.2689],[135.09246,34.26979],[135.09217,34.27069],[135.09008,34.27158],[135.09037,34.27248],[135.09016,34.27293],[135.08706,34.27539],[135.08701,34.27606],[135.08753,34.27719],[135.09145,34.28173],[135.09185,34.28286],[135.0902,34.28691],[135.08795,34.28914],[135.08705,34.29094],[135.08661,34.29133],[135.08579,34.29168],[135.08497,34.29168],[135.08328,34.29114],[135.08271,34.29068],[135.08219,34.28865],[135.08218,34.28707],[135.08257,34.2846],[135.08347,34.28302],[135.08381,34.28167],[135.0832,34.28027],[135.08185,34.2793],[135.08076,34.2791],[135.08025,34.27939],[135.08186,34.28121],[135.08184,34.28211],[135.08127,34.28269],[135.08045,34.28287],[135.0791,34.28265],[135.07773,34.28305],[135.07701,34.28343],[135.07638,34.28455],[135.07581,34.28484],[135.07201,34.28505],[135.0701,34.28551],[135.06848,34.28527],[135.06819,34.28539],[135.06955,34.28637],[135.07098,34.28676],[135.07156,34.28812],[135.07088,34.28931],[135.06861,34.29012],[135.06802,34.29125],[135.06862,34.29396],[135.06975,34.29622],[135.06988,34.29757],[135.07031,34.2987],[135.07104,34.29938],[135.07239,34.29975],[135.07341,34.30121],[135.07536,34.30196],[135.07616,34.30254],[135.07655,34.30348],[135.07644,34.30551],[135.07699,34.30619],[135.07802,34.30619],[135.07868,34.30553],[135.07897,34.3044],[135.07848,34.30305],[135.07876,34.30215],[135.07943,34.30199],[135.08032,34.30238],[135.08134,34.30577],[135.08101,34.30609],[135.07938,34.30633],[135.07898,34.30733],[135.0793,34.30801],[135.08018,34.30802],[135.08373,34.3064],[135.08508,34.30667],[135.08806,34.30791],[135.0886,34.30792],[135.08865,34.30673],[135.0878,34.30613],[135.08703,34.30446],[135.08494,34.30332],[135.08138,34.29766],[135.08148,34.29721],[135.08247,34.29705],[135.08409,34.29814],[135.08544,34.29847],[135.08707,34.29831],[135.08951,34.29868],[135.0906,34.29831],[135.09196,34.29843],[135.09305,34.29805],[135.0936,34.29752],[135.0937,34.29662],[135.09334,34.29608],[135.09222,34.29526],[135.09212,34.29391],[135.09616,34.29056],[135.09677,34.28966],[135.09722,34.28741],[135.09779,34.28691],[135.10376,34.28734],[135.10946,34.28683],[135.11043,34.28841],[135.11242,34.29003],[135.11296,34.29011],[135.11405,34.28976],[135.1154,34.29049],[135.11621,34.29045],[135.11653,34.29003],[135.11688,34.28823],[135.11691,34.28552],[135.11632,34.28417],[135.11494,34.28281],[135.1146,34.28145],[135.11537,34.28055],[135.11687,34.27963],[135.11769,34.27946],[135.11823,34.27964],[135.12011,34.28107],[135.12258,34.28218],[135.12246,34.28421],[135.12432,34.28693],[135.12711,34.2868],[135.1293,34.28561],[135.12972,34.28584],[135.13013,34.28652],[135.12982,34.28794],[135.12737,34.28872],[135.12608,34.28987],[135.12562,34.291],[135.12522,34.29482],[135.12347,34.29661],[135.12279,34.29864],[135.12307,34.30112],[135.12343,34.30204],[135.12423,34.30274],[135.12613,34.30342],[135.12693,34.3046],[135.12858,34.30544],[135.12845,34.30589],[135.12553,34.30833],[135.12309,34.308],[135.1214,34.30855],[135.12045,34.30944],[135.12012,34.31079],[135.1198,34.31105],[135.11708,34.31146],[135.11627,34.31132],[135.11548,34.31076],[135.11458,34.30895],[135.11405,34.30691],[135.11412,34.30624],[135.11459,34.30557],[135.11552,34.3049],[135.11715,34.30471],[135.11797,34.30433],[135.12048,34.302],[135.12112,34.30043],[135.12111,34.2993],[135.12076,34.2984],[135.11967,34.29764],[135.11641,34.29742],[135.11587,34.29783],[135.11504,34.29918],[135.11231,34.29982],[135.11125,34.29923],[135.11044,34.29718],[135.10936,34.29661],[135.10856,34.29562],[135.10693,34.29522],[135.1042,34.29618],[135.10366,34.29737],[135.10447,34.29941],[135.10492,34.30144],[135.10653,34.30416],[135.10759,34.30529],[135.10733,34.30851],[135.10568,34.30911],[135.1046,34.3099],[135.10402,34.31067],[135.10379,34.3118],[135.10349,34.31196],[135.1016,34.31145],[135.099,34.31176],[135.09781,34.31055],[135.09699,34.31012],[135.09618,34.30998],[135.09509,34.31039],[135.09347,34.3094],[135.09266,34.30949],[135.0913,34.31013],[135.09134,34.31035],[135.09291,34.31133],[135.09397,34.31263],[135.0943,34.31353],[135.09416,34.31398],[135.09273,34.31465],[135.0927,34.31487],[135.09395,34.31541],[135.09613,34.31437],[135.09722,34.31437],[135.09857,34.31481],[135.09928,34.31537],[135.09966,34.3165],[135.10076,34.31764],[135.10152,34.31922],[135.10232,34.31983],[135.10612,34.32058],[135.10774,34.32133],[135.10964,34.32179],[135.1129,34.32193],[135.11588,34.32269],[135.11724,34.32228],[135.11833,34.32157],[135.11924,34.3216],[135.11969,34.32179],[135.11995,34.32266],[135.12131,34.32245],[135.12127,34.32342],[135.12157,34.32388],[135.12454,34.32524],[135.12536,34.32516],[135.12773,34.32279],[135.12873,34.32212],[135.12873,34.3219],[135.12757,34.32129],[135.12594,34.32124],[135.12485,34.32151],[135.12269,34.321],[135.12159,34.32143],[135.12197,34.32004],[135.12116,34.31914],[135.12112,34.31824],[135.12072,34.31733],[135.1211,34.3167],[135.12208,34.31599],[135.12139,34.31508],[135.12108,34.31395],[135.12195,34.31295],[135.12359,34.31212],[135.12468,34.31198],[135.12551,34.31028],[135.12715,34.30986],[135.12796,34.30988],[135.1285,34.31015],[135.1293,34.31108],[135.12957,34.31207],[135.13038,34.31199],[135.13312,34.30991],[135.1353,34.30925],[135.13667,34.30851],[135.13828,34.30574],[135.13997,34.30455],[135.14249,34.30486],[135.14348,34.30624],[135.14566,34.30521],[135.14696,34.30557],[135.14809,34.30675],[135.14891,34.30675],[135.14922,34.30649],[135.14928,34.30581],[135.14894,34.30491],[135.14821,34.304],[135.14679,34.30309],[135.14655,34.30083],[135.14599,34.29988],[135.14518,34.29921],[135.14437,34.2992],[135.14273,34.30004],[135.14053,34.30237],[135.13944,34.30246],[135.13886,34.30213],[135.13854,34.30055],[135.13932,34.2974],[135.13935,34.29447],[135.13706,34.28702],[135.13737,34.28657],[135.13798,34.28651],[135.13987,34.28751],[135.14068,34.28749],[135.14215,34.28638],[135.14297,34.28458],[135.14251,34.28323],[135.14101,34.28234],[135.14018,34.28096],[135.13998,34.27983],[135.13932,34.27847],[135.139,34.27554],[135.13828,34.27373],[135.13828,34.27148],[135.13868,34.27105],[135.13977,34.27082],[135.13992,34.27059],[135.13915,34.26991],[135.13885,34.26923],[135.13888,34.26833],[135.13975,34.26608],[135.14009,34.26582],[135.14117,34.26615],[135.14199,34.26594],[135.14236,34.26542],[135.14208,34.26474],[135.14316,34.2643],[135.14392,34.263],[135.14446,34.26302],[135.14563,34.26387],[135.14689,34.26437],[135.14743,34.2641],[135.14746,34.26343],[135.14791,34.26275],[135.14881,34.26258],[135.14962,34.26334],[135.15043,34.26327],[135.1508,34.26345],[135.15171,34.26458],[135.15155,34.26548],[135.15035,34.26593],[135.15012,34.26708],[135.15066,34.26722],[135.15284,34.26621],[135.15338,34.26652],[135.15392,34.26778],[135.15419,34.26765],[135.15467,34.26663],[135.15529,34.26649],[135.15573,34.26687],[135.15624,34.268],[135.15817,34.27004],[135.1585,34.27124],[135.15985,34.2718],[135.16075,34.27299],[135.16091,34.27432],[135.16,34.27523],[135.15953,34.27616],[135.15899,34.2764],[135.15817,34.2764],[135.15775,34.27612],[135.1571,34.27503],[135.15656,34.27494],[135.15547,34.27542],[135.15438,34.27541],[135.15411,34.27559],[135.1546,34.27655],[135.15545,34.27711],[135.15735,34.27758],[135.15843,34.27741],[135.16007,34.27656],[135.16066,34.27659],[135.16084,34.27682],[135.16046,34.27884],[135.16071,34.2802],[135.16044,34.28087],[135.16247,34.28158],[135.16436,34.28195],[135.16515,34.28316],[135.16495,34.28406],[135.16384,34.28518],[135.16405,34.28592],[135.16486,34.28611],[135.16731,34.28555],[135.16976,34.28557],[135.1703,34.28575],[135.17187,34.28816],[135.17352,34.28964],[135.17427,34.29201],[135.17605,34.29495],[135.1745,34.29629],[135.17395,34.29742],[135.17357,34.29922],[135.17426,34.30148],[135.17367,34.30241],[135.17339,34.30262],[135.17312,34.30252],[135.17236,34.30079],[135.17125,34.29995],[135.16935,34.29976],[135.16798,34.30015],[135.16716,34.30082],[135.16656,34.30187],[135.1662,34.303],[135.16639,34.30503],[135.1652,34.30667],[135.16465,34.30637],[135.16444,34.30434],[135.16347,34.30298],[135.16077,34.30093],[135.15983,34.30062],[135.15848,34.30049],[135.1582,34.30063],[135.15788,34.30339],[135.15708,34.30379],[135.15464,34.30426],[135.15448,34.3045],[135.15693,34.30677],[135.15536,34.31014],[135.15542,34.31081],[135.15593,34.31086],[135.15771,34.30948],[135.15905,34.30926],[135.15951,34.31017],[135.16082,34.31078],[135.16117,34.3113],[135.16132,34.31266],[135.16032,34.31355],[135.16089,34.31491],[135.16132,34.31519],[135.1624,34.31536],[135.16403,34.31524],[135.16676,34.31443],[135.16949,34.31281],[135.1704,34.31137],[135.17082,34.30957],[135.1717,34.30855],[135.17225,34.3084],[135.17235,34.30913],[135.17136,34.3107],[135.171,34.31182],[135.17147,34.31363],[135.17246,34.31463],[135.17381,34.31525],[135.17544,34.31531],[135.1768,34.31496],[135.17734,34.31519],[135.17783,34.31705],[135.17947,34.32039],[135.17974,34.32051],[135.18247,34.31906],[135.1849,34.32018],[135.18599,34.32017],[135.18885,34.31848],[135.19008,34.31713],[135.1896,34.31555],[135.18852,34.31397],[135.19007,34.31127],[135.19069,34.31121],[135.19163,34.31196],[135.19161,34.31309],[135.19011,34.31736],[135.19084,34.32029],[135.19169,34.32188],[135.19113,34.32199],[135.18788,34.32087],[135.18707,34.32102],[135.18565,34.32341],[135.18492,34.32544],[135.18647,34.32697],[135.18783,34.32649],[135.19054,34.32669],[135.19104,34.32683],[135.19162,34.32739],[135.19271,34.32762],[135.19349,34.33],[135.19458,34.33044],[135.19499,34.33091],[135.19486,34.33136],[135.19402,34.332],[135.19348,34.332],[135.19213,34.33131],[135.1914,34.33179],[135.19125,34.33247],[135.19217,34.3336],[135.19244,34.3345],[135.19209,34.33502],[135.19117,34.3354],[135.19097,34.3363],[135.19025,34.33697],[135.19044,34.33719],[135.19152,34.33775],[135.19288,34.33786],[135.19396,34.33841],[135.195,34.33858],[135.19559,34.3391],[135.19694,34.3392],[135.19734,34.33814],[135.19723,34.33724],[135.19805,34.33698],[135.19855,34.33612],[135.19951,34.33523],[135.19947,34.33432],[135.19887,34.33297],[135.19916,34.33252],[135.2,34.33207],[135.20163,34.33166],[135.20325,34.3328],[135.2038,34.3328],[135.20433,34.33233],[135.20454,34.33143],[135.20517,34.33077],[135.20639,34.33054],[135.20719,34.32987],[135.20872,34.3293],[135.21008,34.32952],[135.21063,34.32883],[135.21225,34.329],[135.21414,34.33095],[135.21468,34.331],[135.2155,34.33046],[135.21632,34.33039],[135.21821,34.33179],[135.21848,34.33165],[135.21876,34.33067],[135.22257,34.3298],[135.22264,34.33109],[135.22504,34.33201],[135.2252,34.33404],[135.22603,34.33495],[135.22578,34.33585],[135.22527,34.33652],[135.22344,34.33808],[135.22387,34.33944],[135.22438,34.33973],[135.22655,34.33978],[135.22792,34.33883],[135.22928,34.33894],[135.23091,34.33871],[135.23281,34.3392],[135.23499,34.33877],[135.23553,34.33892],[135.2366,34.34018],[135.23959,34.34027],[135.24042,34.34315],[135.24048,34.34428],[135.24106,34.34518],[135.24145,34.34536],[135.24335,34.34509],[135.24535,34.34543],[135.24563,34.34724],[135.24486,34.34859],[135.24478,34.34949],[135.2463,34.35],[135.24712,34.34903],[135.24767,34.34877],[135.24821,34.34881],[135.24933,34.34974],[135.24996,34.35155],[135.2509,34.35211],[135.25198,34.3524],[135.25221,34.35269],[135.25245,34.35359],[135.25359,34.35561],[135.25431,34.35631],[135.25388,34.35766],[135.25418,34.35833],[135.25392,34.35923],[135.2544,34.36014],[135.25433,34.36081],[135.2534,34.36194],[135.2538,34.36237],[135.25516,34.36177],[135.25652,34.36232],[135.2576,34.36217],[135.25832,34.36152],[135.25856,34.36039],[135.25898,34.35993],[135.25953,34.36009],[135.2597,34.3604],[135.25959,34.36085],[135.25877,34.36152],[135.25924,34.36209],[135.26224,34.36086],[135.26265,34.36109],[135.26304,34.3618],[135.26413,34.36176],[135.26494,34.36262],[135.26739,34.36253],[135.2679,34.36202],[135.26658,34.36141],[135.26623,34.36089],[135.26627,34.36021],[135.26704,34.35954],[135.26676,34.35841],[135.26752,34.35774],[135.2664,34.35548],[135.26681,34.35458],[135.26665,34.35376],[135.2661,34.35356],[135.26529,34.35385],[135.26455,34.35434],[135.26408,34.35524],[135.26364,34.35542],[135.2631,34.35523],[135.2627,34.35433],[135.2623,34.35404],[135.26121,34.35423],[135.26012,34.35399],[135.25699,34.35384],[135.25665,34.35339],[135.25634,34.35153],[135.25553,34.35124],[135.25444,34.35171],[135.25336,34.35069],[135.25227,34.35062],[135.25173,34.35034],[135.2511,34.3493],[135.24992,34.34817],[135.24958,34.34731],[135.24878,34.34658],[135.24857,34.34523],[135.2479,34.34432],[135.24793,34.34342],[135.24854,34.34275],[135.24819,34.34162],[135.24839,34.34094],[135.2493,34.33982],[135.24992,34.33953],[135.25059,34.33961],[135.2515,34.34029],[135.25182,34.34011],[135.25167,34.33894],[135.25243,34.33804],[135.25283,34.33669],[135.25403,34.33662],[135.25538,34.33721],[135.25646,34.33737],[135.25772,34.33694],[135.2611,34.33201],[135.26195,34.33151],[135.26331,34.33123],[135.26364,34.33089],[135.26372,34.32977],[135.26346,34.32887],[135.26171,34.3266],[135.26213,34.32435],[135.26202,34.32368],[135.25953,34.32095],[135.26025,34.31915],[135.2601,34.31735],[135.26035,34.3169],[135.26154,34.31622],[135.26317,34.31645],[135.2648,34.31577],[135.26698,34.31587],[135.2678,34.31519],[135.26839,34.31424],[135.269,34.31199],[135.26973,34.31156],[135.27054,34.31164],[135.27147,34.31246],[135.27156,34.31359],[135.27284,34.31472],[135.27256,34.3163],[135.27294,34.31711],[135.27348,34.31744],[135.2743,34.3174],[135.27538,34.31785],[135.27647,34.31791],[135.27708,34.31858],[135.27685,34.31948],[135.27629,34.32015],[135.27563,34.32043],[135.27454,34.32019],[135.274,34.3203],[135.27319,34.32103],[135.27317,34.32157],[135.27641,34.32407],[135.27804,34.32432],[135.27942,34.324],[135.28077,34.32293],[135.28114,34.32221],[135.28133,34.32052],[135.28351,34.32044],[135.2846,34.32001],[135.28553,34.3193],[135.28679,34.31779],[135.28727,34.31571],[135.28763,34.3153],[135.2906,34.31573],[135.29196,34.31644],[135.29467,34.31704],[135.29552,34.31756],[135.29792,34.31822],[135.29901,34.31783],[135.30018,34.31601],[135.30016,34.31488],[135.29945,34.3133],[135.29797,34.31213],[135.2976,34.31149],[135.29867,34.30991],[135.29889,34.30834],[135.29731,34.30653],[135.2964,34.30585],[135.29559,34.30584],[135.29367,34.3065],[135.29259,34.30574],[135.29097,34.30559],[135.28872,34.30693],[135.28868,34.3076],[135.28924,34.30896],[135.28876,34.30943],[135.28632,34.30909],[135.2836,34.31],[135.28222,34.30914],[135.28192,34.30869],[135.28225,34.30811],[135.28443,34.30723],[135.28523,34.30668],[135.28664,34.30285],[135.28966,34.29888],[135.29214,34.29635],[135.29251,34.29545],[135.29263,34.29388],[135.2924,34.29275],[135.29135,34.29242],[135.29044,34.29274],[135.28925,34.29408],[135.28808,34.29416],[135.28773,34.29385],[135.28768,34.2934],[135.28804,34.29182],[135.28593,34.29071],[135.2843,34.29112],[135.28321,34.29165],[135.28294,34.29153],[135.28255,34.28976],[135.28282,34.28819],[135.28261,34.28728],[135.28306,34.28638],[135.28274,34.28525],[135.28292,34.28435],[135.28327,34.28409],[135.28489,34.28548],[135.28679,34.28549],[135.28791,34.28438],[135.28925,34.28424],[135.2899,34.28394],[135.29147,34.28238],[135.29156,34.2817],[135.29198,34.2815],[135.29333,34.28266],[135.29442,34.28286],[135.29415,34.28442],[135.29656,34.28571],[135.29712,34.28624],[135.29717,34.28647],[135.29653,34.28714],[135.29682,34.2876],[135.29953,34.28847],[135.30116,34.28797],[135.30225,34.28822],[135.3036,34.28814],[135.30384,34.28853],[135.30326,34.29123],[135.30357,34.29178],[135.30465,34.29264],[135.3052,34.29271],[135.30591,34.29238],[135.30604,34.29035],[135.30658,34.28989],[135.30767,34.28953],[135.30984,34.2898],[135.3131,34.28966],[135.31499,34.29077],[135.31553,34.29085],[135.31597,34.29063],[135.31635,34.28988],[135.31799,34.28921],[135.31989,34.2895],[135.32043,34.28908],[135.32071,34.28823],[135.32098,34.2881],[135.32306,34.28977],[135.32378,34.29157],[135.32677,34.29452],[135.32745,34.29467],[135.32811,34.29453],[135.32855,34.29261],[135.32901,34.29273],[135.3299,34.29362],[135.33185,34.29342],[135.33268,34.295],[135.33341,34.29577],[135.33668,34.29705],[135.33682,34.2975],[135.33633,34.29863],[135.33673,34.29998],[135.33793,34.30112],[135.33961,34.30173],[135.34179,34.30126],[135.34396,34.3019],[135.34532,34.30164],[135.34736,34.30027],[135.3486,34.2987],[135.34915,34.29839],[135.35077,34.29916],[135.3524,34.29917],[135.35267,34.29935],[135.35258,34.30097],[135.35319,34.30163],[135.35455,34.30134],[135.35564,34.3015],[135.35727,34.30088],[135.3589,34.30127],[135.36026,34.30109],[135.36136,34.30079],[135.36244,34.3],[135.36299,34.29928],[135.36342,34.2981],[135.36409,34.29757],[135.36463,34.29796],[135.36487,34.29856],[135.36422,34.30013],[135.36439,34.30238],[135.36509,34.30374],[135.36594,34.30438],[135.36811,34.30399],[135.3692,34.30411],[135.36974,34.30385],[135.37032,34.30309],[135.37048,34.30106],[135.37113,34.30002],[135.37303,34.30067],[135.37411,34.30065],[135.37468,34.30086],[135.37538,34.30176],[135.37608,34.3038],[135.37653,34.30434],[135.37707,34.30456],[135.37793,34.30403],[135.37872,34.30218],[135.37926,34.30202],[135.38008,34.30251],[135.38115,34.30247],[135.3818,34.30202],[135.38199,34.30121],[135.38226,34.30106],[135.38243,34.30428],[135.38187,34.30608],[135.38276,34.3072],[135.38438,34.30773],[135.38738,34.30649],[135.38982,34.30736],[135.39063,34.30743],[135.39178,34.30658],[135.39363,34.30655],[135.39386,34.30614],[135.39353,34.30501],[135.39391,34.30441],[135.39608,34.30464],[135.39662,34.30516],[135.39717,34.30529],[135.39853,34.3048],[135.39917,34.30436],[135.39962,34.30363],[135.39989,34.30366],[135.40041,34.3055],[135.39936,34.3082],[135.39792,34.30909],[135.39777,34.31044],[135.39984,34.31057],[135.40012,34.3094],[135.40094,34.30912],[135.40123,34.30933],[135.40139,34.31046],[135.40229,34.31099],[135.4031,34.311],[135.40392,34.31073],[135.40501,34.30957],[135.40718,34.31011],[135.40989,34.31144],[135.41098,34.31136],[135.41145,34.31096],[135.4116,34.31028],[135.4114,34.30938],[135.41185,34.30848],[135.41064,34.30622],[135.41035,34.30509],[135.4104,34.30397],[135.41082,34.30352],[135.41239,34.30316],[135.41403,34.30204],[135.41469,34.30241],[135.41621,34.30445],[135.41622,34.30512],[135.41566,34.3067],[135.41616,34.30727],[135.41698,34.30728],[135.41742,34.30693],[135.41785,34.30603],[135.41916,34.30572],[135.41999,34.30434],[135.42053,34.30433],[135.42142,34.30492],[135.42172,34.30605],[135.42132,34.30717],[135.4216,34.30752],[135.42278,34.30808],[135.42268,34.30989],[135.42347,34.31115],[135.42401,34.31126],[135.42434,34.31102],[135.42465,34.31012],[135.42463,34.30922],[135.42512,34.30894],[135.42616,34.30968],[135.42591,34.31125],[135.42618,34.31156],[135.42727,34.31164],[135.42782,34.31125],[135.42836,34.31126],[135.43052,34.3128],[135.43161,34.31304],[135.43225,34.31286],[135.43302,34.31196],[135.43352,34.31176],[135.4346,34.31171],[135.43569,34.31232],[135.43651,34.31177],[135.43731,34.3128],[135.43867,34.31334],[135.43921,34.31395],[135.44002,34.31412],[135.44173,34.31335],[135.44223,34.31246],[135.4417,34.31087],[135.44054,34.30952],[135.44097,34.30817],[135.44099,34.30704],[135.4417,34.30688],[135.44224,34.30711],[135.44277,34.30772],[135.4427,34.30885],[135.44361,34.30998],[135.44437,34.31353],[135.44546,34.31357],[135.44581,34.31315],[135.44599,34.31202],[135.44655,34.3119],[135.4472,34.31248],[135.4479,34.3144],[135.44817,34.31447],[135.44871,34.31406],[135.44926,34.31396],[135.4498,34.31428],[135.45061,34.31533],[135.45206,34.3152],[135.45362,34.31634],[135.45385,34.31825],[135.45548,34.31832],[135.45683,34.31954],[135.45791,34.31972],[135.45927,34.32033],[135.45961,34.3202],[135.45965,34.31929],[135.46036,34.31899],[135.4606,34.3193],[135.46057,34.3202],[135.46117,34.32081],[135.46198,34.32043],[135.46388,34.32064],[135.46497,34.32107],[135.46578,34.32096],[135.4666,34.32132],[135.46795,34.32116],[135.46904,34.3218],[135.47172,34.32205],[135.47229,34.32275],[135.47392,34.32258],[135.47439,34.32342],[135.47438,34.32454],[135.47629,34.3259],[135.47644,34.32771],[135.47742,34.32829],[135.47932,34.32793],[135.48148,34.33023],[135.48207,34.33021],[135.48262,34.32954],[135.48169,34.32705],[135.48205,34.32614],[135.48287,34.32595],[135.48349,34.32638],[135.48531,34.32692],[135.48585,34.32687],[135.4861,34.32662],[135.48594,34.32617],[135.48396,34.32411],[135.48258,34.32323],[135.48265,34.32278],[135.48343,34.32249],[135.48695,34.32485],[135.48803,34.3253],[135.48965,34.32551],[135.49047,34.32596],[135.4902,34.32617],[135.48911,34.32616],[135.48821,34.32686],[135.48824,34.32821],[135.4891,34.32833],[135.49126,34.32992],[135.49425,34.33007],[135.4956,34.33103],[135.4975,34.33184],[135.49832,34.33181],[135.49995,34.33129],[135.50158,34.33185],[135.50348,34.33159],[135.50456,34.33225],[135.50565,34.33191],[135.50674,34.33223],[135.50728,34.33285],[135.50782,34.33303],[135.50945,34.3327],[135.51135,34.33277],[135.51244,34.33306],[135.51352,34.333],[135.51434,34.33234],[135.51489,34.33221],[135.51651,34.33295],[135.51788,34.33227],[135.51842,34.33234],[135.52033,34.33532],[135.52056,34.33763],[135.52111,34.33767],[135.5241,34.33693],[135.5246,34.33714],[135.52523,34.33805],[135.52852,34.33874],[135.53007,34.34032],[135.53048,34.34122],[135.53055,34.34258],[135.53113,34.34286],[135.53274,34.34213],[135.53303,34.34101],[135.5329,34.34011],[135.53387,34.33912],[135.53468,34.33934],[135.53612,34.34057],[135.53616,34.3417],[135.53657,34.34211],[135.53874,34.34252],[135.53956,34.34224],[135.5402,34.34171],[135.54036,34.34104],[135.53945,34.33946],[135.53903,34.33922],[135.53794,34.33925],[135.53758,34.33877],[135.53759,34.33607],[135.53824,34.33535],[135.53959,34.33562],[135.5405,34.3363],[135.5408,34.33698],[135.54079,34.33878],[135.54106,34.33924],[135.54147,34.33938],[135.54529,34.33642],[135.54747,34.33657],[135.54937,34.33573],[135.55019,34.33564],[135.55157,34.33612],[135.55213,34.33702],[135.54877,34.34084],[135.5484,34.34287],[135.54874,34.34422],[135.549,34.34445],[135.54987,34.34438],[135.55096,34.34378],[135.55145,34.34401],[135.55164,34.34468],[135.55204,34.34505],[135.55286,34.34523],[135.5534,34.34512],[135.55487,34.34357],[135.5554,34.34267],[135.55668,34.34169],[135.55886,34.34076],[135.56022,34.33991],[135.56104,34.33982],[135.56158,34.3401],[135.56261,34.34134],[135.56183,34.34247],[135.56203,34.34314],[135.56265,34.34344],[135.56482,34.34358],[135.56562,34.34406],[135.56509,34.34481],[135.56318,34.34539],[135.56277,34.34585],[135.56262,34.34822],[135.56303,34.34856],[135.56398,34.34863],[135.56412,34.34901],[135.56254,34.35081],[135.56237,34.35126],[135.5626,34.35178],[135.56342,34.35223],[135.56396,34.35224],[135.56519,34.35104],[135.56723,34.35],[135.56814,34.3488],[135.56887,34.34841],[135.5705,34.34858],[135.57197,34.34972],[135.57206,34.35017],[135.57157,34.3514],[135.57076,34.35219],[135.57029,34.35309],[135.56828,34.35444],[135.56775,34.35607],[135.56611,34.35681],[135.56481,34.3569],[135.56436,34.35735],[135.56415,34.35803],[135.56429,34.35848],[135.56559,34.35961],[135.566,34.36051],[135.56582,34.36071],[135.56473,34.36089],[135.56419,34.3613],[135.56336,34.36271],[135.56228,34.36271],[135.56146,34.36343],[135.56146,34.3641],[135.56394,34.36682],[135.56361,34.3671],[135.56225,34.36711],[135.56171,34.36732],[135.56134,34.36793],[135.56108,34.36929],[135.5614,34.36974],[135.56251,34.37046],[135.56576,34.37223],[135.56665,34.37246],[135.56714,34.37336],[135.56874,34.37448],[135.57146,34.37473],[135.57444,34.37632],[135.57716,34.37648],[135.57851,34.37714],[135.57933,34.37859],[135.57741,34.38012],[135.57701,34.38129],[135.57747,34.38264],[135.57848,34.384],[135.57853,34.38467],[135.57793,34.3852],[135.57738,34.38516],[135.57691,34.38332],[135.5755,34.38223],[135.57495,34.38227],[135.57359,34.38292],[135.5725,34.38287],[135.57114,34.38322],[135.57069,34.38284],[135.57023,34.38172],[135.56925,34.38139],[135.56789,34.38167],[135.56707,34.38208],[135.56631,34.3835],[135.5657,34.384],[135.56461,34.38402],[135.56353,34.38349],[135.56291,34.38372],[135.56189,34.38507],[135.55999,34.38452],[135.55917,34.38463],[135.55862,34.38528],[135.55835,34.38625],[135.55756,34.38685],[135.5574,34.38753],[135.55795,34.38866],[135.55967,34.39002],[135.55968,34.39114],[135.55914,34.39148],[135.55696,34.39159],[135.55505,34.39263],[135.5547,34.39315],[135.55577,34.39609],[135.55691,34.39722],[135.55734,34.39925],[135.55838,34.40061],[135.55891,34.40173],[135.55897,34.40444],[135.55954,34.40602],[135.55831,34.40759],[135.55796,34.40894],[135.55496,34.40953],[135.55279,34.40905],[135.55116,34.40931],[135.55003,34.41004],[135.54814,34.41335],[135.54624,34.41308],[135.54488,34.4133],[135.54393,34.41385],[135.54269,34.41506],[135.54215,34.41499],[135.54082,34.41406],[135.54033,34.41271],[135.53945,34.41178],[135.53863,34.41159],[135.53673,34.41195],[135.53625,34.41224],[135.53416,34.41652],[135.53425,34.41765],[135.53591,34.41923],[135.5348,34.41968],[135.53382,34.42102],[135.53421,34.4226],[135.53392,34.42531],[135.53456,34.42621],[135.53461,34.42689],[135.533,34.42801],[135.53254,34.42891],[135.53389,34.42982],[135.53445,34.43103],[135.53544,34.43185],[135.53559,34.43253],[135.53498,34.43291],[135.5339,34.43219],[135.53332,34.43229],[135.53256,34.43432],[135.53279,34.43473],[135.53369,34.43522],[135.53389,34.43613],[135.53332,34.43754],[135.53223,34.438],[135.5317,34.43882],[135.53249,34.44069],[135.53358,34.44093],[135.53494,34.44008],[135.53603,34.44019],[135.53796,34.44178],[135.53831,34.4429],[135.53809,34.44358],[135.53764,34.44398],[135.53655,34.4435],[135.53547,34.4435],[135.53438,34.44385],[135.53302,34.44327],[135.53247,34.44329],[135.53108,34.44423],[135.53057,34.4449],[135.53053,34.44535],[135.53089,34.44648],[135.53213,34.44784],[135.5315,34.44941],[135.53176,34.45077],[135.53216,34.4513],[135.53432,34.45281],[135.53469,34.45506],[135.5354,34.45539],[135.53659,34.45507],[135.53739,34.45733],[135.54218,34.45868],[135.54426,34.46118],[135.54444,34.46209],[135.54407,34.4628],[135.54243,34.46381],[135.54107,34.46409],[135.53998,34.46379],[135.5378,34.46376],[135.5359,34.46273],[135.53382,34.4625],[135.53322,34.46001],[135.53256,34.45934],[135.52994,34.45882],[135.52944,34.4591],[135.52912,34.45991],[135.52776,34.45988],[135.52666,34.46061],[135.52476,34.46074],[135.52313,34.4593],[135.52117,34.45884],[135.52082,34.45839],[135.52097,34.45771],[135.52228,34.45682],[135.52258,34.45637],[135.52207,34.45522],[135.52017,34.45453],[135.51935,34.45448],[135.51744,34.45585],[135.51609,34.45384],[135.515,34.45342],[135.5131,34.45339],[135.51289,34.45317],[135.51376,34.45092],[135.51373,34.45025],[135.51249,34.44934],[135.51177,34.44842],[135.50946,34.4473],[135.50904,34.4464],[135.50802,34.44549],[135.50771,34.4447],[135.5068,34.44436],[135.50608,34.44366],[135.505,34.44317],[135.50418,34.44299],[135.50373,34.44322],[135.50345,34.44367],[135.50349,34.44435],[135.502,34.44485],[135.50172,34.44599],[135.50036,34.44525],[135.49954,34.44539],[135.49918,34.44613],[135.49951,34.44771],[135.49899,34.44773],[135.49832,34.4468],[135.49786,34.445],[135.49713,34.44409],[135.49721,34.44364],[135.49801,34.44275],[135.49793,34.44162],[135.49685,34.44078],[135.49316,34.43934],[135.4924,34.43821],[135.49252,34.43762],[135.49388,34.43687],[135.49426,34.43552],[135.49442,34.43326],[135.49418,34.43281],[135.49342,34.43236],[135.49359,34.43146],[135.49337,34.43119],[135.49201,34.43091],[135.49066,34.42965],[135.49012,34.4296],[135.4893,34.43008],[135.48876,34.42994],[135.48826,34.42941],[135.48855,34.42806],[135.48795,34.42761],[135.48741,34.42769],[135.48659,34.42827],[135.48523,34.42851],[135.48441,34.42904],[135.48332,34.42846],[135.48115,34.42779],[135.48006,34.428],[135.47953,34.42869],[135.47958,34.43185],[135.47922,34.43225],[135.47877,34.43185],[135.47784,34.42981],[135.47755,34.42891],[135.47764,34.42801],[135.47663,34.4262],[135.47572,34.42572],[135.47409,34.42548],[135.473,34.42603],[135.47278,34.42596],[135.4725,34.42483],[135.47166,34.4235],[135.47084,34.4234],[135.46975,34.42385],[135.46945,34.42369],[135.46894,34.42261],[135.46813,34.4223],[135.46677,34.42279],[135.46609,34.4239],[135.46461,34.42435],[135.4635,34.42705],[135.46266,34.42755],[135.46157,34.42784],[135.46022,34.42681],[135.45984,34.42545],[135.46124,34.42276],[135.46057,34.42208],[135.46022,34.42117],[135.45944,34.42043],[135.4589,34.42029],[135.45699,34.42129],[135.45534,34.42274],[135.45372,34.42168],[135.4529,34.4217],[135.45232,34.42272],[135.4499,34.42399],[135.44907,34.42505],[135.44772,34.42469],[135.44662,34.42524],[135.44532,34.42539],[135.44417,34.42687],[135.442,34.42591],[135.44064,34.42493],[135.4401,34.4249],[135.43715,34.42603],[135.43682,34.42749],[135.43655,34.42759],[135.43519,34.42721],[135.43382,34.42806],[135.43133,34.42825],[135.43132,34.42713],[135.43169,34.42623],[135.43106,34.42532],[135.43109,34.42487],[135.43249,34.42435],[135.43385,34.42342],[135.43402,34.42308],[135.4335,34.42218],[135.43169,34.42082],[135.43146,34.41992],[135.43056,34.41833],[135.43097,34.41721],[135.43056,34.41653],[135.42901,34.41569],[135.42819,34.41565],[135.42554,34.41876],[135.42491,34.41906],[135.42409,34.4191],[135.42138,34.41841],[135.42111,34.41671],[135.41921,34.41512],[135.42222,34.41489],[135.4244,34.41388],[135.42603,34.4138],[135.42713,34.4128],[135.42848,34.41312],[135.4293,34.41258],[135.43068,34.41225],[135.43098,34.4118],[135.43104,34.4109],[135.43231,34.41016],[135.43223,34.40933],[135.43123,34.40856],[135.43015,34.40811],[135.42969,34.40751],[135.42935,34.40638],[135.42973,34.40436],[135.4294,34.40368],[135.42827,34.40255],[135.42846,34.40165],[135.42911,34.40075],[135.42949,34.39962],[135.42913,34.39782],[135.42832,34.3973],[135.42533,34.39725],[135.42342,34.3983],[135.42304,34.39801],[135.42288,34.39711],[135.42207,34.39644],[135.41881,34.39646],[135.41849,34.39574],[135.41881,34.39484],[135.42168,34.3926],[135.42213,34.39192],[135.42156,34.3914],[135.41993,34.39126],[135.41858,34.39076],[135.41778,34.39078],[135.41721,34.39113],[135.41639,34.39285],[135.41584,34.3933],[135.41366,34.39387],[135.41258,34.3931],[135.41176,34.39293],[135.40986,34.39368],[135.40931,34.39369],[135.40906,34.39186],[135.40732,34.39028],[135.40989,34.38879],[135.41075,34.38781],[135.41112,34.38691],[135.4111,34.38511],[135.40963,34.38262],[135.40977,34.3806],[135.40877,34.37856],[135.40851,34.37743],[135.40645,34.37505],[135.40623,34.37382],[135.40592,34.37355],[135.40375,34.37325],[135.40239,34.37335],[135.40153,34.37402],[135.40098,34.37514],[135.40097,34.37605],[135.40192,34.37785],[135.40259,34.38101],[135.40231,34.38393],[135.40177,34.38381],[135.40015,34.38278],[135.39851,34.38269],[135.3977,34.38286],[135.39629,34.38391],[135.39495,34.38639],[135.39468,34.38676],[135.39441,34.38671],[135.39409,34.38593],[135.39419,34.38458],[135.39147,34.3796],[135.39115,34.3778],[135.39236,34.37488],[135.39231,34.3733],[135.3932,34.3715],[135.39345,34.3697],[135.39454,34.36871],[135.39653,34.36768],[135.39682,34.36678],[135.39635,34.36588],[135.39484,34.36473],[135.39402,34.36453],[135.39292,34.36474],[135.39267,34.36316],[135.39159,34.36226],[135.39078,34.36222],[135.38817,34.36291],[135.38801,34.36404],[135.38676,34.36493],[135.38668,34.36561],[135.38477,34.36676],[135.38467,34.3683],[135.38581,34.36943],[135.38591,34.36989],[135.38545,34.37146],[135.38535,34.37394],[135.38498,34.37433],[135.38275,34.37302],[135.38246,34.37099],[135.38039,34.37021],[135.37966,34.36895],[135.37904,34.36868],[135.37796,34.36877],[135.37714,34.36939],[135.37605,34.36932],[135.37523,34.36961],[135.37494,34.37005],[135.37518,34.37073],[135.3751,34.37186],[135.3744,34.37239],[135.37386,34.37205],[135.37369,34.37072],[135.37332,34.37036],[135.37196,34.37084],[135.37033,34.37051],[135.36952,34.37062],[135.36708,34.36917],[135.36654,34.36933],[135.36571,34.37015],[135.3649,34.37047],[135.36245,34.37005],[135.36092,34.36863],[135.36072,34.36818],[135.3605,34.3657],[135.36096,34.36457],[135.36099,34.36277],[135.36153,34.36187],[135.36184,34.36052],[135.36154,34.35894],[135.36091,34.35842],[135.35928,34.35874],[135.35711,34.35841],[135.35645,34.35869],[135.35472,34.36071],[135.35417,34.36319],[135.3538,34.36379],[135.35136,34.36333],[135.35,34.36368],[135.34864,34.3644],[135.34538,34.36371],[135.34375,34.3637],[135.34293,34.36392],[135.34165,34.36492],[135.3406,34.36694],[135.34028,34.3683],[135.33963,34.36836],[135.339,34.36761],[135.33916,34.36626],[135.33888,34.36423],[135.3377,34.3622],[135.33676,34.36129],[135.33453,34.36045],[135.33414,34.35992],[135.33412,34.35902],[135.3355,34.35542],[135.33539,34.35496],[135.33491,34.35452],[135.33513,34.35384],[135.33473,34.35316],[135.33545,34.35091],[135.33465,34.34933],[135.33354,34.34864],[135.33218,34.34835],[135.33082,34.34863],[135.32919,34.34939],[135.3288,34.34862],[135.32897,34.3466],[135.32717,34.34343],[135.32571,34.3425],[135.32435,34.34229],[135.32299,34.34238],[135.32203,34.34137],[135.32083,34.34069],[135.31893,34.34069],[135.31819,34.34135],[135.31755,34.34278],[135.31619,34.34341],[135.3151,34.34357],[135.31427,34.34223],[135.3144,34.34066],[135.31404,34.33975],[135.31215,34.33858],[135.30945,34.3374],[135.30927,34.33544],[135.30892,34.33501],[135.30649,34.33401],[135.30512,34.33441],[135.30376,34.33453],[135.30143,34.33337],[135.30102,34.33156],[135.30131,34.33044],[135.30218,34.32901],[135.30299,34.32924],[135.30381,34.32865],[135.30388,34.32685],[135.30248,34.3256],[135.30085,34.32557],[135.30004,34.32477],[135.29868,34.32501],[135.29634,34.32635],[135.29586,34.3277],[135.29481,34.32928],[135.29462,34.33108],[135.29412,34.33153],[135.29346,34.33173],[135.29183,34.33163],[135.28939,34.33192],[135.2883,34.33231],[135.2872,34.33324],[135.28662,34.33419],[135.28637,34.33531],[135.28523,34.33643],[135.28462,34.33756],[135.28461,34.33891],[135.28542,34.34117],[135.28496,34.34154],[135.28441,34.34155],[135.28339,34.3407],[135.28225,34.34023],[135.27981,34.34006],[135.2764,34.33773],[135.27616,34.33728],[135.2774,34.33594],[135.27771,34.33458],[135.27708,34.33323],[135.27553,34.33229],[135.27417,34.33231],[135.27199,34.33333],[135.2687,34.33656],[135.26836,34.33836],[135.26861,34.34017],[135.26975,34.3411],[135.27137,34.34155],[135.27178,34.34199],[135.27176,34.34266],[135.27108,34.34404],[135.27271,34.34412],[135.27433,34.3452],[135.27596,34.34531],[135.27626,34.34517],[135.2762,34.34472],[135.27651,34.34434],[135.27707,34.3445],[135.27708,34.34495],[135.27658,34.3454],[135.2767,34.34607],[135.27587,34.34697],[135.2759,34.34742],[135.27757,34.34763],[135.2792,34.34817],[135.27951,34.34812],[135.28002,34.34745],[135.28056,34.34761],[135.28168,34.34836],[135.2805,34.34903],[135.28055,34.3497],[135.28108,34.35007],[135.28163,34.34985],[135.28243,34.34904],[135.28219,34.34836],[135.28382,34.34746],[135.28464,34.34737],[135.28551,34.34838],[135.28542,34.35094],[135.28678,34.35108],[135.28869,34.3502],[135.28978,34.35005],[135.29086,34.35021],[135.29148,34.35067],[135.29172,34.35135],[135.29098,34.35247],[135.2913,34.35405],[135.28946,34.35508],[135.28892,34.35561],[135.2888,34.35651],[135.2891,34.35696],[135.29013,34.35697],[135.29072,34.35585],[135.29136,34.35529],[135.29191,34.35496],[135.29272,34.355],[135.29359,34.35541],[135.29479,34.357],[135.29331,34.35879],[135.29378,34.35939],[135.29432,34.35943],[135.29541,34.35905],[135.29649,34.3593],[135.29758,34.35899],[135.29894,34.35897],[135.29948,34.35922],[135.2997,34.36018],[135.30002,34.3603],[135.30138,34.35939],[135.30193,34.35935],[135.30328,34.35991],[135.30491,34.36001],[135.30621,34.36225],[135.30815,34.36318],[135.30842,34.36318],[135.30873,34.36249],[135.30924,34.36217],[135.30979,34.36213],[135.31052,34.3625],[135.31164,34.36363],[135.31018,34.3652],[135.31015,34.36565],[135.31138,34.36678],[135.31154,34.36836],[135.31119,34.36904],[135.31027,34.36982],[135.3081,34.36937],[135.30701,34.36957],[135.30692,34.36991],[135.30808,34.37141],[135.30889,34.37174],[135.31025,34.37171],[135.31106,34.37223],[135.31351,34.37255],[135.3146,34.37208],[135.31623,34.3719],[135.31732,34.37201],[135.31841,34.37132],[135.32031,34.37174],[135.32113,34.37142],[135.3232,34.36933],[135.32414,34.3691],[135.32549,34.36979],[135.32684,34.3703],[135.32766,34.37035],[135.32829,34.37071],[135.33002,34.37387],[135.3311,34.37478],[135.33091,34.37591],[135.33115,34.37626],[135.33196,34.37638],[135.3344,34.37733],[135.33576,34.37693],[135.33712,34.37766],[135.3382,34.37763],[135.33843,34.37798],[135.33835,34.3791],[135.3387,34.37956],[135.34009,34.37914],[135.3407,34.37934],[135.34092,34.38002],[135.34044,34.38114],[135.34089,34.38129],[135.34198,34.38112],[135.34249,34.38138],[135.34304,34.38409],[135.3453,34.38365],[135.34413,34.38508],[135.34325,34.38522],[135.34248,34.38629],[135.34131,34.38723],[135.34106,34.38926],[135.34246,34.38941],[135.34293,34.38972],[135.34245,34.39027],[135.34082,34.39086],[135.34062,34.39151],[135.34105,34.39219],[135.34094,34.39287],[135.34162,34.39316],[135.3427,34.39297],[135.34487,34.39423],[135.34541,34.39422],[135.34651,34.39357],[135.34707,34.39357],[135.34794,34.39471],[135.34919,34.39539],[135.34956,34.39607],[135.35089,34.3963],[135.35136,34.39743],[135.35273,34.39773],[135.35345,34.39834],[135.3538,34.39915],[135.35489,34.39925],[135.35669,34.40039],[135.35736,34.40174],[135.35684,34.40287],[135.35586,34.40331],[135.35584,34.40421],[135.35545,34.40511],[135.35648,34.40532],[135.3568,34.40557],[135.35696,34.40693],[135.35835,34.4087],[135.35845,34.40964],[135.3597,34.41103],[135.36024,34.41093],[135.3606,34.41032],[135.36064,34.40965],[135.36107,34.40947],[135.36261,34.41056],[135.36267,34.41169],[135.36349,34.41243],[135.36485,34.41264],[135.36593,34.41359],[135.36675,34.41372],[135.36737,34.41352],[135.36838,34.41172],[135.36792,34.40924],[135.36814,34.409],[135.37059,34.40856],[135.37195,34.40887],[135.37277,34.40864],[135.37322,34.40633],[135.37392,34.40521],[135.37334,34.40464],[135.37198,34.40483],[135.37144,34.40458],[135.37132,34.40384],[135.37162,34.40272],[135.3701,34.40222],[135.3698,34.40181],[135.36998,34.40136],[135.37038,34.40097],[135.37147,34.40088],[135.37229,34.39993],[135.37447,34.3997],[135.37556,34.39933],[135.37691,34.3998],[135.37797,34.39802],[135.3772,34.39599],[135.37749,34.39533],[135.37831,34.39501],[135.37967,34.39509],[135.38103,34.39458],[135.38239,34.39464],[135.38293,34.39445],[135.38373,34.39354],[135.38483,34.39287],[135.38486,34.39129],[135.38513,34.391],[135.38786,34.39022],[135.38922,34.39018],[135.39273,34.39303],[135.39409,34.39323],[135.3949,34.39386],[135.39599,34.39365],[135.39671,34.39406],[135.39693,34.39518],[135.39813,34.39632],[135.39876,34.39767],[135.39881,34.39835],[135.39927,34.39903],[135.3992,34.3997],[135.39801,34.4006],[135.39788,34.40105],[135.39864,34.40195],[135.39872,34.40286],[135.39945,34.40355],[135.3998,34.40466],[135.39902,34.40691],[135.39924,34.40782],[135.39906,34.40849],[135.39887,34.40871],[135.39751,34.40892],[135.3956,34.40986],[135.39519,34.41028],[135.39559,34.41072],[135.39722,34.41094],[135.39858,34.4116],[135.39994,34.41159],[135.4004,34.4121],[135.40045,34.41256],[135.39966,34.41331],[135.39829,34.41377],[135.39751,34.41434],[135.39557,34.41465],[135.39545,34.41614],[135.39436,34.41726],[135.39473,34.41795],[135.39527,34.4179],[135.39569,34.41817],[135.39577,34.41907],[135.39553,34.41946],[135.39336,34.41925],[135.39269,34.4195],[135.39199,34.42038],[135.39144,34.42049],[135.39066,34.42017],[135.39009,34.41914],[135.38928,34.41901],[135.3889,34.41948],[135.38904,34.42061],[135.38884,34.42129],[135.38956,34.42197],[135.38925,34.42261],[135.38871,34.4227],[135.38763,34.42211],[135.386,34.42182],[135.38545,34.42195],[135.38535,34.42262],[135.38579,34.42375],[135.38679,34.42424],[135.38816,34.42374],[135.38897,34.42379],[135.38936,34.42422],[135.38958,34.42535],[135.39033,34.42603],[135.39049,34.42648],[135.38922,34.42736],[135.38786,34.42744],[135.38704,34.42815],[135.38568,34.42806],[135.38531,34.42916],[135.38432,34.43006],[135.38546,34.43231],[135.38531,34.43344],[135.38672,34.43457],[135.38753,34.43492],[135.38807,34.4362],[135.39106,34.43619],[135.39249,34.43731],[135.39322,34.43832],[135.3943,34.43887],[135.39484,34.43959],[135.39729,34.43961],[135.39799,34.44094],[135.39949,34.44208],[135.39963,34.44343],[135.40119,34.44479],[135.40223,34.44637],[135.40241,34.44709],[135.40268,34.44724],[135.4035,34.44652],[135.40431,34.44699],[135.40513,34.44686],[135.40622,34.44701],[135.40677,34.446],[135.40731,34.44606],[135.40768,34.44843],[135.40865,34.44903],[135.40974,34.44911],[135.41055,34.4496],[135.41106,34.45205],[135.41216,34.45334],[135.4127,34.4536],[135.41297,34.45351],[135.41341,34.45296],[135.41516,34.45211],[135.41679,34.4521],[135.42015,34.45435],[135.42067,34.45525],[135.42048,34.45615],[135.42002,34.45662],[135.41866,34.45713],[135.41825,34.45749],[135.41838,34.45822],[135.41865,34.45839],[135.41974,34.45837],[135.42006,34.45863],[135.41956,34.45953],[135.41974,34.46043],[135.41891,34.46102],[135.4186,34.46178],[135.41894,34.46291],[135.41848,34.46448],[135.41754,34.4656],[135.41943,34.46742],[135.41969,34.46922],[135.41934,34.47012],[135.41945,34.4708],[135.41911,34.47127],[135.41771,34.47124],[135.41704,34.47281],[135.41852,34.47372],[135.41908,34.47483],[135.42044,34.4747],[135.42126,34.47523],[135.42235,34.47492],[135.42262,34.47508],[135.42259,34.47645],[135.42315,34.4769],[135.42391,34.47645],[135.4238,34.47555],[135.42398,34.47533],[135.42452,34.4753],[135.42534,34.47568],[135.42697,34.47524],[135.42779,34.47544],[135.42914,34.47633],[135.43023,34.47642],[135.43132,34.47686],[135.43241,34.47671],[135.43404,34.47693],[135.43431,34.47714],[135.4343,34.47835],[135.43538,34.47889],[135.43646,34.4805],[135.43782,34.48089],[135.43864,34.4817],[135.43829,34.48238],[135.43826,34.48328],[135.43747,34.48395],[135.43809,34.48553],[135.43812,34.48711],[135.43778,34.48744],[135.43614,34.48735],[135.43575,34.48778],[135.43584,34.48823],[135.43641,34.48847],[135.43832,34.48815],[135.43913,34.48835],[135.44008,34.48937],[135.4397,34.4905],[135.4402,34.49103],[135.44266,34.48991],[135.4432,34.48986],[135.44402,34.49013],[135.4447,34.49075],[135.4447,34.49187],[135.44537,34.49228],[135.44684,34.49233],[135.4472,34.49279],[135.44733,34.49369],[135.4478,34.49407],[135.449,34.49302],[135.44944,34.49293],[135.44921,34.4937],[135.44853,34.4946],[135.44888,34.49552],[135.44933,34.49595],[135.44926,34.49618],[135.44806,34.49701],[135.44669,34.49713],[135.44572,34.49796],[135.44577,34.49819],[135.44683,34.49842],[135.44668,34.4996],[135.44804,34.49909],[135.4494,34.49956],[135.45213,34.50182],[135.45221,34.50318],[135.45346,34.50351],[135.45508,34.50467],[135.45504,34.50747],[135.4567,34.50883],[135.45689,34.50928],[135.45619,34.50996],[135.45468,34.51063],[135.45452,34.51085],[135.4547,34.5113],[135.45558,34.5119],[135.45644,34.51334],[135.45666,34.51341],[135.45748,34.5129],[135.45857,34.51286],[135.46128,34.51494],[135.4621,34.51509],[135.46291,34.51484],[135.46334,34.51495],[135.46345,34.5163],[135.46516,34.51788],[135.46556,34.51901],[135.46667,34.52037],[135.46653,34.52127],[135.4672,34.52218],[135.46723,34.52308],[135.46831,34.52347],[135.46966,34.52442],[135.47074,34.52658],[135.47155,34.52738],[135.47154,34.52893],[135.47344,34.52979],[135.47445,34.53122],[135.47588,34.53154],[135.47724,34.5315],[135.47805,34.53255],[135.47941,34.53366],[135.48104,34.53448],[135.48131,34.53486],[135.48118,34.53576],[135.4822,34.53734],[135.48366,34.53735],[135.4839,34.53622],[135.48364,34.53532],[135.48267,34.53438],[135.48254,34.53396],[135.48322,34.53283],[135.48432,34.53258],[135.4846,34.53217],[135.48413,34.53126],[135.48421,34.53059],[135.48335,34.53013],[135.48171,34.52855],[135.48161,34.5281],[135.48207,34.5272],[135.48171,34.52539],[135.48218,34.52507],[135.48327,34.52506],[135.48464,34.52374],[135.48628,34.52316],[135.48874,34.52163],[135.49093,34.51939],[135.4923,34.51894],[135.49277,34.51823],[135.49312,34.51811],[135.4942,34.5186],[135.49502,34.51926],[135.4972,34.51837],[135.49966,34.51775],[135.50047,34.51851],[135.50101,34.51852],[135.50259,34.51714],[135.50402,34.51679],[135.50483,34.51682],[135.50574,34.51783],[135.50617,34.51896],[135.50788,34.51987],[135.50971,34.52179],[135.51022,34.52326],[135.51133,34.52398],[135.51242,34.5241],[135.51299,34.5244],[135.51311,34.52507],[135.51264,34.52687],[135.51354,34.528],[135.51382,34.52958],[135.51307,34.53093],[135.51305,34.53206],[135.51346,34.53251],[135.514,34.53272],[135.51482,34.5324],[135.51591,34.53251],[135.51836,34.53146],[135.51945,34.53195],[135.5218,34.53119],[135.5222,34.53052],[135.52328,34.52952],[135.52488,34.5285],[135.52574,34.52826],[135.52747,34.52671],[135.5272,34.52513],[135.5275,34.52423],[135.52656,34.52265],[135.52625,34.52152],[135.52842,34.5204],[135.52779,34.51837],[135.53097,34.51685],[135.53152,34.51568],[135.53207,34.51524],[135.53353,34.51478],[135.53499,34.51299],[135.53609,34.51231],[135.53626,34.51164],[135.53672,34.51124],[135.53781,34.51082],[135.53945,34.51121],[135.54099,34.51053],[135.54142,34.50895],[135.54099,34.5076],[135.54165,34.50706],[135.54221,34.50603],[135.54315,34.50558],[135.54316,34.50445],[135.54384,34.50401],[135.54493,34.50375],[135.54576,34.50214],[135.54678,34.50154],[135.54686,34.50041],[135.54606,34.49928],[135.54498,34.4986],[135.54571,34.4977],[135.54599,34.49657],[135.54484,34.49432],[135.54477,34.49364],[135.54405,34.49296],[135.54402,34.49251],[135.54445,34.49208],[135.54554,34.49184],[135.54615,34.49139],[135.54597,34.49004],[135.54618,34.48914],[135.54549,34.48823],[135.54584,34.48682],[135.54765,34.48621],[135.54966,34.48488],[135.55075,34.4845],[135.55128,34.48397],[135.55116,34.48307],[135.55015,34.48171],[135.55038,34.48126],[135.55108,34.48082],[135.55109,34.48037],[135.55058,34.47924],[135.5497,34.47811],[135.55024,34.47772],[135.55133,34.47802],[135.55189,34.47766],[135.55186,34.47699],[135.55079,34.47608],[135.55062,34.47518],[135.55133,34.47293],[135.55217,34.47226],[135.5534,34.47046],[135.55387,34.46911],[135.55198,34.46752],[135.55225,34.46662],[135.55185,34.46594],[135.55385,34.46426],[135.55347,34.46302],[135.55417,34.46144],[135.55523,34.46093],[135.55633,34.45985],[135.5566,34.45973],[135.55714,34.46006],[135.55742,34.4599],[135.55771,34.45898],[135.55867,34.45808],[135.55861,34.45718],[135.55895,34.45628],[135.55811,34.45515],[135.5583,34.45425],[135.55777,34.45334],[135.55776,34.45064],[135.55747,34.44974],[135.55837,34.44816],[135.55847,34.44658],[135.55885,34.44554],[135.5594,34.4454],[135.56103,34.44598],[135.56178,34.44547],[135.56131,34.44412],[135.56013,34.44253],[135.56023,34.44189],[135.56063,34.44141],[135.56058,34.44096],[135.5597,34.4402],[135.55844,34.43847],[135.55723,34.43779],[135.55675,34.43711],[135.55778,34.43531],[135.55723,34.43441],[135.55705,34.43283],[135.55751,34.43103],[135.55811,34.43062],[135.56111,34.43002],[135.56192,34.42857],[135.56172,34.42744],[135.5626,34.42677],[135.56291,34.42609],[135.56358,34.42561],[135.56413,34.42482],[135.56494,34.42465],[135.56603,34.42553],[135.56623,34.42498],[135.5693,34.42183],[135.56924,34.4207],[135.57,34.41913],[135.56973,34.418],[135.57015,34.41791],[135.57123,34.41816],[135.57211,34.41666],[135.57328,34.41576],[135.57337,34.41553],[135.57286,34.41486],[135.57299,34.41441],[135.57452,34.4136],[135.57561,34.4126],[135.57616,34.41241],[135.57697,34.41291],[135.57779,34.41291],[135.5786,34.41371],[135.57869,34.41443],[135.57739,34.4151],[135.57777,34.41558],[135.57886,34.41542],[135.58077,34.41463],[135.58213,34.41528],[135.58282,34.41467],[135.58241,34.41331],[135.58148,34.41218],[135.58199,34.41128],[135.58188,34.41028],[135.57863,34.40861],[135.57809,34.40714],[135.57715,34.40586],[135.5772,34.40541],[135.57798,34.40451],[135.58016,34.40339],[135.58012,34.40136],[135.57958,34.40023],[135.57732,34.39849],[135.5765,34.39831],[135.57487,34.39839],[135.57405,34.39877],[135.57319,34.39953],[135.57241,34.40156],[135.56914,34.40174],[135.56805,34.40211],[135.56642,34.40309],[135.5661,34.40289],[135.56564,34.40018],[135.56399,34.39724],[135.56401,34.39679],[135.5651,34.39526],[135.56564,34.39506],[135.56754,34.39602],[135.57324,34.39715],[135.57461,34.39684],[135.57624,34.39584],[135.57896,34.39606],[135.58168,34.39581],[135.58658,34.39442],[135.58713,34.39408],[135.58713,34.39377],[135.58604,34.3938],[135.58495,34.39349],[135.58362,34.39235],[135.58404,34.38943],[135.5847,34.38896],[135.58579,34.3888],[135.58688,34.38802],[135.58951,34.38854],[135.58997,34.38539],[135.5918,34.38396],[135.59261,34.38373],[135.59397,34.38417],[135.59506,34.38401],[135.59592,34.38428],[135.59777,34.38684],[135.59831,34.38673],[135.59913,34.38589],[135.60022,34.38558],[135.60158,34.38483],[135.60402,34.38618],[135.60441,34.38724],[135.60371,34.38859],[135.60619,34.38972],[135.60685,34.3904],[135.60523,34.39378],[135.60833,34.39568],[135.60996,34.39613],[135.61431,34.3964],[135.61675,34.39599],[135.61893,34.39593],[135.62165,34.39543],[135.62177,34.39563],[135.62153,34.39586],[135.61947,34.39698],[135.61756,34.39717],[135.6162,34.39759],[135.61424,34.39854],[135.61293,34.3995],[135.61161,34.39876],[135.60914,34.39667],[135.60588,34.39581],[135.60533,34.39608],[135.60486,34.39806],[135.60451,34.3985],[135.60369,34.39875],[135.60233,34.39879],[135.60259,34.39986],[135.60368,34.40101],[135.60449,34.40147],[135.60612,34.40191],[135.60813,34.40348],[135.60869,34.40438],[135.60853,34.40483],[135.60748,34.40551],[135.60332,34.40707],[135.60161,34.40864],[135.60201,34.40894],[135.60472,34.4091],[135.60536,34.40978],[135.60535,34.41204],[135.60613,34.41316],[135.60628,34.41384],[135.60551,34.41519],[135.60497,34.41564],[135.60252,34.41557],[135.60195,34.41608],[135.60225,34.41663],[135.6046,34.41857],[135.60497,34.41947],[135.6049,34.41992],[135.60195,34.42107],[135.60059,34.42134],[135.5995,34.42131],[135.59911,34.42081],[135.59936,34.4199],[135.59928,34.41878],[135.59875,34.4172],[135.59817,34.41642],[135.59708,34.41578],[135.59572,34.41536],[135.59328,34.41561],[135.59273,34.41606],[135.59238,34.4174],[135.59371,34.41966],[135.59439,34.42034],[135.59437,34.42124],[135.59379,34.42234],[135.59297,34.42261],[135.59107,34.42244],[135.58862,34.42189],[135.58822,34.42212],[135.58797,34.42302],[135.58753,34.42358],[135.58499,34.42436],[135.58396,34.42639],[135.58445,34.42774],[135.58331,34.42954],[135.58386,34.43045],[135.5834,34.43157],[135.58211,34.43269],[135.58234,34.43585],[135.58208,34.43698],[135.58266,34.43856],[135.58337,34.43877],[135.58446,34.43841],[135.58519,34.43744],[135.58537,34.43654],[135.58583,34.43629],[135.58645,34.43654],[135.5871,34.43744],[135.58807,34.43812],[135.58756,34.43902],[135.58426,34.44172],[135.58559,34.44262],[135.58561,34.4433],[135.58507,34.44442],[135.5859,34.4451],[135.58609,34.44668],[135.58575,34.44713],[135.58375,34.44803],[135.58386,34.44893],[135.5847,34.45028],[135.58476,34.45118],[135.58423,34.45208],[135.58305,34.45298],[135.58291,34.45343],[135.58311,34.45411],[135.58467,34.45592],[135.58462,34.45862],[135.58575,34.46111],[135.58594,34.46268],[135.58705,34.46406],[135.58923,34.46448],[135.58977,34.46492],[135.58974,34.46698],[135.59003,34.46736],[135.59116,34.46788],[135.59107,34.46901],[135.59168,34.47014],[135.59142,34.47059],[135.59024,34.47126],[135.59027,34.47194],[135.59082,34.47297],[135.59136,34.47323],[135.59381,34.47315],[135.59572,34.47345],[135.59737,34.47422],[135.59835,34.47535],[135.59939,34.4758],[135.59995,34.4767],[135.59963,34.47783],[135.59864,34.47873],[135.59808,34.47985],[135.59922,34.48063],[135.59786,34.48064],[135.59631,34.48165],[135.59631,34.48345],[135.59658,34.48413],[135.59702,34.48446],[135.59811,34.48425],[135.59861,34.48436],[135.5993,34.48572],[135.59974,34.48601],[135.6008,34.48595],[135.60083,34.48527],[135.60165,34.48466],[135.60219,34.48482],[135.60382,34.48604],[135.60498,34.48619],[135.60612,34.48732],[135.60545,34.48822],[135.60745,34.49003],[135.60734,34.49054],[135.60586,34.49205],[135.60597,34.4925],[135.60678,34.49303],[135.60787,34.49249],[135.60842,34.49255],[135.60982,34.49387],[135.61282,34.49545],[135.61411,34.49658],[135.61396,34.49703],[135.61272,34.49838],[135.61262,34.49883],[135.61438,34.49928],[135.6149,34.49974],[135.61489,34.50019],[135.61432,34.50109],[135.61568,34.50177],[135.61565,34.5029],[135.61637,34.50425],[135.61574,34.50538],[135.61688,34.50719],[135.61761,34.50765],[135.61775,34.50989],[135.61759,34.5102],[135.6169,34.50854],[135.61651,34.50818],[135.61515,34.50905],[135.61406,34.50933],[135.6134,34.51033],[135.61382,34.51123],[135.61375,34.51213],[135.61404,34.51269],[135.61594,34.51404],[135.6173,34.51406],[135.61812,34.51492],[135.61847,34.51485],[135.61866,34.51452],[135.61893,34.51479],[135.6191,34.51598],[135.62033,34.51666],[135.62043,34.51801],[135.62218,34.51928],[135.62249,34.51982],[135.62218,34.52037],[135.61999,34.52204],[135.61863,34.52181],[135.61829,34.52207],[135.61949,34.52658],[135.62001,34.52725],[135.61971,34.52906],[135.61804,34.53062],[135.61668,34.53073],[135.61559,34.53173],[135.61396,34.53156],[135.61255,34.53241],[135.61229,34.53309],[135.6133,34.53399],[135.61315,34.53445],[135.61258,34.5349],[135.61067,34.53516],[135.60931,34.53574],[135.60822,34.53513],[135.60713,34.53524],[135.6055,34.53473],[135.6054,34.53577],[135.60467,34.53605],[135.60178,34.53396],[135.60115,34.5327],[135.59984,34.53237],[135.5996,34.53147],[135.59876,34.53057],[135.59617,34.52988],[135.59261,34.52762],[135.59281,34.52649],[135.59132,34.52513],[135.59108,34.52333],[135.59221,34.52252],[135.5937,34.52086],[135.59631,34.52002],[135.59697,34.51952],[135.59626,34.51636],[135.59622,34.51501],[135.59653,34.51456],[135.59743,34.51426],[135.59836,34.51344],[135.59753,34.51208],[135.59806,34.51118],[135.59801,34.51073],[135.59717,34.5099],[135.59581,34.50974],[135.59551,34.51005],[135.59578,34.51095],[135.59546,34.51162],[135.59389,34.51305],[135.59253,34.51333],[135.59171,34.5138],[135.59139,34.51364],[135.59107,34.51296],[135.59099,34.51116],[135.58985,34.51003],[135.58901,34.50994],[135.58867,34.50957],[135.58874,34.50898],[135.58956,34.50877],[135.58952,34.508],[135.58902,34.50772],[135.58847,34.50784],[135.5882,34.50878],[135.5871,34.50914],[135.58656,34.50918],[135.58597,34.50889],[135.58589,34.50776],[135.5863,34.50759],[135.58738,34.50778],[135.58886,34.50687],[135.58791,34.50596],[135.5886,34.50349],[135.58786,34.50281],[135.58745,34.50168],[135.58714,34.50147],[135.58523,34.50222],[135.58441,34.50309],[135.5836,34.50287],[135.58157,34.50098],[135.58125,34.50008],[135.58016,34.49895],[135.57862,34.49849],[135.57708,34.49714],[135.57674,34.49623],[135.57698,34.49533],[135.57629,34.4945],[135.57598,34.49353],[135.57619,34.49308],[135.57736,34.4924],[135.57712,34.49203],[135.57617,34.49172],[135.57571,34.49127],[135.57605,34.49015],[135.57556,34.48879],[135.57605,34.48835],[135.57815,34.48767],[135.57896,34.48678],[135.57909,34.48587],[135.5785,34.48384],[135.57798,34.4835],[135.57662,34.48319],[135.5761,34.48271],[135.57648,34.48113],[135.57636,34.48044],[135.57582,34.48014],[135.57364,34.48],[135.57337,34.47928],[135.57283,34.47904],[135.57035,34.48044],[135.57001,34.48111],[135.57,34.48246],[135.57138,34.48517],[135.57141,34.4863],[135.57251,34.48743],[135.57278,34.48833],[135.57412,34.49014],[135.57354,34.49217],[135.57357,34.49347],[135.57423,34.49442],[135.57443,34.496],[135.57569,34.49713],[135.57561,34.49781],[135.57458,34.49961],[135.57299,34.50055],[135.5723,34.5014],[135.57242,34.50253],[135.57179,34.50501],[135.5725,34.50636],[135.57105,34.50763],[135.56996,34.50795],[135.56914,34.50875],[135.56806,34.50928],[135.56766,34.5104],[135.56885,34.51089],[135.56895,34.51153],[135.56858,34.51187],[135.56714,34.5122],[135.56689,34.51333],[135.56561,34.514],[135.56529,34.51495],[135.56338,34.5158],[135.56223,34.51737],[135.56214,34.51827],[135.56285,34.51917],[135.56282,34.51952],[135.56145,34.52054],[135.5609,34.52171],[135.55981,34.52222],[135.55984,34.52345],[135.55871,34.52406],[135.55835,34.52502],[135.5584,34.52547],[135.55943,34.52615],[135.55916,34.52705],[135.55842,34.52755],[135.55733,34.52724],[135.5568,34.52749],[135.55671,34.52817],[135.55626,34.52884],[135.55684,34.52997],[135.55656,34.53042],[135.55568,34.53046],[135.55296,34.52955],[135.55205,34.5304],[135.55205,34.53131],[135.55245,34.53221],[135.55228,34.53266],[135.55158,34.53298],[135.54986,34.53288],[135.54991,34.53355],[135.55112,34.53491],[135.55171,34.53604],[135.55124,34.53716],[135.55189,34.53897],[135.55119,34.54032],[135.55132,34.5419],[135.54918,34.54324],[135.54771,34.54343],[135.54662,34.54434],[135.5449,34.54435],[135.54314,34.54525],[135.54198,34.54614],[135.54082,34.54637],[135.53841,34.55072],[135.53787,34.55074],[135.53781,34.55019],[135.53705,34.54992],[135.5364,34.55018],[135.53514,34.55135],[135.53351,34.551],[135.53316,34.55129],[135.53296,34.552],[135.53241,34.5522],[135.53159,34.55192],[135.53105,34.55199],[135.5294,34.5539],[135.52777,34.55419],[135.5266,34.55533],[135.52671,34.55668],[135.52595,34.5587],[135.52611,34.55897],[135.52747,34.55933],[135.52771,34.55984],[135.52649,34.56186],[135.52757,34.56299],[135.52771,34.56396],[135.5288,34.56404],[135.52961,34.56497],[135.53072,34.56548],[135.53086,34.56684],[135.5293,34.56841],[135.52911,34.56886],[135.52986,34.57066],[135.53121,34.57186],[135.53203,34.57198],[135.53258,34.57158],[135.53247,34.5709],[135.53168,34.57],[135.53179,34.56932],[135.53329,34.56797],[135.53442,34.5673],[135.53523,34.5664],[135.53587,34.56623],[135.53669,34.56656],[135.53751,34.566],[135.53833,34.56609],[135.53915,34.56545],[135.54024,34.56507],[135.54174,34.56417],[135.54461,34.5621],[135.5457,34.56221],[135.54843,34.56182],[135.54912,34.56285],[135.55142,34.56281],[135.55224,34.5633],[135.55278,34.56416],[135.55359,34.56429],[135.55429,34.56399],[135.55496,34.56303],[135.5566,34.56222],[135.55715,34.56167],[135.55769,34.56156],[135.55878,34.56269],[135.56014,34.56305],[135.56205,34.56289],[135.56313,34.56339],[135.56395,34.56409],[135.56449,34.56419],[135.56695,34.56389],[135.5675,34.56272],[135.56859,34.56262],[135.57043,34.5609],[135.57105,34.55985],[135.5716,34.55944],[135.57269,34.55936],[135.57323,34.55954],[135.57394,34.56023],[135.57429,34.56114],[135.5754,34.56135],[135.57674,34.56069],[135.57868,34.55921],[135.5795,34.559],[135.58114,34.55763],[135.58169,34.55778],[135.58277,34.55923],[135.58386,34.55858],[135.58579,34.55802],[135.58876,34.5601],[135.58922,34.56006],[135.58959,34.55961],[135.5904,34.55929],[135.59149,34.55916],[135.59231,34.55821],[135.5934,34.55844],[135.59421,34.55899],[135.59476,34.55899],[135.59598,34.5576],[135.59613,34.55628],[135.59559,34.55605],[135.5945,34.55672],[135.59388,34.55647],[135.59326,34.55534],[135.5933,34.55444],[135.59162,34.55241],[135.59215,34.55173],[135.59344,34.55081],[135.59596,34.54972],[135.5957,34.54769],[135.59639,34.54679],[135.59732,34.54611],[135.59728,34.54515],[135.59834,34.54454],[135.59892,34.54357],[135.60056,34.54259],[135.60192,34.54281],[135.60238,34.54207],[135.60329,34.54162],[135.60546,34.54181],[135.60692,34.54074],[135.60901,34.53996],[135.61065,34.54024],[135.61146,34.54119],[135.61228,34.54145],[135.61336,34.54246],[135.61565,34.54279],[135.61481,34.54099],[135.61364,34.54026],[135.61238,34.53895],[135.61448,34.53535],[135.61503,34.53513],[135.61612,34.53551],[135.61776,34.53421],[135.61884,34.53442],[135.61923,34.53401],[135.6197,34.53266],[135.62022,34.53234],[135.62127,34.53267],[135.62185,34.53425],[135.6232,34.53522],[135.62374,34.53533],[135.62522,34.53471],[135.62429,34.53374],[135.62462,34.53245],[135.62289,34.53019],[135.62278,34.52974],[135.62301,34.52929],[135.62569,34.52707],[135.62732,34.52758],[135.62868,34.52766],[135.63004,34.52841],[135.63031,34.52829],[135.63057,34.52729],[135.63021,34.52661],[135.62977,34.52634],[135.62868,34.52649],[135.62828,34.52615],[135.62982,34.52481],[135.63047,34.52255],[135.63116,34.52183],[135.63225,34.52185],[135.63388,34.52254],[135.63478,34.52392],[135.63468,34.52571],[135.63495,34.52586],[135.6355,34.52573],[135.63607,34.52505],[135.63638,34.52325],[135.63505,34.52234],[135.63486,34.52166],[135.63514,34.52099],[135.63661,34.52037],[135.63797,34.52107],[135.6396,34.52121],[135.64033,34.52055],[135.64055,34.51965],[135.64097,34.51946],[135.64202,34.52033],[135.64342,34.5206],[135.64423,34.52131],[135.64559,34.52106],[135.64749,34.52236],[135.64884,34.52525],[135.65075,34.52576],[135.65126,34.5269],[135.6521,34.52746],[135.65207,34.52893],[135.65182,34.52932],[135.64937,34.52999],[135.64816,34.53072],[135.64783,34.53117],[135.64864,34.53207],[135.64891,34.53343],[135.65034,34.53388],[135.65159,34.53501],[135.65152,34.53546],[135.65098,34.53599],[135.64897,34.53658],[135.64891,34.53681],[135.64959,34.53749],[135.64962,34.53794],[135.64815,34.53951],[135.64855,34.54109],[135.64809,34.54221],[135.6485,34.54251],[135.64959,34.54249],[135.65044,34.54312],[135.651,34.54448],[135.65098,34.54605],[135.65202,34.54726],[135.65528,34.54867],[135.6561,34.54871],[135.65746,34.54919],[135.65772,34.54878],[135.6569,34.54675],[135.65802,34.54499],[135.65884,34.54465],[135.6602,34.54491],[135.66102,34.54483],[135.66238,34.54555],[135.66402,34.54328],[135.66511,34.54248],[135.6662,34.54219],[135.66811,34.54264],[135.66974,34.54393],[135.67045,34.54498],[135.67164,34.54592],[135.67354,34.5468],[135.67408,34.5466],[135.67421,34.54589],[135.67363,34.54476],[135.6721,34.54408],[135.67155,34.54341],[135.67029,34.54268],[135.67029,34.54183],[135.67101,34.54093],[135.67166,34.54053],[135.67302,34.54023],[135.67438,34.54057],[135.67493,34.5403],[135.67584,34.53914],[135.67624,34.53598],[135.67767,34.53443],[135.67876,34.53453],[135.68039,34.53585],[135.68121,34.53606],[135.68363,34.53532],[135.68485,34.53465],[135.68534,34.53375],[135.68564,34.53217],[135.68461,34.5315],[135.68368,34.53141],[135.68286,34.53223],[135.68231,34.53246],[135.68176,34.53245],[135.6813,34.53216],[135.68011,34.52991],[135.67971,34.52855],[135.68089,34.52743],[135.68046,34.52608],[135.68062,34.52562],[135.68182,34.52495],[135.68234,34.52396],[135.68479,34.52398],[135.68724,34.52458],[135.68806,34.52437],[135.68861,34.52389],[135.68868,34.52339],[135.68829,34.52249],[135.68878,34.52159],[135.68863,34.52069],[135.68912,34.52024],[135.69025,34.52007],[135.69103,34.51912],[135.69081,34.51781],[135.6902,34.51686],[135.69027,34.51646],[135.69114,34.51573],[135.6918,34.51438],[135.69285,34.51371],[135.69298,34.51349],[135.69238,34.51258],[135.69261,34.51168],[135.69301,34.51126],[135.6941,34.51101],[135.69429,34.51078],[135.69468,34.50898],[135.69591,34.50763],[135.69711,34.50704],[135.6982,34.50608],[135.69902,34.50578],[135.70039,34.50412],[135.70202,34.5029],[135.70284,34.50265],[135.70393,34.50271],[135.70498,34.50225],[135.70611,34.5011],[135.70756,34.50045],[135.7083,34.49909],[135.70948,34.49865],[135.71103,34.49743],[135.71166,34.49753],[135.71285,34.49866],[135.71347,34.49873],[135.71642,34.49641],[135.71632,34.49574],[135.71559,34.49483],[135.71458,34.49411],[135.71402,34.49325],[135.71295,34.49265],[135.71186,34.49164],[135.71125,34.49032],[135.71194,34.48919],[135.71176,34.48806],[135.71104,34.48693],[135.71216,34.48588],[135.71305,34.48559],[135.71325,34.48456],[135.71419,34.48424],[135.71598,34.48284],[135.71654,34.48199],[135.71871,34.48075],[135.71894,34.48042],[135.71758,34.47906],[135.71664,34.47771],[135.7164,34.4768],[135.71545,34.47617],[135.71501,34.47522],[135.7152,34.47477],[135.71573,34.47441],[135.71764,34.474],[135.71819,34.4723],[135.71897,34.47095],[135.72055,34.46983],[135.72038,34.46888],[135.71929,34.46876],[135.71875,34.46845],[135.71849,34.46779],[135.71868,34.46667],[135.71739,34.46598],[135.71577,34.46464],[135.71657,34.46283],[135.71656,34.4617],[135.71989,34.46036],[135.72018,34.45991],[135.71954,34.45946],[135.71932,34.45901],[135.72034,34.45766],[135.72232,34.45639],[135.72368,34.45706],[135.72423,34.45599],[135.72564,34.45541],[135.72565,34.45429],[135.72676,34.45384],[135.72751,34.45296],[135.72887,34.45256],[135.73051,34.45044],[135.73159,34.45031],[135.73214,34.45046],[135.73282,34.45092],[135.73377,34.45117],[135.73475,34.45228],[135.73513,34.45239],[135.73894,34.45073],[135.7403,34.4499],[135.74172,34.44959],[135.74199,34.44846],[135.74303,34.44786],[135.74349,34.44711],[135.74549,34.4455],[135.74712,34.44461],[135.74957,34.44535],[135.75092,34.4469],[135.75198,34.44736],[135.75216,34.44848],[135.75282,34.44876],[135.75582,34.44665],[135.75637,34.44511],[135.75664,34.4449],[135.75719,34.44511],[135.758,34.4447],[135.75964,34.44448],[135.76147,34.44309],[135.76198,34.44242],[135.76158,34.44016],[135.76067,34.43836],[135.7602,34.43807],[135.75857,34.43807],[135.75775,34.43858],[135.7575,34.44015],[135.75665,34.44132],[135.75584,34.44125],[135.75515,34.4406],[135.75448,34.44039],[135.75312,34.44109],[135.75176,34.44134],[135.75121,34.44126],[135.75013,34.44057],[135.74822,34.44042],[135.74786,34.43991],[135.7476,34.43856],[135.74817,34.43721],[135.7466,34.43659],[135.74622,34.43585],[135.74689,34.43382],[135.74631,34.43269],[135.74625,34.43202],[135.74744,34.43046],[135.74728,34.42999],[135.74689,34.42982],[135.74633,34.42999],[135.74519,34.43134],[135.7449,34.43201],[135.74507,34.43359],[135.7437,34.43539],[135.74334,34.43636],[135.74279,34.43661],[135.74143,34.4367],[135.74055,34.43606],[135.7405,34.43561],[135.74117,34.43492],[135.74125,34.43381],[135.74234,34.43314],[135.74256,34.43246],[135.74199,34.43153],[135.74063,34.43158],[135.73927,34.43097],[135.73928,34.43021],[135.7402,34.42908],[135.74026,34.42862],[135.73983,34.42837],[135.73819,34.42867],[135.73738,34.4286],[135.73656,34.42923],[135.73601,34.42935],[135.73509,34.42861],[135.73493,34.42771],[135.73512,34.42726],[135.73657,34.4267],[135.73782,34.42524],[135.74111,34.42232],[135.74303,34.42119],[135.744,34.41984],[135.74457,34.41849],[135.74452,34.41781],[135.74421,34.41762],[135.74122,34.4181],[135.74015,34.41758],[135.73928,34.41487],[135.73935,34.41375],[135.73895,34.4133],[135.7377,34.41283],[135.73736,34.41239],[135.7377,34.41063],[135.73851,34.40991],[135.73825,34.40937],[135.73771,34.40933],[135.7358,34.41027],[135.73308,34.41228],[135.73223,34.41351],[135.73222,34.41486],[135.73251,34.41554],[135.7332,34.41621],[135.73469,34.41692],[135.73633,34.41695],[135.73661,34.41712],[135.73608,34.41915],[135.73515,34.42118],[135.73331,34.42323],[135.7303,34.42387],[135.73014,34.42364],[135.73069,34.42252],[135.73072,34.42162],[135.73016,34.42049],[135.7287,34.41973],[135.72707,34.41959],[135.72544,34.41987],[135.72489,34.41977],[135.72454,34.41935],[135.72352,34.41642],[135.72352,34.41484],[135.72437,34.41358],[135.72628,34.41258],[135.72818,34.41195],[135.73063,34.41064],[135.73254,34.41001],[135.73505,34.40833],[135.73473,34.40788],[135.73255,34.40735],[135.73174,34.40674],[135.7319,34.40404],[135.73147,34.40399],[135.72984,34.40477],[135.72929,34.40474],[135.72776,34.40313],[135.7276,34.40268],[135.72943,34.40065],[135.72971,34.39975],[135.72969,34.39795],[135.73001,34.3975],[135.73095,34.39766],[135.73203,34.39874],[135.73285,34.39922],[135.73332,34.39886],[135.73303,34.39705],[135.73383,34.39593],[135.7353,34.3959],[135.73639,34.39559],[135.73775,34.39604],[135.73938,34.39542],[135.74074,34.39586],[135.74129,34.39557],[135.74166,34.39482],[135.74257,34.39054],[135.74352,34.38896],[135.7429,34.38806],[135.74267,34.38717],[135.74104,34.38669],[135.74077,34.38603],[135.74109,34.38558],[135.74404,34.38348],[135.74486,34.38341],[135.74739,34.38446],[135.74779,34.38559],[135.74703,34.38672],[135.74811,34.38747],[135.75028,34.38732],[135.75354,34.38807],[135.75391,34.38763],[135.75323,34.38628],[135.75353,34.3856],[135.75437,34.3852],[135.75573,34.38525],[135.75682,34.38481],[135.75793,34.38516],[135.75951,34.38652],[135.76007,34.38741],[135.76116,34.38728],[135.76198,34.38673],[135.76189,34.38517],[135.76292,34.38314],[135.76253,34.38268],[135.76117,34.3832],[135.76036,34.38305],[135.75992,34.38269],[135.75927,34.38133],[135.75928,34.38024],[135.76083,34.37795],[135.76254,34.37808],[135.76363,34.37766],[135.76445,34.37766],[135.77042,34.37966],[135.77097,34.37957],[135.77176,34.37865],[135.77233,34.37855],[135.77308,34.3791],[135.77368,34.38021],[135.77504,34.38045],[135.77586,34.37954],[135.77742,34.37979],[135.77856,34.37911],[135.77859,34.37709],[135.78021,34.37596],[135.77989,34.37528],[135.77996,34.37483],[135.7805,34.3743],[135.78158,34.37377],[135.78161,34.37258],[135.782,34.37213],[135.78322,34.37156],[135.78431,34.37143],[135.78539,34.37226],[135.78638,34.37124],[135.78812,34.37029],[135.78975,34.37049],[135.79056,34.3713],[135.79192,34.37154],[135.79246,34.37295],[135.79309,34.37373],[135.79515,34.37509],[135.79502,34.37689],[135.7944,34.37756],[135.79445,34.37779],[135.79663,34.3796],[135.79703,34.38027],[135.79683,34.38072],[135.7957,34.38153],[135.79433,34.3814],[135.79432,34.38207],[135.79529,34.3832],[135.79787,34.38516],[135.80031,34.38566],[135.80086,34.38614],[135.80115,34.38682],[135.80089,34.38772],[135.79976,34.38881],[135.79813,34.38864],[135.79779,34.38884],[135.79822,34.38974],[135.79704,34.39077],[135.79622,34.39109],[135.79576,34.39267],[135.79431,34.39311],[135.79295,34.39398],[135.79187,34.3934],[135.79116,34.39356],[135.79035,34.39446],[135.79023,34.39581],[135.78914,34.3965],[135.78806,34.39558],[135.78697,34.39523],[135.78561,34.39537],[135.78316,34.39485],[135.78153,34.39537],[135.78071,34.39541],[135.78015,34.39512],[135.77955,34.39422],[135.77881,34.39411],[135.77718,34.3943],[135.77771,34.39579],[135.77759,34.39624],[135.77717,34.39654],[135.77609,34.39647],[135.77528,34.39491],[135.77392,34.39465],[135.77337,34.39507],[135.77285,34.39623],[135.77228,34.39661],[135.77146,34.39673],[135.76956,34.39593],[135.76766,34.39691],[135.76666,34.39802],[135.76602,34.3984],[135.76521,34.39854],[135.7633,34.39804],[135.76085,34.3993],[135.75949,34.39928],[135.75786,34.39957],[135.75656,34.39868],[135.75695,34.39755],[135.75678,34.39727],[135.7546,34.39753],[135.75258,34.39845],[135.75198,34.39912],[135.7519,34.39957],[135.75283,34.40138],[135.7549,34.40364],[135.75462,34.40454],[135.75404,34.40502],[135.75322,34.40525],[135.75214,34.40471],[135.75159,34.40473],[135.75133,34.40521],[135.75146,34.40678],[135.75022,34.40748],[135.74886,34.40748],[135.74696,34.40671],[135.74689,34.407],[135.74805,34.40822],[135.74968,34.40891],[135.75049,34.40896],[135.75267,34.40854],[135.75511,34.40884],[135.75575,34.40995],[135.75578,34.41108],[135.75547,34.4122],[135.75565,34.41242],[135.75837,34.41117],[135.75946,34.40993],[135.76082,34.40903],[135.76246,34.40846],[135.763,34.40855],[135.76299,34.40951],[135.76055,34.41149],[135.75936,34.41356],[135.75935,34.41491],[135.75969,34.41582],[135.76142,34.4183],[135.76125,34.41898],[135.76061,34.41988],[135.76107,34.42018],[135.76324,34.42023],[135.76433,34.42051],[135.76569,34.41995],[135.76759,34.42106],[135.76813,34.42228],[135.7684,34.42237],[135.76932,34.41989],[135.76936,34.41899],[135.76903,34.41674],[135.76926,34.41516],[135.76832,34.41335],[135.76952,34.41126],[135.76979,34.41136],[135.7707,34.41358],[135.77076,34.41877],[135.77136,34.4199],[135.77222,34.4208],[135.77142,34.42192],[135.77022,34.42282],[135.77007,34.42327],[135.77057,34.42378],[135.77275,34.42421],[135.77307,34.42463],[135.77311,34.42553],[135.77298,34.42598],[135.77247,34.42628],[135.77084,34.42617],[135.77028,34.42643],[135.76943,34.42778],[135.7696,34.42891],[135.7694,34.43004],[135.7698,34.43049],[135.77137,34.43074],[135.7721,34.43207],[135.77354,34.43238],[135.77409,34.4319],[135.77464,34.43066],[135.77518,34.43059],[135.77627,34.43107],[135.77701,34.43275],[135.77762,34.4335],[135.78115,34.4344],[135.7817,34.43418],[135.78252,34.4332],[135.78388,34.43315],[135.78497,34.43268],[135.78566,34.43277],[135.78656,34.43345],[135.78638,34.4348],[135.7872,34.43615],[135.78824,34.43683],[135.78877,34.43751],[135.78904,34.43841],[135.78958,34.4388],[135.79012,34.43864],[135.79099,34.43774],[135.79124,34.43661],[135.79176,34.4362],[135.79339,34.43672],[135.79557,34.43624],[135.79747,34.43781],[135.79801,34.43802],[135.79858,34.43775],[135.79857,34.43662],[135.79938,34.43612],[135.80019,34.43619],[135.80101,34.43709],[135.80155,34.43736],[135.80158,34.4228],[135.80041,34.41972],[135.80064,34.41612],[135.80011,34.41431],[135.80049,34.41183],[135.80161,34.41044],[135.80163,34.40367],[135.79908,34.40259],[135.79865,34.40214],[135.7989,34.40169],[135.80028,34.40089],[135.80082,34.40017],[135.80095,34.39809],[135.80041,34.39673],[135.80056,34.39648],[135.80165,34.39607],[135.80172,34.36426],[135.80064,34.36397],[135.79928,34.36395],[135.79846,34.36412],[135.79683,34.365],[135.79656,34.36507],[135.79639,34.36472],[135.79673,34.36314],[135.79711,34.36256],[135.79982,34.36235],[135.80173,34.36107],[135.80175,34.35263],[135.79767,34.352],[135.7955,34.3523],[135.79405,34.353],[135.79261,34.3548],[135.79114,34.356],[135.7906,34.35622],[135.78989,34.35614],[135.78968,34.35592],[135.78954,34.35434],[135.78794,34.35051],[135.78793,34.3496],[135.78648,34.3487],[135.78554,34.34757],[135.78546,34.34664],[135.78492,34.34622],[135.78383,34.34671],[135.7822,34.34663],[135.78188,34.34689],[135.78162,34.34779],[135.78016,34.34846],[135.78012,34.34914],[135.78109,34.35072],[135.78111,34.35117],[135.78055,34.35183],[135.77919,34.35219],[135.77729,34.35237],[135.77566,34.35177],[135.77376,34.35227],[135.77213,34.35209],[135.77123,34.35183],[135.7705,34.35072],[135.76969,34.35046],[135.76887,34.34987],[135.76806,34.34985],[135.76737,34.35047],[135.76598,34.35114],[135.76576,34.35159],[135.76587,34.35249],[135.76705,34.3543],[135.76734,34.35588],[135.76698,34.35723],[135.76622,34.35836],[135.7645,34.3589],[135.76178,34.35848],[135.75907,34.35871],[135.7578,34.35924],[135.75758,34.35992],[135.75773,34.36037],[135.75824,34.36066],[135.76015,34.36068],[135.76123,34.36039],[135.76232,34.36057],[135.76314,34.36096],[135.76503,34.36249],[135.76693,34.3633],[135.76829,34.36605],[135.77046,34.36691],[135.77091,34.36738],[135.77108,34.36941],[135.77072,34.36993],[135.76854,34.37111],[135.76766,34.37188],[135.76769,34.37346],[135.76899,34.37504],[135.7688,34.37516],[135.76419,34.37365],[135.76147,34.37322],[135.75951,34.37187],[135.75959,34.37164],[135.76447,34.37097],[135.76595,34.37007],[135.76676,34.36917],[135.76685,34.36872],[135.76567,34.36714],[135.76545,34.36624],[135.76475,34.36612],[135.76203,34.36657],[135.75768,34.36635],[135.75442,34.36719],[135.75352,34.36689],[135.75276,34.36577],[135.75277,34.36441],[135.7536,34.36351],[135.75416,34.36229],[135.75523,34.36171],[135.75581,34.36059],[135.75526,34.35984],[135.75395,34.35968],[135.75412,34.35811],[135.75309,34.3563],[135.75255,34.35587],[135.75201,34.35586],[135.75092,34.35642],[135.75067,34.3563],[135.75065,34.35562],[135.75039,34.35539],[135.74983,34.35548],[135.74905,34.35629],[135.74766,34.35701],[135.74587,34.35944],[135.74411,34.36017],[135.74343,34.35966],[135.7439,34.35854],[135.74385,34.35828],[135.7433,34.35805],[135.74194,34.35866],[135.74058,34.35987],[135.73937,34.35988],[135.73921,34.35965],[135.73945,34.3592],[135.74031,34.35905],[135.74074,34.35875],[135.74068,34.35785],[135.74032,34.35733],[135.73842,34.35641],[135.73792,34.35582],[135.73914,34.35514],[135.73966,34.35424],[135.74076,34.35357],[135.74087,34.35296],[135.74035,34.35199],[135.74278,34.35081],[135.74297,34.35019],[135.74279,34.34921],[135.74197,34.34891],[135.7398,34.34937],[135.7385,34.34928],[135.73813,34.34883],[135.73826,34.34793],[135.73777,34.3468],[135.73682,34.34631],[135.73573,34.34649],[135.73537,34.34635],[135.7351,34.34544],[135.73559,34.34477],[135.73553,34.34252],[135.73438,34.34048],[135.73437,34.33936],[135.73343,34.33845],[135.73337,34.33733],[135.7325,34.33661],[135.73087,34.33617],[135.72924,34.33642],[135.7287,34.33712],[135.72761,34.33618],[135.72598,34.33589],[135.72272,34.33733],[135.72027,34.33763],[135.71932,34.33797],[135.71986,34.33707],[135.71944,34.33594],[135.72028,34.33392],[135.72083,34.33319],[135.72219,34.33247],[135.72436,34.33323],[135.72545,34.33303],[135.72689,34.33123],[135.72692,34.32965],[135.72546,34.32892],[135.72438,34.32878],[135.72383,34.32822],[135.7235,34.32739],[135.72302,34.32723],[135.7221,34.32851],[135.7203,34.32985],[135.72002,34.32985],[135.71949,34.32918],[135.71909,34.32805],[135.71941,34.32603],[135.71877,34.32445],[135.71923,34.32376],[135.71926,34.3231],[135.71769,34.32151],[135.71707,34.32121],[135.71571,34.32131],[135.71535,34.32173],[135.71516,34.32265],[135.71244,34.32294],[135.71213,34.32353],[135.71286,34.32466],[135.71162,34.32563],[135.71107,34.32576],[135.7108,34.32559],[135.71027,34.32398],[135.70804,34.32172],[135.7076,34.31788],[135.70863,34.31631],[135.70704,34.31412],[135.7065,34.31413],[135.70513,34.31486],[135.70405,34.31466],[135.70242,34.31522],[135.70205,34.31562],[135.70152,34.31742],[135.70078,34.31845],[135.6988,34.31696],[135.69928,34.31561],[135.69904,34.31403],[135.69862,34.31377],[135.69753,34.31377],[135.69672,34.3135],[135.69563,34.31373],[135.69454,34.31518],[135.69318,34.31545],[135.69102,34.31536],[135.6891,34.31686],[135.68747,34.31623],[135.68611,34.31668],[135.68581,34.31648],[135.68558,34.31558],[135.68583,34.31197],[135.68613,34.31177],[135.68749,34.31213],[135.68831,34.3113],[135.68844,34.31062],[135.68804,34.30962],[135.6875,34.3092],[135.68641,34.30885],[135.68549,34.30791],[135.6852,34.30701],[135.68425,34.30661],[135.68407,34.30633],[135.68461,34.30498],[135.68587,34.30295],[135.68587,34.3025],[135.68508,34.30198],[135.68372,34.30207],[135.68286,34.30317],[135.68239,34.30542],[135.68163,34.30677],[135.67854,34.30789],[135.67775,34.30789],[135.67805,34.30744],[135.67934,34.30654],[135.67944,34.30587],[135.6786,34.30496],[135.6781,34.30338],[135.67585,34.30185],[135.67457,34.30022],[135.67454,34.29954],[135.67423,34.29911],[135.67287,34.29885],[135.67124,34.29975],[135.66961,34.29969],[135.66852,34.30015],[135.66793,34.29998],[135.6679,34.29727],[135.66951,34.29547],[135.66962,34.29502],[135.66901,34.29367],[135.66828,34.29315],[135.66665,34.29327],[135.66502,34.29265],[135.66356,34.29365],[135.66327,34.29433],[135.66347,34.29749],[135.6624,34.30041],[135.662,34.30086],[135.66119,34.30074],[135.66037,34.30034],[135.65956,34.29907],[135.65685,34.29776],[135.65537,34.29746],[135.65414,34.29671],[135.65351,34.29678],[135.65161,34.2979],[135.65145,34.29835],[135.65191,34.29926],[135.65185,34.29971],[135.65141,34.30011],[135.65087,34.30007],[135.64977,34.2988],[135.64918,34.29745],[135.65005,34.29632],[135.65005,34.29587],[135.64906,34.29519],[135.64736,34.29493],[135.64683,34.29518],[135.64574,34.29653],[135.64551,34.29811],[135.64436,34.29864],[135.64354,34.29948],[135.6411,34.29772],[135.63866,34.2973],[135.63749,34.29764],[135.63705,34.29899],[135.63648,34.29968],[135.63457,34.29964],[135.63262,34.29852],[135.63287,34.29717],[135.63069,34.29536],[135.63011,34.29378],[135.62971,34.29335],[135.62314,34.29128],[135.62302,34.29106],[135.62357,34.29016],[135.62401,34.28768],[135.62523,34.28565],[135.62522,34.2843],[135.6246,34.28355],[135.6227,34.28287],[135.61998,34.28312],[135.61863,34.28244],[135.61722,34.28292],[135.61663,34.2836],[135.61632,34.28585],[135.61672,34.28833],[135.61619,34.28923],[135.61561,34.28962],[135.61507,34.28952],[135.61236,34.28761],[135.61046,34.28689],[135.60853,34.28493],[135.60706,34.28267],[135.60535,34.28131],[135.60478,34.27973],[135.6049,34.27928],[135.60564,34.27861],[135.60599,34.2777],[135.60643,34.27768],[135.60724,34.27823],[135.60779,34.27833],[135.60891,34.27749],[135.60925,34.27681],[135.60924,34.27591],[135.60846,34.27501],[135.60753,34.27471],[135.60563,34.2754],[135.604,34.27442],[135.60265,34.2728],[135.60103,34.27228],[135.5994,34.27243],[135.59804,34.27289],[135.59675,34.27272],[135.59531,34.27459],[135.5945,34.27478],[135.59417,34.27451],[135.59434,34.27316],[135.59504,34.27158],[135.59491,34.2682],[135.5946,34.26775],[135.59372,34.26755],[135.59353,34.2673],[135.59385,34.2664],[135.59375,34.26549],[135.59242,34.26459],[135.5924,34.26414],[135.59374,34.26301],[135.59809,34.2622],[135.59972,34.26145],[135.60271,34.26072],[135.60325,34.26033],[135.60385,34.25899],[135.60256,34.25718],[135.60164,34.2565],[135.59893,34.25639],[135.59703,34.25678],[135.59649,34.25663],[135.59632,34.25401],[135.59596,34.25338],[135.59542,34.25308],[135.59135,34.25276],[135.58999,34.25208],[135.58782,34.25168],[135.58635,34.25217],[135.58592,34.25263],[135.5858,34.25352],[135.58537,34.25363],[135.58374,34.2531],[135.58158,34.25167],[135.58077,34.2514],[135.58022,34.25175],[135.58022,34.25315],[135.5794,34.25366],[135.57858,34.25369],[135.5775,34.25317],[135.57479,34.25308],[135.57261,34.25454],[135.57229,34.25438],[135.57238,34.25167],[135.57154,34.25075],[135.571,34.25058],[135.57044,34.25099],[135.57054,34.25189],[135.5703,34.25257],[135.56963,34.25308],[135.56638,34.25227],[135.5653,34.25148],[135.56176,34.25238],[135.55947,34.25411],[135.55821,34.25605],[135.55685,34.257],[135.5565,34.2568],[135.55589,34.25387],[135.55582,34.25184],[135.55525,34.25106],[135.55417,34.25033],[135.55227,34.25014],[135.55119,34.2504],[135.5499,34.25227],[135.54943,34.25362],[135.5498,34.25541],[135.55034,34.25587],[135.55143,34.25593],[135.55252,34.25513],[135.55333,34.25492],[135.55415,34.25518],[135.55496,34.25585],[135.55614,34.25815],[135.55585,34.26108],[135.55682,34.26252],[135.55736,34.26284],[135.55954,34.26278],[135.55975,34.26154],[135.56063,34.26036],[135.56118,34.26031],[135.56253,34.26097],[135.56295,34.2593],[135.56363,34.25835],[135.56417,34.25823],[135.56553,34.25908],[135.56607,34.25911],[135.56637,34.25886],[135.56662,34.25785],[135.56716,34.25772],[135.56743,34.25787],[135.56854,34.25932],[135.56856,34.26],[135.56796,34.2609],[135.56875,34.26248],[135.56904,34.26252],[135.56986,34.26174],[135.5704,34.26155],[135.57121,34.26199],[135.57178,34.26294],[135.57186,34.26632],[135.57137,34.26745],[135.57145,34.26803],[135.572,34.26823],[135.57336,34.26793],[135.57525,34.26808],[135.57577,34.26859],[135.57565,34.26949],[135.57614,34.27039],[135.57608,34.27129],[135.57442,34.27467],[135.57249,34.27759],[135.57212,34.27872],[135.57231,34.27939],[135.57354,34.2803],[135.57319,34.28233],[135.57408,34.28346],[135.57416,34.28436],[135.57626,34.28491],[135.57762,34.28595],[135.57784,34.2864],[135.57723,34.28753],[135.5776,34.28792],[135.58042,34.28731],[135.58107,34.28619],[135.58168,34.28596],[135.58331,34.28687],[135.58409,34.288],[135.5841,34.2889],[135.58438,34.28907],[135.58601,34.28889],[135.58764,34.2892],[135.58873,34.28883],[135.58927,34.289],[135.58954,34.2905],[135.59008,34.29082],[135.59171,34.29098],[135.59264,34.29209],[135.59288,34.29276],[135.59278,34.2934],[135.59223,34.29378],[135.591,34.29388],[135.59075,34.29546],[135.59094,34.29591],[135.59245,34.29637],[135.59346,34.2975],[135.59384,34.29933],[135.59465,34.29942],[135.59601,34.29877],[135.59683,34.2974],[135.59918,34.29729],[135.5995,34.29549],[135.6001,34.29512],[135.60092,34.29527],[135.60139,34.29572],[135.60137,34.2973],[135.60167,34.29865],[135.60226,34.29912],[135.60334,34.2991],[135.60342,34.29821],[135.60444,34.29728],[135.60715,34.2981],[135.60851,34.29728],[135.60912,34.29732],[135.60945,34.298],[135.60912,34.29935],[135.60804,34.30003],[135.60796,34.30032],[135.6085,34.30085],[135.61056,34.30161],[135.61074,34.30206],[135.61052,34.30274],[135.60875,34.30429],[135.60686,34.3032],[135.60631,34.30321],[135.60571,34.30385],[135.60565,34.30453],[135.6063,34.30501],[135.60793,34.30541],[135.60871,34.30499],[135.60875,34.30444],[135.6088,34.30499],[135.60929,34.3052],[135.61065,34.30468],[135.61065,34.30598],[135.612,34.30623],[135.61445,34.30553],[135.61581,34.3056],[135.61716,34.30609],[135.61798,34.30568],[135.61852,34.30574],[135.61906,34.30665],[135.61743,34.30647],[135.61724,34.30682],[135.61797,34.30749],[135.61864,34.30862],[135.61832,34.30975],[135.61877,34.31022],[135.62176,34.31112],[135.62224,34.31156],[135.62328,34.31337],[135.62257,34.31427],[135.62251,34.31472],[135.62334,34.31608],[135.62311,34.31698],[135.62363,34.31727],[135.62907,34.31676],[135.63205,34.31814],[135.63476,34.31889],[135.63856,34.32091],[135.64344,34.32248],[135.64507,34.32278],[135.64552,34.32268],[135.64563,34.32155],[135.64643,34.32105],[135.64752,34.32122],[135.64888,34.32113],[135.64996,34.32213],[135.65077,34.32254],[135.65322,34.32223],[135.65375,34.32158],[135.6537,34.32067],[135.65397,34.32022],[135.6554,34.31987],[135.65595,34.31861],[135.65731,34.31769],[135.65867,34.3179],[135.65929,34.31821],[135.65978,34.31934],[135.65956,34.32024],[135.65975,34.32047],[135.66029,34.32048],[135.66247,34.31975],[135.66356,34.31907],[135.66519,34.3188],[135.66586,34.31981],[135.66543,34.32093],[135.66627,34.32117],[135.66678,34.32161],[135.66642,34.32296],[135.66661,34.32364],[135.66779,34.32499],[135.66832,34.32612],[135.66976,34.32703],[135.67085,34.3285],[135.67138,34.33064],[135.67487,34.33268],[135.6756,34.33403],[135.67735,34.33534],[135.67816,34.3355],[135.6798,34.33488],[135.68061,34.33511],[135.68092,34.33562],[135.68074,34.3372],[135.68105,34.33788],[135.68223,34.33819],[135.68359,34.33819],[135.68576,34.3377],[135.68848,34.33667],[135.68984,34.33669],[135.69446,34.33742],[135.69478,34.33769],[135.69508,34.33881],[135.69387,34.34107],[135.69365,34.34242],[135.69282,34.34354],[135.69293,34.34399],[135.69443,34.34447],[135.69518,34.34445],[135.69622,34.34287],[135.69716,34.3427],[135.69824,34.34333],[135.69889,34.34401],[135.69932,34.34523],[135.70041,34.34533],[135.70068,34.34555],[135.70069,34.34649],[135.70095,34.34673],[135.7072,34.34688],[135.70881,34.34719],[135.71035,34.34787],[135.71126,34.34908],[135.71099,34.34918],[135.71033,34.34854],[135.70937,34.34806],[135.70873,34.34809],[135.70952,34.34922],[135.70963,34.34989],[135.71074,34.35102],[135.71098,34.35294],[135.71125,34.35309],[135.71234,34.35273],[135.71288,34.35278],[135.71505,34.35478],[135.71662,34.35555],[135.71656,34.35577],[135.71604,34.35577],[135.71396,34.355],[135.71355,34.35509],[135.71398,34.35644],[135.71248,34.35869],[135.71347,34.36027],[135.71313,34.36093],[135.71149,34.36154],[135.70904,34.36344],[135.70795,34.36378],[135.70632,34.36388],[135.70496,34.36543],[135.7036,34.36567],[135.70278,34.36617],[135.7017,34.36813],[135.69951,34.36959],[135.69679,34.36858],[135.69598,34.36766],[135.69462,34.36857],[135.69353,34.369],[135.69299,34.36898],[135.69163,34.36805],[135.69179,34.36676],[135.69101,34.36518],[135.69088,34.36427],[135.68923,34.36337],[135.68874,34.36201],[135.68741,34.36156],[135.68704,34.35975],[135.68623,34.35949],[135.68487,34.35983],[135.68411,34.35975],[135.68324,34.35827],[135.68107,34.35754],[135.67917,34.3572],[135.67781,34.35785],[135.67688,34.35725],[135.67675,34.3568],[135.677,34.3563],[135.68092,34.35208],[135.68082,34.35135],[135.68028,34.35114],[135.67919,34.35121],[135.67838,34.35048],[135.67783,34.35038],[135.67593,34.35114],[135.67429,34.35249],[135.67375,34.35249],[135.67321,34.35206],[135.67312,34.35115],[135.67431,34.34934],[135.67548,34.34846],[135.67685,34.34688],[135.67649,34.34663],[135.67595,34.34676],[135.67431,34.34836],[135.67377,34.34836],[135.67295,34.34791],[135.67214,34.34821],[135.67159,34.34808],[135.66983,34.34551],[135.66997,34.34505],[135.6712,34.34416],[135.67162,34.34175],[135.67065,34.34078],[135.66945,34.34014],[135.66915,34.33942],[135.66945,34.33904],[135.67042,34.33875],[135.67109,34.33793],[135.6719,34.33793],[135.67299,34.33754],[135.67435,34.33767],[135.67544,34.33722],[135.67599,34.33674],[135.67628,34.33584],[135.67219,34.3332],[135.67111,34.33195],[135.67057,34.33192],[135.66948,34.33234],[135.66894,34.33221],[135.66839,34.33108],[135.66733,34.33018],[135.66678,34.32921],[135.66623,34.32898],[135.66488,34.32901],[135.66352,34.3286],[135.6627,34.32879],[135.66221,34.32926],[135.663,34.33039],[135.66324,34.3314],[135.66467,34.3331],[135.6654,34.33342],[135.66649,34.33335],[135.66703,34.33376],[135.66613,34.33536],[135.66637,34.33716],[135.66588,34.33761],[135.6643,34.3379],[135.66293,34.33917],[135.66076,34.33961],[135.6603,34.3403],[135.65967,34.34061],[135.65788,34.34007],[135.65691,34.33916],[135.65505,34.33914],[135.6545,34.33893],[135.65416,34.33848],[135.65419,34.33758],[135.65374,34.33668],[135.65412,34.33578],[135.65396,34.33555],[135.65262,34.33524],[135.65154,34.33529],[135.65102,34.33554],[135.651,34.33667],[135.6522,34.33735],[135.65043,34.33926],[135.64962,34.33934],[135.64893,34.33869],[135.64826,34.33851],[135.64717,34.33939],[135.64636,34.33922],[135.64519,34.33846],[135.64454,34.33755],[135.64468,34.33643],[135.64393,34.33544],[135.64284,34.33487],[135.64245,34.33439],[135.64239,34.33371],[135.6434,34.33309],[135.64346,34.33282],[135.64258,34.33197],[135.64095,34.33219],[135.64014,34.33304],[135.63959,34.33322],[135.63796,34.33247],[135.63762,34.3328],[135.63796,34.33393],[135.63768,34.33427],[135.63714,34.33441],[135.6347,34.33406],[135.63334,34.33474],[135.63252,34.33447],[135.63144,34.33329],[135.62981,34.33324],[135.62872,34.33349],[135.62709,34.33327],[135.62655,34.33282],[135.62601,34.33144],[135.62547,34.33083],[135.62524,34.32983],[135.62385,34.33023],[135.62356,34.33005],[135.62369,34.32802],[135.62304,34.32752],[135.62264,34.32779],[135.62249,34.32892],[135.62168,34.32952],[135.62031,34.33],[135.61896,34.33013],[135.61732,34.33122],[135.61624,34.33095],[135.61515,34.32988],[135.61443,34.33092],[135.61314,34.33182],[135.61238,34.33362],[135.61342,34.3343],[135.61335,34.33543],[135.61445,34.33791],[135.61566,34.33894],[135.61591,34.33949],[135.61565,34.34027],[135.61476,34.34062],[135.61446,34.34107],[135.61507,34.34287],[135.61455,34.34333],[135.61292,34.34334],[135.61252,34.34354],[135.61249,34.34399],[135.6132,34.34512],[135.61291,34.34577],[135.61182,34.34583],[135.61101,34.34526],[135.61019,34.34506],[135.60927,34.34556],[135.6086,34.34646],[135.60774,34.34684],[135.60684,34.34803],[135.6071,34.34961],[135.60745,34.35012],[135.60799,34.35027],[135.60854,34.34955],[135.60909,34.34934],[135.61056,34.3503],[135.61044,34.35097],[135.60958,34.35232],[135.60963,34.35322],[135.61314,34.35512],[135.61365,34.35571],[135.61343,34.35729],[135.61285,34.35845],[135.61203,34.35879],[135.60959,34.35847],[135.60913,34.35886],[135.60845,34.36021],[135.60834,34.36111],[135.60939,34.36291],[135.60933,34.36494],[135.60901,34.36516],[135.60847,34.36501],[135.60739,34.36394],[135.60686,34.36448],[135.60855,34.36787],[135.60954,34.36899],[135.6109,34.36909],[135.61126,34.36968],[135.61071,34.37013],[135.61034,34.37122],[135.60873,34.37148],[135.60817,34.37193],[135.60788,34.37447],[135.60597,34.37537],[135.6051,34.37507],[135.60489,34.374],[135.60425,34.37349],[135.60356,34.37191],[135.60284,34.37101],[135.60111,34.36989],[135.60056,34.37004],[135.60039,34.37055],[135.60057,34.3719],[135.59863,34.37437],[135.59862,34.37482],[135.59953,34.37663],[135.59917,34.37738],[135.59863,34.37747],[135.59765,34.37617],[135.59673,34.37547],[135.59266,34.37526],[135.58989,34.37412],[135.58888,34.37299],[135.58914,34.37227],[135.59023,34.37154],[135.59104,34.37132],[135.59322,34.37138],[135.59385,34.37075],[135.59276,34.36962],[135.59333,34.36872],[135.59321,34.3685],[135.59184,34.36736],[135.59037,34.36488],[135.58837,34.36375],[135.58796,34.36307],[135.5892,34.36059],[135.58974,34.36015],[135.59055,34.36007],[135.59273,34.36044],[135.59382,34.35949],[135.59572,34.35924],[135.59682,34.35769],[135.59776,34.35521],[135.5963,34.35224],[135.59645,34.35002],[135.59495,34.34912],[135.59433,34.34799],[135.5944,34.34709],[135.59415,34.34675],[135.59305,34.34731],[135.593,34.35046],[135.59219,34.35159],[135.59168,34.35316],[135.5914,34.35329],[135.59113,34.35315],[135.59051,34.35023],[135.59165,34.34775],[135.59237,34.34708],[135.59093,34.34617],[135.59005,34.34527],[135.58977,34.34459],[135.58984,34.34369],[135.58901,34.34271],[135.58811,34.34211],[135.586,34.33917],[135.58647,34.33827],[135.5861,34.33737],[135.58699,34.33579],[135.58905,34.33499],[135.59041,34.33342],[135.59204,34.33322],[135.59314,34.33197],[135.59477,34.33173],[135.59559,34.33077],[135.59695,34.33083],[135.59875,34.33042],[135.60005,34.32817],[135.6006,34.3257],[135.60159,34.32539],[135.60267,34.32594],[135.60311,34.3257],[135.60341,34.3248],[135.60337,34.32345],[135.60224,34.32187],[135.60147,34.32029],[135.60189,34.31969],[135.6027,34.31974],[135.60306,34.31939],[135.60054,34.31761],[135.59674,34.31764],[135.5967,34.31847],[135.5956,34.31937],[135.59561,34.32027],[135.59536,34.32069],[135.59455,34.32094],[135.59252,34.32094],[135.59128,34.32246],[135.59074,34.32275],[135.58992,34.32271],[135.58911,34.32194],[135.58857,34.32194],[135.58723,34.32565],[135.58501,34.327],[135.58447,34.32711],[135.58392,34.32685],[135.58311,34.32587],[135.58176,34.32583],[135.58095,34.32484],[135.57986,34.32512],[135.57877,34.32457],[135.57741,34.32471],[135.57687,34.3245],[135.57552,34.32278],[135.57398,34.322],[135.57351,34.3202],[135.57207,34.31996],[135.57026,34.3168],[135.5701,34.31522],[135.56986,34.31502],[135.56914,34.31522],[135.56865,34.3159],[135.5682,34.31792],[135.5682,34.31946],[135.56793,34.31974],[135.5673,34.31972],[135.56711,34.32148],[135.56629,34.32192],[135.56575,34.32159],[135.56549,34.32084],[135.56598,34.31882],[135.56665,34.31747],[135.56659,34.317],[135.56577,34.3171],[135.56359,34.31867],[135.56223,34.31905],[135.56141,34.31988],[135.56087,34.31984],[135.5599,34.31857],[135.56012,34.31744],[135.55963,34.31496],[135.55927,34.31444],[135.55845,34.31424],[135.55736,34.31526],[135.55584,34.31608],[135.55515,34.31743],[135.5549,34.31872],[135.55408,34.31901],[135.55258,34.31854],[135.55192,34.31756],[135.5511,34.31762],[135.55048,34.31741],[135.54829,34.31537],[135.54678,34.31333],[135.54624,34.31313],[135.54488,34.31346],[135.54433,34.31333],[135.54398,34.31288],[135.5439,34.31175],[135.54353,34.31136],[135.54277,34.31152],[135.54229,34.31219],[135.54162,34.31249],[135.53999,34.31221],[135.53836,34.31325],[135.53646,34.31252],[135.53537,34.31326],[135.53484,34.31532],[135.53446,34.31577],[135.53291,34.31621],[135.53182,34.31627],[135.53073,34.31717],[135.52992,34.31695],[135.52883,34.31724],[135.52666,34.31663],[135.52558,34.31558],[135.5245,34.31506],[135.52299,34.31325],[135.52301,34.31054],[135.5218,34.31025],[135.52099,34.30949],[135.51991,34.30976],[135.51909,34.31057],[135.51854,34.31071],[135.51773,34.31024],[135.51692,34.3101],[135.51528,34.31062],[135.51393,34.30995],[135.51284,34.3102],[135.51203,34.30993],[135.51122,34.30896],[135.51121,34.30824],[135.50961,34.30756],[135.51032,34.30666],[135.51055,34.30553],[135.51113,34.30486],[135.5107,34.30459],[135.50993,34.30486],[135.50952,34.30643],[135.50824,34.30692],[135.50689,34.3066],[135.50664,34.30529],[135.50635,34.30508],[135.50499,34.30506],[135.5031,34.30407],[135.50256,34.30404],[135.50238,34.30437],[135.50301,34.30573],[135.50254,34.3064],[135.50118,34.30705],[135.49983,34.30631],[135.49847,34.30668],[135.49765,34.30658],[135.49805,34.30729],[135.49792,34.30796],[135.49628,34.3088],[135.49589,34.30976],[135.49437,34.31051],[135.49403,34.31133],[135.49355,34.31154],[135.4911,34.31176],[135.48785,34.3108],[135.48651,34.30927],[135.48639,34.30814],[135.48411,34.30768],[135.48352,34.30723],[135.48329,34.30655],[135.48445,34.30565],[135.4845,34.30498],[135.483,34.30471],[135.48164,34.304],[135.48055,34.30437],[135.47998,34.30428],[135.47963,34.30383],[135.47932,34.30203],[135.47952,34.30112],[135.47895,34.30017],[135.47841,34.30007],[135.47783,34.30067],[135.47787,34.30224],[135.4773,34.30388],[135.47566,34.3045],[135.47485,34.30427],[135.47462,34.30381],[135.47508,34.30291],[135.47486,34.30212],[135.47378,34.30214],[135.47297,34.3014],[135.47215,34.30123],[135.47136,34.29951],[135.47053,34.29965],[135.47,34.29928],[135.47001,34.29883],[135.47086,34.29748],[135.47086,34.29658],[135.47055,34.29641],[135.46974,34.29666],[135.46934,34.29657],[135.46871,34.29454],[135.46897,34.29342],[135.4672,34.29251],[135.46685,34.2907],[135.4653,34.28844],[135.46463,34.28843],[135.46327,34.28916],[135.46218,34.28892],[135.46109,34.28963],[135.45947,34.28928],[135.4581,34.29038],[135.45701,34.29045],[135.45511,34.2915],[135.45456,34.29138],[135.45267,34.29005],[135.4516,34.28807],[135.45106,34.28759],[135.45066,34.28793],[135.45089,34.2895],[135.4505,34.29001],[135.44941,34.28987],[135.44832,34.2904],[135.44778,34.29034],[135.44705,34.28994],[135.44702,34.28926],[135.4467,34.28908],[135.44507,34.28972],[135.44327,34.28947],[135.44183,34.28789],[135.44158,34.28698],[135.44208,34.28586],[135.44156,34.28495],[135.44187,34.28405],[135.44158,34.2835],[135.44077,34.28322],[135.43995,34.28375],[135.43925,34.28382],[135.43831,34.28489],[135.43587,34.28484],[135.43478,34.28554],[135.43342,34.28531],[135.43202,34.28626],[135.43016,34.2866],[135.42963,34.28625],[135.42881,34.28501],[135.42691,34.28515],[135.42636,34.28488],[135.42598,34.28285],[135.42478,34.2824],[135.42315,34.27991],[135.42177,34.279],[135.42056,34.27697],[135.42054,34.27652],[135.42165,34.2754],[135.42155,34.27458],[135.42101,34.2742],[135.41992,34.27429],[135.41938,34.27406],[135.41777,34.27208],[135.41722,34.27222],[135.41641,34.27312],[135.41789,34.27515],[135.41788,34.27583],[135.41759,34.27628],[135.41637,34.27689],[135.41502,34.27651],[135.41467,34.27694],[135.41477,34.27829],[135.41419,34.27896],[135.41229,34.2789],[135.41193,34.2785],[135.41172,34.2776],[135.41121,34.27758],[135.41096,34.27782],[135.41094,34.27873],[135.41221,34.28031],[135.41226,34.28076],[135.41182,34.28143],[135.41064,34.28191],[135.40901,34.28218],[135.40792,34.28281],[135.40656,34.28298],[135.40519,34.28428],[135.40329,34.28442],[135.40247,34.28472],[135.40152,34.28431],[135.40117,34.28319],[135.39924,34.28273],[135.39789,34.28159],[135.39734,34.28069],[135.39708,34.27944],[135.39599,34.2795],[135.39491,34.27871],[135.39437,34.27882],[135.39355,34.27965],[135.39137,34.27987],[135.39028,34.28059],[135.38974,34.28038],[135.38928,34.27907],[135.38894,34.27904],[135.38784,34.28013],[135.38648,34.28092],[135.38594,34.28099],[135.3854,34.27983],[135.38432,34.27936],[135.38324,34.2785],[135.38284,34.27746],[135.38113,34.27632],[135.3814,34.2752],[135.38095,34.2743],[135.37894,34.27291],[135.37828,34.27203],[135.37799,34.27112],[135.37732,34.27058],[135.37446,34.27246],[135.37422,34.27336],[135.3735,34.27411],[135.37268,34.27442],[135.37138,34.27447],[135.37145,34.2756],[135.37104,34.27606],[135.37049,34.27624],[135.36941,34.27597],[135.36859,34.27636],[135.36723,34.27639],[135.36642,34.27689],[135.36566,34.27805],[135.36423,34.27849],[135.36336,34.27826],[135.3618,34.27716],[135.36098,34.27739],[135.36012,34.27712],[135.35936,34.27621],[135.35989,34.27531],[135.35964,34.2749],[135.35693,34.27451],[135.35558,34.27393],[135.3537,34.2728],[135.35288,34.27137],[135.3518,34.27091],[135.35099,34.27091],[135.3499,34.27138],[135.34854,34.27097],[135.348,34.27111],[135.34745,34.27187],[135.34717,34.27311],[135.34492,34.27343],[135.34446,34.27456],[135.34275,34.27567],[135.34199,34.27579],[135.34091,34.27493],[135.33928,34.2746],[135.33821,34.27315],[135.33658,34.2725],[135.33605,34.27179],[135.33442,34.2713],[135.3336,34.27177],[135.33306,34.27169],[135.33274,34.27111],[135.33306,34.26999],[135.33283,34.26931],[135.33227,34.269],[135.33118,34.26948],[135.33064,34.26938],[135.33021,34.26839],[135.32955,34.26794],[135.32911,34.26704],[135.32849,34.26656],[135.32767,34.26677],[135.32559,34.26814],[135.3263,34.26829],[135.32738,34.26905],[135.32729,34.26928],[135.32656,34.26937],[135.32575,34.26913],[135.32549,34.26823],[135.3244,34.26891],[135.32358,34.26882],[135.32194,34.26767],[135.32143,34.26636],[135.3198,34.26646],[135.31845,34.26553],[135.31769,34.26585],[135.31681,34.26665],[135.31546,34.26657],[135.31492,34.26524],[135.3133,34.26478],[135.31159,34.26333],[135.31115,34.26198],[135.31019,34.26062],[135.30872,34.25979],[135.30737,34.25993],[135.30629,34.2592],[135.30547,34.25898],[135.30505,34.25856],[135.30468,34.25698],[135.30386,34.25652],[135.30251,34.25627],[135.30143,34.2558],[135.29979,34.25651],[135.29843,34.2568],[135.29463,34.2568],[135.29165,34.25654],[135.28406,34.25498],[135.28026,34.25482],[135.277,34.25591],[135.26589,34.25386],[135.26074,34.25246],[135.25987,34.25289],[135.25987,34.25424],[135.25882,34.25498],[135.25827,34.25506],[135.25696,34.2531],[135.25719,34.2522],[135.2559,34.25061],[135.25506,34.2503],[135.25343,34.25021],[135.25235,34.24941],[135.25046,34.24885],[135.24908,34.24764],[135.24831,34.2457],[135.24479,34.24525],[135.24316,34.24554],[135.24179,34.24694],[135.2407,34.24761],[135.23798,34.24833],[135.23472,34.2481],[135.23337,34.24747],[135.23148,34.247],[135.23066,34.24706],[135.23065,34.24752],[135.23119,34.2482],[135.2315,34.24911],[135.23147,34.25023],[135.2309,34.25098],[135.22957,34.25157],[135.22986,34.25248],[135.22901,34.25315],[135.22875,34.25382],[135.22843,34.25392],[135.22789,34.25335],[135.22702,34.25314],[135.22654,34.25244],[135.22491,34.25246],[135.22329,34.25166],[135.22166,34.25202],[135.22112,34.25194],[135.22073,34.25129],[135.22073,34.24949],[135.22033,34.24904],[135.21979,34.24897],[135.2187,34.24939],[135.2176,34.25047],[135.21674,34.25037],[135.21632,34.24991],[135.21708,34.24857],[135.21693,34.24811],[135.21573,34.24787],[135.21438,34.24712],[135.21396,34.24607],[135.21327,34.24539],[135.2139,34.24381],[135.2149,34.24314],[135.21575,34.24134],[135.21633,34.24105],[135.21742,34.24094],[135.2189,34.24001],[135.21916,34.23889],[135.22043,34.23822],[135.22072,34.23777],[135.21519,34.23773],[135.21446,34.23803],[135.21401,34.23773],[135.20197,34.23765],[135.2022,34.23855]],[[135.22713,34.2741],[135.2278,34.27568],[135.22768,34.27629],[135.22741,34.27639],[135.22513,34.27431],[135.22553,34.274],[135.22662,34.27381],[135.22713,34.2741]],[[135.22855,34.27366],[135.22906,34.27365],[135.22906,34.27388],[135.22851,34.27401],[135.22855,34.27366]],[[135.24902,34.25771],[135.24973,34.25846],[135.25091,34.25905],[135.25171,34.26024],[135.25335,34.26001],[135.25632,34.26256],[135.25766,34.26527],[135.26044,34.26641],[135.26169,34.26868],[135.26142,34.27003],[135.26194,34.27077],[135.26287,34.27139],[135.26303,34.27184],[135.26229,34.27274],[135.26083,34.27371],[135.25962,34.27565],[135.25814,34.27699],[135.25727,34.27711],[135.25645,34.27749],[135.25536,34.27747],[135.25455,34.27769],[135.25265,34.27735],[135.24993,34.27807],[135.24883,34.27894],[135.24775,34.27889],[135.24748,34.27905],[135.24743,34.28031],[135.24882,34.28212],[135.24819,34.28415],[135.24911,34.28663],[135.24876,34.28715],[135.24767,34.28767],[135.24619,34.28887],[135.24535,34.29066],[135.24565,34.29179],[135.24789,34.29333],[135.24818,34.29429],[135.24896,34.29473],[135.2506,34.29445],[135.25089,34.29408],[135.25109,34.29295],[135.2517,34.29217],[135.25307,34.29148],[135.2536,34.29162],[135.2535,34.29364],[135.2543,34.295],[135.25758,34.29728],[135.25926,34.29793],[135.26064,34.29887],[135.25984,34.30112],[135.25923,34.30136],[135.2576,34.30085],[135.25652,34.30077],[135.25407,34.30137],[135.2519,34.30083],[135.25055,34.29928],[135.24947,34.29922],[135.24864,34.29948],[135.24645,34.30081],[135.2461,34.30171],[135.24641,34.30374],[135.24687,34.30442],[135.24804,34.30533],[135.25347,34.30764],[135.25564,34.30771],[135.25782,34.3072],[135.26134,34.30794],[135.26379,34.30741],[135.26559,34.30814],[135.26599,34.30882],[135.26431,34.31012],[135.26187,34.3096],[135.26051,34.30988],[135.25957,34.31036],[135.25696,34.31246],[135.25614,34.31272],[135.25505,34.31269],[135.25343,34.3121],[135.25153,34.31187],[135.25018,34.31072],[135.24828,34.31007],[135.2472,34.30941],[135.24559,34.30793],[135.24289,34.30617],[135.24127,34.30538],[135.23722,34.3022],[135.23532,34.3018],[135.23478,34.30187],[135.23351,34.30299],[135.23259,34.30337],[135.23224,34.30388],[135.23254,34.30524],[135.23337,34.30692],[135.23391,34.30752],[135.2358,34.30855],[135.23742,34.30986],[135.24012,34.3115],[135.24184,34.31296],[135.24064,34.31456],[135.23928,34.31445],[135.23711,34.31487],[135.23629,34.31516],[135.23593,34.31562],[135.23586,34.3172],[135.23514,34.31787],[135.23504,34.31832],[135.23633,34.32013],[135.23608,34.32442],[135.23677,34.32622],[135.23685,34.32735],[135.23654,34.32825],[135.23542,34.32937],[135.23479,34.33076],[135.23424,34.33078],[135.23343,34.33025],[135.23181,34.32986],[135.23144,34.32957],[135.23169,34.32799],[135.23149,34.32664],[135.2286,34.32324],[135.22761,34.32098],[135.22668,34.31985],[135.22663,34.31827],[135.22717,34.31489],[135.22705,34.31444],[135.22624,34.31353],[135.22665,34.31151],[135.22628,34.31104],[135.22438,34.31074],[135.22112,34.31058],[135.22053,34.31102],[135.21974,34.31237],[135.21784,34.31326],[135.21706,34.31483],[135.21719,34.31528],[135.21809,34.31619],[135.21783,34.31776],[135.21541,34.32023],[135.21465,34.3227],[135.21053,34.32561],[135.20955,34.32738],[135.20913,34.32763],[135.20887,34.32627],[135.21095,34.32364],[135.21138,34.3211],[135.21078,34.31637],[135.20944,34.3141],[135.2086,34.31339],[135.20697,34.31289],[135.20561,34.31315],[135.20467,34.31362],[135.20396,34.31429],[135.20356,34.31564],[135.20482,34.32038],[135.20465,34.32129],[135.20417,34.32163],[135.20255,34.32119],[135.20092,34.32116],[135.20038,34.32084],[135.19947,34.31922],[135.20073,34.31653],[135.20074,34.31472],[135.20027,34.31382],[135.1989,34.31268],[135.19708,34.31042],[135.1975,34.30884],[135.19892,34.30682],[135.19899,34.30592],[135.19869,34.30524],[135.19782,34.30425],[135.19647,34.30363],[135.19538,34.30356],[135.19348,34.30407],[135.19216,34.30362],[135.19209,34.30317],[135.19306,34.30115],[135.19275,34.29934],[135.19056,34.29665],[135.18866,34.29631],[135.1884,34.29548],[135.18759,34.29461],[135.18651,34.29439],[135.18543,34.29381],[135.18434,34.29388],[135.18314,34.29477],[135.18267,34.29545],[135.18257,34.29793],[135.18159,34.29792],[135.18078,34.29742],[135.17985,34.2961],[135.17979,34.29565],[135.18136,34.29431],[135.18176,34.29296],[135.18167,34.29228],[135.18075,34.29048],[135.18072,34.2889],[135.18113,34.28856],[135.18385,34.28849],[135.18603,34.28744],[135.18765,34.28812],[135.18928,34.28832],[135.19064,34.28807],[135.19176,34.28739],[135.19284,34.28551],[135.19528,34.28527],[135.19774,34.28394],[135.19942,34.28248],[135.20031,34.28069],[135.2006,34.27866],[135.20002,34.2764],[135.19922,34.27459],[135.19964,34.27392],[135.20028,34.27378],[135.20125,34.27506],[135.20243,34.27598],[135.20406,34.27643],[135.20514,34.27714],[135.20784,34.27828],[135.21137,34.27827],[135.21181,34.27851],[135.21202,34.27896],[135.21193,34.28009],[135.20974,34.28593],[135.20769,34.2884],[135.20584,34.28901],[135.20499,34.28951],[135.20296,34.2931],[135.20186,34.29625],[135.20264,34.29806],[135.2035,34.29874],[135.20493,34.29901],[135.20616,34.29808],[135.20793,34.29763],[135.2088,34.29697],[135.21093,34.29639],[135.21216,34.29519],[135.21268,34.29384],[135.21263,34.29249],[135.21314,34.2921],[135.21371,34.29272],[135.2141,34.29407],[135.21302,34.29587],[135.21324,34.29722],[135.21379,34.29813],[135.21471,34.29881],[135.21579,34.2989],[135.21614,34.30017],[135.21714,34.30075],[135.21795,34.30066],[135.21932,34.29974],[135.22068,34.29945],[135.22131,34.29885],[135.22142,34.2975],[135.22187,34.2966],[135.221,34.29502],[135.22208,34.2939],[135.22222,34.29322],[135.22187,34.2921],[135.22087,34.29119],[135.22101,34.29074],[135.22212,34.29037],[135.22348,34.29063],[135.22727,34.29085],[135.22864,34.29024],[135.22946,34.28928],[135.23325,34.2906],[135.23629,34.29038],[135.23651,34.29016],[135.23638,34.28948],[135.23547,34.28812],[135.23282,34.28653],[135.23275,34.28616],[135.23329,34.28601],[135.23655,34.28641],[135.23764,34.28612],[135.23831,34.28566],[135.23931,34.28454],[135.23939,34.28319],[135.2388,34.28206],[135.23795,34.28115],[135.23744,34.2789],[135.23798,34.27862],[135.23987,34.27901],[135.24177,34.27895],[135.24297,34.27825],[135.24366,34.27713],[135.24289,34.2759],[135.24045,34.27497],[135.23772,34.27646],[135.23691,34.27621],[135.2359,34.27551],[135.23573,34.27528],[135.23623,34.27483],[135.2361,34.27438],[135.23502,34.27437],[135.2355,34.27528],[135.23529,34.27538],[135.23447,34.27548],[135.23393,34.27527],[135.23369,34.27482],[135.23385,34.27459],[135.23484,34.27415],[135.23352,34.27256],[135.23222,34.27165],[135.23245,34.27053],[135.23213,34.26962],[135.23266,34.26895],[135.23266,34.2685],[135.23183,34.2675],[135.23075,34.26731],[135.22994,34.26683],[135.22967,34.26645],[135.22983,34.266],[135.23184,34.26466],[135.23239,34.26376],[135.23459,34.26251],[135.23542,34.26139],[135.23663,34.26108],[135.2376,34.26009],[135.23814,34.25996],[135.23923,34.26049],[135.2399,34.26043],[135.24023,34.25885],[135.24087,34.25821],[135.24142,34.25828],[135.24222,34.25903],[135.24331,34.2592],[135.24492,34.26089],[135.24666,34.25957],[135.2462,34.25844],[135.24677,34.25732],[135.24767,34.25709],[135.24902,34.25771]],[[135.26847,34.30064],[135.26765,34.30115],[135.26712,34.30116],[135.26848,34.29918],[135.26875,34.29918],[135.26884,34.30005],[135.26847,34.30064]],[[135.2697,34.29757],[135.26903,34.29843],[135.26876,34.29844],[135.26868,34.29712],[135.26905,34.29653],[135.26959,34.29662],[135.26983,34.2969],[135.2697,34.29757]],[[135.27523,34.30312],[135.27581,34.3055],[135.27552,34.3064],[135.2741,34.30872],[135.27355,34.30909],[135.27323,34.30886],[135.27298,34.30796],[135.27271,34.30593],[135.2739,34.30481],[135.27469,34.30347],[135.27523,34.30312]],[[135.27654,34.28161],[135.2765,34.28182],[135.2763,34.28161],[135.27654,34.28161]],[[135.27924,34.28073],[135.27923,34.28093],[135.27901,34.28072],[135.27924,34.28073]],[[135.28233,34.29945],[135.28178,34.29938],[135.28174,34.29877],[135.28288,34.29852],[135.28278,34.299],[135.28233,34.29945]],[[135.28605,34.28325],[135.28585,34.28234],[135.28601,34.28198],[135.28652,34.28302],[135.28627,34.28336],[135.28605,34.28325]],[[135.30148,34.28193],[135.30067,34.28121],[135.30064,34.28085],[135.30095,34.28059],[135.3014,34.28085],[135.30148,34.28193]],[[135.30502,34.2829],[135.30536,34.28336],[135.30538,34.28426],[135.30472,34.28472],[135.30363,34.2846],[135.302,34.28356],[135.30223,34.28311],[135.30338,34.2824],[135.30392,34.28241],[135.30502,34.2829]],[[135.30987,34.28554],[135.3096,34.28553],[135.3095,34.28541],[135.30987,34.28532],[135.30987,34.28554]],[[135.31218,34.28001],[135.31209,34.28004],[135.31209,34.27995],[135.31218,34.28001]],[[135.31779,34.28063],[135.31778,34.28081],[135.31771,34.28072],[135.31779,34.28063]],[[135.32835,34.28336],[135.32961,34.28529],[135.33068,34.28575],[135.3305,34.28621],[135.32969,34.2865],[135.3286,34.28652],[135.32707,34.28596],[135.32681,34.28505],[135.32695,34.28393],[135.32725,34.28348],[135.32781,34.28325],[135.32835,34.28336]],[[135.33482,34.28239],[135.33515,34.28216],[135.33556,34.2824],[135.33515,34.28265],[135.33482,34.28239]],[[135.34078,34.28536],[135.34082,34.28699],[135.34054,34.28717],[135.34027,34.28703],[135.33967,34.2858],[135.34001,34.28524],[135.34078,34.28536]],[[135.34397,34.28695],[135.34353,34.28675],[135.34327,34.28627],[135.34354,34.28575],[135.34412,34.28605],[135.34397,34.28695]],[[135.34892,34.28878],[135.34867,34.28923],[135.34705,34.2888],[135.34686,34.28854],[135.3476,34.28784],[135.34814,34.28769],[135.34853,34.28788],[135.34892,34.28878]],[[135.34893,34.29098],[135.34853,34.29081],[135.34841,34.29035],[135.34894,34.29011],[135.34948,34.29018],[135.34972,34.29059],[135.34893,34.29098]],[[135.35279,34.27708],[135.35311,34.27692],[135.35338,34.27731],[135.35311,34.27747],[135.35279,34.27708]],[[135.36337,34.28863],[135.36293,34.28975],[135.36252,34.28994],[135.36196,34.28952],[135.36164,34.28862],[135.36199,34.28835],[135.36307,34.28837],[135.36337,34.28863]],[[135.36743,34.28634],[135.36716,34.28637],[135.36695,34.28617],[135.36743,34.28608],[135.36743,34.28634]],[[135.37907,34.27541],[135.37948,34.27744],[135.37938,34.27857],[135.37916,34.2787],[135.37808,34.27803],[135.37854,34.27676],[135.37828,34.27563],[135.37763,34.27495],[135.37784,34.27444],[135.37811,34.27431],[135.3786,34.27451],[135.37907,34.27541]],[[135.38212,34.28272],[135.38198,34.28219],[135.3824,34.28191],[135.38267,34.2826],[135.38212,34.28272]],[[135.38673,34.291],[135.38694,34.29123],[135.38674,34.29258],[135.387,34.29326],[135.38611,34.29438],[135.38557,34.29442],[135.38475,34.29325],[135.38401,34.29144],[135.38478,34.29092],[135.38673,34.291]],[[135.39501,34.30281],[135.39474,34.30305],[135.39392,34.30308],[135.39338,34.30302],[135.39312,34.30276],[135.39338,34.30247],[135.39393,34.3024],[135.39474,34.3025],[135.39501,34.30281]],[[135.39466,34.28699],[135.39519,34.28812],[135.39484,34.28829],[135.39381,34.28721],[135.39404,34.28665],[135.39466,34.28699]],[[135.39993,34.30053],[135.39962,34.30008],[135.39975,34.29986],[135.4005,34.29986],[135.40069,34.30031],[135.40046,34.30056],[135.39993,34.30053]],[[135.41539,34.29362],[135.41599,34.29357],[135.41605,34.29385],[135.41571,34.29393],[135.41539,34.29362]],[[135.41814,34.29661],[135.41788,34.29634],[135.41814,34.29623],[135.4183,34.29634],[135.41814,34.29661]],[[135.42146,34.28554],[135.42038,34.28711],[135.41965,34.28643],[135.42002,34.28576],[135.42093,34.28528],[135.42146,34.28554]],[[135.43034,34.29752],[135.43032,34.29707],[135.43063,34.29701],[135.43113,34.29753],[135.4309,34.29775],[135.43034,34.29752]],[[135.43091,34.2954],[135.43067,34.29505],[135.43119,34.29492],[135.43145,34.29553],[135.43091,34.2954]],[[135.43256,34.29325],[135.43228,34.2928],[135.43283,34.29225],[135.4329,34.29303],[135.43283,34.29326],[135.43256,34.29325]],[[135.43325,34.29145],[135.43339,34.29083],[135.43393,34.29063],[135.43419,34.29101],[135.43399,34.29146],[135.43325,34.29145]],[[135.43458,34.28943],[135.43494,34.28943],[135.43448,34.29005],[135.43443,34.28965],[135.43458,34.28943]],[[135.4355,34.28808],[135.43585,34.2875],[135.43629,34.28763],[135.43585,34.28807],[135.4355,34.28808]],[[135.44231,34.29705],[135.44236,34.29735],[135.44203,34.29751],[135.44194,34.29713],[135.44231,34.29705]],[[135.46589,34.30364],[135.46571,34.30332],[135.46586,34.30309],[135.46671,34.30293],[135.46675,34.30332],[135.46589,34.30364]],[[135.46817,34.32001],[135.4677,34.31956],[135.46824,34.31907],[135.46858,34.31933],[135.46864,34.31978],[135.46851,34.32001],[135.46817,34.32001]],[[135.50008,34.30971],[135.50008,34.3098],[135.50001,34.30977],[135.50008,34.30971]],[[135.50639,34.32423],[135.50597,34.32535],[135.5051,34.32647],[135.50565,34.32805],[135.5054,34.32839],[135.50188,34.32691],[135.50133,34.32685],[135.50025,34.3273],[135.49997,34.32711],[135.49955,34.32578],[135.50053,34.32461],[135.50271,34.32446],[135.5057,34.3231],[135.50631,34.32332],[135.50639,34.32423]],[[135.515,34.31212],[135.51445,34.31164],[135.51501,34.31127],[135.51528,34.31169],[135.515,34.31212]],[[135.52465,34.33564],[135.5241,34.33604],[135.52378,34.33556],[135.52411,34.3348],[135.52466,34.33444],[135.52498,34.33489],[135.52465,34.33564]],[[135.57935,34.37283],[135.57876,34.37228],[135.57881,34.37196],[135.57971,34.37228],[135.57968,34.37273],[135.57935,34.37283]],[[135.58096,34.35516],[135.58112,34.35493],[135.58161,34.35494],[135.58185,34.35538],[135.58161,34.35552],[135.58096,34.35516]],[[135.59915,34.32381],[135.59901,34.32366],[135.59915,34.32341],[135.59938,34.32366],[135.59915,34.32381]],[[135.58721,34.36239],[135.58701,34.36267],[135.5862,34.36237],[135.58597,34.36194],[135.5862,34.36124],[135.58647,34.36117],[135.58721,34.36239]],[[135.61329,34.37996],[135.61525,34.38209],[135.61571,34.38299],[135.61566,34.38344],[135.61357,34.38659],[135.6108,34.38957],[135.61053,34.38977],[135.60999,34.38975],[135.60617,34.38792],[135.60583,34.38747],[135.6057,34.38634],[135.60648,34.38499],[135.60796,34.3841],[135.60872,34.3832],[135.60903,34.38252],[135.60909,34.38094],[135.61275,34.37989],[135.61329,34.37996]],[[135.61611,34.35867],[135.61556,34.3582],[135.61584,34.35765],[135.61649,34.35798],[135.61644,34.35843],[135.61611,34.35867]],[[135.6241,34.33487],[135.62355,34.3352],[135.62306,34.33478],[135.62328,34.33421],[135.62383,34.33386],[135.62443,34.33411],[135.6241,34.33487]],[[135.62569,34.34231],[135.62515,34.34198],[135.62488,34.34128],[135.62543,34.34134],[135.62588,34.342],[135.62569,34.34231]],[[135.62953,34.33534],[135.62952,34.33458],[135.6298,34.33434],[135.63008,34.3344],[135.63007,34.33501],[135.6298,34.33544],[135.62953,34.33534]],[[135.64111,34.35908],[135.64492,34.35917],[135.64552,34.35964],[135.64533,34.36167],[135.64574,34.3628],[135.64542,34.36392],[135.64652,34.36514],[135.64733,34.36553],[135.64869,34.3656],[135.65032,34.36617],[135.65196,34.36538],[135.65281,34.36597],[135.65316,34.3671],[135.6524,34.37071],[135.65266,34.37116],[135.65365,34.37184],[135.65437,34.37286],[135.65519,34.37295],[135.65628,34.37161],[135.66036,34.36995],[135.6605,34.37028],[135.66005,34.37411],[135.66062,34.37487],[135.66278,34.37623],[135.66333,34.3764],[135.66387,34.37623],[135.66508,34.37548],[135.6666,34.37403],[135.66714,34.37402],[135.6674,34.37526],[135.66705,34.37661],[135.66763,34.37796],[135.6674,34.37832],[135.66604,34.37878],[135.66551,34.37931],[135.66544,34.38021],[135.6649,34.38111],[135.66491,34.38201],[135.66602,34.38254],[135.66901,34.38239],[135.67118,34.3831],[135.67363,34.38309],[135.67445,34.38247],[135.67519,34.38429],[135.67517,34.38474],[135.67489,34.38497],[135.67254,34.38507],[135.67202,34.38541],[135.67187,34.38631],[135.6708,34.38834],[135.6708,34.38969],[135.67116,34.39012],[135.67224,34.39035],[135.67333,34.39031],[135.67469,34.39143],[135.67605,34.39161],[135.67741,34.3913],[135.67877,34.3904],[135.68081,34.38972],[135.68231,34.38886],[135.68312,34.38894],[135.68376,34.38927],[135.68367,34.38959],[135.68203,34.3903],[135.68093,34.39129],[135.67974,34.3949],[135.6795,34.3967],[135.68024,34.39828],[135.68002,34.39941],[135.68085,34.40054],[135.67954,34.40167],[135.67945,34.40234],[135.6799,34.40346],[135.67901,34.40436],[135.67888,34.40481],[135.68034,34.40663],[135.6817,34.407],[135.68279,34.4067],[135.68439,34.40415],[135.68552,34.40333],[135.68717,34.40416],[135.68862,34.40596],[135.68904,34.4062],[135.69231,34.40528],[135.69421,34.40521],[135.69814,34.40621],[135.69891,34.40779],[135.70023,34.40937],[135.70017,34.41143],[135.6987,34.41253],[135.69817,34.41343],[135.69826,34.4141],[135.69889,34.41523],[135.70097,34.41666],[135.70286,34.41704],[135.70317,34.41795],[135.70421,34.41863],[135.70477,34.41937],[135.70593,34.41976],[135.7065,34.42066],[135.70694,34.4209],[135.70803,34.42088],[135.70863,34.42044],[135.70939,34.41934],[135.71029,34.41932],[135.71039,34.41977],[135.70961,34.42022],[135.70932,34.42067],[135.71065,34.42202],[135.71022,34.4236],[135.71282,34.42563],[135.71267,34.42676],[135.7144,34.42812],[135.71508,34.43015],[135.71481,34.43082],[135.7137,34.43127],[135.71316,34.4311],[135.7128,34.43059],[135.71207,34.43024],[135.71153,34.43036],[135.71071,34.43136],[135.70962,34.43106],[135.70903,34.43126],[135.70826,34.4319],[135.70771,34.43282],[135.70699,34.43328],[135.70682,34.43441],[135.7057,34.43531],[135.70513,34.43643],[135.70471,34.43671],[135.70362,34.43688],[135.70282,34.43755],[135.70333,34.43958],[135.70385,34.44071],[135.70442,34.44125],[135.70551,34.44183],[135.70714,34.44173],[135.70795,34.44209],[135.70931,34.44204],[135.70963,34.4423],[135.70941,34.44366],[135.70754,34.44523],[135.70657,34.44757],[135.70549,34.44756],[135.70467,34.44713],[135.70386,34.44635],[135.70309,34.44477],[135.70196,34.44386],[135.7006,34.44353],[135.69679,34.44363],[135.69525,34.44497],[135.69493,34.447],[135.69542,34.44745],[135.69699,34.44791],[135.69759,34.44962],[135.69704,34.4497],[135.69324,34.44914],[135.69215,34.44922],[135.69106,34.44962],[135.68966,34.45127],[135.68931,34.45262],[135.68968,34.45321],[135.69143,34.45398],[135.69152,34.45443],[135.68859,34.45485],[135.68723,34.45539],[135.68521,34.45734],[135.6851,34.4578],[135.68551,34.45937],[135.68721,34.46018],[135.68908,34.46231],[135.68655,34.46343],[135.68612,34.46388],[135.6862,34.46479],[135.68693,34.46569],[135.6864,34.46704],[135.68698,34.46817],[135.68465,34.47042],[135.68495,34.47132],[135.68684,34.47313],[135.68667,34.47403],[135.68471,34.47485],[135.68361,34.47587],[135.68225,34.47589],[135.68153,34.47672],[135.68172,34.47762],[135.68388,34.47846],[135.68448,34.47921],[135.68443,34.47966],[135.68414,34.47987],[135.6836,34.47983],[135.68224,34.47871],[135.68061,34.47901],[135.67952,34.47987],[135.67953,34.48032],[135.6805,34.48145],[135.68021,34.48235],[135.68027,34.48348],[135.67979,34.48438],[135.68002,34.4855],[135.67912,34.48731],[135.67913,34.48911],[135.67757,34.49007],[135.6773,34.49097],[135.67645,34.49226],[135.67651,34.49271],[135.67746,34.49361],[135.67618,34.49681],[135.67509,34.49751],[135.67046,34.49752],[135.66992,34.49727],[135.66938,34.49637],[135.66802,34.49563],[135.66634,34.49584],[135.66584,34.49619],[135.66571,34.49674],[135.66575,34.49764],[135.66636,34.49877],[135.66612,34.50124],[135.66582,34.50157],[135.66473,34.50188],[135.6631,34.50094],[135.65983,34.5011],[135.65894,34.50077],[135.65834,34.49942],[135.65928,34.49852],[135.65933,34.49762],[135.65887,34.49694],[135.6574,34.49572],[135.65549,34.49742],[135.65471,34.49716],[135.65414,34.49583],[135.65334,34.4958],[135.65277,34.49616],[135.6526,34.49692],[135.65356,34.49783],[135.6537,34.49851],[135.65323,34.49986],[135.65259,34.50053],[135.65085,34.50042],[135.64949,34.50067],[135.64646,34.50051],[135.6457,34.49961],[135.64677,34.49875],[135.64702,34.49826],[135.64667,34.49736],[135.64714,34.49578],[135.64575,34.49443],[135.64607,34.49375],[135.64612,34.49262],[135.64658,34.49195],[135.64642,34.49127],[135.64463,34.4899],[135.64274,34.48901],[135.64232,34.4881],[135.64242,34.48698],[135.64138,34.4864],[135.63899,34.48426],[135.63813,34.48306],[135.63759,34.48279],[135.6365,34.48272],[135.63611,34.48245],[135.63541,34.48155],[135.63473,34.47997],[135.6329,34.47793],[135.6319,34.4773],[135.63076,34.47725],[135.63044,34.4759],[135.62912,34.47522],[135.62927,34.47454],[135.63,34.47364],[135.62989,34.47319],[135.62919,34.47275],[135.6281,34.4733],[135.62756,34.47324],[135.62764,34.47228],[135.62742,34.47183],[135.62512,34.47028],[135.62508,34.46867],[135.62551,34.46664],[135.62523,34.46619],[135.62378,34.4657],[135.62215,34.46577],[135.62068,34.46685],[135.61997,34.46702],[135.61863,34.46572],[135.6186,34.46369],[135.61726,34.46297],[135.61563,34.46353],[135.61427,34.46365],[135.6129,34.46433],[135.61246,34.46412],[135.61092,34.46209],[135.61125,34.46141],[135.61115,34.46096],[135.61428,34.46033],[135.61459,34.45985],[135.61228,34.45781],[135.61272,34.45646],[135.61241,34.45437],[135.61051,34.45352],[135.60969,34.45273],[135.60923,34.45149],[135.608,34.45081],[135.60801,34.44968],[135.60868,34.44901],[135.60879,34.44833],[135.60782,34.44693],[135.60771,34.4463],[135.60972,34.44661],[135.61136,34.44628],[135.61217,34.44564],[135.61225,34.44519],[135.61153,34.44429],[135.61136,34.44338],[135.61305,34.44181],[135.61423,34.43979],[135.61444,34.43911],[135.6143,34.43731],[135.61514,34.43596],[135.61468,34.43551],[135.61385,34.43525],[135.6125,34.43511],[135.61168,34.43475],[135.60978,34.43469],[135.60841,34.43609],[135.60705,34.43624],[135.60628,34.43593],[135.60585,34.43548],[135.60566,34.43503],[135.60585,34.43458],[135.60761,34.43283],[135.60815,34.43296],[135.60869,34.4336],[135.60951,34.43397],[135.61142,34.43322],[135.61414,34.43294],[135.6155,34.43326],[135.61705,34.43439],[135.61767,34.43455],[135.61875,34.43457],[135.62021,34.43372],[135.62075,34.43305],[135.6208,34.43259],[135.61986,34.43169],[135.61932,34.43025],[135.61839,34.42966],[135.61822,34.4283],[135.6196,34.42718],[135.62097,34.42694],[135.62132,34.42651],[135.62124,34.42583],[135.62069,34.42538],[135.61771,34.42465],[135.6169,34.42477],[135.61444,34.42604],[135.61397,34.42581],[135.61412,34.42536],[135.61472,34.42459],[135.61853,34.42154],[135.62099,34.42081],[135.62332,34.41953],[135.62535,34.41892],[135.62561,34.41841],[135.62532,34.41751],[135.62545,34.41706],[135.62645,34.41655],[135.62781,34.4171],[135.62863,34.4168],[135.62917,34.41617],[135.62936,34.41504],[135.63027,34.41461],[135.63081,34.41392],[135.63105,34.41257],[135.63055,34.41189],[135.62919,34.41154],[135.62865,34.41175],[135.62862,34.41256],[135.62837,34.41261],[135.62621,34.41068],[135.62566,34.41055],[135.6243,34.41078],[135.62322,34.40939],[135.62298,34.40803],[135.62252,34.40736],[135.62133,34.40644],[135.61997,34.40612],[135.61888,34.40619],[135.6174,34.40689],[135.6167,34.40773],[135.61639,34.40892],[135.6137,34.40994],[135.61312,34.41048],[135.61233,34.41188],[135.61179,34.41196],[135.61016,34.41163],[135.60904,34.41115],[135.60919,34.41092],[135.61125,34.41028],[135.6141,34.40823],[135.61633,34.40576],[135.61818,34.40441],[135.61917,34.40285],[135.62271,34.40188],[135.62625,34.39986],[135.6268,34.39985],[135.6295,34.40269],[135.63005,34.40275],[135.63141,34.40213],[135.63277,34.40265],[135.63333,34.40243],[135.63257,34.3995],[135.63112,34.39837],[135.6315,34.39657],[135.63135,34.39544],[135.6308,34.39431],[135.62954,34.39273],[135.62878,34.39092],[135.62739,34.38996],[135.62657,34.38971],[135.6244,34.38958],[135.62412,34.3891],[135.62437,34.38775],[135.62503,34.3864],[135.6274,34.3863],[135.62958,34.38652],[135.63121,34.38613],[135.63347,34.38508],[135.63503,34.38283],[135.63512,34.38215],[135.63314,34.38019],[135.63232,34.37986],[135.63151,34.37986],[135.62824,34.38086],[135.62661,34.38062],[135.62625,34.38032],[135.6253,34.37829],[135.62365,34.37648],[135.6251,34.37513],[135.62583,34.37388],[135.62637,34.37374],[135.62971,34.37492],[135.63051,34.37628],[135.63179,34.37711],[135.63369,34.37771],[135.63478,34.37728],[135.63527,34.37584],[135.63778,34.37359],[135.6378,34.37112],[135.63509,34.3683],[135.63374,34.36756],[135.6332,34.36637],[135.63238,34.36624],[135.63157,34.36665],[135.63048,34.36682],[135.6299,34.36636],[135.62967,34.36537],[135.63021,34.36507],[135.63157,34.36568],[135.63239,34.36552],[135.6332,34.36498],[135.63416,34.36389],[135.63593,34.36268],[135.63675,34.3628],[135.63783,34.36254],[135.63865,34.36291],[135.63974,34.36278],[135.64037,34.36211],[135.64033,34.3594],[135.64111,34.35908]],[[135.64566,34.34387],[135.64678,34.34477],[135.64648,34.34567],[135.64669,34.34702],[135.64632,34.34753],[135.64447,34.34499],[135.64334,34.34386],[135.64362,34.34345],[135.64417,34.34332],[135.64566,34.34387]],[[135.65527,34.35305],[135.65745,34.35359],[135.65757,34.35382],[135.65729,34.35404],[135.65499,34.35414],[135.65445,34.35406],[135.65426,34.35381],[135.65472,34.35321],[135.65527,34.35305]],[[135.67031,34.33605],[135.67028,34.33578],[135.67056,34.33566],[135.67099,34.33605],[135.67082,34.33633],[135.67031,34.33605]],[[135.67426,34.36067],[135.67353,34.3604],[135.67349,34.35995],[135.67399,34.35986],[135.67454,34.36016],[135.67426,34.36067]],[[135.68411,34.36313],[135.6843,34.36475],[135.68376,34.36506],[135.68349,34.365],[135.68316,34.36335],[135.68348,34.3629],[135.68411,34.36313]],[[135.69399,34.39167],[135.69518,34.39291],[135.69453,34.39369],[135.69398,34.39372],[135.69181,34.39305],[135.6917,34.39177],[135.69209,34.39119],[135.6929,34.39098],[135.69399,34.39167]],[[135.69352,34.37248],[135.69289,34.37217],[135.69298,34.37194],[135.69352,34.37152],[135.69406,34.37154],[135.69432,34.37195],[135.69352,34.37248]],[[135.69978,34.37039],[135.69968,34.37016],[135.69978,34.37008],[135.69981,34.37016],[135.69978,34.37039]],[[135.59502,34.28128],[135.59201,34.28406],[135.59092,34.28447],[135.59038,34.28425],[135.58998,34.28261],[135.59039,34.28194],[135.59202,34.28155],[135.59366,34.28064],[135.59474,34.28082],[135.59502,34.28128]],[[135.59806,34.28061],[135.59864,34.28039],[135.59868,34.28061],[135.59827,34.28087],[135.59806,34.28061]],[[135.62508,34.29716],[135.62593,34.2976],[135.62648,34.29828],[135.6265,34.29873],[135.62586,34.30076],[135.62506,34.30123],[135.62397,34.30136],[135.62254,34.29917],[135.62256,34.29737],[135.62291,34.29707],[135.62508,34.29716]],[[135.63782,34.30233],[135.6387,34.3035],[135.6381,34.30395],[135.63806,34.3044],[135.63898,34.30666],[135.63897,34.30778],[135.63861,34.30827],[135.63752,34.30833],[135.63682,34.308],[135.63587,34.30687],[135.63565,34.3062],[135.6365,34.30394],[135.63674,34.30232],[135.63701,34.30218],[135.63782,34.30233]],[[135.65876,34.30514],[135.65907,34.30716],[135.6588,34.30942],[135.65818,34.31144],[135.65788,34.31159],[135.65738,34.31099],[135.6573,34.30693],[135.65776,34.30536],[135.65818,34.3049],[135.65876,34.30514]],[[135.66197,34.30791],[135.66143,34.30811],[135.66094,34.30785],[135.66084,34.3074],[135.6612,34.30672],[135.662,34.30695],[135.66197,34.30791]],[[135.6661,34.30313],[135.66632,34.30335],[135.66606,34.30379],[135.66582,34.30358],[135.6661,34.30313]],[[135.68853,34.32522],[135.68805,34.32482],[135.68853,34.32432],[135.68914,34.32483],[135.68853,34.32522]],[[135.711,34.34644],[135.70992,34.34625],[135.70958,34.34584],[135.70992,34.3457],[135.711,34.34599],[135.71122,34.34629],[135.711,34.34644]],[[135.7177,34.37065],[135.71853,34.37209],[135.71989,34.37172],[135.72067,34.37201],[135.72071,34.37314],[135.72139,34.37471],[135.72259,34.37468],[135.72368,34.37568],[135.72509,34.37585],[135.72523,34.37608],[135.72472,34.37698],[135.72507,34.37833],[135.72482,34.37923],[135.72555,34.38013],[135.72542,34.38103],[135.72646,34.38194],[135.72626,34.38352],[135.72676,34.38487],[135.72661,34.38532],[135.72609,34.3856],[135.72473,34.38539],[135.72442,34.38554],[135.72505,34.38644],[135.7248,34.3878],[135.72555,34.3887],[135.72526,34.38944],[135.72472,34.38967],[135.72336,34.38976],[135.72118,34.39056],[135.71955,34.39014],[135.71792,34.3905],[135.71728,34.39138],[135.71709,34.39379],[135.71546,34.39502],[135.7141,34.39539],[135.71319,34.3943],[135.71088,34.39317],[135.71069,34.3925],[135.70976,34.39182],[135.70841,34.38944],[135.70623,34.3903],[135.70487,34.38966],[135.70324,34.38945],[135.70204,34.38819],[135.70162,34.38737],[135.70026,34.38672],[135.69918,34.38537],[135.69838,34.3848],[135.69793,34.3839],[135.69776,34.38232],[135.6981,34.38186],[135.69984,34.3812],[135.69981,34.3803],[135.69895,34.37939],[135.69892,34.37894],[135.70008,34.37759],[135.70028,34.37647],[135.70139,34.37587],[135.70132,34.37489],[135.70166,34.37445],[135.70329,34.37474],[135.70493,34.37439],[135.70601,34.37534],[135.70729,34.37355],[135.70819,34.3733],[135.709,34.37396],[135.70982,34.37426],[135.71117,34.37589],[135.71172,34.37618],[135.71335,34.37461],[135.71471,34.37468],[135.71497,34.37447],[135.71522,34.3729],[135.71611,34.37132],[135.71663,34.36951],[135.7169,34.36938],[135.71745,34.3696],[135.7177,34.37065]],[[135.72251,34.35533],[135.72157,34.35533],[135.72072,34.3551],[135.72184,34.35511],[135.72251,34.35533]],[[135.72573,34.35579],[135.72452,34.35579],[135.72639,34.35557],[135.72573,34.35579]],[[135.73194,34.34108],[135.73166,34.34048],[135.73222,34.34012],[135.73252,34.34025],[135.7325,34.34048],[135.73194,34.34108]],[[135.73364,34.34702],[135.7341,34.347],[135.7344,34.34725],[135.7341,34.34728],[135.73364,34.34702]],[[135.73584,34.3495],[135.73545,34.34978],[135.73518,34.34813],[135.7358,34.34905],[135.73584,34.3495]],[[135.73949,34.36148],[135.73813,34.36179],[135.7371,34.36168],[135.73689,34.36145],[135.73813,34.3607],[135.74031,34.36055],[135.73949,34.36148]],[[135.74329,34.36123],[135.74329,34.36125],[135.74327,34.36124],[135.74329,34.36123]],[[135.749,34.36188],[135.74892,34.3617],[135.749,34.3613],[135.74913,34.36148],[135.749,34.36188]],[[135.74982,34.36801],[135.74995,34.36824],[135.7498,34.36847],[135.74977,34.36824],[135.74982,34.36801]],[[135.75084,34.38223],[135.75207,34.38335],[135.75165,34.38355],[135.7503,34.38319],[135.75006,34.38289],[135.7503,34.38241],[135.75084,34.38223]],[[135.76962,34.37545],[135.76962,34.37554],[135.76953,34.37549],[135.76962,34.37545]],[[135.77607,34.40165],[135.77638,34.40187],[135.77639,34.40233],[135.77552,34.40378],[135.77498,34.40384],[135.77335,34.40337],[135.77145,34.40316],[135.77158,34.40277],[135.77308,34.40176],[135.77417,34.40154],[135.77607,34.40165]],[[135.78119,34.42074],[135.78445,34.42185],[135.78526,34.42312],[135.78687,34.42466],[135.78662,34.4256],[135.78444,34.42752],[135.78389,34.42735],[135.78312,34.42578],[135.782,34.42487],[135.78064,34.42454],[135.77846,34.42479],[135.77818,34.42464],[135.77958,34.42262],[135.77993,34.42081],[135.78119,34.42074]],[[135.79558,34.43109],[135.79531,34.43049],[135.79558,34.43035],[135.7959,34.43098],[135.79558,34.43109]],[[135.65091,34.53997],[135.65123,34.53975],[135.65161,34.53997],[135.65123,34.5402],[135.65091,34.53997]],[[135.5305,34.55579],[135.53046,34.55579],[135.53048,34.55571],[135.5305,34.55579]],[[135.53465,34.5531],[135.53373,34.55333],[135.53357,34.55287],[135.53404,34.5526],[135.53457,34.55265],[135.53465,34.5531]],[[135.53755,34.55894],[135.53755,34.55951],[135.53673,34.55994],[135.53618,34.55992],[135.53558,34.55942],[135.53553,34.55874],[135.53592,34.55826],[135.53646,34.55826],[135.53755,34.55894]],[[135.53731,34.55264],[135.53672,34.55244],[135.53674,34.55221],[135.53759,34.55169],[135.53809,34.55221],[135.53786,34.55253],[135.53731,34.55264]],[[135.54305,34.54896],[135.54305,34.54924],[135.54264,34.5493],[135.54278,34.5489],[135.54305,34.54896]],[[135.5534,34.5374],[135.5536,34.53762],[135.55319,34.5378],[135.55301,34.53762],[135.5534,34.5374]],[[135.5553,34.55006],[135.55531,34.54956],[135.55558,34.54903],[135.55585,34.549],[135.55585,34.54988],[135.5553,34.55006]],[[135.55764,34.55206],[135.5572,34.55257],[135.55665,34.55235],[135.55641,34.55161],[135.55666,34.55116],[135.55721,34.55095],[135.55791,34.55116],[135.55764,34.55206]],[[135.55756,34.53503],[135.55729,34.53504],[135.55723,34.53493],[135.55756,34.53479],[135.55756,34.53503]],[[135.5595,34.52883],[135.55942,34.5284],[135.55988,34.5284],[135.56005,34.52863],[135.5595,34.52883]],[[135.56302,34.53302],[135.56248,34.53302],[135.56221,34.5327],[135.56248,34.53216],[135.56302,34.5322],[135.5633,34.53244],[135.56302,34.53302]],[[135.56301,34.55141],[135.56347,34.55114],[135.56398,34.55141],[135.56347,34.55177],[135.56319,34.55175],[135.56301,34.55141]],[[135.56619,34.53902],[135.56651,34.53992],[135.56721,34.54083],[135.56706,34.54143],[135.56516,34.54117],[135.56379,34.53991],[135.5649,34.5381],[135.56544,34.53819],[135.56619,34.53902]],[[135.56912,34.54872],[135.56835,34.54985],[135.56729,34.54968],[135.56705,34.54939],[135.56749,34.54894],[135.56766,34.54827],[135.56812,34.54799],[135.56894,34.54827],[135.56912,34.54872]],[[135.5692,34.51514],[135.56938,34.51466],[135.56965,34.51461],[135.56983,34.51492],[135.56965,34.51534],[135.56937,34.5154],[135.5692,34.51514]],[[135.57054,34.55374],[135.57101,34.55617],[135.57182,34.55707],[135.57134,34.55767],[135.57079,34.55783],[135.57003,34.55752],[135.5702,34.55684],[135.57002,34.55661],[135.56793,34.55661],[135.56757,34.55638],[135.56745,34.55593],[135.56744,34.55435],[135.56782,34.5537],[135.5689,34.55414],[135.56968,34.55346],[135.57017,34.55346],[135.57054,34.55374]],[[135.57094,34.55031],[135.57082,34.55008],[135.5711,34.54984],[135.57173,34.55008],[135.57165,34.55045],[135.57094,34.55031]],[[135.57461,34.55606],[135.57465,34.5564],[135.57434,34.55657],[135.57434,34.55618],[135.57461,34.55606]],[[135.57525,34.53854],[135.57529,34.53883],[135.57484,34.53883],[135.5749,34.5386],[135.57525,34.53854]],[[135.57518,34.53567],[135.57526,34.53518],[135.57581,34.53515],[135.57583,34.53567],[135.57518,34.53567]],[[135.57336,34.48234],[135.5729,34.48225],[135.57259,34.48134],[135.57282,34.48108],[135.57361,34.48202],[135.57336,34.48234]],[[135.57799,34.53465],[135.57823,34.53501],[135.57769,34.535],[135.57753,34.53478],[135.57799,34.53465]],[[135.58013,34.54299],[135.57958,34.54333],[135.5791,34.5429],[135.57986,34.5415],[135.58013,34.54162],[135.58013,34.54299]],[[135.58496,34.55627],[135.58489,34.55667],[135.58415,34.55673],[135.58334,34.55643],[135.58299,34.55598],[135.58333,34.55583],[135.58496,34.55627]],[[135.58423,34.50618],[135.58515,34.50731],[135.58493,34.50767],[135.58439,34.50757],[135.58385,34.50704],[135.58364,34.5064],[135.58386,34.50543],[135.58413,34.50546],[135.58423,34.50618]],[[135.58919,34.55465],[135.58851,34.55518],[135.58784,34.5551],[135.58767,34.55465],[135.58797,34.55412],[135.58899,34.55443],[135.58919,34.55465]],[[135.58834,34.55307],[135.58825,34.55326],[135.58819,34.55307],[135.58834,34.55307]],[[135.59071,34.55047],[135.59068,34.55082],[135.5902,34.55082],[135.59044,34.55047],[135.59071,34.55047]],[[135.59353,34.53121],[135.59488,34.53306],[135.59434,34.53297],[135.59391,34.53213],[135.59291,34.53122],[135.59353,34.53121]],[[135.59508,34.54453],[135.59566,34.54453],[135.5951,34.54464],[135.59508,34.54453]],[[135.59644,34.53371],[135.59606,34.53349],[135.59679,34.53317],[135.59719,34.53327],[135.59706,34.5336],[135.59644,34.53371]],[[135.59217,34.43566],[135.59128,34.43534],[135.59111,34.43498],[135.59128,34.43477],[135.5922,34.43521],[135.59242,34.43543],[135.59217,34.43566]],[[135.59205,34.44389],[135.59169,34.44377],[135.59185,34.44355],[135.59239,34.4431],[135.59287,34.44304],[135.59287,34.44338],[135.59205,34.44389]],[[135.60304,34.4269],[135.60246,34.42905],[135.60055,34.43066],[135.5981,34.43149],[135.59701,34.43086],[135.59664,34.43004],[135.59668,34.42936],[135.59866,34.42726],[135.60002,34.42681],[135.60247,34.42659],[135.60304,34.4269]],[[135.60701,34.44439],[135.60804,34.44473],[135.60782,34.44546],[135.60565,34.44519],[135.60447,34.44471],[135.60445,34.44449],[135.60538,34.44435],[135.60701,34.44439]],[[135.3936,34.42371],[135.39304,34.42514],[135.3925,34.42519],[135.39178,34.42468],[135.3918,34.42356],[135.39252,34.42275],[135.39306,34.42263],[135.3936,34.42286],[135.3936,34.42371]],[[135.3955,34.4256],[135.39357,34.4272],[135.39303,34.42718],[135.39279,34.42694],[135.39304,34.42619],[135.39549,34.42528],[135.3955,34.4256]],[[135.39757,34.42336],[135.3975,34.42404],[135.39686,34.42455],[135.39631,34.42461],[135.39566,34.42425],[135.39633,34.42233],[135.39693,34.42245],[135.39757,34.42336]],[[135.39851,34.42077],[135.39869,34.42089],[135.39851,34.42116],[135.39801,34.42111],[135.39851,34.42077]],[[135.39881,34.43441],[135.39859,34.43441],[135.39869,34.43416],[135.39881,34.43441]],[[135.276,34.34015],[135.27603,34.34066],[135.27573,34.34067],[135.27539,34.34021],[135.27417,34.33975],[135.27414,34.33952],[135.2752,34.33913],[135.276,34.34015]],[[135.2941,34.35001],[135.29413,34.3494],[135.29452,34.34978],[135.29444,34.35001],[135.2941,34.35001]],[[135.29821,34.34981],[135.29765,34.35105],[135.29738,34.35116],[135.29694,34.35092],[135.29706,34.35025],[135.29766,34.34952],[135.29821,34.34981]],[[135.31149,34.3528],[135.31149,34.35282],[135.31142,34.35281],[135.31149,34.3528]],[[135.31249,34.36383],[135.31222,34.36378],[135.31203,34.36363],[135.31249,34.36355],[135.31249,34.36383]],[[135.31492,34.36703],[135.31546,34.36689],[135.31637,34.36614],[135.31682,34.36627],[135.31648,34.36726],[135.31499,34.36816],[135.31408,34.36921],[135.31299,34.36896],[135.31216,34.36814],[135.31211,34.36791],[135.31246,34.36774],[135.31327,34.36787],[135.31362,34.3677],[135.31406,34.36702],[135.31389,34.36635],[135.3141,34.36607],[135.31446,34.3668],[135.31492,34.36703]],[[135.31997,34.35286],[135.31883,34.35346],[135.31844,34.3533],[135.31864,34.35285],[135.31992,34.35212],[135.32011,34.35241],[135.31997,34.35286]],[[135.32397,34.36257],[135.32419,34.36248],[135.32446,34.36267],[135.32446,34.36305],[135.32413,34.36302],[135.32397,34.36257]],[[135.33188,34.35183],[135.33075,34.35292],[135.33003,34.35404],[135.32969,34.3542],[135.32921,34.35404],[135.32906,34.35313],[135.32972,34.35108],[135.32999,34.35094],[135.33107,34.35127],[135.33189,34.35061],[135.33222,34.35112],[135.33188,34.35183]],[[135.33321,34.36848],[135.33202,34.36888],[135.33152,34.36847],[135.33159,34.36802],[135.33258,34.36734],[135.33321,34.36848]],[[135.33397,34.35474],[135.333,34.35451],[135.33287,34.35428],[135.33323,34.35399],[135.33404,34.35392],[135.33428,34.35451],[135.33397,34.35474]],[[135.34148,34.37598],[135.34142,34.37574],[135.34148,34.37571],[135.34154,34.37574],[135.34148,34.37598]],[[135.34675,34.38636],[135.34601,34.38734],[135.34547,34.38731],[135.34466,34.38674],[135.34448,34.38612],[135.34493,34.38589],[135.34568,34.3859],[135.3463,34.38548],[135.34675,34.38636]],[[135.34743,34.37909],[135.34909,34.38006],[135.34878,34.38051],[135.34688,34.38009],[135.34654,34.3796],[135.34689,34.37917],[135.34743,34.37909]],[[135.35316,34.37445],[135.35072,34.37565],[135.34964,34.37559],[135.34924,34.3751],[135.34937,34.37455],[135.35019,34.37416],[135.35128,34.37421],[135.35318,34.3739],[135.35346,34.374],[135.35316,34.37445]],[[135.35431,34.37558],[135.35405,34.37716],[135.35438,34.37806],[135.35396,34.3787],[135.35151,34.3791],[135.3508,34.37872],[135.35064,34.37692],[135.35181,34.37582],[135.35399,34.37536],[135.35431,34.37558]],[[135.3544,34.39193],[135.35414,34.39136],[135.35441,34.39088],[135.35473,34.39136],[135.3544,34.39193]],[[135.35612,34.37717],[135.3556,34.37743],[135.35527,34.37717],[135.35528,34.37626],[135.35556,34.37604],[135.35615,34.37672],[135.35612,34.37717]],[[135.35752,34.3759],[135.35711,34.37537],[135.35725,34.375],[135.35785,34.3756],[135.35752,34.3759]],[[135.35838,34.40474],[135.3585,34.40513],[135.35811,34.40531],[135.35796,34.4049],[135.35838,34.40474]],[[135.36081,34.40751],[135.36081,34.40789],[135.36054,34.40785],[135.36081,34.40751]],[[135.3623,34.39025],[135.36365,34.39177],[135.3641,34.39276],[135.36392,34.39344],[135.36364,34.39358],[135.36201,34.39315],[135.36155,34.39275],[135.36172,34.39207],[135.36149,34.39117],[135.36176,34.39028],[135.3623,34.39025]],[[135.36542,34.3788],[135.36456,34.3789],[135.36402,34.37811],[135.3643,34.37797],[135.36552,34.37835],[135.36542,34.3788]],[[135.36883,34.37904],[135.36836,34.37904],[135.3681,34.37813],[135.36894,34.37836],[135.36883,34.37904]],[[135.40244,34.44301],[135.40239,34.44277],[135.40244,34.44255],[135.40265,34.44277],[135.40244,34.44301]],[[135.40491,34.40161],[135.40382,34.40155],[135.40355,34.40101],[135.40382,34.40077],[135.40491,34.40107],[135.40491,34.40161]],[[135.40632,34.43197],[135.40578,34.43215],[135.40534,34.43174],[135.4053,34.43129],[135.40579,34.43087],[135.40642,34.43107],[135.40632,34.43197]],[[135.40602,34.39824],[135.40602,34.39779],[135.40662,34.39816],[135.40656,34.39839],[135.40602,34.39824]],[[135.40808,34.41396],[135.40756,34.41327],[135.40782,34.41288],[135.40858,34.41372],[135.40835,34.414],[135.40808,34.41396]],[[135.41182,34.4239],[135.41291,34.42404],[135.413,34.42434],[135.41208,34.425],[135.41127,34.42504],[135.41096,34.42478],[135.41093,34.42365],[135.41128,34.42324],[135.41155,34.42333],[135.41182,34.4239]],[[135.4121,34.42277],[135.41179,34.42275],[135.41167,34.4223],[135.4121,34.42195],[135.41265,34.42188],[135.41269,34.42231],[135.4121,34.42277]],[[135.41371,34.43133],[135.41313,34.43129],[135.41286,34.43104],[135.41278,34.43065],[135.41313,34.43027],[135.41399,34.43065],[135.41398,34.4311],[135.41371,34.43133]],[[135.41685,34.44333],[135.41658,34.44333],[135.41656,34.44329],[135.41685,34.44314],[135.41685,34.44333]],[[135.41978,34.43023],[135.41891,34.43158],[135.41829,34.4318],[135.41728,34.43112],[135.41713,34.43067],[135.41776,34.43008],[135.41939,34.42998],[135.41978,34.43023]],[[135.42332,34.43092],[135.42264,34.43236],[135.4221,34.43256],[135.42116,34.43204],[135.42082,34.43136],[135.42211,34.43061],[135.42293,34.4304],[135.4232,34.43047],[135.42332,34.43092]],[[135.42603,34.43341],[135.42612,34.43454],[135.42589,34.4347],[135.42453,34.43482],[135.4237,34.4343],[135.42374,34.43385],[135.42427,34.43335],[135.42603,34.43341]],[[135.42789,34.42734],[135.42789,34.42779],[135.42702,34.42819],[135.42593,34.42809],[135.42548,34.42778],[135.42556,34.42733],[135.42594,34.42705],[135.42789,34.42734]],[[135.42818,34.42058],[135.42789,34.42045],[135.42782,34.4199],[135.42844,34.41946],[135.4289,34.4199],[135.42818,34.42058]],[[135.43144,34.46229],[135.43059,34.46334],[135.43,34.46296],[135.43047,34.46206],[135.43087,34.46178],[135.43144,34.46229]],[[135.43529,34.45272],[135.43494,34.45239],[135.43529,34.45202],[135.4359,34.45239],[135.43583,34.45267],[135.43529,34.45272]],[[135.43862,34.44745],[135.43804,34.44772],[135.4375,34.4475],[135.43716,34.44699],[135.43723,34.44666],[135.43751,34.44649],[135.43832,34.44663],[135.43866,34.447],[135.43862,34.44745]],[[135.44106,34.44457],[135.44133,34.44504],[135.44105,34.44505],[135.44086,34.44475],[135.44106,34.44457]],[[135.44465,34.42899],[135.44524,34.42861],[135.4454,34.42877],[135.44497,34.42931],[135.44465,34.42899]],[[135.44683,34.44252],[135.44671,34.44252],[135.44678,34.44228],[135.44683,34.44252]],[[135.44879,34.44073],[135.44867,34.4405],[135.44888,34.44051],[135.44879,34.44073]],[[135.45925,34.44908],[135.46034,34.45027],[135.46143,34.44982],[135.46224,34.45011],[135.4629,34.44936],[135.46333,34.44926],[135.46469,34.44978],[135.46578,34.4505],[135.46713,34.4509],[135.46768,34.45079],[135.46823,34.45022],[135.46871,34.45028],[135.46877,34.45062],[135.4682,34.45118],[135.46802,34.45276],[135.46875,34.45375],[135.46984,34.45364],[135.47035,34.4539],[135.47058,34.4548],[135.47142,34.45593],[135.46924,34.46065],[135.47059,34.46134],[135.47087,34.46271],[135.47332,34.46233],[135.47468,34.46283],[135.4755,34.46233],[135.47573,34.46158],[135.47605,34.46136],[135.47714,34.4613],[135.47786,34.46069],[135.47915,34.46025],[135.48014,34.45959],[135.48089,34.4607],[135.47962,34.46138],[135.47961,34.46205],[135.48039,34.46237],[135.48176,34.46216],[135.48381,34.46049],[135.48433,34.45914],[135.48423,34.45782],[135.4857,34.45622],[135.48564,34.45734],[135.48527,34.45802],[135.48517,34.46095],[135.48411,34.46185],[135.48368,34.46342],[135.48446,34.46419],[135.48582,34.46449],[135.48609,34.46477],[135.48619,34.46681],[135.48798,34.46723],[135.48835,34.4675],[135.48843,34.46863],[135.48885,34.46953],[135.48854,34.47043],[135.48899,34.47201],[135.49043,34.47314],[135.49121,34.47323],[135.49368,34.47093],[135.49408,34.47113],[135.49476,34.47219],[135.49584,34.47237],[135.49759,34.47317],[135.498,34.47385],[135.49883,34.4743],[135.49911,34.47611],[135.49963,34.47637],[135.50072,34.47635],[135.50178,34.47702],[135.50207,34.47792],[135.50383,34.48063],[135.50399,34.48131],[135.50463,34.48199],[135.50449,34.48231],[135.50353,34.48289],[135.50449,34.48366],[135.50562,34.4865],[135.50964,34.48633],[135.51046,34.48663],[135.51074,34.48652],[135.51101,34.48574],[135.51374,34.48456],[135.51456,34.48369],[135.51674,34.48314],[135.51717,34.48339],[135.51748,34.48475],[135.51836,34.48583],[135.51971,34.48623],[135.52055,34.48746],[135.5227,34.48773],[135.52378,34.49063],[135.52621,34.49264],[135.52599,34.49424],[135.52534,34.49492],[135.52525,34.49537],[135.52711,34.49876],[135.52617,34.49976],[135.52487,34.50033],[135.52343,34.50235],[135.52123,34.50482],[135.51933,34.50565],[135.51851,34.50658],[135.51687,34.50678],[135.5163,34.50773],[135.51578,34.50809],[135.51496,34.5079],[135.5136,34.50817],[135.51251,34.50734],[135.5117,34.5073],[135.51042,34.50838],[135.50951,34.50868],[135.50842,34.50984],[135.50733,34.50911],[135.50624,34.50905],[135.50516,34.50853],[135.50407,34.50841],[135.50271,34.50762],[135.50108,34.50748],[135.5007,34.50677],[135.50109,34.50591],[135.50027,34.50552],[135.49971,34.50473],[135.49899,34.50315],[135.49838,34.50264],[135.49797,34.50135],[135.49707,34.50089],[135.49721,34.50044],[135.49795,34.49977],[135.49702,34.49819],[135.49809,34.49661],[135.49788,34.49617],[135.49598,34.49579],[135.49434,34.49641],[135.49297,34.49732],[135.49215,34.49744],[135.49087,34.49658],[135.49081,34.49636],[135.49155,34.49568],[135.49141,34.49523],[135.48999,34.49449],[135.48945,34.49444],[135.48936,34.495],[135.49078,34.49636],[135.48916,34.49702],[135.48617,34.497],[135.48551,34.49769],[135.48561,34.49897],[135.48496,34.49904],[135.48468,34.49859],[135.48506,34.49769],[135.48454,34.49638],[135.4829,34.49718],[135.48236,34.49705],[135.48073,34.49525],[135.47856,34.49428],[135.47773,34.49315],[135.4764,34.49249],[135.47581,34.49179],[135.47578,34.49134],[135.47632,34.49066],[135.47831,34.49038],[135.47917,34.49],[135.47954,34.48955],[135.4786,34.48882],[135.47794,34.48639],[135.47426,34.48637],[135.47234,34.48767],[135.46934,34.4868],[135.46747,34.48414],[135.46665,34.48384],[135.46557,34.4828],[135.46394,34.48206],[135.46313,34.48116],[135.4615,34.48067],[135.46019,34.47932],[135.46022,34.47774],[135.46086,34.47685],[135.46111,34.47527],[135.46082,34.47459],[135.45964,34.47346],[135.45856,34.47311],[135.45665,34.4732],[135.45529,34.47288],[135.4542,34.47318],[135.4523,34.47285],[135.45167,34.47252],[135.45076,34.47139],[135.44986,34.47085],[135.44932,34.47022],[135.44802,34.47003],[135.44742,34.46962],[135.4466,34.47026],[135.44578,34.4705],[135.4447,34.47],[135.44388,34.47007],[135.44334,34.46986],[135.44288,34.46865],[135.44295,34.4682],[135.44528,34.46686],[135.44499,34.4666],[135.4439,34.46675],[135.44281,34.46657],[135.44244,34.46617],[135.4422,34.46504],[135.44246,34.46392],[135.44221,34.46234],[135.44292,34.46189],[135.44313,34.46144],[135.44231,34.46087],[135.44168,34.45986],[135.44178,34.45902],[135.44238,34.45851],[135.44251,34.45738],[135.44097,34.45399],[135.441,34.45348],[135.44241,34.45265],[135.44235,34.45175],[135.44346,34.45063],[135.44375,34.45085],[135.44337,34.4522],[135.44427,34.45296],[135.44481,34.4531],[135.44563,34.45229],[135.44781,34.45137],[135.44891,34.45044],[135.45109,34.44951],[135.45218,34.44947],[135.45326,34.44998],[135.4549,34.44898],[135.45654,34.44885],[135.4579,34.44836],[135.45925,34.44908]],[[135.47021,34.43789],[135.47184,34.43993],[135.47193,34.44038],[135.47155,34.44066],[135.47074,34.44064],[135.47038,34.44038],[135.46903,34.43812],[135.46885,34.43682],[135.46994,34.43715],[135.47021,34.43789]],[[135.47344,34.44309],[135.47353,34.44467],[135.47288,34.44487],[135.47215,34.44309],[135.4723,34.44286],[135.47302,34.44287],[135.47344,34.44309]],[[135.47321,34.43693],[135.47428,34.43912],[135.47514,34.43927],[135.47522,34.43972],[135.47482,34.44026],[135.47373,34.44018],[135.47303,34.43971],[135.473,34.43881],[135.47253,34.43745],[135.47266,34.43689],[135.47294,34.43677],[135.47321,34.43693]],[[135.47597,34.43019],[135.47735,34.43139],[135.47705,34.43155],[135.47639,34.43139],[135.47569,34.43085],[135.47543,34.43025],[135.4757,34.43005],[135.47597,34.43019]],[[135.48983,34.44654],[135.4886,34.44789],[135.4881,34.4479],[135.48773,34.44766],[135.48776,34.44721],[135.48843,34.44654],[135.4892,34.44611],[135.48974,34.4461],[135.48983,34.44654]],[[135.49133,34.463],[135.49191,34.46458],[135.49154,34.46494],[135.4912,34.46481],[135.49062,34.46277],[135.49133,34.463]],[[135.49337,34.46211],[135.49291,34.46219],[135.49264,34.46191],[135.49227,34.4612],[135.49238,34.46084],[135.49292,34.46113],[135.49337,34.46211]],[[135.49757,34.45754],[135.4972,34.45694],[135.4973,34.45654],[135.49757,34.45658],[135.49784,34.45739],[135.49757,34.45754]],[[135.504,34.47436],[135.50344,34.47387],[135.50328,34.47342],[135.50346,34.47316],[135.50411,34.47387],[135.504,34.47436]],[[135.50566,34.46918],[135.50547,34.46892],[135.50566,34.46874],[135.50589,34.46892],[135.50566,34.46918]],[[135.51207,34.45452],[135.51275,34.4561],[135.51257,34.45633],[135.51118,34.45636],[135.50984,34.45564],[135.50982,34.45474],[135.51065,34.45365],[135.51201,34.45385],[135.51225,34.45407],[135.51207,34.45452]],[[135.51729,34.45725],[135.51634,34.45744],[135.51618,34.45702],[135.51635,34.45655],[135.51724,34.4568],[135.51744,34.45702],[135.51729,34.45725]],[[135.52861,34.50092],[135.52807,34.50101],[135.52776,34.50056],[135.52794,34.50011],[135.52835,34.49987],[135.52887,34.50012],[135.52861,34.50092]],[[135.53061,34.51027],[135.53046,34.51061],[135.53019,34.51058],[135.53039,34.51026],[135.53061,34.51027]],[[135.53225,34.50283],[135.53105,34.50317],[135.53077,34.50283],[135.53105,34.50256],[135.53223,34.50261],[135.53225,34.50283]],[[135.5319,34.49706],[135.5317,34.49675],[135.53245,34.49611],[135.53272,34.49613],[135.53254,34.49697],[135.5319,34.49706]],[[135.53299,34.50757],[135.53211,34.50905],[135.53129,34.50902],[135.53109,34.50869],[135.53126,34.50824],[135.53292,34.50622],[135.53321,34.5062],[135.53299,34.50757]],[[135.54221,34.50352],[135.54133,34.50332],[135.54118,34.50309],[135.5414,34.50289],[135.54222,34.5031],[135.54221,34.50352]],[[135.53756,34.4287],[135.53744,34.43092],[135.53689,34.43098],[135.53626,34.4296],[135.5363,34.42892],[135.53664,34.42859],[135.53718,34.42851],[135.53756,34.4287]],[[135.54086,34.45199],[135.54059,34.45229],[135.54004,34.45224],[135.53946,34.45192],[135.53938,34.45147],[135.54032,34.45146],[135.54086,34.45199]],[[135.5475,34.47765],[135.54753,34.47719],[135.54816,34.47765],[135.54779,34.47784],[135.5475,34.47765]],[[135.5494,34.43821],[135.54937,34.43825],[135.54934,34.43821],[135.5494,34.43821]],[[135.57636,34.38782],[135.57383,34.38888],[135.5732,34.38849],[135.57411,34.38756],[135.57601,34.38697],[135.57659,34.38715],[135.57636,34.38782]],[[135.2612,34.32908],[135.26088,34.32913],[135.26045,34.32885],[135.26023,34.32794],[135.26062,34.328],[135.26126,34.32885],[135.2612,34.32908]],[[135.16471,34.31133],[135.16543,34.31115],[135.16562,34.31133],[135.16516,34.31162],[135.16477,34.31155],[135.16471,34.31133]],[[135.16788,34.31065],[135.16706,34.31044],[135.16709,34.30999],[135.16762,34.30958],[135.16806,34.30977],[135.16832,34.31023],[135.16788,34.31065]],[[135.10521,34.31451],[135.10492,34.31429],[135.1051,34.31421],[135.10521,34.31451]],[[135.07934,34.28552],[135.07852,34.28557],[135.07821,34.28524],[135.07853,34.28489],[135.07921,34.2848],[135.07966,34.28525],[135.07934,34.28552]],[[135.08176,34.29045],[135.08145,34.29079],[135.0801,34.2905],[135.07984,34.29021],[135.0801,34.28993],[135.08092,34.28991],[135.08176,34.29045]],[[135.09015,34.29003],[135.08994,34.28983],[135.09016,34.28944],[135.09097,34.28951],[135.09097,34.28985],[135.09015,34.29003]],[[135.09276,34.27458],[135.09291,34.27476],[135.09276,34.27498],[135.09236,34.27475],[135.09276,34.27458]],[[135.0971,34.27469],[135.0999,34.27616],[135.10114,34.27782],[135.10357,34.27882],[135.10436,34.28115],[135.10409,34.28166],[135.10327,34.28186],[135.10083,34.28166],[135.09866,34.28116],[135.09824,34.28088],[135.0971,34.27884],[135.09538,34.27658],[135.0971,34.27469]],[[135.11915,34.26751],[135.1189,34.26756],[135.11887,34.26751],[135.1189,34.26746],[135.11915,34.26751]],[[135.1192,34.26774],[135.11909,34.26773],[135.11917,34.26752],[135.1192,34.26774]],[[135.12513,34.26891],[135.12515,34.26823],[135.12541,34.26786],[135.12568,34.26785],[135.12573,34.26868],[135.1254,34.26903],[135.12513,34.26891]],[[135.12737,34.26554],[135.12788,34.26532],[135.12825,34.26555],[135.12787,34.26586],[135.12737,34.26554]],[[135.13076,34.30195],[135.1303,34.30185],[135.13011,34.3014],[135.1305,34.30104],[135.13104,34.30095],[135.1315,34.30141],[135.1313,34.30173],[135.13076,34.30195]],[[135.13455,34.27674],[135.13544,34.27822],[135.13549,34.27957],[135.13451,34.28053],[135.13385,34.28024],[135.13331,34.27956],[135.13305,34.27865],[135.13309,34.2773],[135.13346,34.27669],[135.13401,34.2765],[135.13455,34.27674]],[[135.15369,34.26275],[135.15369,34.26287],[135.15365,34.26279],[135.15369,34.26275]],[[135.17011,34.27779],[135.17019,34.27981],[135.16981,34.2801],[135.16845,34.2801],[135.16806,34.2798],[135.16956,34.27769],[135.17011,34.27779]],[[135.17129,34.26763],[135.17318,34.26889],[135.17426,34.26912],[135.17535,34.26905],[135.17671,34.26852],[135.17725,34.26858],[135.17723,34.27121],[135.17668,34.27139],[135.17424,34.27138],[135.17316,34.27106],[135.17125,34.26877],[135.17088,34.26764],[135.17129,34.26763]],[[135.17455,34.26734],[135.17453,34.26699],[135.17483,34.26678],[135.1751,34.26722],[135.17482,34.26747],[135.17455,34.26734]],[[135.18393,34.26706],[135.18324,34.26717],[135.18279,34.26682],[135.18407,34.26598],[135.18452,34.26638],[135.18393,34.26706]],[[135.18678,34.27587],[135.18667,34.27812],[135.18497,34.28014],[135.18437,34.28126],[135.182,34.28264],[135.1801,34.28291],[135.17966,34.2828],[135.17894,34.28122],[135.17895,34.28055],[135.17925,34.2801],[135.1804,34.2797],[135.18101,34.27898],[135.18232,34.27828],[135.18506,34.27582],[135.18642,34.27548],[135.18678,34.27587]],[[135.19379,34.27929],[135.19316,34.27998],[135.19247,34.27996],[135.19261,34.27861],[135.19318,34.2779],[135.19352,34.27816],[135.19379,34.27929]],[[135.19675,34.28157],[135.19692,34.28112],[135.1975,34.28101],[135.19749,34.28161],[135.19675,34.28157]],[[135.2198,34.27707],[135.21953,34.27653],[135.22008,34.27628],[135.22059,34.27699],[135.2198,34.27707]],[[135.23052,34.27457],[135.23041,34.27463],[135.23041,34.27442],[135.23052,34.27457]],[[135.23738,34.28433],[135.23674,34.28362],[135.23712,34.28339],[135.23748,34.28385],[135.23738,34.28433]],[[135.19592,34.3059],[135.19618,34.30543],[135.19672,34.30545],[135.19645,34.30597],[135.19592,34.3059]],[[135.23714,34.33344],[135.23938,34.33351],[135.2397,34.33368],[135.24053,34.33549],[135.24139,34.33662],[135.2407,34.33766],[135.23908,34.33709],[135.23648,34.33546],[135.23475,34.33487],[135.23531,34.33289],[135.23558,34.33279],[135.23714,34.33344]],[[135.24598,34.32468],[135.2495,34.32599],[135.25007,34.32653],[135.25067,34.32789],[135.25066,34.32879],[135.2502,34.32991],[135.24932,34.33103],[135.25002,34.33194],[135.24999,34.33227],[135.24945,34.33226],[135.24864,34.3316],[135.24665,34.33169],[135.2457,34.33011],[135.24426,34.32852],[135.24416,34.32604],[135.24354,34.32463],[135.24408,34.3244],[135.24598,34.32468]],[[135.24768,34.31686],[135.25175,34.31759],[135.25335,34.31844],[135.25339,34.31934],[135.25254,34.32055],[135.25199,34.32069],[135.25091,34.3203],[135.24916,34.31864],[135.24725,34.31727],[135.24768,34.31686]],[[135.25564,34.33581],[135.25594,34.33546],[135.25621,34.33544],[135.2562,34.33605],[135.25593,34.33617],[135.25564,34.33581]],[[135.26469,34.27974],[135.26478,34.28177],[135.26428,34.28205],[135.26374,34.28183],[135.26335,34.28131],[135.26292,34.27928],[135.26431,34.27925],[135.26469,34.27974]],[[135.34026,34.28882],[135.33999,34.28828],[135.34054,34.28804],[135.34088,34.28874],[135.3408,34.28891],[135.34026,34.28882]],[[135.37843,34.28285],[135.37805,34.28298],[135.37805,34.28275],[135.37843,34.28285]],[[135.37865,34.28127],[135.37823,34.28082],[135.37861,34.28052],[135.37888,34.28062],[135.37915,34.28127],[135.37865,34.28127]],[[135.43462,34.29574],[135.43443,34.29781],[135.43415,34.29776],[135.43361,34.29596],[135.4339,34.29549],[135.43462,34.29574]],[[135.58684,34.37884],[135.58801,34.3808],[135.58942,34.38201],[135.58945,34.38358],[135.58908,34.38396],[135.58745,34.38332],[135.58528,34.38312],[135.58478,34.38131],[135.58395,34.37973],[135.58436,34.37928],[135.58639,34.37856],[135.58684,34.37884]],[[135.63006,34.3392],[135.63012,34.33954],[135.63005,34.33962],[135.62976,34.33931],[135.63006,34.3392]],[[135.61787,34.51026],[135.61878,34.5135],[135.61867,34.51405],[135.61775,34.51079],[135.61787,34.51026]],[[135.62614,34.48745],[135.62579,34.48738],[135.62551,34.48693],[135.62559,34.48665],[135.62614,34.48641],[135.62645,34.48648],[135.62668,34.48693],[135.62614,34.48745]],[[135.62662,34.50067],[135.6269,34.50015],[135.62717,34.50016],[135.62713,34.50068],[135.62689,34.50082],[135.62662,34.50067]],[[135.62993,34.49208],[135.6299,34.49235],[135.62945,34.49235],[135.62965,34.49197],[135.62993,34.49208]],[[135.64413,34.49825],[135.64491,34.49938],[135.6435,34.49986],[135.64269,34.49975],[135.64167,34.4987],[135.64184,34.49825],[135.64215,34.49814],[135.64413,34.49825]],[[135.65199,34.54448],[135.65258,34.54404],[135.65298,34.54426],[135.65257,34.54461],[135.65199,34.54448]],[[135.67297,34.50645],[135.67367,34.5069],[135.67453,34.50893],[135.67586,34.50927],[135.67631,34.50961],[135.67586,34.51037],[135.6745,34.51098],[135.67387,34.51073],[135.6726,34.50781],[135.67151,34.50752],[135.67042,34.50764],[135.66997,34.50734],[135.67098,34.50602],[135.67297,34.50645]],[[135.6824,34.5085],[135.68213,34.50904],[135.68131,34.50955],[135.68101,34.5094],[135.68051,34.50804],[135.68077,34.50777],[135.68131,34.5078],[135.68213,34.50815],[135.6824,34.5085]],[[135.69172,34.50086],[135.69133,34.50199],[135.6907,34.50289],[135.6895,34.5038],[135.68868,34.50389],[135.68865,34.50356],[135.68953,34.50243],[135.69004,34.50086],[135.69142,34.49922],[135.69176,34.49951],[135.69172,34.50086]],[[135.69752,34.46842],[135.6937,34.47],[135.69289,34.46984],[135.69189,34.46908],[135.69235,34.46878],[135.69507,34.46851],[135.69725,34.46767],[135.6978,34.46797],[135.69752,34.46842]],[[135.70034,34.50336],[135.70039,34.50375],[135.70011,34.50378],[135.69993,34.50336],[135.70034,34.50336]],[[135.70755,34.48941],[135.70779,34.48875],[135.70826,34.48873],[135.70835,34.48918],[135.70814,34.48941],[135.70755,34.48941]],[[135.71023,34.49199],[135.70968,34.49212],[135.70926,34.49189],[135.70969,34.4907],[135.71023,34.49113],[135.71023,34.49199]],[[135.71677,34.4103],[135.71762,34.41167],[135.71732,34.41212],[135.71513,34.4121],[135.71359,34.41144],[135.71349,34.41121],[135.71405,34.41039],[135.71486,34.4099],[135.71595,34.40994],[135.71677,34.4103]],[[135.71977,34.40243],[135.7195,34.40492],[135.71861,34.40311],[135.71873,34.40243],[135.71924,34.4021],[135.7197,34.40221],[135.71977,34.40243]],[[135.72113,34.40623],[135.72276,34.40708],[135.72283,34.40762],[135.72248,34.40802],[135.72194,34.40801],[135.72014,34.40694],[135.71977,34.40516],[135.72113,34.40623]],[[135.72471,34.3923],[135.72416,34.39354],[135.72362,34.39373],[135.72327,34.39343],[135.72313,34.39275],[135.72382,34.39208],[135.72444,34.39201],[135.72471,34.3923]],[[135.72749,34.3752],[135.72823,34.37631],[135.72775,34.37652],[135.7259,34.37585],[135.72573,34.37563],[135.72606,34.37518],[135.72667,34.37507],[135.72749,34.3752]],[[135.73325,34.35816],[135.73471,34.36032],[135.7346,34.3604],[135.73143,34.35783],[135.73152,34.35761],[135.73243,34.35773],[135.73325,34.35816]],[[135.73248,34.34184],[135.7324,34.34161],[135.73249,34.34153],[135.73255,34.34161],[135.73248,34.34184]],[[135.56193,34.53377],[135.56223,34.53405],[135.56223,34.5345],[135.56165,34.53521],[135.56001,34.53519],[135.55926,34.53471],[135.55968,34.53359],[135.56002,34.5334],[135.56193,34.53377]],[[135.56531,34.54984],[135.56429,34.54977],[135.5643,34.54904],[135.56539,34.54921],[135.56555,34.54961],[135.56531,34.54984]],[[135.56554,34.55141],[135.56552,34.55096],[135.56565,34.5508],[135.56594,34.55096],[135.56592,34.55172],[135.56554,34.55141]],[[135.57723,34.54424],[135.57767,34.54381],[135.578,34.54379],[135.57767,34.5445],[135.5774,34.54459],[135.57723,34.54424]],[[135.58349,34.55238],[135.5839,34.55194],[135.58421,34.55238],[135.58389,34.55256],[135.58349,34.55238]],[[135.3942,34.43394],[135.39379,34.43404],[135.39348,34.43371],[135.39435,34.43269],[135.39464,34.43281],[135.3942,34.43394]],[[135.39815,34.43327],[135.39734,34.43323],[135.39709,34.43282],[135.39726,34.4326],[135.39843,34.43246],[135.39865,34.43283],[135.39815,34.43327]],[[135.33052,34.35855],[135.33046,34.36125],[135.33084,34.36238],[135.33016,34.36328],[135.32962,34.36339],[135.32939,34.36305],[135.32952,34.36035],[135.32987,34.35877],[135.3302,34.35831],[135.33052,34.35855]],[[135.34959,34.38092],[135.35149,34.38244],[135.35148,34.38314],[135.35012,34.3837],[135.34903,34.38366],[135.34853,34.38321],[135.34925,34.38232],[135.34897,34.38141],[135.34905,34.38075],[135.34959,34.38092]],[[135.35385,34.39295],[135.35357,34.39248],[135.35413,34.39197],[135.3544,34.39249],[135.35385,34.39295]],[[135.35577,34.37942],[135.35561,34.3792],[135.35586,34.37877],[135.35651,34.37875],[135.35666,34.37898],[135.3564,34.3794],[135.35577,34.37942]],[[135.40494,34.44368],[135.40474,34.44526],[135.40432,34.44554],[135.40378,34.4455],[135.4035,34.44503],[135.40412,34.4439],[135.40406,34.44255],[135.40434,34.44234],[135.40464,34.44255],[135.40494,34.44368]],[[135.40576,34.43873],[135.40541,34.43827],[135.40628,34.43744],[135.40653,34.4376],[135.40632,34.43828],[135.40576,34.43873]],[[135.4056,34.41979],[135.40574,34.41934],[135.40614,34.41936],[135.40614,34.41995],[135.40586,34.42008],[135.4056,34.41979]],[[135.40898,34.43266],[135.40795,34.43303],[135.40743,34.43287],[135.40736,34.43265],[135.40768,34.43211],[135.40823,34.43204],[135.40893,34.4322],[135.40898,34.43266]],[[135.40851,34.43048],[135.40877,34.43063],[135.40863,34.43085],[135.40813,34.43085],[135.40798,34.43062],[135.40851,34.43048]],[[135.41268,34.42659],[135.41218,34.42726],[135.41152,34.42752],[135.41071,34.42733],[135.41034,34.4268],[135.41047,34.42635],[135.41126,34.42603],[135.41235,34.4261],[135.41268,34.42659]],[[135.41741,34.44159],[135.41686,34.44148],[135.41684,34.44103],[135.4178,34.44081],[135.41796,34.4411],[135.41741,34.44159]],[[135.42345,34.43588],[135.42292,34.43746],[135.4226,34.43765],[135.42206,34.43745],[135.42162,34.43677],[135.42289,34.43555],[135.42345,34.43588]],[[135.42473,34.44783],[135.42498,34.44762],[135.42524,34.44783],[135.42498,34.44853],[135.42473,34.44783]],[[135.4353,34.45847],[135.4358,34.4582],[135.43592,34.45848],[135.43552,34.45871],[135.4353,34.45847]],[[135.43706,34.45037],[135.43735,34.4506],[135.43693,34.45089],[135.43684,34.45059],[135.43706,34.45037]],[[135.43827,34.45425],[135.43745,34.4542],[135.43743,34.45375],[135.43855,34.45368],[135.43863,34.45398],[135.43827,34.45425]],[[135.44088,34.47144],[135.44088,34.47088],[135.44143,34.47057],[135.44189,34.47068],[135.44144,34.47135],[135.44088,34.47144]],[[135.44593,34.48983],[135.44565,34.4898],[135.44536,34.48917],[135.44565,34.48872],[135.44593,34.48868],[135.44627,34.48895],[135.44593,34.48983]],[[135.44971,34.49426],[135.4497,34.49393],[135.44998,34.4938],[135.45044,34.49415],[135.45025,34.49448],[135.44971,34.49426]],[[135.45814,34.49597],[135.45663,34.49779],[135.45636,34.49891],[135.4566,34.50027],[135.4564,34.50117],[135.45663,34.50162],[135.45701,34.50172],[135.45805,34.50095],[135.45838,34.50027],[135.45868,34.50028],[135.45873,34.50073],[135.45824,34.5014],[135.45792,34.50253],[135.45864,34.50343],[135.45808,34.50381],[135.45727,34.50364],[135.45536,34.50397],[135.45482,34.50364],[135.45429,34.50228],[135.45455,34.49981],[135.45391,34.4989],[135.45509,34.49846],[135.45594,34.49666],[135.45745,34.49554],[135.45815,34.49445],[135.45849,34.49487],[135.45814,34.49597]],[[135.46187,34.48316],[135.46207,34.48519],[135.46188,34.48654],[135.4626,34.49015],[135.46225,34.49069],[135.46171,34.49047],[135.4609,34.48969],[135.46028,34.48789],[135.45871,34.48585],[135.45966,34.4836],[135.4604,34.48285],[135.46094,34.48264],[135.46156,34.48271],[135.46187,34.48316]],[[135.47282,34.49879],[135.47175,34.49853],[135.47189,34.49831],[135.47281,34.49853],[135.47282,34.49879]],[[135.47667,34.50216],[135.4759,34.50328],[135.47551,34.50319],[135.47578,34.50215],[135.47634,34.50188],[135.47667,34.50216]],[[135.47734,34.51639],[135.47714,34.51591],[135.47734,34.51562],[135.47814,34.51614],[135.47788,34.5164],[135.47734,34.51639]],[[135.47905,34.50014],[135.47907,34.49963],[135.47977,34.49969],[135.47961,34.50027],[135.47905,34.50014]],[[135.48239,34.50579],[135.48218,34.50534],[135.48231,34.50462],[135.48284,34.50556],[135.48239,34.50579]],[[135.4836,34.50737],[135.48393,34.50715],[135.48438,34.5076],[135.48392,34.50781],[135.4836,34.50737]],[[135.48722,34.50276],[135.48623,34.5022],[135.48622,34.50175],[135.48668,34.50178],[135.4873,34.5022],[135.48748,34.50265],[135.48722,34.50276]],[[135.49548,34.5081],[135.49536,34.50825],[135.49529,34.5081],[135.49548,34.5081]],[[135.51304,34.51136],[135.51264,34.51132],[135.51248,34.51087],[135.51304,34.51059],[135.51368,34.51065],[135.51383,34.51088],[135.51304,34.51136]],[[135.51582,34.51967],[135.51489,34.51936],[135.51488,34.51899],[135.51517,34.51872],[135.51572,34.51868],[135.51608,34.519],[135.51615,34.51945],[135.51582,34.51967]],[[135.52014,34.50726],[135.52014,34.50732],[135.51988,34.50729],[135.52014,34.50726]],[[135.52531,34.50703],[135.5245,34.50694],[135.52424,34.50641],[135.5245,34.50621],[135.52586,34.50609],[135.52589,34.50642],[135.52531,34.50703]],[[135.47588,34.44387],[135.47593,34.44333],[135.4767,34.44305],[135.47655,34.44378],[135.47616,34.44398],[135.47588,34.44387]],[[135.52914,34.50375],[135.52887,34.5038],[135.52865,34.50372],[135.52887,34.50356],[135.52914,34.50375]],[[135.17205,34.2735],[135.17097,34.27309],[135.17078,34.2726],[135.17124,34.27249],[135.17178,34.27282],[135.17223,34.27329],[135.17205,34.2735]],[[135.1749,34.28435],[135.17547,34.28526],[135.17736,34.2856],[135.1774,34.28595],[135.17681,34.2867],[135.176,34.28628],[135.17491,34.28641],[135.17436,34.28615],[135.17361,34.28457],[135.17363,34.28367],[135.17412,34.28343],[135.17505,34.28368],[135.1749,34.28435]],[[135.22114,34.27892],[135.22323,34.28286],[135.22405,34.28377],[135.22565,34.28468],[135.22563,34.28513],[135.22488,34.2852],[135.22326,34.28481],[135.2219,34.28477],[135.22054,34.28479],[135.21864,34.28524],[135.21809,34.28508],[135.21796,34.28328],[135.21893,34.27991],[135.21979,34.27805],[135.22033,34.27812],[135.22114,34.27892]],[[135.23638,34.33749],[135.23633,34.33749],[135.23636,34.33743],[135.23638,34.33749]],[[135.24545,34.33755],[135.24478,34.33729],[135.24479,34.33661],[135.24506,34.33657],[135.2456,34.337],[135.24572,34.33732],[135.24545,34.33755]],[[135.37827,34.28886],[135.37825,34.28781],[135.37855,34.28768],[135.37879,34.28803],[135.37827,34.28886]],[[135.62581,34.49907],[135.62554,34.4992],[135.62545,34.4991],[135.62581,34.49907]],[[135.64366,34.50253],[135.64343,34.50253],[135.64349,34.50228],[135.64366,34.50253]],[[135.67342,34.51366],[135.67257,34.51471],[135.67094,34.51561],[135.66413,34.51604],[135.66324,34.51566],[135.66359,34.51537],[135.66686,34.5146],[135.66931,34.51317],[135.67313,34.51222],[135.67351,34.51253],[135.67342,34.51366]],[[135.68944,34.50919],[135.69003,34.5092],[135.68948,34.50934],[135.68944,34.50919]],[[135.69634,34.49466],[135.69617,34.49434],[135.69649,34.49411],[135.69715,34.49434],[135.69688,34.49477],[135.69634,34.49466]],[[135.56346,34.55235],[135.56346,34.55268],[135.56292,34.55282],[135.56183,34.55274],[135.56154,34.5523],[135.56183,34.55176],[135.56346,34.55235]],[[135.35139,34.3948],[135.35085,34.39501],[135.35041,34.39449],[135.35085,34.39381],[135.3514,34.39359],[135.35173,34.39405],[135.35139,34.3948]],[[135.41226,34.43903],[135.41236,34.43943],[135.41198,34.43946],[135.41187,34.43921],[135.41226,34.43903]],[[135.42186,34.44692],[135.42145,34.44704],[135.42099,34.44669],[135.42118,34.44623],[135.422,34.44591],[135.42232,34.44624],[135.42186,34.44692]],[[135.42393,34.443],[135.4231,34.44427],[135.42283,34.44445],[135.42229,34.44429],[135.42213,34.44376],[135.42285,34.44216],[135.42383,34.44264],[135.42393,34.443]],[[135.43597,34.47339],[135.43542,34.47345],[135.43529,34.47312],[135.4357,34.47284],[135.43651,34.47288],[135.43597,34.47339]],[[135.45885,34.51237],[135.45856,34.51177],[135.45858,34.51151],[135.45885,34.51164],[135.45885,34.51237]],[[135.46139,34.4973],[135.46301,34.49959],[135.46328,34.4997],[135.46356,34.49937],[135.46383,34.49945],[135.46402,34.50007],[135.46382,34.50081],[135.46273,34.5013],[135.46218,34.50119],[135.46161,34.50051],[135.46112,34.49743],[135.46139,34.4973]],[[135.48066,34.50648],[135.47985,34.50643],[135.47948,34.506],[135.47958,34.50571],[135.48067,34.50581],[135.48091,34.50623],[135.48066,34.50648]],[[135.52923,34.51139],[135.52902,34.51161],[135.5291,34.51132],[135.52923,34.51139]],[[135.42513,34.46668],[135.42603,34.46722],[135.42663,34.46813],[135.42636,34.46857],[135.42538,34.46911],[135.42403,34.46821],[135.42285,34.46676],[135.42287,34.46653],[135.42322,34.46639],[135.42513,34.46668]],[[135.46378,34.50702],[135.46301,34.50954],[135.46336,34.51044],[135.46321,34.51073],[135.46267,34.51088],[135.46213,34.51043],[135.4623,34.50953],[135.46168,34.50863],[135.46241,34.50796],[135.46258,34.50705],[135.46295,34.50683],[135.46351,34.50681],[135.46378,34.50702]],[[135.4638,34.50363],[135.4649,34.50481],[135.46442,34.50571],[135.46379,34.50578],[135.46353,34.50366],[135.4638,34.50363]],[[135.46406,34.51179],[135.46433,34.51247],[135.46374,34.51314],[135.46293,34.51322],[135.46129,34.51269],[135.46075,34.51306],[135.46065,34.51291],[135.46184,34.5121],[135.46239,34.51118],[135.46321,34.51117],[135.46406,34.51179]]],[[[135.43562,34.48575],[135.43578,34.4853],[135.43534,34.485],[135.43506,34.48552],[135.43562,34.48575]]],[[[135.51331,34.53499],[135.51036,34.53633],[135.50975,34.53768],[135.50988,34.53819],[135.5107,34.53809],[135.51131,34.53746],[135.5118,34.53609],[135.51316,34.53588],[135.51437,34.53477],[135.51435,34.53432],[135.51399,34.53415],[135.51372,34.53426],[135.51331,34.53499]]],[[[135.49297,34.54246],[135.49229,34.54279],[135.49224,34.54324],[135.49321,34.54437],[135.49348,34.54528],[135.49396,34.54573],[135.49459,34.54565],[135.49568,34.54493],[135.49813,34.54565],[135.49894,34.54554],[135.49951,34.54508],[135.5,34.54327],[135.49842,34.54234],[135.4976,34.54218],[135.49624,34.54274],[135.49488,34.54213],[135.49297,34.54246]]],[[[135.4983,34.54665],[135.49848,34.54665],[135.49839,34.54641],[135.4983,34.54665]]],[[[135.44249,34.55835],[135.44221,34.558],[135.44165,34.55812],[135.44156,34.55835],[135.4422,34.5586],[135.44249,34.55835]]],[[[135.45309,34.57553],[135.45245,34.57509],[135.4519,34.57507],[135.45244,34.57561],[135.45309,34.57553]]],[[[135.45138,34.57845],[135.45123,34.5798],[135.45038,34.5825],[135.45059,34.58318],[135.45103,34.58351],[135.45321,34.58271],[135.45485,34.58254],[135.45547,34.58208],[135.45513,34.58164],[135.45377,34.58124],[135.45316,34.58049],[135.45265,34.57936],[135.45306,34.57846],[135.45243,34.57721],[135.45189,34.57725],[135.45138,34.57845]]],[[[135.55947,34.58567],[135.55975,34.58543],[135.55953,34.58497],[135.55894,34.58463],[135.55839,34.58464],[135.55858,34.5852],[135.55947,34.58567]]],[[[135.55317,34.58721],[135.55327,34.58721],[135.5532,34.58718],[135.55317,34.58721]]],[[[135.45619,34.5853],[135.45019,34.58676],[135.44969,34.58723],[135.45045,34.58824],[135.45262,34.58985],[135.45508,34.58933],[135.45629,34.58884],[135.45615,34.58771],[135.45698,34.58591],[135.45674,34.58547],[135.45619,34.5853]]],[[[135.52344,34.5943],[135.52427,34.59491],[135.52512,34.59499],[135.52483,34.59341],[135.52346,34.59283],[135.52321,34.59295],[135.5235,34.59363],[135.52344,34.5943]]],[[[135.55753,34.59781],[135.55739,34.59826],[135.55804,34.59891],[135.55941,34.59863],[135.56059,34.5976],[135.56047,34.59737],[135.55969,34.59729],[135.55753,34.59781]]],[[[135.43545,34.58961],[135.43513,34.5901],[135.43566,34.59078],[135.4338,34.59234],[135.4328,34.59617],[135.43241,34.59669],[135.43131,34.59707],[135.43073,34.59751],[135.43041,34.59819],[135.43067,34.59887],[135.43157,34.59933],[135.43294,34.59928],[135.43338,34.60023],[135.43429,34.60045],[135.44194,34.5982],[135.44439,34.59769],[135.44548,34.59848],[135.44645,34.60097],[135.44634,34.60164],[135.44579,34.60209],[135.43999,34.60376],[135.43738,34.60476],[135.43724,34.60521],[135.43762,34.60634],[135.43767,34.60814],[135.43805,34.60863],[135.44405,34.60872],[135.44596,34.60842],[135.44657,34.60795],[135.44677,34.6066],[135.44734,34.6061],[135.45498,34.60487],[135.46344,34.60266],[135.46405,34.6024],[135.46447,34.6015],[135.46529,34.60083],[135.46581,34.59857],[135.46538,34.59797],[135.46446,34.59744],[135.46455,34.59699],[135.46541,34.59587],[135.46513,34.59542],[135.46399,34.59473],[135.46427,34.59338],[135.46269,34.59273],[135.46187,34.59211],[135.46133,34.59207],[135.46072,34.59292],[135.46049,34.59449],[135.45996,34.59449],[135.45979,34.59088],[135.45916,34.59022],[135.45861,34.59018],[135.45179,34.59182],[135.44635,34.5899],[135.44472,34.58959],[135.44417,34.58958],[135.44308,34.5903],[135.43764,34.58877],[135.43545,34.58961]],[[135.45416,34.59649],[135.45566,34.59988],[135.4556,34.60033],[135.455,34.60062],[135.45419,34.60035],[135.45246,34.59874],[135.45167,34.59716],[135.45191,34.59648],[135.45258,34.59599],[135.45367,34.596],[135.45416,34.59649]],[[135.46114,34.59878],[135.46147,34.59878],[135.46128,34.59893],[135.46114,34.59878]]],[[[135.46236,34.61636],[135.46215,34.61681],[135.46239,34.61794],[135.46279,34.61829],[135.46334,34.61824],[135.4642,34.6175],[135.46455,34.61592],[135.4639,34.61565],[135.46236,34.61636]]],[[[135.44834,34.6187],[135.44784,34.619],[135.44777,34.61945],[135.44806,34.62019],[135.4486,34.62039],[135.44943,34.61948],[135.45058,34.61924],[135.45134,34.61879],[135.45107,34.61842],[135.45053,34.6183],[135.44834,34.6187]]],[[[135.4546,34.6201],[135.45038,34.62104],[135.45025,34.62217],[135.44995,34.62266],[135.4494,34.62305],[135.44838,34.62329],[135.44858,34.62442],[135.44912,34.62455],[135.45103,34.62394],[135.45376,34.62343],[135.45595,34.62344],[135.45949,34.62409],[135.4603,34.62399],[135.46037,34.62312],[135.46094,34.62177],[135.46059,34.62121],[135.45978,34.62138],[135.45896,34.62112],[135.45705,34.62116],[135.45596,34.62085],[135.4546,34.6201]]],[[[135.46286,34.62223],[135.46194,34.62425],[135.46248,34.62425],[135.4633,34.62476],[135.46466,34.62519],[135.46548,34.62524],[135.46575,34.62504],[135.46575,34.62467],[135.46483,34.62404],[135.4641,34.62313],[135.46386,34.62195],[135.46286,34.62223]]],[[[135.45872,34.62717],[135.45592,34.62782],[135.45451,34.62895],[135.45417,34.62962],[135.45404,34.63098],[135.45308,34.63187],[135.45293,34.633],[135.45315,34.63329],[135.45397,34.63332],[135.47062,34.63067],[135.47176,34.63015],[135.4716,34.62948],[135.46955,34.62823],[135.46683,34.62739],[135.45947,34.62619],[135.45904,34.62627],[135.45872,34.62717]]],[[[135.43652,34.64149],[135.43564,34.64206],[135.43319,34.64213],[135.43183,34.6417],[135.42975,34.64281],[135.42943,34.64326],[135.42991,34.64358],[135.43209,34.64388],[135.43291,34.64324],[135.43455,34.64308],[135.43783,34.64174],[135.43885,34.64105],[135.43887,34.64037],[135.43838,34.64021],[135.43729,34.64039],[135.43652,34.64149]]],[[[135.4728,34.63097],[135.46461,34.63227],[135.46352,34.63294],[135.46243,34.63256],[135.45424,34.63378],[135.45315,34.6342],[135.45205,34.63504],[135.45014,34.63512],[135.44878,34.63493],[135.44844,34.63501],[135.44812,34.63546],[135.44729,34.63996],[135.44733,34.64109],[135.44792,34.64149],[135.45082,34.64246],[135.45108,34.64291],[135.45097,34.64516],[135.45144,34.64554],[135.45389,34.64634],[135.45498,34.64657],[135.45552,34.64639],[135.45811,34.64474],[135.45852,34.64429],[135.45863,34.64362],[135.45936,34.64314],[135.46111,34.64025],[135.46041,34.63709],[135.46077,34.63676],[135.46104,34.63671],[135.46158,34.63731],[135.46221,34.6389],[135.46484,34.63979],[135.46538,34.64017],[135.46537,34.64099],[135.4651,34.64116],[135.46319,34.64112],[135.46272,34.64206],[135.46346,34.64254],[135.46618,34.64305],[135.46655,34.64343],[135.46632,34.6441],[135.46535,34.64442],[135.46208,34.64402],[135.46141,34.64453],[135.4613,34.64543],[135.4618,34.64576],[135.46561,34.64683],[135.46834,34.64701],[135.46865,34.64727],[135.46879,34.6484],[135.46805,34.64872],[135.46505,34.64868],[135.46042,34.64745],[135.45988,34.64755],[135.45935,34.64835],[135.45956,34.64903],[135.46313,34.65355],[135.46316,34.65401],[135.46209,34.6549],[135.46222,34.65558],[135.4631,34.65671],[135.46418,34.65707],[135.46594,34.65695],[135.46692,34.6559],[135.46791,34.65538],[135.46866,34.65223],[135.46984,34.65065],[135.47121,34.64953],[135.47187,34.64933],[135.4735,34.64933],[135.47459,34.64975],[135.47541,34.64977],[135.47582,34.64955],[135.47678,34.64818],[135.47788,34.64795],[135.47823,34.64753],[135.47856,34.64573],[135.47836,34.64348],[135.47855,34.64213],[135.47776,34.63807],[135.47663,34.63536],[135.47501,34.63287],[135.47362,34.63122],[135.4728,34.63097]]],[[[135.44271,34.64544],[135.44325,34.64585],[135.44543,34.64662],[135.4487,34.64712],[135.44902,34.64741],[135.44919,34.64831],[135.44951,34.6485],[135.45115,34.64794],[135.45137,34.64764],[135.45115,34.64719],[135.45061,34.64691],[135.44463,34.64466],[135.44326,34.64485],[135.44279,34.64512],[135.44271,34.64544]]],[[[135.45032,34.64884],[135.4503,34.64944],[135.45113,34.65013],[135.45168,34.65017],[135.45277,34.6498],[135.45468,34.64981],[135.45629,34.65037],[135.45647,34.6506],[135.45631,34.6515],[135.45672,34.65285],[135.4582,34.65456],[135.45874,34.65456],[135.45916,34.65421],[135.45941,34.65376],[135.45907,34.65309],[135.45496,34.64852],[135.45251,34.64789],[135.45032,34.64884]]],[[[135.42557,34.67277],[135.42725,34.67258],[135.42751,34.67232],[135.42739,34.67187],[135.42699,34.67164],[135.42617,34.67179],[135.42554,34.67231],[135.42557,34.67277]]],[[[135.4322,34.67753],[135.43349,34.67803],[135.43445,34.67754],[135.43464,34.67709],[135.43377,34.67661],[135.43214,34.67645],[135.43145,34.67685],[135.4322,34.67753]]],[[[135.43363,34.69737],[135.435,34.69741],[135.43534,34.69783],[135.43535,34.6985],[135.4358,34.6988],[135.43744,34.69855],[135.43783,34.69807],[135.43745,34.69726],[135.43419,34.69617],[135.43364,34.69618],[135.43332,34.69647],[135.43318,34.69692],[135.43363,34.69737]]],[[[135.47696,34.70612],[135.47751,34.70601],[135.47751,34.70539],[135.4767,34.70487],[135.47615,34.70491],[135.47605,34.70545],[135.47696,34.70612]]],[[[135.49846,34.71727],[135.49847,34.71726],[135.49845,34.71726],[135.49846,34.71727]]],[[[135.50197,34.71773],[135.50119,34.71734],[135.50102,34.71772],[135.50179,34.71795],[135.50197,34.71773]]],[[[135.53485,34.73544],[135.53547,34.73561],[135.53739,34.73471],[135.53985,34.73507],[135.54009,34.73478],[135.53985,34.73455],[135.53767,34.73431],[135.53466,34.73423],[135.53425,34.73453],[135.53485,34.73544]]],[[[135.45001,34.73784],[135.44673,34.73877],[135.44563,34.73882],[135.44482,34.73825],[135.44427,34.73823],[135.44235,34.73936],[135.44173,34.74],[135.44175,34.74045],[135.44207,34.74066],[135.44262,34.74056],[135.44427,34.73922],[135.44509,34.73892],[135.44645,34.73957],[135.44754,34.7393],[135.44863,34.73934],[135.44973,34.73888],[135.45272,34.74028],[135.45327,34.74017],[135.4535,34.73983],[135.45336,34.73938],[135.45246,34.73861],[135.45083,34.73791],[135.45001,34.73784]]],[[[135.45901,34.73947],[135.45737,34.73942],[135.45635,34.74052],[135.45953,34.74254],[135.4597,34.74346],[135.45948,34.74414],[135.45813,34.74526],[135.45823,34.74864],[135.45687,34.75269],[135.458,34.75405],[135.46019,34.75519],[135.46134,34.75654],[135.46118,34.75722],[135.45951,34.75901],[135.45805,34.76014],[135.45641,34.76065],[135.45311,34.76417],[135.45251,34.76439],[135.45257,34.76342],[135.45147,34.76395],[135.45066,34.76376],[135.45031,34.76416],[135.44982,34.76584],[135.44818,34.76628],[135.44654,34.76617],[135.44546,34.76483],[135.44382,34.76461],[135.44301,34.76357],[135.44192,34.76313],[135.44001,34.76287],[135.43947,34.76224],[135.43865,34.76178],[135.43811,34.76083],[135.43757,34.76045],[135.43739,34.76094],[135.43801,34.76185],[135.43805,34.76252],[135.43728,34.76477],[135.43795,34.76545],[135.43822,34.76658],[135.43752,34.7677],[135.43587,34.76923],[135.43313,34.77016],[135.42985,34.77172],[135.42919,34.77217],[135.42908,34.77285],[135.42847,34.77285],[135.42821,34.77262],[135.42806,34.77194],[135.42711,34.77187],[135.42684,34.77211],[135.42693,34.77261],[135.42817,34.7742],[135.42854,34.7751],[135.429,34.77542],[135.42955,34.77533],[135.4301,34.77492],[135.4318,34.77241],[135.43257,34.77227],[135.43339,34.77258],[135.43333,34.7749],[135.43553,34.77761],[135.43583,34.77851],[135.43576,34.77896],[135.43495,34.77941],[135.4348,34.78009],[135.43667,34.78257],[135.43578,34.78336],[135.43443,34.78369],[135.43302,34.78651],[135.43192,34.7878],[135.43137,34.78802],[135.43028,34.78778],[135.42974,34.78788],[135.42671,34.7904],[135.42547,34.79064],[135.42556,34.79086],[135.427,34.79154],[135.42778,34.79313],[135.42764,34.79403],[135.4268,34.7956],[135.42711,34.79695],[135.42749,34.7972],[135.42885,34.79741],[135.42951,34.79697],[135.43049,34.79683],[135.43051,34.79472],[135.43326,34.79232],[135.43435,34.7921],[135.43544,34.7925],[135.43649,34.79159],[135.43764,34.79112],[135.44037,34.79108],[135.44366,34.78866],[135.44421,34.78845],[135.4453,34.78858],[135.44664,34.78803],[135.44667,34.78748],[135.4458,34.78645],[135.44599,34.78465],[135.44534,34.78329],[135.44589,34.78289],[135.44753,34.78256],[135.44799,34.78173],[135.44992,34.78016],[135.45097,34.77791],[135.45098,34.77701],[135.45234,34.77566],[135.45224,34.77453],[135.45354,34.77274],[135.4533,34.77093],[135.4528,34.77],[135.45199,34.76926],[135.45201,34.76845],[135.45309,34.76692],[135.45419,34.76636],[135.45492,34.76553],[135.45584,34.76501],[135.45842,34.76284],[135.45882,34.76149],[135.46011,34.76037],[135.46019,34.75947],[135.46313,34.757],[135.46304,34.75655],[135.46245,34.7563],[135.46213,34.75587],[135.46265,34.75272],[135.46355,34.75092],[135.46303,34.75022],[135.46166,34.75001],[135.45998,34.74752],[135.46107,34.74663],[135.46164,34.74528],[135.46304,34.74393],[135.46303,34.7437],[135.46171,34.74343],[135.46116,34.74302],[135.46041,34.74121],[135.46101,34.74009],[135.46079,34.73964],[135.45983,34.73895],[135.45901,34.73947]],[[135.42959,34.7733],[135.4294,34.77308],[135.42956,34.77297],[135.4297,34.77308],[135.42959,34.7733]],[[135.43804,34.77108],[135.43809,34.77109],[135.43804,34.77109],[135.43804,34.77108]]],[[[135.52159,34.77592],[135.52022,34.77633],[135.51988,34.77662],[135.51992,34.7773],[135.52133,34.77978],[135.52173,34.78136],[135.5217,34.78271],[135.52004,34.78428],[135.51993,34.78473],[135.521,34.78587],[135.5215,34.78745],[135.52207,34.78831],[135.52526,34.78994],[135.52547,34.79039],[135.5249,34.79197],[135.52402,34.79309],[135.52386,34.79467],[135.52204,34.79646],[135.52284,34.79651],[135.52394,34.79592],[135.52557,34.79649],[135.52694,34.79573],[135.52885,34.79561],[135.52967,34.7959],[135.53104,34.79579],[135.5335,34.79632],[135.53479,34.79561],[135.53569,34.79542],[135.53639,34.79584],[135.53647,34.79674],[135.5367,34.79697],[135.53841,34.79736],[135.53843,34.79675],[135.53759,34.79585],[135.53716,34.79494],[135.53624,34.79472],[135.53607,34.79449],[135.53632,34.79359],[135.53592,34.79291],[135.53585,34.79201],[135.53657,34.78998],[135.53543,34.78772],[135.53437,34.78728],[135.53245,34.78737],[135.53198,34.78704],[135.53164,34.78635],[135.53028,34.78594],[135.52918,34.78617],[135.52894,34.7859],[135.52906,34.78545],[135.52946,34.78517],[135.53125,34.78478],[135.53064,34.78342],[135.52698,34.78138],[135.52699,34.78048],[135.52788,34.77868],[135.52862,34.77801],[135.52851,34.77756],[135.52719,34.77733],[135.52713,34.7762],[135.52678,34.7759],[135.52487,34.77557],[135.52406,34.77499],[135.52296,34.77502],[135.52159,34.77592]],[[135.52547,34.7789],[135.52538,34.77912],[135.5254,34.77889],[135.52547,34.7789]]],[[[135.48143,34.77718],[135.48027,34.77849],[135.48037,34.78074],[135.47971,34.78187],[135.47988,34.78232],[135.48067,34.783],[135.4808,34.7839],[135.4792,34.78496],[135.47838,34.78497],[135.47787,34.78524],[135.47804,34.78659],[135.4772,34.78749],[135.47807,34.78862],[135.47803,34.78907],[135.4763,34.79019],[135.47534,34.79053],[135.47509,34.79086],[135.47615,34.79202],[135.47697,34.79164],[135.47834,34.7914],[135.47929,34.79201],[135.48161,34.79292],[135.4822,34.79337],[135.48294,34.79473],[135.48475,34.79608],[135.48541,34.79622],[135.48568,34.79586],[135.48477,34.79518],[135.48313,34.79315],[135.48309,34.7927],[135.48408,34.79112],[135.48381,34.79053],[135.48296,34.78977],[135.48295,34.78932],[135.48412,34.78752],[135.48547,34.78671],[135.48602,34.7859],[135.4863,34.7858],[135.48739,34.78631],[135.48848,34.78636],[135.48902,34.78596],[135.4891,34.78551],[135.48884,34.78506],[135.48777,34.78438],[135.48806,34.78348],[135.48768,34.78274],[135.48714,34.78252],[135.48631,34.78299],[135.48577,34.78284],[135.48435,34.78076],[135.48406,34.77963],[135.48302,34.77917],[135.48251,34.77805],[135.48362,34.77687],[135.48362,34.77656],[135.4828,34.77644],[135.48143,34.77718]]],[[[135.43227,34.80509],[135.43235,34.80532],[135.43268,34.80509],[135.43262,34.80503],[135.43227,34.80509]]],[[[135.42743,34.80498],[135.42688,34.80523],[135.42637,34.80642],[135.42506,34.80776],[135.42577,34.80849],[135.42768,34.80877],[135.43016,34.80779],[135.43106,34.80554],[135.43062,34.80508],[135.42989,34.80482],[135.42743,34.80498]]],[[[135.47565,34.81858],[135.47625,34.81886],[135.47762,34.81856],[135.47871,34.81927],[135.47928,34.81882],[135.47817,34.81775],[135.47735,34.81781],[135.47653,34.81846],[135.47565,34.81858]]],[[[135.44121,34.82046],[135.44017,34.82098],[135.44006,34.82135],[135.44173,34.82271],[135.44175,34.82339],[135.44044,34.82429],[135.44013,34.82519],[135.43933,34.82608],[135.43928,34.82699],[135.439,34.82743],[135.43436,34.83126],[135.43189,34.83166],[135.42971,34.83128],[135.42932,34.83235],[135.42879,34.8328],[135.42806,34.83311],[135.42724,34.83293],[135.42671,34.83324],[135.42665,34.83414],[135.42749,34.83534],[135.4294,34.83595],[135.43008,34.83641],[135.43108,34.83731],[135.43203,34.83867],[135.43321,34.8395],[135.43457,34.83984],[135.43594,34.83978],[135.43648,34.83997],[135.43806,34.84208],[135.43892,34.8428],[135.44029,34.84347],[135.4442,34.84414],[135.4456,34.8464],[135.44864,34.84957],[135.4497,34.8525],[135.45197,34.85367],[135.45279,34.85386],[135.45361,34.85375],[135.4544,34.8532],[135.45451,34.85252],[135.45443,34.85207],[135.45357,34.85116],[135.45364,34.84962],[135.45392,34.84938],[135.45501,34.84969],[135.45609,34.8496],[135.45665,34.84915],[135.45678,34.8487],[135.45657,34.8478],[135.4553,34.84662],[135.45476,34.84463],[135.45531,34.84452],[135.45589,34.84487],[135.45609,34.84577],[135.45694,34.84736],[135.45763,34.84645],[135.45723,34.84486],[135.4575,34.84466],[135.45859,34.84496],[135.46023,34.84499],[135.46133,34.84469],[135.46246,34.84377],[135.46298,34.84228],[135.46217,34.84176],[135.46025,34.84265],[135.4597,34.84267],[135.45931,34.8424],[135.45857,34.84037],[135.459,34.83902],[135.45891,34.83779],[135.45793,34.83699],[135.45706,34.8354],[135.4557,34.83382],[135.45429,34.83335],[135.45321,34.83221],[135.4519,34.83155],[135.45187,34.8311],[135.45232,34.8302],[135.45256,34.82795],[135.45188,34.82687],[135.44935,34.8241],[135.44937,34.82252],[135.44912,34.82207],[135.44836,34.82161],[135.44699,34.8218],[135.4459,34.82138],[135.44509,34.82072],[135.44412,34.8207],[135.44291,34.81944],[135.44154,34.81996],[135.44121,34.82046]],[[135.44598,34.83423],[135.44605,34.83468],[135.44567,34.83513],[135.44416,34.8363],[135.44362,34.83623],[135.44272,34.83466],[135.44281,34.83421],[135.44473,34.83362],[135.44598,34.83423]],[[135.4508,34.84146],[135.45066,34.84146],[135.45069,34.84122],[135.4508,34.84146]]],[[[135.51823,34.83712],[135.51786,34.83724],[135.51795,34.83746],[135.51867,34.83747],[135.51823,34.83712]]],[[[135.46565,34.84423],[135.4668,34.84455],[135.46734,34.84434],[135.46748,34.84401],[135.46571,34.84298],[135.46517,34.84295],[135.46472,34.84333],[135.46565,34.84423]]],[[[135.50287,34.83177],[135.50482,34.83471],[135.50486,34.83561],[135.50393,34.83606],[135.50341,34.83673],[135.5021,34.83754],[135.50106,34.83965],[135.49963,34.84024],[135.49843,34.84032],[135.4981,34.84144],[135.49642,34.84234],[135.49578,34.84311],[135.49414,34.84319],[135.49332,34.84406],[135.49222,34.84456],[135.49167,34.84454],[135.48922,34.84339],[135.48703,34.84304],[135.48567,34.84325],[135.48349,34.84079],[135.48213,34.8403],[135.48022,34.84021],[135.47967,34.84104],[135.47885,34.84113],[135.47802,34.84189],[135.47693,34.84207],[135.47623,34.84248],[135.47585,34.8436],[135.47512,34.84405],[135.47495,34.84495],[135.47381,34.84539],[135.4728,34.84628],[135.47198,34.84629],[135.47034,34.84528],[135.46871,34.84504],[135.46755,34.84514],[135.46672,34.84604],[135.46623,34.84739],[135.46484,34.84941],[135.46375,34.85166],[135.46215,34.85301],[135.45999,34.85615],[135.45934,34.85667],[135.45824,34.85693],[135.45773,34.85727],[135.45794,34.85817],[135.46006,34.85908],[135.46177,34.86026],[135.46369,34.85987],[135.46424,34.85996],[135.4645,34.86081],[135.46363,34.8618],[135.46359,34.86315],[135.46384,34.86361],[135.46448,34.86405],[135.46503,34.86413],[135.46585,34.86387],[135.46722,34.86297],[135.46782,34.86295],[135.46798,34.86317],[135.46751,34.86385],[135.4675,34.8643],[135.46805,34.8652],[135.46857,34.86549],[135.46912,34.86543],[135.47086,34.86454],[135.47279,34.86274],[135.47413,34.86072],[135.47654,34.86022],[135.47736,34.86049],[135.47773,34.86096],[135.47711,34.86186],[135.47707,34.86296],[135.47789,34.86326],[135.47843,34.8638],[135.47925,34.864],[135.47979,34.86451],[135.48034,34.8644],[135.48066,34.8639],[135.4803,34.86255],[135.48063,34.86229],[135.48172,34.86275],[135.48305,34.86369],[135.48316,34.86459],[135.4819,34.86526],[135.4816,34.86616],[135.48224,34.86701],[135.48387,34.86778],[135.48551,34.86769],[135.48934,34.86849],[135.49016,34.86823],[135.49071,34.86729],[135.49426,34.86772],[135.4959,34.86877],[135.49727,34.86865],[135.49804,34.86826],[135.49838,34.86781],[135.49819,34.86668],[135.49865,34.86567],[135.50029,34.86466],[135.50021,34.86331],[135.50058,34.86297],[135.50251,34.86422],[135.50357,34.86577],[135.50412,34.86579],[135.50494,34.86535],[135.50571,34.86604],[135.50631,34.86602],[135.50713,34.86514],[135.50733,34.86379],[135.50766,34.86334],[135.50879,34.86283],[135.51015,34.86313],[135.51125,34.86271],[135.5118,34.86234],[135.51209,34.86156],[135.51197,34.8611],[135.50882,34.85749],[135.50883,34.85475],[135.51048,34.85331],[135.51165,34.85299],[135.51267,34.85164],[135.51263,34.84961],[135.51291,34.84849],[135.51498,34.84669],[135.51674,34.84422],[135.51834,34.84355],[135.51929,34.84284],[135.51988,34.84198],[135.5198,34.84175],[135.51875,34.84155],[135.51712,34.84051],[135.51521,34.84038],[135.51303,34.83913],[135.51274,34.83857],[135.51305,34.83767],[135.51288,34.83722],[135.51167,34.83696],[135.51052,34.83586],[135.51058,34.83518],[135.51001,34.83428],[135.51044,34.83315],[135.51027,34.8327],[135.50706,34.83056],[135.50296,34.83062],[135.50287,34.83177]],[[135.4821,34.84448],[135.48282,34.84498],[135.48322,34.84566],[135.48325,34.84611],[135.48291,34.84649],[135.48155,34.84618],[135.48013,34.84429],[135.48047,34.84409],[135.4821,34.84448]],[[135.50424,34.84259],[135.50398,34.84279],[135.50378,34.84237],[135.50399,34.84226],[135.50424,34.84259]]],[[[135.45244,34.90651],[135.45216,34.9066],[135.45239,34.90683],[135.45292,34.90683],[135.45244,34.90651]]],[[[135.53548,35.04555],[135.53566,35.04577],[135.53609,35.04577],[135.53592,35.04548],[135.53548,35.04555]]],[[[135.54011,35.05841],[135.54181,35.05954],[135.54172,35.06022],[135.54117,35.06112],[135.54131,35.06129],[135.54214,35.06114],[135.54348,35.06023],[135.54328,35.05865],[135.54284,35.05797],[135.54133,35.05804],[135.53996,35.05722],[135.53949,35.05773],[135.54011,35.05841]]],[[[135.58151,34.24134],[135.58195,34.24224],[135.58187,34.24269],[135.58135,34.24307],[135.58017,34.24336],[135.58003,34.24358],[135.58053,34.24386],[135.58352,34.24426],[135.58786,34.24203],[135.59032,34.24127],[135.59162,34.23957],[135.5815,34.23953],[135.58151,34.24134]]],[[[135.55737,34.24035],[135.55797,34.24351],[135.5589,34.24576],[135.55916,34.24734],[135.56097,34.24904],[135.56286,34.25046],[135.56313,34.25044],[135.5641,34.24826],[135.56477,34.24762],[135.5661,34.24737],[135.56654,34.24602],[135.56641,34.24511],[135.56468,34.24376],[135.56386,34.24263],[135.56332,34.23947],[135.55757,34.23945],[135.55737,34.24035]]],[[[135.56316,34.29617],[135.56289,34.29559],[135.56235,34.29543],[135.56203,34.29559],[135.56208,34.29591],[135.56258,34.29627],[135.56316,34.29617]]],[[[135.58888,34.30717],[135.58856,34.30672],[135.58797,34.30672],[135.58789,34.30695],[135.58837,34.30744],[135.58864,34.30755],[135.58888,34.30717]]],[[[135.61603,34.31578],[135.61874,34.31711],[135.61983,34.31697],[135.61979,34.31652],[135.61929,34.31599],[135.61631,34.31477],[135.61549,34.31473],[135.61525,34.31515],[135.61603,34.31578]]],[[[135.64072,34.32353],[135.64126,34.32345],[135.64198,34.32289],[135.64197,34.32267],[135.64018,34.32207],[135.64036,34.32311],[135.64072,34.32353]]],[[[135.60721,34.34271],[135.6083,34.34308],[135.60857,34.34293],[135.60858,34.34227],[135.60776,34.34212],[135.60727,34.3424],[135.60721,34.34271]]],[[[135.60327,34.49294],[135.60324,34.49325],[135.60352,34.49335],[135.60377,34.49317],[135.60327,34.49294]]],[[[135.61055,34.5017],[135.61218,34.50294],[135.61271,34.50289],[135.61219,34.5022],[135.61125,34.50176],[135.61055,34.5017]]],[[[135.63599,34.54263],[135.63488,34.54309],[135.63456,34.54353],[135.63707,34.54466],[135.63716,34.54534],[135.63677,34.54578],[135.63568,34.54622],[135.63459,34.54618],[135.6342,34.54691],[135.63458,34.54756],[135.63649,34.54835],[135.64222,34.5454],[135.64306,34.54558],[135.64412,34.54664],[135.64439,34.54652],[135.64495,34.54416],[135.6464,34.54379],[135.64692,34.54289],[135.64523,34.54205],[135.64414,34.54187],[135.64386,34.54198],[135.64386,34.54293],[135.64223,34.54357],[135.64005,34.54388],[135.63888,34.54354],[135.63826,34.54196],[135.63788,34.54164],[135.63679,34.54194],[135.63599,34.54263]]],[[[135.63157,34.5517],[135.63266,34.5518],[135.6332,34.55141],[135.63319,34.55119],[135.63266,34.55073],[135.63157,34.55051],[135.63119,34.55118],[135.63157,34.5517]]],[[[135.68293,34.55831],[135.68357,34.55864],[135.68493,34.55863],[135.68602,34.55927],[135.68711,34.55951],[135.68787,34.559],[135.68812,34.55787],[135.68904,34.55743],[135.68934,34.55698],[135.68876,34.5566],[135.68821,34.55662],[135.68657,34.55768],[135.68576,34.55745],[135.68467,34.55668],[135.68304,34.55663],[135.6825,34.55741],[135.68293,34.55831]]],[[[135.62809,34.55816],[135.62832,34.55861],[135.62789,34.55973],[135.62854,34.55996],[135.62885,34.55974],[135.62958,34.55816],[135.62953,34.55771],[135.62882,34.55704],[135.62746,34.557],[135.62724,34.55725],[135.62732,34.5577],[135.62809,34.55816]]],[[[135.65176,34.56927],[135.64991,34.57152],[135.64979,34.57219],[135.65001,34.57253],[135.65137,34.57298],[135.65327,34.57287],[135.65382,34.57266],[135.65368,34.57175],[135.65247,34.56919],[135.65176,34.56927]]],[[[135.70614,34.5716],[135.70777,34.57225],[135.70827,34.57212],[135.7075,34.57077],[135.70696,34.5704],[135.7059,34.57077],[135.70582,34.57122],[135.70614,34.5716]]],[[[135.67879,34.55898],[135.67564,34.5601],[135.6756,34.56122],[135.6762,34.56193],[135.67694,34.56416],[135.67647,34.56444],[135.6753,34.5646],[135.67473,34.5655],[135.67292,34.56641],[135.67212,34.56617],[135.67143,34.56459],[135.66775,34.5641],[135.66558,34.56216],[135.66509,34.56232],[135.66456,34.56322],[135.66394,34.56351],[135.66258,34.56321],[135.66122,34.562],[135.66067,34.56206],[135.65958,34.56282],[135.65876,34.56266],[135.65821,34.56185],[135.65823,34.56027],[135.65769,34.55994],[135.65687,34.56017],[135.65605,34.56147],[135.6555,34.5618],[135.65333,34.55949],[135.65251,34.55906],[135.65197,34.55906],[135.65141,34.55935],[135.65117,34.5598],[135.65136,34.56093],[135.65094,34.56138],[135.64958,34.56205],[135.64933,34.56273],[135.65011,34.56386],[135.65148,34.56499],[135.65174,34.56611],[135.65221,34.56642],[135.65372,34.56635],[135.6544,34.5652],[135.65521,34.56477],[135.65712,34.56425],[135.65821,34.56425],[135.65905,34.56456],[135.65939,34.56501],[135.65954,34.56614],[135.65984,34.56634],[135.66039,34.56607],[135.66055,34.56479],[135.66094,34.5643],[135.66285,34.56417],[135.66584,34.5645],[135.66638,34.56473],[135.66684,34.56526],[135.66701,34.56593],[135.66636,34.56706],[135.66636,34.56818],[135.66518,34.56908],[135.66528,34.5694],[135.66718,34.5707],[135.66881,34.57119],[135.67017,34.57188],[135.67153,34.57315],[135.67398,34.57362],[135.67561,34.57474],[135.67751,34.5752],[135.67762,34.57588],[135.67662,34.57678],[135.67652,34.57723],[135.67778,34.57795],[135.67832,34.5792],[135.67934,34.57926],[135.6805,34.57964],[135.68159,34.57882],[135.68261,34.5786],[135.68329,34.57792],[135.68486,34.57794],[135.68537,34.5786],[135.68493,34.57973],[135.68512,34.58131],[135.68767,34.58334],[135.68973,34.587],[135.69109,34.58794],[135.69245,34.58825],[135.69382,34.58814],[135.69409,34.58787],[135.69391,34.58606],[135.69301,34.58532],[135.69265,34.58403],[135.69146,34.58313],[135.69134,34.58087],[135.69081,34.58019],[135.69065,34.57952],[135.68936,34.57906],[135.68862,34.57793],[135.68901,34.57478],[135.69069,34.57411],[135.69265,34.57254],[135.69162,34.5705],[135.69057,34.56937],[135.68926,34.56888],[135.68762,34.56906],[135.68696,34.56846],[135.68683,34.56576],[135.6882,34.56486],[135.6873,34.56396],[135.68716,34.56351],[135.68821,34.56238],[135.68824,34.56148],[135.68765,34.56095],[135.68656,34.56081],[135.68466,34.55998],[135.68251,34.55831],[135.68112,34.55817],[135.68031,34.55753],[135.67976,34.55762],[135.67879,34.55898]],[[135.68219,34.56266],[135.68363,34.56327],[135.68393,34.56372],[135.68082,34.56515],[135.67919,34.56509],[135.67794,34.56461],[135.67783,34.56416],[135.67906,34.56281],[135.68056,34.56248],[135.68219,34.56266]]],[[[135.60268,34.58016],[135.60174,34.58079],[135.60092,34.58066],[135.60065,34.5808],[135.60044,34.58151],[135.59955,34.58218],[135.59795,34.58263],[135.59774,34.58308],[135.59791,34.58367],[135.60336,34.58368],[135.60472,34.58346],[135.60827,34.58342],[135.60918,34.58312],[135.60925,34.58289],[135.60746,34.58089],[135.6055,34.57995],[135.60393,34.57871],[135.60338,34.57883],[135.60268,34.58016]]],[[[135.67799,34.58264],[135.67952,34.58377],[135.68048,34.58482],[135.68131,34.5849],[135.68143,34.58445],[135.68115,34.58355],[135.68026,34.58265],[135.67831,34.58211],[135.67799,34.58264]]],[[[135.56329,34.58629],[135.56356,34.58607],[135.56321,34.58611],[135.56329,34.58629]]],[[[135.56267,34.58679],[135.56284,34.58656],[135.56274,34.58653],[135.56267,34.58679]]],[[[135.58564,34.58402],[135.58401,34.58331],[135.58265,34.5839],[135.58129,34.58322],[135.58074,34.58318],[135.58006,34.58347],[135.57883,34.58448],[135.57774,34.58444],[135.57528,34.58557],[135.57394,34.5875],[135.57282,34.58792],[135.57227,34.58769],[135.57173,34.58631],[135.57146,34.58611],[135.57037,34.58612],[135.57003,34.58524],[135.56874,34.58497],[135.56765,34.58511],[135.56575,34.5842],[135.56438,34.58497],[135.56383,34.58589],[135.56592,34.58612],[135.565,34.58725],[135.56355,34.58738],[135.56219,34.58817],[135.56,34.58858],[135.55864,34.5884],[135.55783,34.58786],[135.55701,34.58788],[135.55643,34.58812],[135.55592,34.5888],[135.55455,34.58941],[135.55312,34.58833],[135.55305,34.58743],[135.55211,34.58741],[135.55102,34.58671],[135.55048,34.58673],[135.55024,34.58719],[135.55087,34.5881],[135.55074,34.5886],[135.55019,34.58895],[135.54883,34.58912],[135.54882,34.58989],[135.54792,34.59102],[135.5436,34.59461],[135.54238,34.59596],[135.5417,34.59628],[135.54007,34.59617],[135.53906,34.59752],[135.53924,34.59777],[135.53979,34.59785],[135.54851,34.59785],[135.54898,34.59756],[135.54933,34.5963],[135.54988,34.59608],[135.55124,34.5963],[135.55181,34.59554],[135.55234,34.59529],[135.55291,34.59554],[135.55342,34.59651],[135.55505,34.5975],[135.5556,34.59759],[135.5586,34.59667],[135.56215,34.59606],[135.56651,34.59498],[135.56677,34.59469],[135.56651,34.59356],[135.56705,34.59266],[135.56762,34.59238],[135.56853,34.59267],[135.56951,34.59402],[135.57033,34.59411],[135.57115,34.59392],[135.57252,34.59351],[135.57295,34.59314],[135.57279,34.5928],[135.5717,34.59288],[135.57116,34.59247],[135.57165,34.59133],[135.57153,34.59043],[135.57358,34.58908],[135.57442,34.58818],[135.575,34.58801],[135.57745,34.58804],[135.57835,34.58842],[135.57897,34.58955],[135.57896,34.59],[135.57722,34.59202],[135.57753,34.59248],[135.57824,34.5925],[135.58179,34.59152],[135.58398,34.59058],[135.59081,34.5864],[135.59491,34.58463],[135.59545,34.5842],[135.59518,34.58374],[135.59437,34.58353],[135.59246,34.58392],[135.59136,34.5846],[135.59082,34.58436],[135.59028,34.5835],[135.58783,34.58283],[135.58701,34.58301],[135.58564,34.58402]],[[135.58181,34.5882],[135.58181,34.58822],[135.5818,34.58821],[135.58181,34.5882]]],[[[135.60635,34.58416],[135.59681,34.58462],[135.5949,34.58521],[135.59281,34.58644],[135.59287,34.58689],[135.59407,34.58844],[135.59702,34.59096],[135.59726,34.59187],[135.59862,34.59277],[135.59757,34.5948],[135.59789,34.59547],[135.59778,34.59615],[135.59876,34.59705],[135.59904,34.59773],[135.59861,34.59863],[135.59629,34.6002],[135.59617,34.60065],[135.59648,34.60156],[135.596,34.60246],[135.59482,34.60319],[135.59282,34.60357],[135.59218,34.60447],[135.59086,34.60559],[135.59082,34.60604],[135.59126,34.60659],[135.59207,34.60651],[135.59343,34.60538],[135.59535,34.60472],[135.59618,34.60373],[135.597,34.60336],[135.59863,34.60405],[135.59944,34.6048],[135.60094,34.60427],[135.60108,34.6039],[135.60009,34.60337],[135.59971,34.60247],[135.6003,34.60067],[135.60046,34.59886],[135.60082,34.59819],[135.6022,34.59728],[135.60275,34.5972],[135.60411,34.59871],[135.60465,34.59882],[135.60647,34.59753],[135.60653,34.59685],[135.60565,34.59618],[135.60543,34.59572],[135.60658,34.59515],[135.60693,34.59438],[135.60658,34.59403],[135.60549,34.59395],[135.60522,34.59374],[135.6052,34.59279],[135.60577,34.5922],[135.60805,34.59145],[135.60796,34.59095],[135.60687,34.59046],[135.60655,34.59009],[135.60706,34.58897],[135.60655,34.58807],[135.60723,34.58694],[135.60788,34.58649],[135.60803,34.58582],[135.60685,34.58491],[135.60635,34.58416]]],[[[135.5888,34.60629],[135.58853,34.60594],[135.58826,34.60597],[135.58808,34.60626],[135.58826,34.60669],[135.58853,34.60674],[135.5888,34.60629]]],[[[135.6407,34.57713],[135.64011,34.5778],[135.64008,34.57848],[135.64128,34.58073],[135.64194,34.58412],[135.64151,34.5843],[135.64096,34.58414],[135.63906,34.58268],[135.63743,34.5825],[135.63736,34.58365],[135.63662,34.58478],[135.63687,34.5852],[135.63852,34.58614],[135.63906,34.58771],[135.64016,34.58862],[135.64203,34.59133],[135.64147,34.59209],[135.63986,34.5929],[135.64011,34.59342],[135.64226,34.59494],[135.64227,34.59612],[135.64145,34.59692],[135.63982,34.59693],[135.63877,34.59741],[135.63871,34.59786],[135.63938,34.59944],[135.63735,34.60057],[135.63696,34.60123],[135.63709,34.60168],[135.63816,34.60215],[135.63907,34.60304],[135.63924,34.60437],[135.64088,34.60455],[135.64149,34.60508],[135.64141,34.60553],[135.64068,34.60643],[135.64145,34.60801],[135.64123,34.60891],[135.63983,34.61003],[135.64135,34.61003],[135.64331,34.60907],[135.64522,34.60917],[135.64768,34.60774],[135.64986,34.60728],[135.65095,34.60765],[135.65231,34.60769],[135.65304,34.60804],[135.65367,34.60899],[135.65503,34.6103],[135.65608,34.61256],[135.65722,34.61324],[135.65801,34.61405],[135.65883,34.61442],[135.65992,34.61458],[135.66237,34.61318],[135.66564,34.61373],[135.66604,34.61461],[135.66557,34.61619],[135.66345,34.61761],[135.66154,34.61795],[135.66129,34.61821],[135.66145,34.61866],[135.66265,34.61979],[135.66244,34.62024],[135.66098,34.62158],[135.661,34.62361],[135.6607,34.62383],[135.65988,34.62367],[135.6577,34.62227],[135.65463,34.62224],[135.65434,34.62314],[135.65327,34.62449],[135.65422,34.62585],[135.65425,34.6272],[135.65223,34.62823],[135.6516,34.629],[135.65349,34.63058],[135.65382,34.63126],[135.65228,34.63283],[135.65239,34.63373],[135.65111,34.63401],[135.65103,34.63463],[135.65056,34.63505],[135.6492,34.63465],[135.64865,34.63481],[135.64812,34.63575],[135.64673,34.63619],[135.64666,34.63732],[135.64509,34.6389],[135.64342,34.63979],[135.64232,34.64069],[135.64181,34.64079],[135.64045,34.64039],[135.63917,34.63933],[135.63873,34.63865],[135.638,34.6384],[135.63746,34.63779],[135.63664,34.63769],[135.63447,34.63669],[135.63232,34.63502],[135.63202,34.6341],[135.63121,34.63397],[135.62874,34.63546],[135.62765,34.6357],[135.62759,34.63659],[135.62723,34.63704],[135.6219,34.64111],[135.62054,34.64076],[135.61945,34.64124],[135.61836,34.64111],[135.61645,34.64156],[135.61568,34.64106],[135.61455,34.63938],[135.61264,34.63848],[135.61049,34.63992],[135.60635,34.64337],[135.6058,34.64348],[135.60417,34.64285],[135.60308,34.64329],[135.59901,34.64348],[135.59905,34.64461],[135.59837,34.64596],[135.59706,34.64749],[135.59656,34.64776],[135.59569,34.64783],[135.5946,34.64748],[135.59433,34.64757],[135.59422,34.64888],[135.59272,34.65113],[135.59539,34.6528],[135.59675,34.65335],[135.59785,34.65338],[135.59839,34.65391],[135.59893,34.65403],[135.59975,34.6537],[135.6014,34.65195],[135.6027,34.65116],[135.60316,34.65048],[135.60523,34.64944],[135.60768,34.65038],[135.6085,34.65033],[135.60959,34.6498],[135.61014,34.6499],[135.61115,34.65051],[135.61183,34.65186],[135.61258,34.65232],[135.61449,34.65144],[135.61641,34.64976],[135.61805,34.64899],[135.61887,34.64917],[135.62037,34.65054],[135.62186,34.65066],[135.62399,34.64897],[135.62596,34.6481],[135.62669,34.64853],[135.6265,34.64968],[135.62841,34.64989],[135.63167,34.65236],[135.63358,34.65141],[135.6356,34.64968],[135.63659,34.64928],[135.63823,34.64792],[135.63878,34.6479],[135.63987,34.64853],[135.64068,34.64944],[135.64259,34.65025],[135.64613,34.65079],[135.64758,34.65265],[135.64939,34.65346],[135.65132,34.65514],[135.65321,34.65762],[135.6533,34.6583],[135.65278,34.65875],[135.65276,34.6592],[135.65457,34.66056],[135.65509,34.66145],[135.6559,34.66213],[135.65577,34.66259],[135.65507,34.66326],[135.65517,34.66349],[135.65562,34.66356],[135.65617,34.66317],[135.65672,34.66311],[135.65944,34.66373],[135.66025,34.66441],[135.66025,34.66508],[135.65918,34.66666],[135.65951,34.66756],[135.65916,34.66846],[135.6597,34.66857],[135.66106,34.6682],[135.66324,34.66867],[135.66352,34.66892],[135.66368,34.67005],[135.66323,34.6707],[135.66105,34.67064],[135.6605,34.67094],[135.6612,34.67162],[135.66159,34.67246],[135.66213,34.67256],[135.66514,34.67198],[135.66595,34.67218],[135.66632,34.67254],[135.66642,34.67321],[135.66523,34.67411],[135.66467,34.67524],[135.66485,34.67564],[135.66567,34.67606],[135.66727,34.6775],[135.6672,34.67795],[135.66647,34.6789],[135.66659,34.67975],[135.66701,34.68004],[135.66756,34.68005],[135.6692,34.67952],[135.67083,34.68087],[135.6711,34.68086],[135.67367,34.67977],[135.67411,34.67864],[135.67396,34.67797],[135.67439,34.67761],[135.67521,34.67741],[135.6756,34.67684],[135.67524,34.67571],[135.67368,34.67481],[135.67304,34.67372],[135.6725,34.67339],[135.67086,34.67316],[135.66999,34.67255],[135.66999,34.67209],[135.67032,34.67172],[135.67182,34.6712],[135.67223,34.67075],[135.67144,34.66917],[135.67176,34.66804],[135.67225,34.66765],[135.67279,34.66754],[135.67307,34.66769],[135.67361,34.66893],[135.67524,34.66953],[135.67637,34.67076],[135.68041,34.67351],[135.68177,34.67401],[135.68395,34.67387],[135.6864,34.67497],[135.68722,34.67491],[135.68771,34.67462],[135.6875,34.67347],[135.68859,34.67299],[135.68912,34.67215],[135.68969,34.67178],[135.69051,34.67187],[135.69209,34.67305],[135.69296,34.67301],[135.69399,34.67193],[135.69362,34.67058],[135.69406,34.67029],[135.69515,34.67013],[135.69534,34.66991],[135.69489,34.6684],[135.69355,34.66787],[135.69349,34.66675],[135.69436,34.66562],[135.69378,34.66427],[135.69518,34.66338],[135.69545,34.66228],[135.6964,34.66135],[135.69624,34.66089],[135.6951,34.66022],[135.69416,34.65886],[135.69516,34.65729],[135.69537,34.65638],[135.69637,34.65549],[135.6943,34.65435],[135.69443,34.653],[135.69403,34.65187],[135.69419,34.65097],[135.69277,34.65028],[135.69252,34.64962],[135.69276,34.64871],[135.69257,34.64849],[135.69033,34.64744],[135.68896,34.64755],[135.68823,34.64713],[135.6887,34.646],[135.6893,34.64533],[135.68915,34.64285],[135.68845,34.64194],[135.68839,34.64149],[135.68963,34.64014],[135.68891,34.63901],[135.68851,34.63721],[135.68954,34.63586],[135.69068,34.63586],[135.69103,34.63519],[135.69075,34.63451],[135.68923,34.63315],[135.68927,34.63248],[135.68967,34.6318],[135.68919,34.6309],[135.68973,34.62932],[135.68867,34.62819],[135.68847,34.62752],[135.68924,34.62617],[135.68935,34.62504],[135.69123,34.62421],[135.69273,34.62392],[135.69286,34.6237],[135.69234,34.62325],[135.69222,34.62279],[135.69275,34.62167],[135.69199,34.62122],[135.69171,34.62076],[135.69232,34.61919],[135.69207,34.61894],[135.69063,34.61851],[135.69001,34.61693],[135.69091,34.61423],[135.68882,34.61258],[135.68847,34.61197],[135.68848,34.61129],[135.6872,34.60964],[135.68611,34.60924],[135.68474,34.60963],[135.68439,34.60925],[135.6842,34.60835],[135.68366,34.60778],[135.68257,34.60728],[135.68201,34.60677],[135.68012,34.60634],[135.67963,34.60586],[135.67973,34.60518],[135.68013,34.60466],[135.68257,34.60384],[135.68284,34.60249],[135.68232,34.60188],[135.67905,34.60035],[135.67906,34.5996],[135.68015,34.5994],[135.68032,34.5991],[135.67879,34.59899],[135.67743,34.59804],[135.67672,34.59638],[135.6756,34.59526],[135.67507,34.59368],[135.67523,34.59323],[135.67636,34.59224],[135.67827,34.59157],[135.67862,34.59121],[135.67827,34.59067],[135.67746,34.59028],[135.67664,34.59023],[135.67555,34.59049],[135.67512,34.5903],[135.67498,34.58962],[135.67556,34.58851],[135.6761,34.58817],[135.67719,34.58795],[135.67801,34.58821],[135.6791,34.58917],[135.67964,34.58898],[135.67971,34.58873],[135.67834,34.58647],[135.67585,34.58534],[135.67549,34.58444],[135.67579,34.58354],[135.67563,34.58331],[135.67421,34.58394],[135.67367,34.5839],[135.67276,34.5833],[135.67231,34.58236],[135.67177,34.5822],[135.67065,34.58262],[135.66943,34.58397],[135.66788,34.58397],[135.66713,34.58346],[135.66713,34.5822],[135.66654,34.58126],[135.66481,34.57967],[135.6636,34.57905],[135.66306,34.57922],[135.66258,34.57989],[135.6624,34.58034],[135.66262,34.5817],[135.66196,34.58198],[135.66059,34.58162],[135.6576,34.58032],[135.65651,34.58033],[135.6557,34.57996],[135.65352,34.57957],[135.65294,34.57919],[135.65285,34.57806],[135.65244,34.57764],[135.64698,34.57858],[135.64535,34.57807],[135.64372,34.57699],[135.64291,34.57609],[135.64209,34.5759],[135.64103,34.57623],[135.6407,34.57713]],[[135.6702,34.60426],[135.67005,34.60448],[135.66813,34.60499],[135.66739,34.60492],[135.66751,34.60447],[135.66814,34.60423],[135.66895,34.60408],[135.6702,34.60426]],[[135.6714,34.60678],[135.67096,34.60674],[135.671,34.60651],[135.67195,34.60577],[135.6714,34.60678]],[[135.67366,34.59457],[135.67345,34.59457],[135.67363,34.59434],[135.67364,34.59435],[135.67366,34.59457]],[[135.68437,34.61286],[135.68364,34.6133],[135.68321,34.61308],[135.68301,34.61263],[135.68337,34.61227],[135.68391,34.61215],[135.68444,34.61241],[135.68437,34.61286]],[[135.69383,34.65884],[135.69383,34.65887],[135.69355,34.65886],[135.69383,34.65884]],[[135.65242,34.64621],[135.65515,34.64675],[135.65526,34.64726],[135.65487,34.64784],[135.65405,34.64814],[135.6534,34.64793],[135.6521,34.6468],[135.65215,34.64637],[135.65242,34.64621]],[[135.66032,34.63127],[135.66003,34.63263],[135.66036,34.63398],[135.66011,34.63434],[135.65765,34.63474],[135.65683,34.6345],[135.65646,34.63397],[135.65724,34.63284],[135.65769,34.63127],[135.65903,34.63075],[135.65985,34.63088],[135.66032,34.63127]]],[[[135.69568,34.67497],[135.69622,34.67542],[135.69677,34.67541],[135.69737,34.6751],[135.69746,34.67465],[135.69677,34.67405],[135.69568,34.67369],[135.69537,34.67419],[135.69568,34.67497]]],[[[135.69485,34.67862],[135.69544,34.67802],[135.6954,34.67779],[135.6947,34.67824],[135.69485,34.67862]]],[[[135.6681,34.68181],[135.66972,34.68314],[135.66979,34.68359],[135.66929,34.68426],[135.66945,34.68462],[135.67027,34.6843],[135.67174,34.68427],[135.67222,34.68337],[135.67228,34.68247],[135.67195,34.68179],[135.6711,34.68095],[135.66892,34.68081],[135.66836,34.68111],[135.6681,34.68181]]],[[[135.55891,34.75063],[135.56077,34.75302],[135.56431,34.75455],[135.56537,34.75538],[135.56704,34.75537],[135.56832,34.75494],[135.56806,34.75426],[135.56682,34.75381],[135.56487,34.75257],[135.56351,34.75229],[135.56051,34.7506],[135.55915,34.75017],[135.55891,34.75063]]],[[[135.60452,34.70886],[135.60342,34.70999],[135.60331,34.71044],[135.60515,34.71202],[135.60505,34.71292],[135.60551,34.71382],[135.60543,34.71495],[135.60682,34.71586],[135.60696,34.71676],[135.60791,34.71767],[135.60804,34.71879],[135.60899,34.71938],[135.60925,34.71992],[135.60865,34.72059],[135.60709,34.72149],[135.60622,34.72307],[135.60538,34.72397],[135.60524,34.72442],[135.60564,34.72532],[135.60441,34.72644],[135.60405,34.72779],[135.60322,34.72812],[135.60076,34.72791],[135.60021,34.72829],[135.60014,34.72913],[135.60211,34.73035],[135.60375,34.73051],[135.60484,34.73123],[135.60593,34.73148],[135.60702,34.73224],[135.60866,34.73227],[135.60928,34.73277],[135.60933,34.73389],[135.61001,34.73462],[135.61274,34.73502],[135.61383,34.73486],[135.61465,34.73509],[135.61574,34.73458],[135.61656,34.73467],[135.61707,34.73527],[135.61726,34.73617],[135.61762,34.73663],[135.62064,34.73848],[135.62228,34.73838],[135.62282,34.73862],[135.6232,34.73957],[135.62445,34.7407],[135.62499,34.74157],[135.6266,34.74274],[135.62658,34.74364],[135.62714,34.74477],[135.62683,34.74612],[135.62726,34.74702],[135.62712,34.74747],[135.62628,34.74815],[135.62622,34.74995],[135.62667,34.75085],[135.63033,34.75357],[135.63013,34.75407],[135.62878,34.75469],[135.62862,34.75537],[135.62903,34.75574],[135.63039,34.75613],[135.63203,34.7559],[135.63296,34.75673],[135.63369,34.75809],[135.63549,34.75944],[135.63621,34.76125],[135.63737,34.76283],[135.63746,34.76418],[135.63834,34.76554],[135.63817,34.76666],[135.63516,34.76913],[135.63361,34.77071],[135.63344,34.77116],[135.63452,34.77274],[135.63687,34.77287],[135.63769,34.77358],[135.63878,34.77364],[135.63971,34.7741],[135.64068,34.77546],[135.64099,34.77704],[135.64177,34.77771],[135.64313,34.77782],[135.64479,34.77953],[135.6452,34.78021],[135.64524,34.78111],[135.64612,34.78187],[135.64665,34.78337],[135.64754,34.78427],[135.64747,34.78472],[135.64616,34.78652],[135.64681,34.78787],[135.64637,34.78815],[135.64513,34.78809],[135.64397,34.78922],[135.64466,34.79012],[135.64479,34.7908],[135.64293,34.79305],[135.64331,34.79417],[135.64273,34.79462],[135.64257,34.79507],[135.64278,34.79525],[135.64333,34.79508],[135.64336,34.79417],[135.64388,34.79398],[135.64497,34.79388],[135.64552,34.79409],[135.64587,34.79508],[135.64515,34.79643],[135.64503,34.79824],[135.64648,34.79847],[135.64688,34.79914],[135.64904,34.80111],[135.64959,34.80121],[135.6499,34.80095],[135.65017,34.79983],[135.65148,34.79916],[135.65196,34.7978],[135.65327,34.79668],[135.65453,34.79514],[135.65575,34.79466],[135.65573,34.79398],[135.65595,34.79376],[135.65837,34.79247],[135.65973,34.79267],[135.6611,34.79333],[135.66198,34.79287],[135.66192,34.7922],[135.66104,34.79129],[135.66065,34.78949],[135.66145,34.78792],[135.66133,34.78679],[135.66282,34.78499],[135.66272,34.78454],[135.6618,34.78363],[135.66164,34.78318],[135.66175,34.78228],[135.66151,34.78138],[135.662,34.78093],[135.66209,34.78048],[135.66142,34.78008],[135.66033,34.78031],[135.65787,34.77978],[135.65719,34.77911],[135.65744,34.77799],[135.65537,34.77573],[135.65489,34.77556],[135.6527,34.77561],[135.65098,34.77459],[135.6504,34.77346],[135.65009,34.77188],[135.64884,34.77165],[135.64779,34.7703],[135.6482,34.76895],[135.64802,34.76782],[135.64889,34.76692],[135.6489,34.76647],[135.64837,34.76615],[135.64673,34.76597],[135.64537,34.76612],[135.64346,34.76594],[135.64233,34.7651],[135.64237,34.76447],[135.64316,34.76375],[135.64322,34.7633],[135.64292,34.76233],[135.64183,34.76193],[135.64147,34.76149],[135.64184,34.76099],[135.64403,34.75999],[135.64403,34.75935],[135.64376,34.75913],[135.64212,34.75887],[135.64208,34.75991],[135.64129,34.7604],[135.64021,34.75973],[135.63884,34.75959],[135.63808,34.75742],[135.63823,34.75585],[135.63782,34.75382],[135.63723,34.75355],[135.63559,34.75387],[135.63504,34.75368],[135.6344,34.752],[135.63315,34.75058],[135.63178,34.75026],[135.63104,34.74884],[135.63039,34.74816],[135.63054,34.74703],[135.62962,34.74613],[135.6294,34.74545],[135.6288,34.74477],[135.62877,34.74297],[135.62981,34.74185],[135.63082,34.74117],[135.63133,34.73982],[135.62883,34.73775],[135.62736,34.73688],[135.62673,34.7362],[135.62618,34.73507],[135.62475,34.73465],[135.62394,34.73397],[135.62429,34.73304],[135.62664,34.73012],[135.6257,34.72876],[135.62683,34.72809],[135.62644,34.72741],[135.62615,34.72732],[135.62553,34.72786],[135.62477,34.7256],[135.62466,34.72448],[135.6228,34.72177],[135.62272,34.72086],[135.62181,34.72063],[135.62108,34.71996],[135.62156,34.71883],[135.61882,34.71861],[135.61801,34.71755],[135.61581,34.71656],[135.61501,34.71524],[135.61365,34.71511],[135.61112,34.71294],[135.60957,34.71201],[135.60903,34.71057],[135.60691,34.70842],[135.60631,34.70837],[135.60452,34.70886]],[[135.63742,34.77205],[135.63761,34.7723],[135.63742,34.77256],[135.63716,34.77229],[135.63742,34.77205]]],[[[135.6689,34.68622],[135.66698,34.68868],[135.66562,34.68877],[135.66524,34.68899],[135.66511,34.69056],[135.66426,34.69124],[135.66478,34.69193],[135.66481,34.69259],[135.66396,34.69396],[135.66232,34.69464],[135.66013,34.69483],[135.65713,34.69632],[135.65575,34.69784],[135.65521,34.69803],[135.65412,34.69748],[135.65397,34.69526],[135.65359,34.69467],[135.65277,34.69457],[135.65236,34.69481],[135.65222,34.69526],[135.65274,34.69594],[135.65249,34.69635],[135.6503,34.69656],[135.64887,34.69548],[135.6484,34.6945],[135.64731,34.69419],[135.6462,34.69321],[135.64544,34.69321],[135.64431,34.69397],[135.64295,34.69299],[135.64186,34.69313],[135.64077,34.69245],[135.63941,34.69245],[135.63804,34.69166],[135.63695,34.69166],[135.63569,34.6907],[135.63647,34.68958],[135.63478,34.68905],[135.63447,34.68912],[135.63114,34.69272],[135.6293,34.694],[135.62794,34.69388],[135.62494,34.69213],[135.62358,34.69218],[135.62276,34.69165],[135.62113,34.69127],[135.61976,34.69144],[135.6184,34.69079],[135.6163,34.69042],[135.61603,34.69019],[135.61583,34.68929],[135.6146,34.6879],[135.61405,34.68762],[135.61342,34.68793],[135.61301,34.68883],[135.61241,34.68936],[135.61131,34.6898],[135.6094,34.69117],[135.60803,34.69132],[135.60774,34.69197],[135.60884,34.69264],[135.61048,34.69246],[135.61239,34.69274],[135.61263,34.69379],[135.61332,34.69447],[135.61347,34.69544],[135.61401,34.69582],[135.61565,34.69636],[135.61647,34.69583],[135.61776,34.69358],[135.61921,34.69335],[135.6203,34.69239],[135.62221,34.69307],[135.62303,34.6937],[135.62412,34.69384],[135.62711,34.69622],[135.62874,34.6967],[135.6316,34.6988],[135.63255,34.69988],[135.63391,34.69995],[135.63437,34.70017],[135.63498,34.70084],[135.63505,34.70152],[135.63554,34.70237],[135.63636,34.70292],[135.63799,34.70477],[135.63826,34.70476],[135.63888,34.70401],[135.6399,34.70413],[135.64153,34.70516],[135.64325,34.7074],[135.64398,34.70768],[135.64507,34.70765],[135.64589,34.70827],[135.64797,34.71147],[135.64813,34.71238],[135.64962,34.71351],[135.64973,34.71463],[135.65031,34.71554],[135.64993,34.71689],[135.6487,34.71756],[135.64865,34.71779],[135.64966,34.71865],[135.65002,34.71937],[135.64992,34.71982],[135.64917,34.72072],[135.64961,34.72252],[135.65059,34.72478],[135.65028,34.72838],[135.65153,34.72964],[135.653,34.7302],[135.65347,34.73087],[135.65288,34.73163],[135.65142,34.73199],[135.65148,34.73222],[135.65233,34.73257],[135.65275,34.73312],[135.65208,34.73447],[135.65253,34.73515],[135.65256,34.73605],[135.65287,34.73632],[135.6545,34.7365],[135.65495,34.73674],[135.65551,34.73809],[135.65688,34.739],[135.65722,34.74045],[135.65831,34.74061],[135.65866,34.74103],[135.65849,34.74328],[135.65932,34.74486],[135.65861,34.74576],[135.65848,34.74644],[135.65752,34.74734],[135.65741,34.74846],[135.65773,34.74872],[135.65997,34.74915],[135.66156,34.74769],[135.66238,34.74737],[135.66311,34.74803],[135.66421,34.74848],[135.66413,34.74961],[135.66346,34.75034],[135.66182,34.74931],[135.661,34.74937],[135.6607,34.7496],[135.6608,34.75028],[135.66242,34.75141],[135.66172,34.75231],[135.66189,34.75253],[135.66427,34.75279],[135.66571,34.75412],[135.66617,34.75491],[135.66701,34.75548],[135.66835,34.75598],[135.66999,34.75581],[135.67123,34.75616],[135.67152,34.75662],[135.67162,34.75833],[135.67189,34.75845],[135.67298,34.758],[135.67435,34.75873],[135.67544,34.75896],[135.67594,34.75978],[135.67666,34.76024],[135.67682,34.76136],[135.67745,34.76182],[135.6787,34.76222],[135.67925,34.7621],[135.68034,34.76116],[135.68444,34.76091],[135.68527,34.76003],[135.68664,34.75691],[135.68719,34.75663],[135.68992,34.7571],[135.69048,34.75667],[135.69101,34.75672],[135.69163,34.75802],[135.69112,34.75937],[135.69127,34.75955],[135.69264,34.75921],[135.69401,34.75827],[135.69456,34.75819],[135.69701,34.75896],[135.69861,34.76052],[135.69855,34.76119],[135.6974,34.76254],[135.69751,34.76502],[135.69671,34.76549],[135.69535,34.76553],[135.6949,34.76592],[135.69616,34.76664],[135.69698,34.76803],[135.69801,34.76885],[135.69779,34.76957],[135.69633,34.77065],[135.69589,34.77133],[135.69655,34.77336],[135.69703,34.77381],[135.69711,34.77426],[135.69586,34.77586],[135.69416,34.77651],[135.69373,34.77696],[135.69448,34.77739],[135.69613,34.7769],[135.69776,34.77782],[135.69802,34.77809],[135.69776,34.77919],[135.699,34.77945],[135.6993,34.78035],[135.69868,34.78148],[135.69856,34.78255],[135.69761,34.78328],[135.69787,34.78395],[135.6972,34.78576],[135.69609,34.78618],[135.69418,34.78589],[135.69227,34.78651],[135.69112,34.78822],[135.69226,34.7892],[135.69417,34.78905],[135.69608,34.78945],[135.69717,34.78932],[135.69799,34.78886],[135.69881,34.78881],[135.70182,34.78942],[135.70291,34.78985],[135.704,34.78987],[135.7043,34.79028],[135.70391,34.79096],[135.704,34.79127],[135.70509,34.7915],[135.70574,34.79209],[135.70754,34.79276],[135.70801,34.79322],[135.70671,34.79499],[135.70688,34.7957],[135.70726,34.79584],[135.70862,34.79544],[135.70972,34.79615],[135.71081,34.79614],[135.71162,34.79661],[135.71189,34.79729],[135.71179,34.79819],[135.71093,34.79931],[135.71136,34.80157],[135.71051,34.80216],[135.70887,34.80227],[135.70856,34.80269],[135.70977,34.80449],[135.71148,34.80517],[135.71181,34.80562],[135.7121,34.80765],[135.71026,34.80945],[135.71021,34.80991],[135.71049,34.81005],[135.71185,34.80976],[135.71349,34.81025],[135.71484,34.81036],[135.71622,34.81174],[135.71786,34.81195],[135.71895,34.81253],[135.72038,34.81398],[135.72045,34.81579],[135.72116,34.81646],[135.72111,34.81782],[135.72166,34.8181],[135.72248,34.81746],[135.72303,34.81736],[135.72519,34.81783],[135.72571,34.81918],[135.72475,34.82075],[135.72621,34.82166],[135.72596,34.82279],[135.72739,34.82279],[135.72902,34.8231],[135.72938,34.82369],[135.72929,34.82505],[135.72984,34.82599],[135.73065,34.82663],[135.73312,34.8255],[135.73408,34.82438],[135.73503,34.82385],[135.7364,34.82365],[135.73804,34.82448],[135.73908,34.82417],[135.74024,34.82304],[135.74015,34.82237],[135.74076,34.82147],[135.74082,34.82079],[135.74169,34.81944],[135.74216,34.81916],[135.74298,34.81919],[135.74461,34.81975],[135.74762,34.81982],[135.74926,34.8202],[135.75035,34.81982],[135.75117,34.81882],[135.75391,34.81877],[135.75449,34.81834],[135.75483,34.81766],[135.75451,34.81541],[135.75607,34.81316],[135.75666,34.81305],[135.75857,34.81327],[135.76021,34.81299],[135.76133,34.81227],[135.76268,34.81066],[135.7635,34.81042],[135.76459,34.81055],[135.76486,34.81033],[135.76477,34.80979],[135.76242,34.80731],[135.76216,34.80596],[135.76269,34.80529],[135.76384,34.80483],[135.76416,34.80393],[135.76543,34.80275],[135.76598,34.80261],[135.76734,34.80307],[135.76768,34.80281],[135.7677,34.80236],[135.76653,34.8014],[135.76489,34.80068],[135.76352,34.80047],[135.76345,34.7992],[135.76408,34.79869],[135.76743,34.79831],[135.768,34.79583],[135.76928,34.79515],[135.77037,34.79416],[135.77201,34.79417],[135.77278,34.79313],[135.77416,34.79246],[135.77426,34.79201],[135.77345,34.79088],[135.77458,34.78975],[135.77485,34.78908],[135.77408,34.78773],[135.77386,34.7866],[135.77422,34.78618],[135.77477,34.78609],[135.77542,34.78638],[135.77586,34.78696],[135.77613,34.78682],[135.77698,34.78435],[135.77687,34.78367],[135.77603,34.78277],[135.77645,34.7821],[135.77615,34.78072],[135.77524,34.78119],[135.77368,34.78296],[135.76904,34.78311],[135.76794,34.7834],[135.76701,34.78411],[135.76612,34.78523],[135.76438,34.78654],[135.76411,34.78647],[135.76387,34.78523],[135.76321,34.7841],[135.76331,34.78297],[135.76604,34.78082],[135.76741,34.77931],[135.76987,34.77872],[135.77178,34.77984],[135.77314,34.78014],[135.77376,34.78006],[135.77459,34.77826],[135.77403,34.77736],[135.77373,34.77623],[135.77406,34.77533],[135.77391,34.77398],[135.77414,34.77353],[135.77507,34.77322],[135.78081,34.77269],[135.78293,34.77084],[135.7833,34.77016],[135.78301,34.76824],[135.78129,34.76745],[135.78094,34.7661],[135.77974,34.76497],[135.77853,34.76429],[135.7792,34.76417],[135.77962,34.76385],[135.77966,34.76159],[135.7792,34.76148],[135.77811,34.76184],[135.77756,34.76169],[135.77637,34.76091],[135.77585,34.76001],[135.77612,34.75933],[135.77733,34.75843],[135.77778,34.75708],[135.7787,34.75641],[135.77827,34.7555],[135.77841,34.75438],[135.77922,34.75398],[135.78031,34.75439],[135.78134,34.75416],[135.78159,34.75303],[135.78203,34.75236],[135.78446,34.75078],[135.78456,34.74921],[135.78518,34.74853],[135.7834,34.74763],[135.7832,34.74627],[135.78249,34.74492],[135.78235,34.74357],[135.7816,34.74109],[135.77949,34.73996],[135.77772,34.73747],[135.77819,34.73657],[135.77737,34.73544],[135.77784,34.73297],[135.77873,34.73229],[135.77928,34.73141],[135.78141,34.73072],[135.78149,34.73049],[135.78088,34.72959],[135.78165,34.72869],[135.7812,34.72838],[135.77929,34.72826],[135.77756,34.72733],[135.77587,34.72507],[135.77555,34.72327],[135.77633,34.72215],[135.77668,34.72079],[135.77735,34.72012],[135.77827,34.71967],[135.77822,34.71877],[135.77728,34.71832],[135.77741,34.7179],[135.7785,34.71805],[135.77905,34.71791],[135.78069,34.71622],[135.78205,34.71589],[135.78287,34.71536],[135.78356,34.7154],[135.78478,34.71605],[135.78533,34.71598],[135.7857,34.7154],[135.78561,34.71427],[135.785,34.7136],[135.78424,34.71336],[135.78342,34.71348],[135.7826,34.7139],[135.78124,34.71339],[135.78042,34.71411],[135.7796,34.71429],[135.77851,34.71325],[135.77742,34.71356],[135.77687,34.71348],[135.77651,34.7129],[135.77644,34.7111],[135.77613,34.71065],[135.77524,34.71067],[135.77442,34.71133],[135.77388,34.71146],[135.77303,34.71087],[135.77281,34.71042],[135.77324,34.70952],[135.77275,34.70884],[135.77288,34.70771],[135.77225,34.70677],[135.77171,34.70647],[135.77034,34.70653],[135.76925,34.70621],[135.76799,34.7068],[135.76752,34.7077],[135.76488,34.70966],[135.76242,34.70959],[135.76051,34.71025],[135.7586,34.71057],[135.75801,34.71016],[135.7572,34.70904],[135.75678,34.70791],[135.75642,34.70778],[135.75533,34.7083],[135.75424,34.70837],[135.75369,34.70962],[135.7522,34.70993],[135.75052,34.71128],[135.74904,34.71118],[135.74836,34.71172],[135.74799,34.71172],[135.74802,34.70992],[135.74741,34.70976],[135.74577,34.70995],[135.74538,34.70969],[135.74628,34.70879],[135.74631,34.70789],[135.74597,34.70744],[135.74496,34.7071],[135.74448,34.70586],[135.74393,34.7054],[135.74251,34.70583],[135.7406,34.70569],[135.7395,34.70629],[135.73814,34.70537],[135.73705,34.7061],[135.73568,34.70622],[135.7335,34.70748],[135.73131,34.70742],[135.73077,34.70695],[135.73048,34.70605],[135.72941,34.70499],[135.72722,34.70379],[135.72532,34.70312],[135.72458,34.70198],[135.72342,34.70155],[135.7225,34.69995],[135.72116,34.69904],[135.72016,34.69757],[135.71852,34.69857],[135.71715,34.6982],[135.71685,34.69836],[135.71633,34.69941],[135.71469,34.69962],[135.71371,34.70038],[135.71367,34.70196],[135.71332,34.70265],[135.71195,34.70361],[135.70894,34.70494],[135.70648,34.70574],[135.70595,34.70487],[135.70507,34.70464],[135.70451,34.70396],[135.70294,34.704],[135.70185,34.70359],[135.70118,34.70486],[135.69939,34.70555],[135.69795,34.70575],[135.69745,34.70665],[135.69693,34.7069],[135.69467,34.70529],[135.69366,34.70403],[135.69126,34.7037],[135.69049,34.70303],[135.6893,34.7026],[135.68876,34.70212],[135.68837,34.69964],[135.68841,34.69829],[135.68714,34.69769],[135.68666,34.69716],[135.6868,34.69671],[135.68819,34.69603],[135.68869,34.69536],[135.68742,34.69414],[135.68661,34.69379],[135.68469,34.69432],[135.68251,34.69399],[135.68198,34.69354],[135.6817,34.69235],[135.68046,34.69128],[135.6798,34.69102],[135.67679,34.6922],[135.67488,34.69262],[135.67431,34.69194],[135.67381,34.68923],[135.67309,34.68833],[135.67244,34.68815],[135.67135,34.6883],[135.6705,34.68765],[135.66999,34.6869],[135.6689,34.68622]],[[135.66867,34.70297],[135.66911,34.70317],[135.66918,34.70319],[135.66876,34.70319],[135.66867,34.70297]],[[135.67184,34.70264],[135.67213,34.70343],[135.67117,34.70726],[135.67045,34.70755],[135.66991,34.70747],[135.66855,34.70657],[135.66729,34.70612],[135.66737,34.70567],[135.66801,34.70519],[135.6691,34.70532],[135.66964,34.70514],[135.66983,34.70432],[135.66945,34.7032],[135.67027,34.70185],[135.67102,34.70179],[135.67184,34.70264]],[[135.67577,34.70141],[135.676,34.70164],[135.67566,34.70174],[135.67552,34.70163],[135.67577,34.70141]],[[135.677,34.70727],[135.6811,34.70746],[135.68191,34.70815],[135.68209,34.70864],[135.68132,34.70931],[135.68062,34.71202],[135.68126,34.71405],[135.67916,34.71503],[135.67752,34.71416],[135.67507,34.7138],[135.67375,34.7129],[135.67352,34.71245],[135.67368,34.71155],[135.67424,34.71065],[135.67634,34.70952],[135.677,34.70727]],[[135.67944,34.69826],[135.67974,34.69849],[135.67922,34.6988],[135.67917,34.69849],[135.67944,34.69826]],[[135.69066,34.71294],[135.69008,34.71316],[135.68946,34.71271],[135.68944,34.71226],[135.68984,34.71159],[135.69036,34.71163],[135.69063,34.712],[135.69066,34.71294]],[[135.69364,34.71161],[135.69354,34.71137],[135.69364,34.71131],[135.69375,34.71137],[135.69364,34.71161]],[[135.69402,34.75595],[135.69348,34.7551],[135.69375,34.75465],[135.69429,34.75483],[135.69439,34.7551],[135.69402,34.75595]],[[135.72099,34.70828],[135.72311,34.71062],[135.72475,34.71102],[135.72668,34.7119],[135.72697,34.71371],[135.72583,34.71432],[135.72579,34.71506],[135.72692,34.71553],[135.72801,34.71653],[135.72878,34.71641],[135.72929,34.71506],[135.73074,34.71475],[135.73265,34.71547],[135.73374,34.71536],[135.73538,34.71573],[135.73636,34.71621],[135.73647,34.71666],[135.73609,34.71801],[135.73678,34.71869],[135.73707,34.72049],[135.73628,34.72184],[135.73682,34.72229],[135.73754,34.72222],[135.7387,34.72162],[135.73883,34.72027],[135.74138,34.71845],[135.74146,34.71802],[135.74093,34.71734],[135.74095,34.71689],[135.74351,34.71464],[135.74467,34.71421],[135.74521,34.71426],[135.74685,34.71514],[135.74793,34.71605],[135.7493,34.71663],[135.74984,34.71655],[135.75008,34.71623],[135.74943,34.71533],[135.74955,34.71466],[135.75012,34.71421],[135.75067,34.71414],[135.75258,34.71419],[135.7534,34.71444],[135.75585,34.71704],[135.75721,34.71658],[135.75803,34.71675],[135.75912,34.71783],[135.75878,34.71873],[135.75894,34.71896],[135.76102,34.7208],[135.76166,34.72189],[135.76347,34.72244],[135.76414,34.72302],[135.76481,34.72505],[135.76482,34.72641],[135.76458,34.72663],[135.7621,34.72633],[135.76124,34.72707],[135.76106,34.72798],[135.76301,34.72956],[135.76339,34.73114],[135.76271,34.73226],[135.76133,34.73316],[135.76071,34.7339],[135.75907,34.73414],[135.7586,34.73451],[135.75892,34.73609],[135.75856,34.73676],[135.75797,34.73691],[135.75579,34.73672],[135.75415,34.73734],[135.74842,34.73728],[135.74783,34.73696],[135.74754,34.73606],[135.74651,34.73555],[135.74487,34.73617],[135.74433,34.73601],[135.74269,34.73464],[135.7416,34.73516],[135.74051,34.7349],[135.73941,34.73506],[135.73907,34.73469],[135.73897,34.73289],[135.73861,34.7317],[135.73833,34.73157],[135.73697,34.73179],[135.73615,34.73066],[135.73424,34.73007],[135.73315,34.7301],[135.73256,34.7304],[135.73361,34.73175],[135.73232,34.73341],[135.73041,34.73382],[135.72989,34.73355],[135.72932,34.73237],[135.7285,34.73236],[135.72811,34.73332],[135.72882,34.73422],[135.72877,34.73496],[135.72649,34.73579],[135.72576,34.73651],[135.72439,34.73658],[135.72357,34.73752],[135.72193,34.7375],[135.72129,34.73646],[135.72057,34.736],[135.71783,34.73577],[135.7173,34.73532],[135.71672,34.73374],[135.71567,34.733],[135.71512,34.73296],[135.7143,34.73331],[135.71321,34.73288],[135.71157,34.73304],[135.71046,34.73147],[135.71141,34.7308],[135.71128,34.72945],[135.7105,34.72912],[135.70886,34.72936],[135.70777,34.72913],[135.70695,34.7284],[135.70586,34.72806],[135.70499,34.72718],[135.7052,34.72605],[135.70396,34.72548],[135.70312,34.72379],[135.70213,34.72311],[135.70192,34.72266],[135.70222,34.72221],[135.70357,34.72131],[135.70434,34.72019],[135.70482,34.71906],[135.70433,34.71839],[135.70444,34.71816],[135.70637,34.71726],[135.70653,34.71614],[135.70605,34.71523],[135.70618,34.71488],[135.70754,34.715],[135.70816,34.71411],[135.70973,34.71418],[135.71028,34.71402],[135.71121,34.71254],[135.7123,34.71164],[135.7122,34.71127],[135.71129,34.71074],[135.71152,34.70961],[135.71193,34.70946],[135.71411,34.70958],[135.71575,34.70879],[135.71684,34.70899],[135.71769,34.70828],[135.71958,34.70776],[135.72027,34.70783],[135.72099,34.70828]],[[135.76702,34.7218],[135.76702,34.72202],[135.76693,34.7219],[135.76702,34.7218]],[[135.77831,34.74717],[135.77651,34.74807],[135.77637,34.74784],[135.7776,34.74711],[135.77831,34.74717]],[[135.76437,34.78996],[135.76429,34.79019],[135.7641,34.79027],[135.7641,34.78975],[135.76437,34.78996]],[[135.69417,34.78868],[135.69393,34.78845],[135.69417,34.78812],[135.69439,34.78845],[135.69417,34.78868]],[[135.66425,34.72594],[135.66452,34.72595],[135.66458,34.72617],[135.6641,34.72642],[135.66425,34.72594]],[[135.6647,34.73428],[135.66489,34.7338],[135.66543,34.73406],[135.66516,34.73449],[135.6647,34.73428]],[[135.66739,34.7215],[135.66876,34.72245],[135.66985,34.72253],[135.67094,34.72312],[135.67285,34.72343],[135.67421,34.72339],[135.6753,34.72371],[135.67526,34.72395],[135.67366,34.72451],[135.67312,34.72406],[135.67148,34.72398],[135.66984,34.72358],[135.66739,34.72205],[135.6663,34.72196],[135.66575,34.7224],[135.66541,34.72234],[135.66547,34.72212],[135.66685,34.72142],[135.66739,34.7215]],[[135.67785,34.72035],[135.67886,34.72156],[135.68307,34.72306],[135.68354,34.72374],[135.67994,34.72528],[135.67825,34.72643],[135.67819,34.72733],[135.67888,34.72869],[135.67815,34.73049],[135.67859,34.73229],[135.67827,34.73257],[135.6769,34.73262],[135.67554,34.73233],[135.67522,34.73206],[135.67488,34.72958],[135.67518,34.7289],[135.67649,34.72778],[135.67753,34.72643],[135.67752,34.72508],[135.67642,34.7226],[135.67558,34.72233],[135.67421,34.72263],[135.67381,34.72236],[135.67372,34.72191],[135.67449,34.72102],[135.67571,34.72057],[135.67696,34.71908],[135.67723,34.71903],[135.67785,34.72035]],[[135.70737,34.75175],[135.70932,34.7536],[135.70924,34.75423],[135.70686,34.75462],[135.70467,34.75609],[135.70357,34.75605],[135.70139,34.7554],[135.7014,34.75393],[135.70331,34.75318],[135.70495,34.75194],[135.70633,34.75042],[135.70687,34.75051],[135.70737,34.75175]],[[135.71248,34.7903],[135.71247,34.7906],[135.71192,34.79062],[135.71102,34.79007],[135.71093,34.78962],[135.71138,34.78942],[135.71165,34.78954],[135.71248,34.7903]],[[135.71257,34.76159],[135.71393,34.76208],[135.71615,34.76236],[135.71653,34.76259],[135.71686,34.76327],[135.71584,34.76334],[135.71393,34.76216],[135.71202,34.7622],[135.71149,34.7619],[135.71175,34.76165],[135.71257,34.76159]],[[135.71853,34.76349],[135.71929,34.76507],[135.72065,34.76665],[135.72056,34.76778],[135.72019,34.76808],[135.71975,34.768],[135.71923,34.76665],[135.71715,34.76462],[135.71695,34.76327],[135.71802,34.76324],[135.71853,34.76349]],[[135.76016,34.75164],[135.76118,34.75457],[135.76229,34.75573],[135.76365,34.75618],[135.76529,34.75636],[135.76938,34.75782],[135.77102,34.75777],[135.77266,34.75709],[135.77428,34.7591],[135.77429,34.75959],[135.77375,34.75984],[135.77211,34.75974],[135.77101,34.76007],[135.77006,34.76067],[135.76927,34.76202],[135.76939,34.76473],[135.76909,34.76495],[135.76745,34.76524],[135.76633,34.76585],[135.76551,34.76743],[135.7655,34.769],[135.76389,34.76981],[135.76224,34.77131],[135.76006,34.77145],[135.75869,34.77207],[135.75787,34.77304],[135.75739,34.7744],[135.75677,34.77449],[135.75622,34.77431],[135.75545,34.77304],[135.75486,34.77259],[135.75295,34.7724],[135.75214,34.77148],[135.75077,34.77137],[135.74959,34.7719],[135.74885,34.77325],[135.74858,34.77449],[135.74721,34.77425],[135.74612,34.77482],[135.74586,34.77527],[135.74601,34.77618],[135.74584,34.77627],[135.74475,34.7757],[135.7433,34.7764],[135.74306,34.77685],[135.74325,34.77752],[135.74419,34.77843],[135.74392,34.77943],[135.74364,34.77953],[135.74255,34.77881],[135.74173,34.7789],[135.741,34.77977],[135.73979,34.78067],[135.73963,34.78112],[135.74036,34.78174],[135.74173,34.7818],[135.74254,34.78222],[135.74554,34.78452],[135.74563,34.78587],[135.74495,34.78767],[135.74475,34.78902],[135.74388,34.79049],[135.74334,34.79052],[135.74286,34.78947],[135.74225,34.78921],[135.74161,34.78946],[135.74061,34.79058],[135.73951,34.79033],[135.73897,34.79046],[135.73825,34.79194],[135.73837,34.79284],[135.73814,34.79309],[135.73729,34.79261],[135.73623,34.79044],[135.73497,34.79013],[135.73187,34.78794],[135.73105,34.7878],[135.72969,34.78832],[135.72859,34.78807],[135.72723,34.78854],[135.72675,34.78763],[135.72804,34.78696],[135.72809,34.78515],[135.72721,34.78312],[135.72711,34.78177],[135.72482,34.77996],[135.72507,34.77954],[135.72597,34.77929],[135.72627,34.77884],[135.7257,34.77681],[135.72654,34.77591],[135.72668,34.77478],[135.72527,34.77117],[135.72619,34.77087],[135.72659,34.7705],[135.72684,34.76915],[135.72631,34.76825],[135.72511,34.7675],[135.72424,34.76644],[135.72516,34.76509],[135.72377,34.76351],[135.72389,34.76283],[135.72431,34.76256],[135.72594,34.76332],[135.72731,34.76349],[135.72813,34.76275],[135.73086,34.76155],[135.73099,34.76059],[135.73142,34.75994],[135.73278,34.7596],[135.7333,34.75925],[135.7334,34.7588],[135.73269,34.75789],[135.73257,34.75722],[135.73471,34.75517],[135.73525,34.75522],[135.73562,34.75564],[135.73476,34.75812],[135.73552,34.75851],[135.73661,34.75807],[135.73716,34.75816],[135.7375,34.7588],[135.73717,34.75993],[135.7377,34.76046],[135.73824,34.76064],[135.73961,34.76015],[135.7407,34.7602],[135.74123,34.75994],[135.74183,34.75881],[135.74207,34.75746],[135.74371,34.75705],[135.74563,34.75712],[135.74726,34.7568],[135.74882,34.75522],[135.74946,34.75492],[135.75102,34.75478],[135.75218,34.75538],[135.75355,34.75576],[135.75628,34.75562],[135.75737,34.75489],[135.75796,34.75411],[135.7583,34.75321],[135.75848,34.75113],[135.7593,34.75091],[135.76016,34.75164]],[[135.66917,34.75503],[135.66945,34.75468],[135.66988,34.75481],[135.66995,34.75503],[135.66972,34.75529],[135.66917,34.75503]],[[135.67741,34.74308],[135.67832,34.74491],[135.67941,34.74537],[135.67942,34.74559],[135.67849,34.74641],[135.67712,34.74635],[135.67522,34.74576],[135.67459,34.74468],[135.67468,34.74423],[135.67522,34.74369],[135.67687,34.7428],[135.67741,34.74308]],[[135.68087,34.72734],[135.67986,34.72689],[135.67992,34.72666],[135.68076,34.72689],[135.68087,34.72734]],[[135.71998,34.78085],[135.71905,34.78121],[135.71861,34.78107],[135.71902,34.7804],[135.72015,34.78008],[135.72044,34.78018],[135.72042,34.7804],[135.71998,34.78085]],[[135.76159,34.80848],[135.76156,34.80889],[135.76049,34.80965],[135.75995,34.80946],[135.75984,34.80821],[135.76023,34.80778],[135.76159,34.80848]]],[[[135.65571,34.77518],[135.65762,34.77591],[135.65816,34.77583],[135.65844,34.77551],[135.6568,34.77417],[135.65626,34.77407],[135.65571,34.77432],[135.6556,34.77483],[135.65571,34.77518]]],[[[135.59299,34.75406],[135.59272,34.75457],[135.5933,34.75525],[135.59332,34.7557],[135.59199,34.75773],[135.59169,34.75863],[135.59101,34.7593],[135.59085,34.7602],[135.59023,34.7604],[135.58941,34.75994],[135.58886,34.75994],[135.5864,34.76152],[135.58449,34.76128],[135.58231,34.76048],[135.57986,34.7592],[135.57849,34.75906],[135.57577,34.75755],[135.57522,34.75763],[135.57513,34.7579],[135.57903,34.76012],[135.58339,34.763],[135.58703,34.76605],[135.59036,34.76967],[135.59467,34.77306],[135.59902,34.77713],[135.60062,34.77804],[135.60405,34.78137],[135.60689,34.78347],[135.6109,34.78776],[135.61384,34.79217],[135.61627,34.79867],[135.61681,34.79959],[135.61707,34.7995],[135.61717,34.79838],[135.61625,34.79612],[135.61592,34.79364],[135.61622,34.79319],[135.61714,34.79274],[135.617,34.79116],[135.61729,34.79049],[135.61795,34.79014],[135.61904,34.79035],[135.61923,34.79004],[135.61795,34.78892],[135.61659,34.78868],[135.61619,34.78823],[135.61514,34.7862],[135.61526,34.78575],[135.61615,34.78508],[135.61634,34.78463],[135.61524,34.78397],[135.61457,34.78304],[135.61481,34.78259],[135.61639,34.78147],[135.61699,34.77877],[135.61937,34.77783],[135.62019,34.77711],[135.62043,34.77653],[135.61992,34.77626],[135.61746,34.7763],[135.61564,34.77538],[135.61507,34.77403],[135.61513,34.77335],[135.61475,34.77295],[135.6142,34.77307],[135.61365,34.77379],[135.6131,34.77406],[135.61183,34.77334],[135.60929,34.77261],[135.6084,34.76995],[135.60739,34.76905],[135.60603,34.76858],[135.60515,34.76724],[135.60385,34.76625],[135.60312,34.76385],[135.60412,34.76318],[135.60469,34.76191],[135.6066,34.76093],[135.60654,34.76003],[135.60731,34.7589],[135.60717,34.75835],[135.60581,34.75776],[135.60499,34.75772],[135.6039,34.75666],[135.60281,34.75646],[135.60172,34.75591],[135.60117,34.75608],[135.60062,34.75665],[135.5998,34.75664],[135.59654,34.75468],[135.59518,34.75341],[135.59436,34.75346],[135.59299,34.75406]]],[[[135.66412,34.77958],[135.66498,34.77981],[135.66525,34.77959],[135.66551,34.77891],[135.66525,34.77861],[135.66471,34.77865],[135.66415,34.77913],[135.66412,34.77958]]],[[[135.68872,34.78441],[135.68845,34.78377],[135.6879,34.7839],[135.68788,34.78438],[135.68816,34.78461],[135.68872,34.78441]]],[[[135.68211,34.79946],[135.68154,34.80036],[135.68116,34.80149],[135.68128,34.80176],[135.68293,34.79987],[135.6842,34.79947],[135.68438,34.79902],[135.68375,34.79875],[135.68211,34.79946]]],[[[135.642,34.80138],[135.64188,34.80093],[135.64139,34.80074],[135.64117,34.80115],[135.64138,34.80161],[135.64166,34.8017],[135.642,34.80138]]],[[[135.63777,34.8061],[135.63762,34.80655],[135.63781,34.80746],[135.63945,34.80774],[135.64021,34.80746],[135.64054,34.80634],[135.64028,34.80564],[135.63973,34.80556],[135.63864,34.80606],[135.63777,34.8061]]],[[[135.62033,34.80732],[135.62169,34.80781],[135.62278,34.8086],[135.62336,34.80854],[135.62348,34.80741],[135.62197,34.80621],[135.62033,34.80635],[135.61951,34.80609],[135.61928,34.80627],[135.61946,34.80672],[135.62033,34.80732]]],[[[135.6656,34.82755],[135.66542,34.82782],[135.6656,34.82797],[135.66615,34.82786],[135.66631,34.82759],[135.6656,34.82755]]],[[[135.60809,34.83982],[135.60655,34.84139],[135.60687,34.84184],[135.60732,34.84198],[135.60962,34.84072],[135.60978,34.84027],[135.60952,34.83979],[135.60897,34.83949],[135.60809,34.83982]]],[[[135.64885,34.83724],[135.65163,34.84378],[135.65236,34.84671],[135.65267,34.84718],[135.65322,34.84736],[135.65404,34.84651],[135.65549,34.84627],[135.65566,34.84605],[135.65542,34.8447],[135.65406,34.84294],[135.65388,34.84153],[135.65279,34.83995],[135.65135,34.83905],[135.64971,34.8359],[135.64917,34.83592],[135.64869,34.83633],[135.64885,34.83724]]],[[[135.66603,34.85578],[135.66716,34.85735],[135.66844,34.86073],[135.66914,34.86186],[135.66932,34.86299],[135.6718,34.86795],[135.67335,34.86931],[135.67443,34.87089],[135.67527,34.87131],[135.67582,34.87128],[135.67613,34.87112],[135.67614,34.87067],[135.67524,34.86819],[135.67508,34.86706],[135.67452,34.86593],[135.67284,34.8638],[135.67092,34.86378],[135.67042,34.86344],[135.67151,34.86187],[135.67181,34.86029],[135.67068,34.85747],[135.66904,34.85589],[135.66741,34.85487],[135.66631,34.855],[135.66599,34.85531],[135.66603,34.85578]]],[[[135.65391,34.87016],[135.65384,34.86993],[135.6534,34.86979],[135.65279,34.86993],[135.65272,34.87015],[135.65312,34.87058],[135.65391,34.87016]]],[[[135.67525,34.87655],[135.67449,34.8781],[135.67469,34.87843],[135.67579,34.87881],[135.67661,34.87878],[135.67665,34.87811],[135.6758,34.87641],[135.67525,34.87655]]],[[[135.68334,34.88781],[135.68502,34.88985],[135.68613,34.89048],[135.68914,34.89133],[135.69051,34.89151],[135.69101,34.89121],[135.69108,34.89054],[135.69079,34.89019],[135.68887,34.88979],[135.68669,34.88876],[135.68557,34.88805],[135.68505,34.88728],[135.68352,34.88736],[135.68334,34.88781]]],[[[135.69147,34.89257],[135.69162,34.89234],[135.69105,34.89212],[135.69019,34.89211],[135.69022,34.89234],[135.69147,34.89257]]],[[[135.70636,34.89512],[135.70471,34.89531],[135.70452,34.89576],[135.70475,34.89688],[135.70416,34.89739],[135.70362,34.89731],[135.7028,34.89663],[135.70185,34.89643],[135.70116,34.89535],[135.69979,34.89518],[135.69927,34.89552],[135.69954,34.89597],[135.70252,34.8982],[135.70525,34.89997],[135.70579,34.89936],[135.70588,34.89846],[135.70635,34.89809],[135.70745,34.89779],[135.708,34.89648],[135.71217,34.89555],[135.71211,34.89532],[135.71156,34.89509],[135.70773,34.89412],[135.70718,34.89427],[135.70636,34.89512]]],[[[135.69651,34.89647],[135.69685,34.89777],[135.69621,34.89844],[135.6954,34.89854],[135.69286,34.89821],[135.69284,34.89956],[135.69315,34.90023],[135.69403,34.90093],[135.6954,34.90093],[135.69601,34.90114],[135.69633,34.90182],[135.69607,34.90317],[135.69648,34.90393],[135.69839,34.90402],[135.69878,34.90453],[135.69897,34.90543],[135.69975,34.90649],[135.70221,34.90728],[135.7025,34.90747],[135.70304,34.90882],[135.70439,34.90938],[135.7047,34.90883],[135.70576,34.90833],[135.70666,34.90748],[135.70545,34.90613],[135.7055,34.90522],[135.70687,34.9043],[135.70801,34.90388],[135.70803,34.90365],[135.70715,34.90275],[135.70696,34.90185],[135.70606,34.90124],[135.7047,34.90109],[135.70415,34.90078],[135.70252,34.89871],[135.70006,34.89758],[135.69897,34.89611],[135.6976,34.89593],[135.69705,34.89606],[135.69651,34.89647]]],[[[135.58146,34.76646],[135.57955,34.76582],[135.579,34.76591],[135.57868,34.76625],[135.57927,34.76805],[135.58048,34.76918],[135.58083,34.76986],[135.57999,34.77076],[135.58016,34.77143],[135.58001,34.77279],[135.57952,34.77436],[135.57486,34.77578],[135.57444,34.77615],[135.57405,34.77727],[135.57321,34.77773],[135.57211,34.77752],[135.56966,34.77598],[135.56841,34.77725],[135.57156,34.77902],[135.57282,34.7802],[135.57291,34.78065],[135.57237,34.78081],[135.56937,34.77928],[135.56896,34.77951],[135.5687,34.78018],[135.56877,34.78199],[135.56908,34.78252],[135.56963,34.78273],[135.57073,34.78186],[135.57127,34.78179],[135.57236,34.78236],[135.57417,34.78381],[135.57415,34.78449],[135.57294,34.78516],[135.57232,34.78583],[135.57234,34.78654],[135.5737,34.7871],[135.57536,34.78832],[135.57638,34.78878],[135.57971,34.78848],[135.58025,34.78859],[135.58065,34.78902],[135.58079,34.78969],[135.58026,34.79127],[135.58051,34.79182],[135.58143,34.7924],[135.58141,34.79375],[135.5818,34.79488],[135.58133,34.79691],[135.58004,34.79848],[135.5802,34.79916],[135.58079,34.79961],[135.58094,34.80006],[135.57872,34.80208],[135.57856,34.80276],[135.58004,34.80434],[135.58263,34.80561],[135.58387,34.80683],[135.58525,34.80774],[135.58603,34.80909],[135.58861,34.81139],[135.58986,34.81204],[135.58991,34.81294],[135.59072,34.81407],[135.59187,34.81472],[135.59259,34.81565],[135.59171,34.81677],[135.59172,34.81723],[135.59651,34.82175],[135.59757,34.82326],[135.5992,34.82407],[135.60138,34.82605],[135.6022,34.82642],[135.60397,34.82786],[135.60628,34.83068],[135.60841,34.83238],[135.60785,34.83418],[135.60806,34.83553],[135.60891,34.83644],[135.60838,34.83756],[135.6087,34.8383],[135.60952,34.8385],[135.61226,34.83706],[135.61308,34.83702],[135.61418,34.83659],[135.61581,34.83736],[135.61691,34.83697],[135.62039,34.83715],[135.62172,34.83648],[135.62293,34.83629],[135.62429,34.83671],[135.62565,34.83758],[135.62675,34.83718],[135.6292,34.8384],[135.63057,34.83838],[135.63144,34.83899],[135.63123,34.83989],[135.63165,34.84037],[135.6322,34.84064],[135.63302,34.84066],[135.63384,34.84109],[135.63479,34.84238],[135.63492,34.84323],[135.63593,34.84373],[135.63718,34.84509],[135.63723,34.84622],[135.63913,34.84758],[135.63968,34.84825],[135.6396,34.8487],[135.63879,34.8496],[135.63903,34.85073],[135.63822,34.85163],[135.63945,34.85253],[135.6401,34.85366],[135.63937,34.85456],[135.63941,34.85546],[135.63829,34.85614],[135.63894,34.85704],[135.63892,34.85749],[135.63759,34.85824],[135.6365,34.85838],[135.6354,34.85891],[135.63411,34.85905],[135.63102,34.86084],[135.6291,34.86129],[135.62855,34.86213],[135.628,34.86217],[135.62691,34.86166],[135.62609,34.86166],[135.62566,34.86196],[135.62563,34.86263],[135.62526,34.8629],[135.62308,34.86325],[135.62116,34.86401],[135.62061,34.86401],[135.61979,34.86354],[135.6187,34.86415],[135.61651,34.86478],[135.61378,34.86366],[135.6133,34.86305],[135.61286,34.86147],[135.61188,34.86078],[135.61106,34.8607],[135.60996,34.86144],[135.60723,34.86149],[135.60531,34.86082],[135.60346,34.85851],[135.60345,34.85761],[135.60273,34.85625],[135.60222,34.8558],[135.60241,34.8549],[135.60089,34.85286],[135.60102,34.85106],[135.59906,34.84813],[135.59854,34.84788],[135.59799,34.84797],[135.59662,34.84907],[135.59416,34.84913],[135.59306,34.85024],[135.59169,34.85087],[135.59115,34.85088],[135.59033,34.85022],[135.5872,34.84854],[135.58543,34.84628],[135.58246,34.84401],[135.58181,34.84288],[135.58041,34.84153],[135.57971,34.8414],[135.57889,34.84161],[135.57807,34.84141],[135.57615,34.84276],[135.57533,34.84271],[135.57424,34.84166],[135.57315,34.84121],[135.57205,34.84037],[135.57207,34.83924],[135.5707,34.8388],[135.56934,34.83786],[135.5677,34.83749],[135.56641,34.83584],[135.56639,34.83494],[135.56471,34.83425],[135.5639,34.83317],[135.56311,34.83268],[135.56287,34.83132],[135.56352,34.8302],[135.56283,34.82917],[135.56194,34.82839],[135.55711,34.82568],[135.55599,34.82454],[135.55411,34.82422],[135.55329,34.8234],[135.55247,34.82347],[135.54975,34.82128],[135.54921,34.8202],[135.54812,34.81925],[135.54758,34.81909],[135.54648,34.81963],[135.54539,34.81935],[135.54495,34.81954],[135.54429,34.82045],[135.5421,34.82109],[135.54186,34.82133],[135.5421,34.82159],[135.54346,34.82179],[135.54441,34.82269],[135.54537,34.82292],[135.54554,34.82315],[135.54537,34.82362],[135.54509,34.82371],[135.544,34.82326],[135.54291,34.82319],[135.54154,34.82406],[135.54018,34.82338],[135.53772,34.82342],[135.53662,34.82376],[135.53639,34.82356],[135.53653,34.82334],[135.53744,34.82301],[135.53778,34.82267],[135.53743,34.82221],[135.53636,34.82194],[135.53554,34.82229],[135.53373,34.82468],[135.53388,34.82513],[135.53552,34.8256],[135.53661,34.82556],[135.53712,34.82582],[135.53727,34.82762],[135.53851,34.82845],[135.53889,34.82898],[135.53895,34.82966],[135.53853,34.83078],[135.53882,34.83123],[135.53958,34.83158],[135.54068,34.83148],[135.54203,34.83215],[135.54211,34.8326],[135.54172,34.83372],[135.54312,34.83442],[135.54343,34.83486],[135.5426,34.83666],[135.54064,34.83838],[135.53982,34.83876],[135.53969,34.8398],[135.53899,34.84039],[135.53734,34.84117],[135.53625,34.84034],[135.53571,34.84059],[135.53515,34.84178],[135.53292,34.84316],[135.53158,34.84497],[135.53103,34.84513],[135.52858,34.84443],[135.52795,34.84472],[135.52772,34.84517],[135.52916,34.84742],[135.52992,34.84775],[135.53129,34.84776],[135.53156,34.84793],[135.53207,34.85082],[135.53399,34.8533],[135.53402,34.85398],[135.5332,34.85555],[135.5321,34.85668],[135.53037,34.8578],[135.53205,34.85907],[135.53451,34.85878],[135.5357,34.85939],[135.53596,34.85985],[135.53587,34.86051],[135.53465,34.86142],[135.53466,34.86164],[135.53562,34.86277],[135.5359,34.86368],[135.53576,34.86413],[135.53492,34.8648],[135.53311,34.8642],[135.53229,34.86482],[135.53065,34.86473],[135.52955,34.86544],[135.52682,34.86556],[135.52521,34.86476],[135.52533,34.86341],[135.52503,34.86296],[135.5233,34.86183],[135.52274,34.86121],[135.52219,34.86109],[135.52083,34.86116],[135.52,34.86163],[135.51863,34.86188],[135.51616,34.86423],[135.51534,34.86465],[135.5137,34.86453],[135.51178,34.865],[135.51015,34.86405],[135.50974,34.86515],[135.51005,34.86673],[135.5104,34.86716],[135.51204,34.86727],[135.51396,34.86679],[135.51586,34.86792],[135.51653,34.86924],[135.51639,34.86991],[135.51512,34.87081],[135.51466,34.87193],[135.51498,34.87329],[135.51589,34.87487],[135.51586,34.87532],[135.5139,34.87617],[135.51335,34.87719],[135.51267,34.87778],[135.51191,34.87958],[135.51224,34.87991],[135.51361,34.88003],[135.51525,34.8798],[135.51705,34.88096],[135.51825,34.88097],[135.5185,34.88119],[135.51788,34.88254],[135.51797,34.88367],[135.51877,34.88473],[135.5196,34.88464],[135.52316,34.88251],[135.52371,34.88269],[135.5239,34.88301],[135.52377,34.88391],[135.52403,34.88437],[135.52479,34.88457],[135.52589,34.8843],[135.52725,34.88456],[135.52761,34.88415],[135.52757,34.88348],[135.52699,34.88241],[135.52591,34.88144],[135.52618,34.88072],[135.52673,34.88064],[135.52755,34.88094],[135.52918,34.88198],[135.53028,34.88198],[135.53086,34.88146],[135.52988,34.87988],[135.53049,34.87808],[135.52938,34.8765],[135.52944,34.87605],[135.53086,34.87597],[135.53304,34.87639],[135.53469,34.876],[135.53606,34.87509],[135.53689,34.87303],[135.53744,34.8729],[135.53907,34.87372],[135.53976,34.87473],[135.53872,34.87608],[135.53781,34.87788],[135.53693,34.87878],[135.53675,34.87991],[135.53547,34.88058],[135.5352,34.88103],[135.53602,34.88201],[135.53724,34.88261],[135.53792,34.88393],[135.53902,34.88396],[135.53942,34.8842],[135.53983,34.88564],[135.54037,34.88599],[135.54092,34.88599],[135.54263,34.88466],[135.54369,34.88264],[135.54366,34.88174],[135.54395,34.88143],[135.54478,34.88131],[135.5456,34.88174],[135.54833,34.88232],[135.54893,34.88176],[135.54884,34.88018],[135.55015,34.87951],[135.55064,34.87861],[135.55162,34.87861],[135.55272,34.87919],[135.55436,34.87877],[135.55628,34.87863],[135.55647,34.87818],[135.55564,34.8757],[135.55672,34.87412],[135.55615,34.87344],[135.55494,34.87278],[135.55448,34.87209],[135.55438,34.87141],[135.55476,34.87028],[135.55458,34.86983],[135.5525,34.8687],[135.55211,34.86734],[135.55266,34.86599],[135.5517,34.86531],[135.55062,34.86354],[135.54925,34.86369],[135.5476,34.86438],[135.54597,34.86389],[135.54487,34.86483],[135.54213,34.86445],[135.54124,34.86573],[135.54219,34.86731],[135.54187,34.86798],[135.54129,34.86833],[135.54075,34.86829],[135.5402,34.86795],[135.53937,34.86549],[135.53941,34.86504],[135.54022,34.86392],[135.54105,34.8634],[135.54424,34.86326],[135.54543,34.86101],[135.54598,34.86105],[135.54707,34.8619],[135.54762,34.8619],[135.54855,34.86102],[135.54913,34.8608],[135.54954,34.86002],[135.55091,34.86028],[135.552,34.86023],[135.55364,34.86118],[135.55473,34.86129],[135.55555,34.86164],[135.55692,34.86157],[135.55911,34.86071],[135.56108,34.86242],[135.56078,34.86332],[135.55962,34.86444],[135.55993,34.86512],[135.56116,34.8658],[135.56126,34.86661],[135.56345,34.86738],[135.56454,34.86696],[135.56533,34.86581],[135.56564,34.8657],[135.56646,34.86569],[135.56783,34.86629],[135.57056,34.86609],[135.57084,34.86623],[135.57154,34.86989],[135.57191,34.8705],[135.57273,34.87095],[135.57369,34.87193],[135.57514,34.87216],[135.57627,34.87286],[135.57797,34.87307],[135.57805,34.8733],[135.57715,34.87397],[135.57702,34.87487],[135.57844,34.87645],[135.57891,34.87736],[135.58198,34.8789],[135.58253,34.87884],[135.58363,34.87807],[135.58456,34.87828],[135.58498,34.88008],[135.58463,34.88143],[135.58552,34.88228],[135.58716,34.88174],[135.58826,34.88196],[135.59072,34.8818],[135.59154,34.88206],[135.59265,34.88304],[135.59346,34.88417],[135.5939,34.88642],[135.59452,34.887],[135.59589,34.88686],[135.59672,34.88578],[135.59726,34.88568],[135.59726,34.8867],[135.59862,34.8872],[135.59918,34.88802],[135.59971,34.88831],[135.60081,34.88824],[135.60218,34.88737],[135.60437,34.88756],[135.60682,34.88835],[135.60901,34.88839],[135.61093,34.88789],[135.61285,34.88673],[135.61339,34.88781],[135.61475,34.88807],[135.61585,34.88854],[135.61636,34.8883],[135.61695,34.88736],[135.61886,34.88714],[135.61969,34.88673],[135.62078,34.88702],[135.62133,34.88695],[135.62215,34.88636],[135.62305,34.88606],[135.6238,34.88492],[135.62626,34.88504],[135.62872,34.88609],[135.62937,34.88676],[135.62947,34.88721],[135.62815,34.8892],[135.62544,34.89103],[135.62513,34.89216],[135.62205,34.89598],[135.6221,34.89646],[135.62347,34.89727],[135.62565,34.89763],[135.62647,34.89828],[135.62757,34.89854],[135.6311,34.89623],[135.63141,34.89498],[135.6336,34.8954],[135.63443,34.89602],[135.63437,34.89759],[135.63549,34.89917],[135.636,34.90098],[135.6371,34.90301],[135.63767,34.9033],[135.63903,34.90322],[135.64067,34.90366],[135.64122,34.90361],[135.64177,34.90327],[135.64236,34.90212],[135.64269,34.90032],[135.6425,34.89874],[135.64277,34.89829],[135.64508,34.89774],[135.64617,34.89782],[135.64726,34.89829],[135.64759,34.89876],[135.64748,34.89921],[135.64421,34.901],[135.64356,34.90213],[135.64365,34.90326],[135.64486,34.90596],[135.64465,34.9107],[135.64607,34.91431],[135.645,34.91455],[135.64465,34.91498],[135.6446,34.91655],[135.64495,34.91746],[135.64494,34.91836],[135.64541,34.91904],[135.64635,34.9194],[135.64769,34.9204],[135.64787,34.92085],[135.64743,34.92265],[135.64627,34.92377],[135.64575,34.92512],[135.64581,34.92693],[135.64456,34.92737],[135.64458,34.92918],[135.64521,34.92969],[135.64658,34.92975],[135.64849,34.93166],[135.6504,34.93177],[135.6515,34.93153],[135.65259,34.93198],[135.6545,34.93223],[135.65505,34.93249],[135.65584,34.93349],[135.65641,34.93374],[135.65724,34.93374],[135.65943,34.93317],[135.66132,34.93351],[135.66253,34.93576],[135.66461,34.93688],[135.6657,34.9387],[135.66542,34.9392],[135.66296,34.93929],[135.66077,34.93992],[135.65913,34.93912],[135.65776,34.93933],[135.65612,34.93907],[135.65561,34.93957],[135.65556,34.94123],[135.65501,34.94149],[135.65419,34.94132],[135.65365,34.94143],[135.65282,34.94212],[135.6525,34.94272],[135.65272,34.94385],[135.65309,34.94434],[135.65363,34.94442],[135.65446,34.94395],[135.655,34.94391],[135.6561,34.94409],[135.65656,34.94453],[135.65628,34.94498],[135.65527,34.94515],[135.65488,34.94543],[135.65499,34.94773],[135.65717,34.94856],[135.65827,34.94855],[135.6586,34.94882],[135.65832,34.94927],[135.65709,34.94972],[135.65634,34.951],[135.65525,34.95098],[135.65466,34.95129],[135.65448,34.95242],[135.65531,34.95332],[135.65503,34.95535],[135.65614,34.9567],[135.65614,34.95715],[135.65475,34.9594],[135.65469,34.96031],[135.6527,34.96165],[135.65273,34.96323],[135.65191,34.96399],[135.65018,34.9648],[135.64985,34.9657],[135.64989,34.9666],[135.65025,34.96712],[135.65403,34.96774],[135.65472,34.96864],[135.65413,34.9727],[135.65345,34.97405],[135.65378,34.97475],[135.65524,34.97541],[135.65562,34.97586],[135.65555,34.97699],[135.65508,34.97766],[135.65476,34.97946],[135.65521,34.98059],[135.6562,34.98149],[135.6563,34.98195],[135.65395,34.98442],[135.6539,34.98622],[135.65309,34.98735],[135.65282,34.9887],[135.65524,34.99141],[135.6559,34.99171],[135.65727,34.99181],[135.65757,34.99209],[135.65699,34.99264],[135.6548,34.99318],[135.65315,34.9945],[135.65123,34.99426],[135.64767,34.99473],[135.6461,34.99521],[135.64545,34.99566],[135.64518,34.99634],[135.64561,34.99701],[135.64572,34.99792],[135.64658,34.99837],[135.64677,34.99882],[135.64628,34.99952],[135.64432,35.00084],[135.64353,35.00263],[135.64325,35.00275],[135.64271,35.00203],[135.64161,35.0017],[135.64052,35.00203],[135.6386,35.00218],[135.6375,35.00317],[135.63695,35.00319],[135.63689,35.00285],[135.63747,35.00195],[135.63724,35.00105],[135.63379,34.99743],[135.6325,34.99652],[135.63155,34.99494],[135.6305,34.99381],[135.63027,34.99269],[135.6307,34.99197],[135.6318,34.99103],[135.63427,34.99051],[135.63463,34.99067],[135.63447,34.99225],[135.63508,34.99351],[135.63562,34.99369],[135.63809,34.99354],[135.63946,34.99436],[135.64062,34.9943],[135.64117,34.99294],[135.64256,34.99182],[135.64274,34.99115],[135.64166,34.99024],[135.63893,34.98989],[135.63834,34.98933],[135.63807,34.98865],[135.63866,34.98801],[135.63976,34.98828],[135.64152,34.98776],[135.64186,34.98731],[135.64167,34.98664],[135.64059,34.98612],[135.63949,34.98637],[135.6373,34.9862],[135.63512,34.98499],[135.63402,34.9848],[135.63394,34.98368],[135.63486,34.98256],[135.63523,34.98166],[135.63522,34.98008],[135.63489,34.97963],[135.63323,34.97875],[135.63241,34.97797],[135.63159,34.97775],[135.63022,34.97841],[135.62939,34.97955],[135.62846,34.98209],[135.62837,34.98434],[135.62761,34.98592],[135.62552,34.98739],[135.62403,34.98906],[135.6225,34.9895],[135.62168,34.98933],[135.62093,34.98883],[135.6205,34.98815],[135.621,34.98477],[135.6201,34.98296],[135.61815,34.9813],[135.61597,34.98081],[135.61549,34.98047],[135.61688,34.97912],[135.61678,34.97845],[135.61598,34.97743],[135.61516,34.97705],[135.6127,34.9773],[135.61106,34.97679],[135.60996,34.97671],[135.61039,34.97459],[135.60997,34.97407],[135.60915,34.97372],[135.60844,34.97414],[135.60849,34.97526],[135.60827,34.97549],[135.60668,34.97541],[135.60394,34.97601],[135.6012,34.97629],[135.59901,34.97727],[135.59846,34.97712],[135.59633,34.97545],[135.59491,34.97484],[135.59053,34.97443],[135.58862,34.97337],[135.58707,34.97407],[135.58632,34.97474],[135.58587,34.9765],[135.5845,34.97587],[135.58368,34.97583],[135.58094,34.97654],[135.57792,34.97848],[135.57749,34.97832],[135.57762,34.97764],[135.5774,34.97719],[135.57662,34.97674],[135.57601,34.97666],[135.57409,34.97714],[135.57267,34.97875],[135.57344,34.97988],[135.57333,34.98033],[135.57161,34.98114],[135.57065,34.98212],[135.56905,34.9873],[135.56929,34.98888],[135.56965,34.98931],[135.57293,34.98942],[135.57449,34.99363],[135.57436,34.99408],[135.57314,34.9952],[135.57207,34.99685],[135.5655,34.9957],[135.56363,34.99494],[135.56223,34.99381],[135.559,34.9947],[135.55832,34.9929],[135.55731,34.99161],[135.55591,34.99086],[135.55576,34.98928],[135.55514,34.98842],[135.55459,34.98814],[135.55404,34.98818],[135.55322,34.98866],[135.55185,34.98805],[135.55076,34.98848],[135.54939,34.98816],[135.54802,34.98856],[135.54747,34.98847],[135.54665,34.98796],[135.54587,34.98812],[135.5451,34.98902],[135.54522,34.99014],[135.54364,34.99104],[135.54334,34.99221],[135.54197,34.9924],[135.54106,34.99306],[135.54086,34.99568],[135.54003,34.9958],[135.53922,34.99506],[135.53867,34.99498],[135.5373,34.99532],[135.53662,34.99597],[135.53652,34.99665],[135.53745,34.99733],[135.53893,34.99936],[135.53868,35.00004],[135.53754,35.00055],[135.53746,35.00161],[135.53699,35.00165],[135.53639,35.00138],[135.53481,34.99972],[135.53372,34.99931],[135.53262,34.99926],[135.53045,34.99978],[135.52947,35.00113],[135.52896,35.0027],[135.52923,35.00338],[135.53042,35.00406],[135.5303,35.00429],[135.52739,35.00421],[135.52686,35.0045],[135.52643,35.0054],[135.52648,35.0063],[135.5277,35.0072],[135.52761,35.00788],[135.52709,35.00817],[135.52545,35.0083],[135.52325,35.00944],[135.52161,35.00953],[135.52051,35.01012],[135.51859,35.0099],[135.51702,35.01144],[135.51714,35.0119],[135.51795,35.01258],[135.51794,35.01348],[135.51837,35.01506],[135.51711,35.01663],[135.51575,35.0191],[135.51607,35.01963],[135.51801,35.02091],[135.5177,35.02128],[135.5155,35.02231],[135.51409,35.0236],[135.5132,35.02563],[135.51341,35.02653],[135.51322,35.02743],[135.51383,35.02799],[135.51602,35.02849],[135.51651,35.02902],[135.51683,35.02988],[135.5182,35.03023],[135.51901,35.03128],[135.51956,35.03135],[135.52038,35.03109],[135.52149,35.03015],[135.52203,35.03033],[135.52193,35.0322],[135.52268,35.03423],[135.52265,35.03536],[135.52227,35.03601],[135.52172,35.0365],[135.52008,35.03695],[135.51789,35.03671],[135.51679,35.03705],[135.51515,35.03597],[135.51406,35.03556],[135.51213,35.03618],[135.50856,35.03861],[135.50824,35.03913],[135.50882,35.04002],[135.51074,35.04036],[135.51138,35.04117],[135.51131,35.04207],[135.51035,35.0441],[135.51016,35.04624],[135.50988,35.04636],[135.50907,35.04519],[135.50825,35.04474],[135.50666,35.04476],[135.50578,35.04554],[135.50523,35.04533],[135.50414,35.0443],[135.50332,35.04427],[135.50222,35.04471],[135.50167,35.04519],[135.50144,35.04699],[135.50111,35.04735],[135.49973,35.04775],[135.49837,35.04737],[135.49782,35.04743],[135.49452,35.04944],[135.49444,35.04989],[135.49478,35.05032],[135.49752,35.05088],[135.49954,35.05217],[135.50001,35.05284],[135.50026,35.0542],[135.50098,35.05555],[135.50242,35.05594],[135.50303,35.05511],[135.50353,35.05499],[135.50437,35.05534],[135.50487,35.05602],[135.50437,35.05714],[135.50296,35.05863],[135.50243,35.05849],[135.50171,35.05736],[135.50077,35.05698],[135.49913,35.05748],[135.49802,35.05824],[135.49571,35.05868],[135.49525,35.05913],[135.49495,35.06003],[135.49527,35.06055],[135.49632,35.06117],[135.49616,35.06184],[135.49553,35.0621],[135.4928,35.06181],[135.49188,35.06227],[135.49132,35.06317],[135.4911,35.06543],[135.49303,35.06799],[135.4944,35.06867],[135.49604,35.0685],[135.49714,35.06868],[135.49932,35.07045],[135.50237,35.07178],[135.50262,35.07381],[135.50073,35.07606],[135.49923,35.07876],[135.49887,35.07988],[135.49919,35.08101],[135.50001,35.08214],[135.50425,35.08216],[135.50521,35.08103],[135.50664,35.07856],[135.50805,35.07755],[135.5086,35.07765],[135.5106,35.0788],[135.5114,35.08106],[135.51234,35.08219],[135.52114,35.08223],[135.52201,35.08191],[135.52612,35.08181],[135.527,35.08225],[135.5405,35.0823],[135.54092,35.08207],[135.54134,35.0823],[135.55989,35.08237],[135.56148,35.08189],[135.56262,35.08238],[135.56669,35.08215],[135.56711,35.0824],[135.57073,35.08241],[135.57143,35.08151],[135.57098,35.07971],[135.57135,35.077],[135.57167,35.07633],[135.57358,35.07521],[135.57495,35.07512],[135.57563,35.07544],[135.57599,35.07657],[135.57631,35.07684],[135.57796,35.07713],[135.57878,35.07683],[135.57997,35.07591],[135.5802,35.07546],[135.57927,35.07365],[135.57933,35.07253],[135.57801,35.07117],[135.57801,35.07072],[135.57852,35.07004],[135.57909,35.06982],[135.58128,35.07086],[135.58348,35.07042],[135.5843,35.0706],[135.58512,35.07113],[135.58621,35.07089],[135.58713,35.06985],[135.58714,35.0685],[135.58634,35.06737],[135.58459,35.06605],[135.58406,35.06488],[135.58488,35.06441],[135.58762,35.06376],[135.58872,35.06262],[135.58948,35.06219],[135.59037,35.06214],[135.59146,35.06248],[135.59201,35.06215],[135.59202,35.0613],[135.5895,35.05769],[135.59258,35.05813],[135.59365,35.0577],[135.59378,35.0568],[135.59313,35.05522],[135.5934,35.05409],[135.59302,35.05251],[135.59207,35.05159],[135.59042,35.05166],[135.58948,35.05115],[135.58882,35.05047],[135.58885,35.05025],[135.58961,35.04996],[135.5907,35.05029],[135.59125,35.05017],[135.59208,35.04895],[135.59287,35.04846],[135.59378,35.04688],[135.59349,35.04621],[135.59265,35.04553],[135.59292,35.04495],[135.59347,35.04485],[135.59402,35.04503],[135.59702,35.04647],[135.60031,35.04713],[135.60168,35.04812],[135.6025,35.04828],[135.60579,35.04773],[135.60634,35.04746],[135.60666,35.04693],[135.60626,35.04512],[135.608,35.04391],[135.60855,35.04396],[135.60907,35.04468],[135.60872,35.04581],[135.60881,35.04636],[135.61045,35.04724],[135.61127,35.04805],[135.61209,35.04822],[135.61291,35.04809],[135.61401,35.04703],[135.61502,35.0474],[135.61618,35.04921],[135.61536,35.05033],[135.61541,35.05078],[135.61646,35.0514],[135.61673,35.05214],[135.61727,35.05261],[135.61865,35.05263],[135.6191,35.05282],[135.61946,35.05463],[135.62,35.05517],[135.62137,35.05592],[135.62438,35.05631],[135.62795,35.0558],[135.62854,35.05511],[135.62871,35.05308],[135.62933,35.05295],[135.62988,35.05322],[135.63128,35.05489],[135.63158,35.05557],[135.63124,35.056],[135.62987,35.0558],[135.62877,35.05669],[135.62867,35.05781],[135.62927,35.05894],[135.63204,35.06109],[135.63395,35.06111],[135.63478,35.06148],[135.63615,35.06154],[135.63724,35.06124],[135.63801,35.06054],[135.63864,35.05897],[135.63837,35.05807],[135.64036,35.05717],[135.64092,35.0556],[135.64221,35.05396],[135.64276,35.05378],[135.64322,35.0547],[135.64385,35.05503],[135.64494,35.05526],[135.64583,35.05516],[135.64661,35.05471],[135.64812,35.05269],[135.65099,35.05095],[135.65148,35.05112],[135.65165,35.05157],[135.65116,35.05315],[135.65088,35.05585],[135.65152,35.05653],[135.65316,35.05673],[135.65401,35.05563],[135.65399,35.05404],[135.65427,35.0539],[135.65564,35.05432],[135.65641,35.05384],[135.65656,35.05294],[135.65756,35.05091],[135.65688,35.04956],[135.65697,35.04911],[135.6573,35.04895],[135.65881,35.05024],[135.66031,35.05071],[135.6636,35.05013],[135.66442,35.05021],[135.66515,35.05071],[135.66569,35.05206],[135.66695,35.05319],[135.6677,35.05335],[135.66946,35.0532],[135.66985,35.05275],[135.66949,35.05162],[135.67013,35.04982],[135.66854,35.04799],[135.6669,35.04696],[135.66634,35.0453],[135.66919,35.04148],[135.66994,35.04143],[135.67103,35.04263],[135.67267,35.04311],[135.67359,35.04239],[135.67359,35.04081],[135.6746,35.04036],[135.67479,35.04059],[135.67411,35.04284],[135.67459,35.04311],[135.67651,35.04272],[135.67731,35.0433],[135.67745,35.04398],[135.67648,35.04623],[135.67501,35.04735],[135.67447,35.04825],[135.67416,35.05118],[135.67482,35.05411],[135.67465,35.05501],[135.67372,35.05591],[135.67399,35.05623],[135.67481,35.05643],[135.67618,35.05726],[135.67791,35.05705],[135.67804,35.0575],[135.67765,35.05818],[135.67809,35.05866],[135.67891,35.05894],[135.68247,35.05937],[135.68545,35.0573],[135.68632,35.05706],[135.68671,35.05753],[135.68626,35.05888],[135.68697,35.05978],[135.68768,35.0599],[135.68933,35.05925],[135.69042,35.05984],[135.69097,35.05989],[135.69262,35.0595],[135.69481,35.0583],[135.69564,35.05821],[135.69665,35.0589],[135.69783,35.06116],[135.69836,35.06146],[135.70115,35.06207],[135.70285,35.0632],[135.70274,35.0642],[135.70329,35.06461],[135.70493,35.06412],[135.70685,35.06417],[135.7074,35.06387],[135.70774,35.06344],[135.7078,35.06254],[135.70706,35.06141],[135.70769,35.06047],[135.70851,35.06048],[135.70955,35.06096],[135.7097,35.06186],[135.70996,35.06209],[135.71124,35.06222],[135.71193,35.06164],[135.71199,35.06052],[135.71317,35.05989],[135.71257,35.06142],[135.71408,35.06255],[135.7148,35.06355],[135.71562,35.06405],[135.71617,35.06409],[135.71754,35.06361],[135.71807,35.06369],[135.71833,35.06549],[135.719,35.06662],[135.71945,35.06694],[135.72,35.06679],[135.72137,35.06527],[135.72303,35.06145],[135.72331,35.06121],[135.72386,35.06117],[135.72495,35.06174],[135.72569,35.06258],[135.72686,35.06281],[135.72681,35.06303],[135.72375,35.06483],[135.72274,35.06658],[135.72105,35.06775],[135.72083,35.06865],[135.72163,35.06934],[135.723,35.06958],[135.72487,35.06889],[135.72658,35.06728],[135.7274,35.06746],[135.72771,35.06799],[135.72713,35.06889],[135.72712,35.06934],[135.72851,35.07025],[135.72812,35.0716],[135.72875,35.07303],[135.73039,35.07391],[135.73313,35.07365],[135.73505,35.07406],[135.73537,35.07432],[135.73556,35.07567],[135.73651,35.07793],[135.73635,35.07973],[135.73657,35.08063],[135.73777,35.08194],[135.73914,35.08247],[135.74133,35.0827],[135.74462,35.08215],[135.74654,35.08081],[135.74955,35.08232],[135.75312,35.08258],[135.75504,35.08212],[135.75723,35.08266],[135.75942,35.08256],[135.76052,35.08226],[135.76116,35.08158],[135.76145,35.07956],[135.76107,35.07685],[135.75999,35.07593],[135.7586,35.07527],[135.75783,35.07437],[135.75671,35.07367],[135.75616,35.07354],[135.75506,35.07396],[135.75452,35.0737],[135.75405,35.07278],[135.75275,35.07143],[135.75252,35.07052],[135.7528,35.06962],[135.75316,35.0693],[135.75426,35.06915],[135.75535,35.06852],[135.75645,35.06857],[135.75782,35.06802],[135.76001,35.06863],[135.76054,35.06806],[135.76058,35.06738],[135.76111,35.06715],[135.76275,35.06873],[135.76367,35.06919],[135.76439,35.07007],[135.76713,35.07109],[135.76765,35.07078],[135.76749,35.0701],[135.76686,35.06972],[135.76495,35.06919],[135.76448,35.06874],[135.76441,35.06829],[135.76495,35.06798],[135.76742,35.06788],[135.76774,35.0674],[135.76742,35.06702],[135.76605,35.06665],[135.76596,35.06537],[135.76567,35.06492],[135.76414,35.06488],[135.76277,35.064],[135.76085,35.06347],[135.76048,35.06288],[135.76042,35.06152],[135.76012,35.06107],[135.75949,35.06102],[135.75839,35.06139],[135.75729,35.06117],[135.75666,35.06084],[135.75567,35.05904],[135.75484,35.05844],[135.75347,35.05777],[135.75076,35.05767],[135.75049,35.05542],[135.74904,35.05384],[135.74882,35.05303],[135.74773,35.05124],[135.74527,35.04894],[135.74363,35.04793],[135.74277,35.04684],[135.74216,35.04504],[135.74365,35.04307],[135.74472,35.04256],[135.74365,35.04225],[135.74254,35.04121],[135.74351,35.03895],[135.74254,35.0376],[135.74235,35.0367],[135.74278,35.03602],[135.74285,35.03512],[135.74377,35.03422],[135.74367,35.0339],[135.74285,35.03408],[135.74145,35.03512],[135.73983,35.03594],[135.73873,35.03701],[135.73764,35.03748],[135.73706,35.03849],[135.73609,35.03916],[135.73497,35.04074],[135.73406,35.04124],[135.73187,35.04137],[135.73053,35.04073],[135.72922,35.03915],[135.72969,35.03847],[135.72886,35.03849],[135.72862,35.03937],[135.72694,35.0399],[135.72557,35.03915],[135.72366,35.03879],[135.72174,35.03812],[135.72064,35.03872],[135.72009,35.03867],[135.71927,35.03824],[135.71818,35.03806],[135.71763,35.03706],[135.71626,35.0368],[135.71487,35.03731],[135.71407,35.03855],[135.7127,35.03874],[135.71132,35.03936],[135.71075,35.03911],[135.71058,35.03798],[135.70996,35.03769],[135.70914,35.03775],[135.70639,35.03866],[135.70448,35.03807],[135.70283,35.03825],[135.70147,35.03725],[135.70001,35.03728],[135.69873,35.03604],[135.69791,35.03573],[135.69698,35.03569],[135.69671,35.03524],[135.69769,35.03434],[135.69793,35.03344],[135.69801,35.03231],[135.69774,35.03164],[135.69656,35.03111],[135.6953,35.03095],[135.69492,35.02985],[135.69464,35.02971],[135.69382,35.02985],[135.69328,35.02966],[135.69296,35.02915],[135.69297,35.02824],[135.69246,35.0279],[135.69109,35.02838],[135.68917,35.02845],[135.6878,35.02902],[135.68715,35.02845],[135.68744,35.02755],[135.68698,35.02733],[135.68654,35.02755],[135.68654,35.02823],[135.6861,35.02868],[135.68451,35.02889],[135.68314,35.02871],[135.68259,35.02897],[135.68225,35.02934],[135.68211,35.03047],[135.68176,35.03083],[135.68122,35.03065],[135.68032,35.02934],[135.67876,35.02908],[135.67865,35.02933],[135.67906,35.02979],[135.67904,35.03024],[135.67765,35.03112],[135.6771,35.0312],[135.67546,35.03071],[135.6741,35.02982],[135.67273,35.02984],[135.67163,35.02904],[135.66917,35.02872],[135.66807,35.02888],[135.6667,35.0282],[135.66506,35.02879],[135.66314,35.02799],[135.66328,35.02681],[135.66233,35.02555],[135.66206,35.02541],[135.66069,35.0256],[135.65853,35.02455],[135.65848,35.02387],[135.65917,35.02297],[135.65834,35.02229],[135.65816,35.02184],[135.65896,35.02027],[135.65989,35.01959],[135.66236,35.01917],[135.66538,35.01795],[135.66634,35.01736],[135.66693,35.01646],[135.66712,35.01465],[135.66538,35.01262],[135.66517,35.01217],[135.66533,35.01194],[135.66741,35.0115],[135.67006,35.01019],[135.67159,35.00858],[135.67413,35.00701],[135.67447,35.00656],[135.67429,35.00543],[135.67361,35.0043],[135.6743,35.00295],[135.67393,35.00175],[135.67256,35.00189],[135.67037,35.00302],[135.66885,35.00294],[135.66908,35.00226],[135.67092,35.00123],[135.6723,34.99998],[135.67312,34.99957],[135.67476,34.99918],[135.67614,34.99847],[135.67669,34.9989],[135.6766,35.00048],[135.67804,35.00177],[135.67886,35.00194],[135.67996,35.00181],[135.68105,35.00239],[135.68152,35.00207],[135.68281,34.99869],[135.68313,34.99509],[135.68126,34.99238],[135.68024,34.9917],[135.68014,34.99125],[135.68057,34.9899],[135.67949,34.989],[135.67942,34.98854],[135.68029,34.98788],[135.68193,34.98797],[135.68294,34.98765],[135.68235,34.98652],[135.68276,34.98495],[135.68412,34.98427],[135.68488,34.98247],[135.6867,34.98225],[135.6869,34.98135],[135.68778,34.98045],[135.68783,34.97933],[135.68902,34.97753],[135.68792,34.9764],[135.68777,34.97347],[135.68883,34.97248],[135.69048,34.97161],[135.69159,34.97055],[135.69158,34.97025],[135.68876,34.96761],[135.68806,34.96648],[135.6864,34.96495],[135.68596,34.96422],[135.68624,34.9631],[135.6884,34.96152],[135.6886,34.96095],[135.68928,34.9604],[135.68961,34.9595],[135.68889,34.95859],[135.68964,34.9577],[135.68926,34.95702],[135.68933,34.95657],[135.68999,34.95588],[135.69081,34.95559],[135.69191,34.95563],[135.69251,34.955],[135.69241,34.95455],[135.69191,34.95422],[135.69027,34.95458],[135.68972,34.95444],[135.68961,34.95319],[135.68887,34.95183],[135.68906,34.95138],[135.69041,34.95071],[135.69146,34.94959],[135.69152,34.94914],[135.6909,34.94756],[135.69123,34.94666],[135.68925,34.94485],[135.68812,34.94448],[135.68703,34.94365],[135.68647,34.94281],[135.6876,34.94034],[135.68706,34.93943],[135.68708,34.93898],[135.68833,34.93786],[135.68842,34.93754],[135.68705,34.9365],[135.68596,34.93691],[135.68523,34.93672],[135.68284,34.93401],[135.68245,34.93289],[135.68133,34.93184],[135.67968,34.93259],[135.67844,34.9313],[135.67857,34.93085],[135.67998,34.93018],[135.68024,34.92964],[135.67864,34.92859],[135.67862,34.92814],[135.67905,34.92747],[135.67885,34.92702],[135.67861,34.92679],[135.67751,34.92659],[135.67623,34.92498],[135.67643,34.92458],[135.67777,34.92408],[135.67798,34.92363],[135.67671,34.92229],[135.67446,34.92115],[135.67461,34.92024],[135.67395,34.91821],[135.67425,34.91731],[135.67353,34.91551],[135.67386,34.91461],[135.6726,34.91348],[135.67293,34.91258],[135.67456,34.91155],[135.67594,34.91009],[135.67591,34.90943],[135.67485,34.90882],[135.67449,34.9083],[135.67449,34.90762],[135.67513,34.90652],[135.67595,34.90617],[135.67789,34.90628],[135.67811,34.90606],[135.67774,34.90515],[135.67789,34.90493],[135.67939,34.90426],[135.68029,34.90358],[135.68007,34.90346],[135.6787,34.90364],[135.67815,34.90333],[135.67767,34.90222],[135.67703,34.90155],[135.67756,34.90042],[135.67741,34.89974],[135.67513,34.89793],[135.67381,34.89527],[135.67326,34.89525],[135.67272,34.89567],[135.67213,34.89748],[135.67256,34.89996],[135.67215,34.90038],[135.67133,34.9004],[135.67058,34.89973],[135.66993,34.89837],[135.6698,34.89612],[135.66943,34.89522],[135.66749,34.89431],[135.66677,34.89318],[135.66424,34.89319],[135.6637,34.89276],[135.66355,34.89204],[135.66261,34.89159],[135.66069,34.89185],[135.6596,34.89228],[135.6585,34.89168],[135.65741,34.89206],[135.65604,34.89163],[135.65566,34.89135],[135.65516,34.88954],[135.65414,34.88833],[135.65305,34.88809],[135.65169,34.88719],[135.64977,34.88632],[135.64973,34.88524],[135.64905,34.88434],[135.64889,34.88366],[135.65118,34.88119],[135.65075,34.87984],[135.65139,34.87894],[135.6512,34.87713],[135.65228,34.87641],[135.6531,34.87619],[135.65324,34.87579],[135.65319,34.87444],[135.65293,34.87398],[135.65229,34.8735],[135.65065,34.87344],[135.65018,34.87262],[135.65053,34.8715],[135.65225,34.8697],[135.65122,34.86825],[135.6495,34.86789],[135.64861,34.86653],[135.64801,34.86495],[135.64797,34.8636],[135.6501,34.86248],[135.64979,34.86135],[135.64991,34.86068],[135.65043,34.86034],[135.65235,34.85981],[135.65398,34.86086],[135.65563,34.86006],[135.65699,34.86036],[135.65852,34.8589],[135.65919,34.85874],[135.66195,34.85913],[135.66361,34.86049],[135.66406,34.86184],[135.66464,34.86229],[135.66601,34.86164],[135.6671,34.86164],[135.66738,34.86118],[135.66574,34.85869],[135.66486,34.85599],[135.66371,34.85463],[135.66276,34.85392],[135.66058,34.85289],[135.65648,34.85168],[135.65478,34.85078],[135.6531,34.84942],[135.65045,34.84648],[135.64922,34.84445],[135.64907,34.8431],[135.64984,34.84242],[135.64946,34.84084],[135.64806,34.83902],[135.64768,34.83926],[135.64751,34.84027],[135.64697,34.83926],[135.64633,34.83745],[135.64622,34.83633],[135.64503,34.83452],[135.64397,34.83181],[135.64379,34.83069],[135.644,34.83047],[135.64454,34.83047],[135.64472,34.83001],[135.64455,34.82974],[135.644,34.8298],[135.64373,34.8296],[135.64155,34.82572],[135.64072,34.82414],[135.64025,34.82189],[135.63979,34.82098],[135.63773,34.8185],[135.63618,34.81737],[135.63368,34.81604],[135.63321,34.81623],[135.6334,34.81687],[135.63472,34.81759],[135.63496,34.81804],[135.63311,34.81937],[135.63229,34.81944],[135.6304,34.81825],[135.63014,34.81757],[135.63055,34.8169],[135.63188,34.81623],[135.63199,34.81555],[135.6317,34.8151],[135.6274,34.81377],[135.62417,34.81237],[135.62194,34.81218],[135.62112,34.81176],[135.62004,34.81069],[135.6191,34.81033],[135.61725,34.80784],[135.61659,34.80626],[135.61654,34.80514],[135.61511,34.80333],[135.61383,34.79859],[135.61274,34.79611],[135.61074,34.79272],[135.61029,34.79237],[135.60947,34.79245],[135.60921,34.79227],[135.60815,34.79046],[135.60726,34.78956],[135.60705,34.7891],[135.60777,34.7882],[135.60608,34.7864],[135.60513,34.785],[135.60146,34.78232],[135.59792,34.77893],[135.59322,34.77531],[135.58948,34.77192],[135.58853,34.77142],[135.58772,34.77057],[135.58608,34.76968],[135.58559,34.76852],[135.58282,34.76558],[135.58228,34.76539],[135.58146,34.76646]],[[135.64274,34.86803],[135.6461,34.86946],[135.64642,34.87058],[135.64628,34.87171],[135.64518,34.87294],[135.64428,34.87351],[135.64354,34.87343],[135.64054,34.87191],[135.63945,34.87161],[135.63808,34.87161],[135.63589,34.87202],[135.63525,34.87168],[135.63435,34.87055],[135.6348,34.87028],[135.6359,34.8704],[135.63808,34.87019],[135.64055,34.86955],[135.64274,34.86803]],[[135.64754,34.89065],[135.64784,34.89222],[135.64729,34.89234],[135.64587,34.89154],[135.64567,34.89109],[135.6462,34.89056],[135.64702,34.89036],[135.64754,34.89065]],[[135.64805,34.84107],[135.64814,34.84129],[135.64805,34.84157],[135.64796,34.84129],[135.64805,34.84107]],[[135.64883,34.91341],[135.64883,34.91494],[135.64828,34.9153],[135.64801,34.91529],[135.64698,34.91431],[135.64802,34.91287],[135.64883,34.91341]],[[135.65159,34.90441],[135.65159,34.90643],[135.65027,34.90823],[135.65049,34.90981],[135.65022,34.91004],[135.64913,34.90985],[135.64874,34.90935],[135.64865,34.90823],[135.64922,34.90485],[135.64997,34.90435],[135.65107,34.9041],[135.65159,34.90441]],[[135.66031,34.91736],[135.66083,34.91795],[135.65975,34.92057],[135.65729,34.921],[135.65649,34.92087],[135.65691,34.91817],[135.65718,34.91772],[135.6584,34.91734],[135.66031,34.91736]],[[135.66869,34.94452],[135.66869,34.94461],[135.66864,34.94457],[135.66869,34.94452]],[[135.67383,34.95795],[135.67285,34.95788],[135.67375,34.9572],[135.67438,34.95726],[135.67461,34.95766],[135.67383,34.95795]],[[135.68692,34.97266],[135.68653,34.97256],[135.68664,34.97239],[135.68692,34.97243],[135.68692,34.97266]],[[135.66323,35.03876],[135.66213,35.04011],[135.66172,35.04067],[135.66164,35.0392],[135.66201,35.03823],[135.66255,35.03799],[135.66338,35.03806],[135.66323,35.03876]],[[135.66572,35.03426],[135.66552,35.03358],[135.66586,35.03339],[135.66628,35.03381],[135.66613,35.03419],[135.66572,35.03426]],[[135.68653,35.04919],[135.68553,35.04926],[135.68515,35.04896],[135.6852,35.04873],[135.68635,35.0487],[135.6867,35.04896],[135.68653,35.04919]],[[135.6982,35.0526],[135.69857,35.05485],[135.69839,35.05537],[135.69709,35.05304],[135.69733,35.05259],[135.69785,35.05229],[135.6982,35.0526]],[[135.71386,35.04632],[135.71383,35.04655],[135.71157,35.04778],[135.71129,35.04769],[135.71119,35.04632],[135.71158,35.04579],[135.71267,35.04542],[135.71386,35.04632]],[[135.71564,35.05766],[135.71565,35.05726],[135.7162,35.05737],[135.71619,35.05778],[135.71564,35.05766]],[[135.73428,35.05956],[135.7339,35.05899],[135.734,35.05854],[135.73428,35.0584],[135.73458,35.05854],[135.73472,35.05899],[135.73428,35.05956]],[[135.75509,35.06609],[135.75536,35.06561],[135.75579,35.0658],[135.75563,35.0663],[135.75509,35.06609]],[[135.75843,35.06423],[135.75783,35.06471],[135.75728,35.06461],[135.75718,35.06332],[135.75784,35.06286],[135.75839,35.06289],[135.75857,35.0631],[135.75843,35.06423]],[[135.49662,35.0659],[135.49551,35.06601],[135.49535,35.06567],[135.49606,35.06538],[135.49674,35.06568],[135.49662,35.0659]],[[135.51097,35.06258],[135.51155,35.06371],[135.51151,35.06416],[135.51114,35.06433],[135.50865,35.06279],[135.50896,35.06239],[135.51097,35.06258]],[[135.52376,35.01631],[135.52348,35.01639],[135.52294,35.01598],[135.52288,35.0153],[135.52374,35.01575],[135.52376,35.01631]],[[135.56599,35.00698],[135.5653,35.00667],[135.56504,35.00599],[135.566,35.0053],[135.56619,35.00532],[135.56626,35.00667],[135.56599,35.00698]],[[135.57038,35.00692],[135.57065,35.00645],[135.57093,35.00644],[135.5711,35.00714],[135.57092,35.00734],[135.57038,35.00692]],[[135.57202,35.00609],[135.57136,35.00601],[135.57135,35.00579],[135.57175,35.00553],[135.57248,35.00557],[135.57257,35.00588],[135.57202,35.00609]],[[135.58495,34.99457],[135.58685,34.9957],[135.58672,34.99615],[135.58604,34.99628],[135.5855,34.9961],[135.58483,34.99547],[135.58495,34.99457]],[[135.58763,34.99751],[135.58768,34.99699],[135.58831,34.99728],[135.58795,34.99761],[135.58763,34.99751]],[[135.58971,34.99842],[135.59014,34.99825],[135.59045,34.99864],[135.58986,34.99867],[135.58971,34.99842]],[[135.59297,34.98042],[135.59624,34.9832],[135.59815,34.98426],[135.59874,34.98583],[135.59759,34.98681],[135.59706,34.98672],[135.59504,34.98536],[135.59178,34.98152],[135.59185,34.98084],[135.59242,34.98036],[135.59297,34.98042]],[[135.60013,34.99191],[135.60013,34.99146],[135.60075,34.99147],[135.60075,34.99192],[135.60013,34.99191]],[[135.60411,34.99795],[135.60684,35.00015],[135.60766,35.0002],[135.60903,34.99988],[135.61396,35.00055],[135.61446,35.00165],[135.61526,35.00233],[135.61559,35.00293],[135.61641,35.00324],[135.61688,35.00369],[135.61585,35.00528],[135.6164,35.00558],[135.61777,35.0057],[135.61859,35.00621],[135.61867,35.00685],[135.61785,35.00797],[135.61967,35.00904],[135.61992,35.00956],[135.61937,35.01136],[135.61884,35.01165],[135.61774,35.0118],[135.61756,35.01203],[135.61764,35.01293],[135.61738,35.01383],[135.61764,35.01428],[135.61863,35.01474],[135.61889,35.01541],[135.61851,35.01586],[135.61635,35.01624],[135.6147,35.01686],[135.61452,35.0172],[135.61459,35.01968],[135.61495,35.02058],[135.61593,35.02171],[135.61733,35.02239],[135.61743,35.02285],[135.6144,35.02328],[135.6118,35.02508],[135.61082,35.02612],[135.61027,35.02629],[135.60945,35.02605],[135.60855,35.02485],[135.60833,35.02146],[135.61023,35.01877],[135.61045,35.01719],[135.60828,35.0156],[135.60731,35.01543],[135.6043,35.01573],[135.6021,35.01649],[135.59935,35.01913],[135.59688,35.01959],[135.5959,35.0203],[135.59431,35.02097],[135.59398,35.02142],[135.59428,35.02232],[135.59419,35.02277],[135.5931,35.02367],[135.5922,35.02387],[135.59165,35.02455],[135.59001,35.02527],[135.58864,35.02512],[135.58754,35.0254],[135.58672,35.02503],[135.58562,35.02487],[135.58481,35.02349],[135.58152,35.02416],[135.5785,35.02446],[135.57713,35.02485],[135.57467,35.02456],[135.57453,35.02428],[135.57536,35.02248],[135.57513,35.02203],[135.57441,35.02187],[135.57358,35.02198],[135.57259,35.02247],[135.57255,35.02405],[135.57083,35.02486],[135.57028,35.02474],[135.56964,35.02359],[135.56865,35.02315],[135.5681,35.02323],[135.56777,35.02403],[135.56974,35.02629],[135.56917,35.02815],[135.56786,35.02922],[135.56746,35.02989],[135.5639,35.03348],[135.56196,35.03595],[135.55683,35.0436],[135.55703,35.0439],[135.55812,35.044],[135.55856,35.04428],[135.55939,35.04541],[135.55929,35.04654],[135.56026,35.04699],[135.56057,35.04752],[135.56173,35.04835],[135.5617,35.0488],[135.561,35.0497],[135.56197,35.05128],[135.56193,35.05241],[135.56318,35.05444],[135.56108,35.05587],[135.55998,35.05623],[135.55805,35.05762],[135.55627,35.05825],[135.55539,35.05914],[135.55308,35.06049],[135.55145,35.06102],[135.55091,35.06091],[135.54954,35.06005],[135.54762,35.06022],[135.54706,35.06046],[135.54699,35.06092],[135.54762,35.06117],[135.54899,35.06041],[135.5495,35.06047],[135.54931,35.06092],[135.54794,35.06182],[135.54706,35.06283],[135.54386,35.06473],[135.54346,35.06518],[135.54466,35.06609],[135.54466,35.06857],[135.54671,35.07015],[135.54732,35.07151],[135.54582,35.07466],[135.545,35.07533],[135.54542,35.07623],[135.54532,35.07691],[135.54396,35.07784],[135.54232,35.07747],[135.54094,35.07872],[135.54012,35.0791],[135.53929,35.07915],[135.5382,35.07858],[135.53793,35.07865],[135.53755,35.07981],[135.53682,35.08032],[135.53627,35.08031],[135.53545,35.07986],[135.53422,35.0798],[135.53244,35.07878],[135.53053,35.07812],[135.52892,35.07888],[135.52775,35.08067],[135.52695,35.08099],[135.52503,35.08054],[135.52366,35.08048],[135.52284,35.07997],[135.52037,35.07975],[135.51847,35.07906],[135.51786,35.07703],[135.51738,35.07656],[135.51707,35.07567],[135.51766,35.07513],[135.51903,35.07501],[135.51938,35.07478],[135.51951,35.07433],[135.51876,35.07343],[135.51904,35.07266],[135.52236,35.07096],[135.52239,35.07051],[135.52148,35.06893],[135.52275,35.06533],[135.52287,35.06375],[135.52541,35.06182],[135.52724,35.06152],[135.52706,35.06102],[135.52501,35.06038],[135.52446,35.0597],[135.5245,35.05925],[135.52545,35.05858],[135.52632,35.05701],[135.52627,35.05582],[135.52654,35.05566],[135.52709,35.05581],[135.53173,35.05937],[135.53365,35.05873],[135.53557,35.05916],[135.53639,35.05905],[135.53793,35.05705],[135.53761,35.0557],[135.53579,35.05344],[135.53456,35.05276],[135.53453,35.0523],[135.53534,35.05174],[135.53534,35.05146],[135.53479,35.05138],[135.53314,35.05218],[135.53224,35.05184],[135.53211,35.05139],[135.53249,35.05027],[135.53204,35.04914],[135.53342,35.04689],[135.53505,35.04555],[135.53418,35.04442],[135.53417,35.04351],[135.53566,35.04295],[135.53621,35.04213],[135.53924,35.04038],[135.5408,35.04038],[135.54138,35.03994],[135.54135,35.03881],[135.54068,35.03813],[135.54,35.03587],[135.54096,35.03407],[135.5401,35.03303],[135.54005,35.03227],[135.53972,35.03182],[135.53792,35.0308],[135.53699,35.03135],[135.53624,35.03248],[135.53613,35.03383],[135.53639,35.03473],[135.53783,35.03654],[135.5374,35.03924],[135.53705,35.03962],[135.5354,35.0398],[135.53238,35.04082],[135.52965,35.04046],[135.52718,35.04107],[135.52569,35.04213],[135.5247,35.04352],[135.52291,35.04527],[135.52221,35.04651],[135.52194,35.04658],[135.51958,35.04526],[135.51893,35.04323],[135.51912,35.04278],[135.52087,35.04214],[135.52201,35.04121],[135.52296,35.03851],[135.52555,35.03756],[135.52748,35.03552],[135.52886,35.03479],[135.53133,35.03296],[135.53223,35.03179],[135.53438,35.02767],[135.53657,35.02683],[135.53739,35.02692],[135.53824,35.0273],[135.53863,35.02776],[135.53848,35.02941],[135.53875,35.02957],[135.53985,35.02938],[135.54232,35.02751],[135.54452,35.02678],[135.54493,35.02575],[135.54585,35.02508],[135.54582,35.02373],[135.54646,35.02329],[135.54755,35.02306],[135.5476,35.0217],[135.54866,35.02107],[135.54976,35.02],[135.55168,35.02003],[135.55285,35.0197],[135.55388,35.01909],[135.55452,35.01925],[135.55551,35.02026],[135.55634,35.01992],[135.55716,35.01989],[135.55826,35.01904],[135.55908,35.01899],[135.56041,35.01972],[135.56154,35.01958],[135.56236,35.02065],[135.56324,35.02018],[135.564,35.02019],[135.56619,35.02178],[135.56728,35.02183],[135.5677,35.02133],[135.56769,35.02088],[135.56666,35.01997],[135.56634,35.01884],[135.56566,35.01816],[135.56656,35.01682],[135.56597,35.01569],[135.56631,35.01388],[135.56565,35.01253],[135.56651,35.01193],[135.56788,35.01195],[135.56898,35.01146],[135.57008,35.01128],[135.57146,35.00928],[135.57213,35.00872],[135.57223,35.00782],[135.57256,35.00745],[135.57421,35.00729],[135.57572,35.00671],[135.57666,35.00558],[135.57723,35.00536],[135.5786,35.00593],[135.57955,35.00582],[135.58079,35.00493],[135.58217,35.00327],[135.58409,35.00348],[135.58491,35.00337],[135.586,35.00432],[135.58737,35.00479],[135.58846,35.00475],[135.5909,35.00383],[135.59176,35.00278],[135.59258,35.00247],[135.59268,35.00136],[135.5947,34.99933],[135.59671,34.99828],[135.59945,34.99846],[135.60051,34.99778],[135.60159,34.99778],[135.60274,34.99736],[135.60411,34.99795]],[[135.60351,34.98269],[135.60391,34.98248],[135.6042,34.98291],[135.60363,34.983],[135.60351,34.98269]],[[135.60767,34.98608],[135.60718,34.98663],[135.60608,34.98656],[135.60576,34.9863],[135.60571,34.98562],[135.60609,34.98533],[135.60746,34.98511],[135.60779,34.9854],[135.60767,34.98608]],[[135.61471,34.97934],[135.61382,34.97934],[135.61317,34.97911],[135.61335,34.97889],[135.61461,34.97889],[135.61471,34.97934]],[[135.61564,34.99715],[135.61559,34.99715],[135.61562,34.99711],[135.61564,34.99715]],[[135.62291,35.01921],[135.62291,35.01842],[135.62346,35.01819],[135.62353,35.01858],[135.62291,35.01921]],[[135.62736,34.99854],[135.62805,35.00057],[135.62831,35.0035],[135.62818,35.00413],[135.62791,35.00422],[135.62586,35.00214],[135.62366,35.00078],[135.62337,35.00033],[135.62492,34.99832],[135.62684,34.99825],[135.62736,34.99854]],[[135.64047,35.0112],[135.6352,35.01546],[135.63508,35.01591],[135.63539,35.01682],[135.63658,35.01862],[135.63825,35.01908],[135.63852,35.01885],[135.63845,35.01818],[135.63881,35.01758],[135.64045,35.01686],[135.64292,35.01523],[135.64457,35.01467],[135.64595,35.01345],[135.64649,35.01343],[135.64814,35.01393],[135.65084,35.01573],[135.65041,35.01709],[135.65053,35.01776],[135.65113,35.01854],[135.65259,35.01957],[135.654,35.02205],[135.65399,35.02296],[135.65357,35.02393],[135.65436,35.02386],[135.65494,35.02328],[135.65549,35.0231],[135.6566,35.02432],[135.6566,35.02477],[135.65607,35.02567],[135.65446,35.02724],[135.65413,35.02927],[135.65335,35.03039],[135.65377,35.03197],[135.65466,35.03332],[135.65384,35.03445],[135.65436,35.03558],[135.65432,35.03603],[135.65379,35.03651],[135.65187,35.03737],[135.65105,35.03736],[135.64968,35.03621],[135.64777,35.03631],[135.6465,35.03578],[135.64602,35.0351],[135.64629,35.03375],[135.64559,35.03297],[135.64378,35.03487],[135.64201,35.03561],[135.6411,35.03531],[135.6401,35.0338],[135.63791,35.03389],[135.63709,35.0332],[135.636,35.03283],[135.63462,35.03374],[135.63298,35.03326],[135.63245,35.03281],[135.63259,35.03191],[135.63327,35.03125],[135.63435,35.03079],[135.63495,35.02966],[135.63495,35.02718],[135.63592,35.02628],[135.6364,35.02516],[135.63642,35.022],[135.63578,35.021],[135.63496,35.02034],[135.63441,35.02019],[135.63331,35.02071],[135.63048,35.02108],[135.6305,35.02153],[135.63093,35.02199],[135.6311,35.02463],[135.63056,35.02454],[135.62919,35.02338],[135.62861,35.0222],[135.62818,35.01972],[135.62991,35.01545],[135.62979,35.01432],[135.63143,35.01213],[135.63362,35.01257],[135.63527,35.01233],[135.64021,35.0103],[135.64067,35.01052],[135.64047,35.0112]],[[135.65215,35.00132],[135.65092,35.00298],[135.65037,35.00328],[135.64987,35.00311],[135.64954,35.00198],[135.65066,35.0005],[135.65121,35.0004],[135.65203,35.00063],[135.65215,35.00132]],[[135.65825,35.01801],[135.65825,35.01802],[135.65825,35.01801],[135.65825,35.01801]],[[135.65991,34.94787],[135.65937,34.94773],[135.6591,34.94676],[135.65998,34.94725],[135.66013,34.9477],[135.65991,34.94787]],[[135.66019,34.99029],[135.66059,34.99007],[135.66082,34.99052],[135.66028,34.99065],[135.66019,34.99029]],[[135.66355,34.99609],[135.66628,34.99662],[135.6664,34.99685],[135.66216,35.00008],[135.66024,35.0014],[135.65969,35.00149],[135.6601,34.99999],[135.66008,34.99796],[135.66273,34.99621],[135.66355,34.99609]],[[135.5416,34.88128],[135.54177,34.8808],[135.54227,34.88083],[135.54204,34.88139],[135.54177,34.88148],[135.5416,34.88128]],[[135.5351,34.85191],[135.5351,34.85198],[135.53488,34.85195],[135.5351,34.85191]],[[135.53804,34.84633],[135.53703,34.84835],[135.53566,34.84821],[135.53522,34.8479],[135.53567,34.84715],[135.53786,34.84587],[135.53804,34.84633]],[[135.54188,34.82696],[135.5407,34.82727],[135.54029,34.82673],[135.5418,34.82666],[135.54188,34.82696]],[[135.55078,34.83286],[135.55078,34.83286],[135.55077,34.83286],[135.55078,34.83286]],[[135.55158,34.83608],[135.55113,34.83601],[135.55099,34.83579],[135.55186,34.83537],[135.55213,34.83579],[135.55158,34.83608]],[[135.55916,34.84168],[135.55921,34.84123],[135.55976,34.84068],[135.55991,34.84123],[135.55916,34.84168]],[[135.57032,34.86268],[135.56946,34.862],[135.56977,34.86163],[135.57031,34.86151],[135.57059,34.86157],[135.57077,34.862],[135.57032,34.86268]],[[135.57161,34.85615],[135.57198,34.85608],[135.57204,34.8566],[135.57171,34.85648],[135.57161,34.85615]],[[135.57875,34.86989],[135.57847,34.86995],[135.57845,34.86992],[135.57875,34.86989]],[[135.58006,34.87263],[135.57844,34.87285],[135.57901,34.87238],[135.57983,34.87233],[135.58006,34.87263]],[[135.57992,34.85481],[135.58018,34.85437],[135.58019,34.85435],[135.58019,34.85525],[135.57992,34.85481]],[[135.58049,34.85415],[135.58041,34.85415],[135.58047,34.85402],[135.58049,34.85415]],[[135.5871,34.8544],[135.58648,34.85521],[135.58634,34.85507],[135.58641,34.85417],[135.58676,34.8539],[135.5871,34.8544]],[[135.61451,34.88186],[135.61351,34.88378],[135.61373,34.88513],[135.61312,34.8866],[135.61292,34.88581],[135.61149,34.88482],[135.61128,34.88445],[135.61261,34.88333],[135.61334,34.88108],[135.61452,34.881],[135.61451,34.88186]],[[135.62991,34.86386],[135.62939,34.86355],[135.62964,34.86314],[135.63019,34.86293],[135.6305,34.86333],[135.62991,34.86386]],[[135.63256,34.88204],[135.63481,34.88475],[135.63583,34.88523],[135.6372,34.88543],[135.63954,34.88702],[135.63965,34.88747],[135.6391,34.8884],[135.63855,34.88844],[135.63719,34.88784],[135.63547,34.88768],[135.63446,34.88559],[135.63146,34.88303],[135.63119,34.88246],[135.63147,34.8822],[135.63256,34.88204]],[[135.63887,34.87758],[135.64215,34.87888],[135.64269,34.87935],[135.64311,34.88049],[135.64269,34.88101],[135.64186,34.88115],[135.63963,34.88026],[135.6391,34.8798],[135.63814,34.87822],[135.63834,34.87777],[135.63887,34.87758]],[[135.67387,34.99123],[135.6726,34.99305],[135.67068,34.99364],[135.67093,34.9928],[135.67261,34.99103],[135.67315,34.99094],[135.67387,34.99123]],[[135.52356,35.05008],[135.52356,35.04974],[135.52439,35.04979],[135.52411,35.05012],[135.52356,35.05008]],[[135.56018,35.0691],[135.56321,35.06909],[135.56319,35.06931],[135.56222,35.07021],[135.56017,35.07155],[135.55948,35.07155],[135.55932,35.07133],[135.55954,35.06998],[135.56018,35.0691]],[[135.56733,35.06474],[135.56761,35.06527],[135.56704,35.06801],[135.56622,35.0686],[135.56484,35.06864],[135.56432,35.06797],[135.56542,35.06729],[135.56588,35.06662],[135.56566,35.06617],[135.56469,35.06549],[135.56463,35.06481],[135.56541,35.06452],[135.56733,35.06474]],[[135.57201,35.06167],[135.57201,35.06169],[135.572,35.06168],[135.57201,35.06167]],[[135.57508,35.0497],[135.57483,35.04952],[135.57509,35.04928],[135.57524,35.04952],[135.57508,35.0497]],[[135.58552,35.04495],[135.5852,35.0446],[135.58553,35.04413],[135.58608,35.0446],[135.58552,35.04495]],[[135.587,35.04889],[135.58742,35.04893],[135.58742,35.04943],[135.58688,35.04911],[135.587,35.04889]],[[135.61308,35.03455],[135.61353,35.03523],[135.61353,35.03568],[135.61269,35.03685],[135.61214,35.03654],[135.61137,35.03409],[135.61151,35.03387],[135.61188,35.03386],[135.61308,35.03455]],[[135.6209,35.02781],[135.62165,35.02894],[135.62181,35.03097],[135.62148,35.03125],[135.61902,35.03152],[135.6168,35.02983],[135.61678,35.02915],[135.61739,35.0284],[135.61904,35.02736],[135.62013,35.02729],[135.6209,35.02781]],[[135.63025,35.03121],[135.62971,35.03167],[135.62915,35.03163],[135.6288,35.03122],[135.62889,35.03028],[135.62916,35.03012],[135.62971,35.03031],[135.63025,35.03121]],[[135.63375,35.0459],[135.63302,35.04588],[135.63348,35.04539],[135.6343,35.04529],[135.63433,35.04566],[135.63375,35.0459]],[[135.6363,35.05806],[135.63601,35.05761],[135.63616,35.05732],[135.63682,35.05806],[135.6363,35.05806]],[[135.66518,35.00563],[135.66514,35.00563],[135.66515,35.00561],[135.66518,35.00563]],[[135.58011,34.8712],[135.58023,34.8715],[135.57983,34.87172],[135.57974,34.87127],[135.58011,34.8712]],[[135.58773,35.05543],[135.58875,35.05741],[135.58683,35.05771],[135.58538,35.05609],[135.5853,35.05542],[135.58575,35.05499],[135.58657,35.05486],[135.58724,35.05497],[135.58773,35.05543]]],[[[135.70489,35.00018],[135.70434,35.00013],[135.70384,35.00055],[135.70351,35.00145],[135.70379,35.00175],[135.70434,35.00168],[135.70516,35.00096],[135.70571,35.0009],[135.707,35.00146],[135.707,35.00259],[135.70762,35.00315],[135.70816,35.00299],[135.70938,35.00192],[135.7091,35.00146],[135.70626,34.99926],[135.70571,34.99938],[135.70544,34.99995],[135.70489,35.00018]]],[[[135.79349,34.37801],[135.79299,34.37774],[135.79257,34.37801],[135.79299,34.3784],[135.79349,34.37801]]],[[[135.77332,34.38429],[135.77284,34.38699],[135.77297,34.38744],[135.77366,34.38765],[135.77502,34.38748],[135.77584,34.38879],[135.77688,34.38858],[135.77705,34.38813],[135.77623,34.38632],[135.77584,34.38601],[135.7744,34.38564],[135.7741,34.38519],[135.77401,34.38406],[135.77367,34.38389],[135.77332,34.38429]]],[[[135.78098,34.4535],[135.78083,34.45501],[135.77919,34.45555],[135.77686,34.45529],[135.77512,34.45347],[135.77185,34.454],[135.77017,34.45844],[135.76995,34.46024],[135.76831,34.46204],[135.76865,34.46317],[135.76855,34.46384],[135.76541,34.46609],[135.76338,34.46606],[135.76067,34.46447],[135.76012,34.46447],[135.75876,34.4653],[135.75809,34.46608],[135.75799,34.46675],[135.75846,34.46788],[135.75793,34.46892],[135.75739,34.46894],[135.75602,34.46995],[135.75385,34.46973],[135.75303,34.46989],[135.74976,34.47258],[135.74894,34.47238],[135.74826,34.47146],[135.74623,34.47012],[135.74568,34.47007],[135.74541,34.47025],[135.74469,34.47123],[135.74839,34.47433],[135.74859,34.47485],[135.7473,34.47595],[135.74638,34.47619],[135.74642,34.47687],[135.74722,34.47777],[135.74632,34.47867],[135.74625,34.4798],[135.74534,34.48093],[135.74646,34.48228],[135.74654,34.48273],[135.74619,34.48328],[135.74436,34.48475],[135.74482,34.48593],[135.74536,34.48619],[135.74645,34.48613],[135.74808,34.48703],[135.74917,34.48734],[135.75104,34.48612],[135.75217,34.485],[135.75281,34.48477],[135.75353,34.4841],[135.75408,34.48398],[135.7547,34.48432],[135.75544,34.48549],[135.75652,34.4855],[135.75734,34.48435],[135.75816,34.484],[135.7598,34.48277],[135.76143,34.48254],[135.76157,34.48141],[135.76198,34.48088],[135.7658,34.47895],[135.76672,34.47916],[135.76731,34.48029],[135.7677,34.48053],[135.76879,34.4805],[135.76958,34.4794],[135.77042,34.47906],[135.77178,34.47934],[135.77287,34.48074],[135.77341,34.48077],[135.77314,34.47934],[135.77641,34.47793],[135.77751,34.47504],[135.7786,34.47489],[135.77886,34.47468],[135.77876,34.47423],[135.77915,34.47402],[135.77993,34.47491],[135.78118,34.47491],[135.78136,34.47446],[135.78108,34.47356],[135.77997,34.4729],[135.77848,34.4713],[135.77803,34.46994],[135.7781,34.46949],[135.77927,34.46859],[135.78025,34.46722],[135.78379,34.46787],[135.78384,34.46748],[135.78291,34.46635],[135.78239,34.46499],[135.78269,34.46454],[135.78407,34.46373],[135.78489,34.46296],[135.78543,34.46281],[135.78679,34.46346],[135.78837,34.4632],[135.78877,34.46275],[135.78843,34.46215],[135.78699,34.46185],[135.78673,34.46072],[135.78563,34.45959],[135.7856,34.45824],[135.7844,34.45756],[135.78442,34.45553],[135.78386,34.45418],[135.78414,34.45373],[135.78542,34.45283],[135.78542,34.45238],[135.7841,34.45171],[135.78193,34.4518],[135.78143,34.45215],[135.78098,34.4535]],[[135.75802,34.46901],[135.75842,34.46923],[135.7582,34.46956],[135.75793,34.46936],[135.75802,34.46901]]],[[[135.77854,34.49886],[135.77799,34.49836],[135.77759,34.49834],[135.77741,34.49879],[135.77796,34.4997],[135.7778,34.50015],[135.7769,34.50082],[135.7759,34.50104],[135.77569,34.50149],[135.7759,34.5024],[135.77734,34.5033],[135.77744,34.5042],[135.7777,34.50447],[135.77852,34.50408],[135.78027,34.5024],[135.78047,34.50105],[135.78262,34.50015],[135.78302,34.4997],[135.7818,34.49854],[135.78072,34.49807],[135.78017,34.4981],[135.77908,34.49897],[135.77854,34.49886]]],[[[135.76511,34.52913],[135.76391,34.53055],[135.76428,34.53167],[135.76412,34.53325],[135.76374,34.53378],[135.7621,34.53485],[135.7604,34.5337],[135.76026,34.53324],[135.76047,34.53243],[135.75993,34.53195],[135.75938,34.53205],[135.75802,34.53301],[135.75747,34.53307],[135.75695,34.53279],[135.75556,34.53098],[135.75422,34.52991],[135.7534,34.52956],[135.74877,34.52977],[135.74736,34.53142],[135.74639,34.53186],[135.7444,34.53373],[135.74276,34.53428],[135.74246,34.53524],[135.74147,34.53614],[135.74168,34.53726],[135.74153,34.53749],[135.74057,34.53773],[135.73976,34.53827],[135.73867,34.53828],[135.73785,34.53799],[135.73703,34.53842],[135.73621,34.53852],[135.73567,34.5384],[135.73513,34.53793],[135.73322,34.53786],[135.73213,34.53854],[135.73104,34.53869],[135.72995,34.54013],[135.72886,34.54019],[135.72863,34.54039],[135.72896,34.54152],[135.72755,34.54264],[135.72743,34.54377],[135.72651,34.54467],[135.72572,34.54624],[135.72529,34.54638],[135.72448,34.54604],[135.72311,34.54678],[135.72278,34.54714],[135.7228,34.54804],[135.72256,34.5484],[135.72066,34.54826],[135.7193,34.54742],[135.71794,34.54755],[135.71755,34.5478],[135.7173,34.54893],[135.71628,34.54983],[135.71611,34.55096],[135.71574,34.55142],[135.71493,34.55158],[135.71329,34.55059],[135.71263,34.55072],[135.71152,34.55342],[135.71192,34.55372],[135.7135,34.55388],[135.71343,34.55501],[135.71441,34.55591],[135.71403,34.55771],[135.71535,34.55907],[135.71635,34.55975],[135.71689,34.56065],[135.71677,34.56132],[135.71598,34.56184],[135.71585,34.56222],[135.716,34.56268],[135.71676,34.56335],[135.71681,34.5638],[135.71515,34.56432],[135.71391,34.56605],[135.71406,34.56629],[135.71515,34.56656],[135.71561,34.56718],[135.7155,34.56898],[135.7148,34.57101],[135.71607,34.57147],[135.71657,34.57237],[135.7173,34.57304],[135.71843,34.5735],[135.71819,34.57575],[135.71838,34.5762],[135.72084,34.57619],[135.72287,34.57441],[135.72319,34.57374],[135.7226,34.57283],[135.72276,34.57214],[135.72385,34.57258],[135.72467,34.57174],[135.72521,34.57155],[135.72766,34.57204],[135.72903,34.5719],[135.72923,34.5715],[135.72895,34.57104],[135.72751,34.57036],[135.72764,34.56969],[135.72985,34.5681],[135.73133,34.56744],[135.73231,34.56628],[135.73286,34.56613],[135.73422,34.5665],[135.73531,34.56621],[135.7364,34.56686],[135.73894,34.56611],[135.7388,34.56521],[135.73968,34.56431],[135.74247,34.56431],[135.74296,34.56319],[135.74277,34.56273],[135.74213,34.56251],[135.74104,34.56297],[135.73968,34.56292],[135.73934,34.56273],[135.73893,34.56137],[135.73914,34.56117],[135.73968,34.56154],[135.74159,34.56193],[135.74295,34.56131],[135.74432,34.56009],[135.746,34.56049],[135.74627,34.56026],[135.74615,34.55936],[135.7465,34.55871],[135.74923,34.5569],[135.75087,34.5564],[135.75141,34.55647],[135.75292,34.55757],[135.75331,34.55867],[135.7541,34.55893],[135.75467,34.55981],[135.75576,34.56004],[135.75685,34.5599],[135.75792,34.56119],[135.75821,34.56122],[135.75985,34.56115],[135.76121,34.55992],[135.76249,34.56007],[135.76331,34.55759],[135.76449,34.55689],[135.76667,34.55629],[135.76776,34.55654],[135.76885,34.55586],[135.77048,34.5563],[135.7713,34.55757],[135.77184,34.55746],[135.77239,34.55697],[135.77348,34.55695],[135.77385,34.55671],[135.7741,34.55626],[135.774,34.55581],[135.77282,34.55513],[135.77261,34.55468],[135.77342,34.55378],[135.77359,34.55288],[135.77416,34.5522],[135.7742,34.55108],[135.77563,34.5495],[135.77513,34.5486],[135.77541,34.54837],[135.77623,34.54843],[135.77813,34.54793],[135.77923,34.54674],[135.78042,34.54613],[135.7802,34.545],[135.77859,34.54387],[135.77844,34.5432],[135.77951,34.542],[135.78078,34.5414],[135.78142,34.54021],[135.78282,34.53982],[135.78279,34.5392],[135.78116,34.53834],[135.7807,34.53779],[135.78061,34.53722],[135.78206,34.53622],[135.78296,34.53509],[135.78411,34.53464],[135.78502,34.53307],[135.78444,34.53165],[135.78308,34.53119],[135.78186,34.52923],[135.78091,34.52887],[135.78009,34.5288],[135.77927,34.52906],[135.77845,34.53031],[135.77706,34.53102],[135.77545,34.53253],[135.77355,34.53198],[135.773,34.53201],[135.77269,34.53327],[135.77191,34.53358],[135.77091,34.53327],[135.77027,34.53236],[135.77019,34.53169],[135.77074,34.53056],[135.77028,34.52968],[135.76756,34.52951],[135.76566,34.52891],[135.76511,34.52913]],[[135.76923,34.53845],[135.76863,34.53846],[135.76838,34.53822],[135.7689,34.53758],[135.76947,34.53777],[135.76923,34.53845]],[[135.7768,34.53761],[135.7772,34.53778],[135.7772,34.53801],[135.7768,34.53818],[135.77655,34.53801],[135.7768,34.53761]],[[135.71356,34.55372],[135.71383,34.55294],[135.71392,34.55298],[135.71402,34.55343],[135.71356,34.55372]],[[135.72247,34.5566],[135.72226,34.55664],[135.72197,34.5566],[135.72226,34.55644],[135.72247,34.5566]],[[135.72798,34.55817],[135.72801,34.55819],[135.72797,34.55819],[135.72798,34.55817]],[[135.73564,34.54819],[135.73592,34.5483],[135.73591,34.54853],[135.73555,34.54852],[135.73564,34.54819]],[[135.73808,34.55144],[135.73815,34.55146],[135.73808,34.55147],[135.73808,34.55144]],[[135.7386,34.55962],[135.73887,34.56099],[135.73782,34.56047],[135.73781,34.56002],[135.73833,34.55953],[135.7386,34.55962]],[[135.74573,34.54402],[135.74503,34.54358],[135.74527,34.54336],[135.74573,34.54335],[135.74599,34.54358],[135.74573,34.54402]],[[135.74791,34.54506],[135.74764,34.54471],[135.74791,34.54448],[135.74845,34.5445],[135.7485,34.54494],[135.74791,34.54506]],[[135.7651,34.53214],[135.76439,34.5319],[135.76511,34.53131],[135.76543,34.53168],[135.7651,34.53214]]],[[[135.80126,34.56022],[135.79716,34.56326],[135.79684,34.56396],[135.79903,34.566],[135.79922,34.5669],[135.80015,34.56781],[135.80025,34.5687],[135.79932,34.56938],[135.79933,34.57005],[135.80066,34.57118],[135.80123,34.57139],[135.80126,34.56022]]],[[[135.79986,34.57556],[135.79849,34.57676],[135.79713,34.57704],[135.79661,34.57749],[135.79717,34.57906],[135.79685,34.58006],[135.79876,34.58028],[135.80012,34.58108],[135.80047,34.58177],[135.80015,34.58268],[135.79902,34.58368],[135.79846,34.58403],[135.79739,34.58414],[135.79694,34.58447],[135.79672,34.58605],[135.79711,34.58666],[135.79844,34.58741],[135.79857,34.58831],[135.79955,34.58933],[135.79982,34.5904],[135.80037,34.59066],[135.80119,34.59068],[135.80122,34.57473],[135.79986,34.57556]]],[[[135.75417,34.6155],[135.75451,34.61595],[135.75505,34.61605],[135.75571,34.6155],[135.75581,34.61482],[135.75533,34.61397],[135.75506,34.61393],[135.75417,34.6155]]],[[[135.79964,34.6122],[135.79903,34.6149],[135.79867,34.61514],[135.79704,34.61452],[135.79609,34.61377],[135.79575,34.61287],[135.79541,34.61268],[135.7945,34.61287],[135.7938,34.61377],[135.79268,34.61451],[135.79141,34.61467],[135.79159,34.61534],[135.79349,34.61729],[135.79403,34.61748],[135.79485,34.61716],[135.7954,34.61718],[135.79645,34.61828],[135.79758,34.61896],[135.79777,34.61941],[135.7946,34.62256],[135.79375,34.623],[135.79266,34.62318],[135.79184,34.62405],[135.79098,34.62436],[135.79075,34.62425],[135.79055,34.62345],[135.78996,34.62345],[135.78993,34.62411],[135.79068,34.62571],[135.78957,34.62683],[135.78942,34.62728],[135.78992,34.62802],[135.79033,34.62819],[135.79031,34.62864],[135.79019,34.62877],[135.78992,34.62835],[135.78937,34.62856],[135.78792,34.62953],[135.78664,34.63092],[135.78455,34.63133],[135.78444,34.63223],[135.78374,34.63336],[135.78418,34.63401],[135.78499,34.63426],[135.78744,34.63567],[135.78854,34.63369],[135.78909,34.63333],[135.7899,34.63401],[135.79099,34.63412],[135.79154,34.63496],[135.79263,34.63546],[135.79371,34.63651],[135.79426,34.63627],[135.79482,34.63631],[135.79566,34.63744],[135.79758,34.63879],[135.79817,34.64014],[135.79943,34.64075],[135.79997,34.64128],[135.80106,34.64168],[135.80114,34.61176],[135.79964,34.6122]],[[135.79813,34.61628],[135.7971,34.61625],[135.79679,34.61603],[135.79688,34.6158],[135.79813,34.61546],[135.79843,34.6158],[135.79813,34.61628]]],[[[135.7557,34.57984],[135.75407,34.57913],[135.75298,34.57949],[135.75189,34.5795],[135.75102,34.58011],[135.75052,34.58078],[135.75059,34.58304],[135.74915,34.58314],[135.74862,34.58348],[135.74833,34.58506],[135.74615,34.58685],[135.74659,34.58799],[135.74421,34.58978],[135.74455,34.59136],[135.74558,34.59235],[135.74613,34.59256],[135.74892,34.59272],[135.74803,34.59302],[135.74765,34.59362],[135.74893,34.59475],[135.74893,34.59543],[135.74828,34.59633],[135.74857,34.5971],[135.75047,34.59764],[135.75156,34.59723],[135.75211,34.59725],[135.75287,34.59814],[135.75297,34.59882],[135.75244,34.59949],[135.75243,34.59994],[135.75265,34.60047],[135.75328,34.60085],[135.75352,34.6013],[135.75189,34.6031],[135.75264,34.604],[135.75256,34.60513],[135.75344,34.60603],[135.75317,34.60647],[135.75162,34.6076],[135.75191,34.60873],[135.75153,34.60939],[135.74905,34.6103],[135.74788,34.61188],[135.74566,34.613],[135.74524,34.61423],[135.74061,34.61564],[135.73952,34.61512],[135.73815,34.61555],[135.73749,34.61479],[135.73652,34.61446],[135.73547,34.61343],[135.73407,34.61316],[135.73309,34.6123],[135.7309,34.60959],[135.72888,34.60846],[135.727,34.60659],[135.72632,34.6062],[135.72592,34.60511],[135.7232,34.60347],[135.72269,34.60236],[135.72302,34.60168],[135.72457,34.60103],[135.72566,34.60012],[135.72699,34.60011],[135.72717,34.59989],[135.72703,34.59955],[135.72648,34.59926],[135.72485,34.5993],[135.72321,34.60008],[135.72185,34.59963],[135.71935,34.59717],[135.71887,34.59581],[135.71859,34.5958],[135.7183,34.59626],[135.71821,34.59784],[135.71912,34.59897],[135.71919,34.59942],[135.71885,34.59986],[135.71739,34.60077],[135.71704,34.60144],[135.71721,34.6018],[135.71838,34.60257],[135.71851,34.60302],[135.71802,34.60372],[135.71665,34.60417],[135.71626,34.6046],[135.71623,34.6064],[135.71686,34.60753],[135.71604,34.6082],[135.71632,34.60978],[135.71527,34.61044],[135.71491,34.61113],[135.71541,34.61316],[135.71643,34.61451],[135.71637,34.61542],[135.71552,34.61617],[135.71416,34.61638],[135.71252,34.61602],[135.71198,34.61629],[135.71168,34.61676],[135.7117,34.61785],[135.71287,34.61924],[135.7124,34.62082],[135.71391,34.62195],[135.71493,34.62375],[135.7144,34.6248],[135.71277,34.62506],[135.71245,34.62532],[135.71239,34.62622],[135.71276,34.62731],[135.7133,34.62766],[135.71576,34.62796],[135.71684,34.62837],[135.71844,34.62827],[135.71957,34.6289],[135.71987,34.6294],[135.71936,34.63007],[135.7182,34.63031],[135.71741,34.63097],[135.7179,34.63187],[135.718,34.6339],[135.71654,34.63633],[135.7142,34.63727],[135.71299,34.63823],[135.71081,34.63755],[135.71024,34.63794],[135.71004,34.63861],[135.71081,34.6395],[135.71272,34.63982],[135.7166,34.64201],[135.71677,34.64246],[135.71609,34.64359],[135.71609,34.64404],[135.72016,34.6481],[135.72115,34.64946],[135.72231,34.65014],[135.72233,34.65036],[135.72125,34.65104],[135.72106,34.65149],[135.72355,34.65307],[135.72352,34.6542],[135.72415,34.65578],[135.72384,34.65639],[135.7214,34.65712],[135.72127,34.65735],[135.72247,34.65797],[135.72287,34.6587],[135.72276,34.65983],[135.72163,34.66073],[135.72325,34.66231],[135.72338,34.66276],[135.72308,34.66366],[135.7233,34.66434],[135.72272,34.66569],[135.72276,34.66794],[135.72161,34.66929],[135.72132,34.66997],[135.72253,34.6729],[135.72179,34.67403],[135.72226,34.67516],[135.72189,34.67696],[135.72039,34.67966],[135.72061,34.68169],[135.72009,34.68371],[135.72023,34.68417],[135.72075,34.68454],[135.72211,34.68466],[135.72342,34.6853],[135.72228,34.6862],[135.72238,34.68661],[135.72347,34.68646],[135.72511,34.68524],[135.72566,34.68513],[135.72674,34.68582],[135.72729,34.68565],[135.72783,34.68576],[135.72854,34.68644],[135.72974,34.68695],[135.73019,34.68644],[135.73016,34.68396],[135.73184,34.68306],[135.73258,34.68171],[135.73331,34.68142],[135.7344,34.6816],[135.73522,34.68143],[135.73629,34.68082],[135.7374,34.6805],[135.73904,34.68082],[135.73958,34.68156],[135.74095,34.68137],[135.74176,34.68266],[135.74201,34.68376],[135.74281,34.68422],[135.74339,34.68496],[135.74557,34.68527],[135.74776,34.68462],[135.75049,34.6843],[135.75101,34.68401],[135.75131,34.68329],[135.75185,34.68311],[135.75267,34.68391],[135.75513,34.68447],[135.75575,34.68537],[135.75546,34.68672],[135.75621,34.68728],[135.75675,34.68714],[135.75757,34.68633],[135.75832,34.68695],[135.75948,34.68744],[135.76085,34.68728],[135.76276,34.68606],[135.76385,34.68686],[135.76576,34.68737],[135.76657,34.68789],[135.77045,34.68675],[135.7704,34.68649],[135.7684,34.68494],[135.76802,34.68427],[135.76715,34.68359],[135.76702,34.68314],[135.76735,34.68201],[135.76721,34.68088],[135.76774,34.68043],[135.76824,34.67931],[135.76828,34.67796],[135.7707,34.67692],[135.77112,34.67638],[135.77108,34.67593],[135.77016,34.67548],[135.76993,34.67503],[135.77116,34.6739],[135.76989,34.67371],[135.76788,34.67277],[135.76816,34.67142],[135.76782,34.67052],[135.76834,34.66984],[135.76793,34.66849],[135.76833,34.66759],[135.76854,34.66601],[135.76907,34.66556],[135.76991,34.6655],[135.77136,34.66399],[135.77019,34.66334],[135.76913,34.66173],[135.7671,34.66015],[135.76644,34.65857],[135.76747,34.65722],[135.76977,34.65497],[135.77002,34.65429],[135.76833,34.65181],[135.76811,34.65091],[135.76722,34.65023],[135.76668,34.64899],[135.76532,34.64841],[135.76357,34.64662],[135.76506,34.64607],[135.76543,34.64572],[135.76576,34.64482],[135.76552,34.64369],[135.76639,34.64234],[135.7687,34.64122],[135.76884,34.64032],[135.76791,34.63941],[135.76783,34.63896],[135.76862,34.63819],[135.76972,34.63623],[135.77054,34.6359],[135.77163,34.63583],[135.77245,34.63602],[135.77354,34.63564],[135.77436,34.63569],[135.77545,34.63394],[135.776,34.63352],[135.77654,34.63356],[135.77817,34.63504],[135.77927,34.63418],[135.78086,34.6338],[135.78106,34.63335],[135.78083,34.6329],[135.78009,34.63237],[135.779,34.63208],[135.77845,34.63224],[135.77763,34.63305],[135.77709,34.63319],[135.77479,34.63222],[135.77409,34.63145],[135.77328,34.63132],[135.77136,34.63352],[135.7702,34.63424],[135.76972,34.63518],[135.76832,34.63513],[135.76699,34.63601],[135.76536,34.63568],[135.76426,34.63625],[135.76374,34.63603],[135.76291,34.63512],[135.76343,34.63422],[135.76322,34.63355],[135.76291,34.63335],[135.76229,34.63377],[135.76214,34.63512],[135.76127,34.63568],[135.75991,34.63504],[135.75827,34.63488],[135.75783,34.63466],[135.75718,34.63367],[135.75609,34.63382],[135.75555,34.63368],[135.75488,34.63263],[135.75488,34.63173],[135.75446,34.63113],[135.7531,34.63159],[135.75174,34.63101],[135.75119,34.63164],[135.74934,34.62924],[135.74974,34.62811],[135.74977,34.62608],[135.7491,34.62405],[135.75108,34.62203],[135.74986,34.62135],[135.74937,34.62],[135.74859,34.61932],[135.74852,34.61797],[135.74792,34.61706],[135.74815,34.61639],[135.74978,34.61481],[135.74952,34.61391],[135.75043,34.61359],[135.75206,34.61396],[135.75308,34.61324],[135.75424,34.61331],[135.75348,34.61212],[135.75373,34.61144],[135.7567,34.61054],[135.75998,34.60917],[135.76216,34.60912],[135.7638,34.60858],[135.7657,34.60997],[135.76734,34.61005],[135.76843,34.61055],[135.76897,34.61026],[135.76914,34.60989],[135.76765,34.60741],[135.76821,34.60606],[135.76726,34.60516],[135.76716,34.6047],[135.76906,34.60313],[135.76906,34.602],[135.77016,34.6011],[135.77081,34.59975],[135.77064,34.59922],[135.76968,34.59862],[135.76901,34.59762],[135.76792,34.59727],[135.77037,34.59707],[135.77192,34.59637],[135.77256,34.59546],[135.77338,34.59495],[135.77421,34.5921],[135.77407,34.59187],[135.77311,34.59183],[135.77257,34.59152],[135.77204,34.59097],[135.77181,34.58984],[135.77067,34.58947],[135.76974,34.58871],[135.77027,34.58758],[135.76993,34.58668],[135.76925,34.586],[135.76891,34.58487],[135.76956,34.58307],[135.76904,34.58217],[135.76968,34.58127],[135.77069,34.58082],[135.77077,34.58037],[135.77051,34.58014],[135.76987,34.58007],[135.76796,34.58052],[135.76715,34.57945],[135.76606,34.57914],[135.7636,34.58044],[135.76306,34.58022],[135.76225,34.57928],[135.7617,34.57912],[135.7587,34.58027],[135.75816,34.57993],[135.75734,34.57884],[135.7557,34.57984]],[[135.7603,34.59157],[135.7604,34.59162],[135.76017,34.59162],[135.7603,34.59157]],[[135.76493,34.59474],[135.7667,34.59636],[135.76656,34.59648],[135.76435,34.59456],[135.76493,34.59474]],[[135.76578,34.58263],[135.76582,34.58284],[135.76563,34.58284],[135.76578,34.58263]],[[135.7667,34.59659],[135.76695,34.59659],[135.76683,34.59668],[135.7667,34.59659]],[[135.76706,34.59682],[135.76715,34.59682],[135.7671,34.59683],[135.76706,34.59682]],[[135.74843,34.64339],[135.74822,34.64298],[135.74843,34.64273],[135.74898,34.64265],[135.74901,34.64321],[135.74843,34.64339]],[[135.75275,34.65729],[135.7533,34.65674],[135.75366,34.65674],[135.75345,34.65719],[135.75275,34.65729]],[[135.76058,34.68351],[135.761,34.68358],[135.7609,34.6838],[135.76058,34.68376],[135.76058,34.68351]],[[135.76562,34.64077],[135.76562,34.64028],[135.76616,34.64009],[135.76641,34.64031],[135.76627,34.64076],[135.76589,34.64093],[135.76562,34.64077]],[[135.76338,34.68448],[135.76358,34.68414],[135.7641,34.68426],[135.76385,34.68467],[135.76338,34.68448]],[[135.72388,34.61047],[135.72399,34.61023],[135.72435,34.6107],[135.72426,34.61076],[135.72388,34.61047]],[[135.7278,34.61349],[135.72725,34.61361],[135.72684,34.61341],[135.72671,34.61319],[135.72697,34.61274],[135.7278,34.61291],[135.7278,34.61349]],[[135.7297,34.61689],[135.72997,34.61645],[135.73024,34.61657],[135.72997,34.61707],[135.7297,34.61689]],[[135.73342,34.63687],[135.73353,34.63732],[135.73317,34.63864],[135.73263,34.63826],[135.73159,34.63686],[135.73209,34.63626],[135.73342,34.63687]],[[135.73219,34.62244],[135.73193,34.62221],[135.73213,34.62209],[135.73225,34.62221],[135.73219,34.62244]],[[135.73652,34.61726],[135.73624,34.61769],[135.73542,34.61809],[135.73486,34.61726],[135.73503,34.61681],[135.73542,34.61662],[135.73624,34.61684],[135.73652,34.61726]],[[135.74005,34.62493],[135.74045,34.62584],[135.74002,34.62706],[135.73866,34.62711],[135.73785,34.6264],[135.73675,34.62669],[135.73634,34.6265],[135.73656,34.62583],[135.73785,34.6247],[135.73894,34.62444],[135.74005,34.62493]],[[135.74005,34.61897],[135.73978,34.6186],[135.74058,34.61862],[135.7406,34.61895],[135.74005,34.61897]],[[135.74315,34.64365],[135.74266,34.6432],[135.74298,34.64277],[135.74351,34.64342],[135.74315,34.64365]],[[135.74486,34.66416],[135.74427,34.66477],[135.74373,34.66461],[135.74347,34.66393],[135.744,34.66306],[135.74455,34.66314],[135.74486,34.66416]],[[135.74768,34.61999],[135.74714,34.61977],[135.74741,34.61931],[135.74802,34.61954],[135.74768,34.61999]],[[135.75377,34.58993],[135.75387,34.59003],[135.7536,34.59003],[135.75377,34.58993]],[[135.72816,34.6695],[135.72789,34.66956],[135.72756,34.66931],[135.7276,34.66886],[135.72789,34.66865],[135.72846,34.66886],[135.72816,34.6695]],[[135.73398,34.64042],[135.73332,34.64002],[135.73344,34.63922],[135.73405,34.64002],[135.73398,34.64042]],[[135.73874,34.6637],[135.73745,34.66405],[135.73709,34.66392],[135.73706,34.66369],[135.73855,34.66351],[135.73874,34.6637]],[[135.74017,34.6362],[135.74081,34.63688],[135.74071,34.63711],[135.74027,34.63709],[135.73916,34.6362],[135.73893,34.63552],[135.73918,34.63515],[135.73992,34.6353],[135.74017,34.6362]]],[[[135.79344,34.63748],[135.79371,34.63688],[135.79344,34.63678],[135.79306,34.63743],[135.79344,34.63748]]],[[[135.79966,34.65673],[135.79935,34.65728],[135.7996,34.65818],[135.79924,34.65863],[135.79857,34.65906],[135.79557,34.65944],[135.79502,34.65998],[135.79475,34.6611],[135.79527,34.66223],[135.79665,34.66233],[135.79721,34.66336],[135.79693,34.66403],[135.79583,34.66455],[135.79537,34.66516],[135.79605,34.66741],[135.79664,34.66773],[135.79746,34.66747],[135.79797,34.66764],[135.79915,34.66922],[135.80027,34.66967],[135.8004,34.67012],[135.79936,34.67062],[135.7969,34.67286],[135.79635,34.6728],[135.79554,34.67188],[135.79445,34.67172],[135.79419,34.67214],[135.79471,34.67315],[135.79666,34.6744],[135.79666,34.67485],[135.79567,34.6762],[135.79597,34.6771],[135.79745,34.67823],[135.79797,34.6793],[135.79961,34.68027],[135.80088,34.68162],[135.80042,34.68248],[135.7983,34.68387],[135.79778,34.68477],[135.79647,34.68589],[135.79651,34.68725],[135.79542,34.68815],[135.79604,34.68936],[135.79686,34.68999],[135.79742,34.69153],[135.80047,34.69379],[135.80039,34.69469],[135.79883,34.69581],[135.79841,34.69649],[135.79927,34.69875],[135.80064,34.69942],[135.80043,34.70055],[135.80092,34.70116],[135.80103,34.65576],[135.79966,34.65673]],[[135.79798,34.6769],[135.79746,34.67688],[135.79728,34.67666],[135.79771,34.67619],[135.79826,34.67643],[135.79798,34.6769]]],[[[135.73916,34.68488],[135.73862,34.68511],[135.73909,34.68511],[135.73916,34.68488]]],[[[135.7188,34.69568],[135.71962,34.69602],[135.71985,34.69498],[135.71962,34.69452],[135.71908,34.69438],[135.71853,34.69467],[135.71845,34.6952],[135.7188,34.69568]]],[[[135.79928,34.70428],[135.79761,34.70618],[135.796,34.70679],[135.79436,34.70651],[135.7931,34.70865],[135.7931,34.71023],[135.79353,34.71051],[135.7968,34.71126],[135.79719,34.71226],[135.79816,34.71273],[135.79879,34.71362],[135.80007,34.71431],[135.80089,34.71507],[135.80092,34.7033],[135.79928,34.70428]]],[[[135.78844,34.71067],[135.78767,34.71112],[135.78716,34.71292],[135.78789,34.71405],[135.78861,34.71432],[135.78943,34.71409],[135.79029,34.71338],[135.79156,34.71068],[135.79107,34.71023],[135.79053,34.71016],[135.78844,34.71067]]],[[[135.72476,34.73489],[135.72494,34.7351],[135.72532,34.73489],[135.72495,34.73461],[135.72476,34.73489]]],[[[135.7866,34.74876],[135.78716,34.74855],[135.78721,34.74831],[135.78688,34.74789],[135.78634,34.74782],[135.78573,34.74831],[135.78584,34.74853],[135.7866,34.74876]]],[[[135.80076,34.77032],[135.79829,34.7715],[135.79831,34.77199],[135.79993,34.77328],[135.80075,34.77357],[135.80076,34.77032]]],[[[135.79954,34.788],[135.80064,34.7889],[135.80048,34.78957],[135.79962,34.79009],[135.79825,34.79003],[135.79793,34.79025],[135.79768,34.79115],[135.79934,34.79201],[135.80037,34.79431],[135.8007,34.79454],[135.80072,34.787],[135.79948,34.78754],[135.79954,34.788]]],[[[135.79958,34.80465],[135.79849,34.80461],[135.79739,34.80504],[135.79667,34.80602],[135.7952,34.80722],[135.79372,34.80782],[135.79296,34.80917],[135.79333,34.81075],[135.79308,34.81233],[135.79245,34.81324],[135.79137,34.8139],[135.78833,34.81682],[135.78944,34.81795],[135.7895,34.81885],[135.78868,34.82066],[135.78772,34.82133],[135.78731,34.82223],[135.78547,34.82358],[135.78425,34.82493],[135.78424,34.82538],[135.78477,34.8263],[135.78504,34.8264],[135.78559,34.82614],[135.78751,34.82449],[135.78942,34.82331],[135.79034,34.82134],[135.79048,34.81998],[135.7908,34.81969],[135.79189,34.81943],[135.79326,34.8195],[135.79435,34.82058],[135.79502,34.82022],[135.79583,34.81864],[135.79627,34.81836],[135.79709,34.81834],[135.79763,34.81858],[135.79845,34.81966],[135.80064,34.81911],[135.80068,34.80344],[135.80013,34.80436],[135.79958,34.80465]]],[[[135.75609,34.81865],[135.75581,34.81879],[135.75589,34.81902],[135.75637,34.81923],[135.75639,34.81879],[135.75609,34.81865]]],[[[135.79653,34.82112],[135.79681,34.82134],[135.79709,34.82112],[135.79681,34.82108],[135.79653,34.82112]]],[[[135.79079,34.82275],[135.78712,34.82516],[135.78525,34.82674],[135.78339,34.82956],[135.78257,34.83007],[135.78171,34.83101],[135.78149,34.83146],[135.78181,34.83191],[135.78257,34.83217],[135.78323,34.83192],[135.78366,34.83133],[135.78503,34.83099],[135.78591,34.83102],[135.78804,34.82851],[135.78996,34.82722],[135.7928,34.82449],[135.79269,34.82404],[135.79134,34.82266],[135.79079,34.82275]]],[[[135.78272,34.82786],[135.78176,34.8281],[135.78094,34.82903],[135.77957,34.82891],[135.77847,34.82937],[135.77811,34.83055],[135.77827,34.83146],[135.77874,34.83153],[135.77956,34.8311],[135.78258,34.82888],[135.78448,34.82696],[135.78419,34.82673],[135.7834,34.82678],[135.78272,34.82786]]],[[[135.74658,34.8323],[135.74758,34.83329],[135.74812,34.83341],[135.7488,34.83275],[135.74894,34.83185],[135.7484,34.83127],[135.74786,34.83125],[135.74676,34.83185],[135.74658,34.8323]]],[[[135.77436,34.83358],[135.77554,34.83348],[135.77633,34.83303],[135.77601,34.83277],[135.77409,34.8324],[135.77346,34.8328],[135.77338,34.83325],[135.77436,34.83358]]],[[[135.79811,34.84836],[135.79441,34.85042],[135.79564,34.85251],[135.7965,34.85312],[135.79645,34.85376],[135.79589,34.85447],[135.79653,34.85583],[135.79639,34.85808],[135.79415,34.86101],[135.79161,34.86326],[135.79153,34.86438],[135.79108,34.86483],[135.79099,34.86528],[135.79123,34.86565],[135.7937,34.86687],[135.79493,34.86867],[135.79519,34.8698],[135.79395,34.87044],[135.79311,34.87137],[135.79308,34.87182],[135.79368,34.87228],[135.79559,34.87252],[135.79628,34.87363],[135.79652,34.87521],[135.79601,34.87656],[135.79624,34.87927],[135.79609,34.87972],[135.79502,34.88052],[135.79502,34.88124],[135.79556,34.88159],[135.79748,34.8817],[135.79884,34.88283],[135.79994,34.88312],[135.80048,34.88377],[135.80057,34.84862],[135.79811,34.84836]]],[[[135.68073,34.80264],[135.67936,34.80442],[135.67881,34.80578],[135.67691,34.80644],[135.67752,34.80757],[135.67727,34.80869],[135.67688,34.80908],[135.67606,34.80924],[135.67496,34.81034],[135.67441,34.81182],[135.67265,34.81364],[135.6727,34.81454],[135.6721,34.81634],[135.66974,34.81786],[135.66957,34.81859],[135.66744,34.81993],[135.66574,34.82196],[135.66362,34.82285],[135.6639,34.82353],[135.66534,34.82376],[135.66591,34.82421],[135.666,34.82534],[135.66683,34.82669],[135.66681,34.82737],[135.66762,34.82782],[135.66794,34.82828],[135.66768,34.82985],[135.66723,34.83008],[135.66614,34.83008],[135.66586,34.83031],[135.6653,34.83255],[135.66585,34.83303],[135.66667,34.83331],[135.66831,34.83275],[135.66995,34.83259],[135.67132,34.83219],[135.67278,34.83325],[135.67682,34.83506],[135.67785,34.83709],[135.67923,34.83776],[135.67984,34.8389],[135.68159,34.84003],[135.68186,34.84161],[135.68054,34.84228],[135.68023,34.84273],[135.68068,34.84341],[135.6809,34.84544],[135.68073,34.84589],[135.67952,34.84701],[135.67899,34.84904],[135.67917,34.84972],[135.679,34.85062],[135.68109,34.85163],[135.68382,34.85255],[135.68604,34.85424],[135.68748,34.85492],[135.68862,34.8565],[135.68985,34.85741],[135.69018,34.85831],[135.69192,34.85989],[135.69172,34.8603],[135.69092,34.86079],[135.69129,34.86214],[135.69057,34.86372],[135.69028,34.86575],[135.68923,34.86748],[135.68868,34.86782],[135.68759,34.86795],[135.68714,34.86822],[135.68688,34.86867],[135.68704,34.86919],[135.6884,34.8693],[135.68949,34.86992],[135.69141,34.86962],[135.69277,34.87219],[135.69413,34.87245],[135.6955,34.87334],[135.69585,34.875],[135.69713,34.87555],[135.69795,34.87539],[135.69877,34.87488],[135.69995,34.87298],[135.69985,34.87253],[135.69933,34.87215],[135.69742,34.87182],[135.69725,34.87117],[135.69879,34.86984],[135.70071,34.87004],[135.70155,34.86961],[135.70235,34.86879],[135.7029,34.86887],[135.70399,34.87013],[135.70508,34.86996],[135.70563,34.87028],[135.70612,34.87119],[135.70691,34.87187],[135.70821,34.87458],[135.71053,34.87648],[135.7138,34.87863],[135.71409,34.8791],[135.71387,34.88],[135.71407,34.88039],[135.71626,34.88036],[135.7168,34.88062],[135.71735,34.88151],[135.71817,34.88137],[135.71926,34.88171],[135.72096,34.88182],[135.72107,34.88205],[135.72008,34.88233],[135.71735,34.88172],[135.71543,34.88299],[135.71177,34.88405],[135.70921,34.88517],[135.70861,34.88585],[135.70975,34.88653],[135.71001,34.8872],[135.70967,34.88765],[135.70857,34.88788],[135.70758,34.88855],[135.70762,34.88945],[135.70829,34.89001],[135.70973,34.88991],[135.70979,34.89036],[135.70885,34.89081],[135.70901,34.89126],[135.70996,34.89216],[135.71017,34.89284],[135.70995,34.89352],[135.71019,34.89387],[135.71757,34.89582],[135.71894,34.89599],[135.72386,34.89802],[135.72877,34.90134],[135.73473,34.90687],[135.73558,34.90947],[135.73463,34.90867],[135.73323,34.90641],[135.73258,34.90585],[135.73204,34.90562],[135.73145,34.90686],[135.73409,34.90912],[135.73539,34.91115],[135.7371,34.91273],[135.73712,34.91318],[135.73666,34.91344],[135.73529,34.9136],[135.73393,34.91347],[135.73256,34.91389],[135.73114,34.91385],[135.73068,34.91475],[135.72997,34.91542],[135.72957,34.91768],[135.72899,34.91798],[135.72762,34.91779],[135.7257,34.91811],[135.72434,34.91771],[135.72352,34.91713],[135.72324,34.91784],[135.72142,34.91495],[135.71888,34.91405],[135.71796,34.91517],[135.71723,34.91545],[135.71586,34.91538],[135.71368,34.91423],[135.71258,34.91455],[135.71149,34.91448],[135.71013,34.91335],[135.71001,34.91267],[135.71036,34.91177],[135.70958,34.9112],[135.70904,34.91118],[135.70767,34.9116],[135.7063,34.91149],[135.70521,34.91099],[135.70485,34.91108],[135.70459,34.91153],[135.70492,34.91243],[135.70602,34.91384],[135.70957,34.91519],[135.71121,34.9167],[135.71414,34.91854],[135.71447,34.91899],[135.71464,34.92012],[135.71613,34.9208],[135.71666,34.92127],[135.71669,34.92193],[135.7162,34.92305],[135.71707,34.92463],[135.71708,34.92508],[135.71665,34.92528],[135.71555,34.92524],[135.71505,34.92576],[135.71542,34.92621],[135.71659,34.92666],[135.71686,34.92734],[135.71637,34.92777],[135.71527,34.92808],[135.71428,34.92958],[135.71401,34.93049],[135.71249,34.93183],[135.7127,34.93229],[135.71632,34.93567],[135.71595,34.93703],[135.71685,34.93838],[135.71776,34.93883],[135.71727,34.93996],[135.71805,34.94064],[135.71815,34.94131],[135.7191,34.94222],[135.71909,34.94267],[135.71796,34.94357],[135.71722,34.94492],[135.71849,34.94592],[135.71959,34.946],[135.72132,34.94741],[135.7221,34.94876],[135.72231,34.95056],[135.72395,34.95072],[135.72476,34.95124],[135.72484,34.9517],[135.72439,34.9526],[135.72497,34.9535],[135.72573,34.95395],[135.72592,34.95575],[135.72558,34.95618],[135.72448,34.95647],[135.72312,34.95778],[135.72408,34.95913],[135.72467,34.95891],[135.72667,34.95684],[135.72722,34.9568],[135.72757,34.95711],[135.72804,34.95715],[135.72941,34.95615],[135.73011,34.95486],[135.73022,34.95396],[135.73109,34.95306],[135.73522,34.94631],[135.73704,34.94136],[135.73702,34.94023],[135.7378,34.93843],[135.73804,34.93685],[135.73688,34.93302],[135.73493,34.93098],[135.7345,34.93008],[135.73579,34.9305],[135.73702,34.93144],[135.73731,34.93279],[135.73825,34.93437],[135.7386,34.93595],[135.73862,34.93956],[135.73761,34.94136],[135.73806,34.94248],[135.73742,34.94474],[135.73432,34.95059],[135.73192,34.95396],[135.72812,34.95824],[135.72611,34.95999],[135.72472,34.96184],[135.72458,34.96229],[135.72555,34.96287],[135.7261,34.96388],[135.72714,34.965],[135.72713,34.96635],[135.72636,34.96686],[135.72527,34.96632],[135.72436,34.96634],[135.72422,34.96815],[135.72306,34.96814],[135.72302,34.9704],[135.72334,34.97055],[135.72389,34.97044],[135.72464,34.9695],[135.72581,34.96937],[135.72663,34.96889],[135.72909,34.9687],[135.73019,34.96791],[135.73156,34.96849],[135.73266,34.96767],[135.73403,34.96739],[135.73731,34.96823],[135.73678,34.96682],[135.73595,34.96659],[135.73542,34.96614],[135.73579,34.96389],[135.73678,34.96316],[135.73729,34.96232],[135.7387,34.96138],[135.74035,34.96097],[135.74075,34.95984],[135.7418,34.95894],[135.74244,34.95782],[135.74254,34.95421],[135.74149,34.95128],[135.74158,34.95015],[135.74093,34.94876],[135.7412,34.94854],[135.74215,34.94993],[135.74366,34.94997],[135.7441,34.94971],[135.74466,34.94858],[135.74588,34.94768],[135.74588,34.94723],[135.74531,34.94678],[135.74514,34.94633],[135.74585,34.94566],[135.74716,34.94363],[135.74792,34.94318],[135.74853,34.94228],[135.74944,34.94163],[135.74925,34.94116],[135.74847,34.9407],[135.74837,34.94003],[135.7493,34.93935],[135.74946,34.93845],[135.75102,34.93688],[135.7503,34.93575],[135.75016,34.93485],[135.74891,34.93453],[135.74837,34.93383],[135.74719,34.93304],[135.74706,34.93259],[135.74738,34.93191],[135.7468,34.93101],[135.74719,34.93011],[135.74695,34.92966],[135.74385,34.92695],[135.74401,34.92635],[135.74538,34.92539],[135.74583,34.92447],[135.74733,34.9229],[135.74813,34.92245],[135.74705,34.92177],[135.74725,34.92132],[135.74786,34.92119],[135.74895,34.92154],[135.74979,34.92087],[135.74977,34.92046],[135.7495,34.9203],[135.74841,34.92004],[135.74731,34.92021],[135.74668,34.91997],[135.74677,34.91976],[135.7495,34.91966],[135.75142,34.91935],[135.755,34.92066],[135.75688,34.92195],[135.75743,34.92213],[135.75802,34.92202],[135.75895,34.92067],[135.75866,34.91909],[135.75785,34.91796],[135.75558,34.91705],[135.75445,34.91525],[135.75449,34.91412],[135.75391,34.91367],[135.75359,34.91299],[135.75373,34.91232],[135.75515,34.91164],[135.75473,34.90889],[135.75692,34.90817],[135.75654,34.90669],[135.75676,34.90624],[135.7572,34.90599],[135.75912,34.90549],[135.76022,34.90548],[135.77007,34.90359],[135.77128,34.90311],[135.77157,34.90266],[135.77025,34.89883],[135.77007,34.89747],[135.76915,34.89522],[135.769,34.89387],[135.76786,34.89251],[135.76727,34.89093],[135.76724,34.89026],[135.76774,34.88936],[135.7665,34.888],[135.76567,34.88755],[135.76481,34.88665],[135.76528,34.88552],[135.7652,34.88478],[135.76402,34.88417],[135.76329,34.88302],[135.76247,34.8828],[135.76195,34.88236],[135.76207,34.88168],[135.76421,34.87898],[135.76429,34.87831],[135.75983,34.87492],[135.75995,34.87447],[135.76109,34.87312],[135.76271,34.87154],[135.76292,34.87042],[135.76396,34.86974],[135.76446,34.86862],[135.76388,34.86846],[135.76251,34.86961],[135.76169,34.86972],[135.75845,34.8668],[135.75848,34.86568],[135.75783,34.86455],[135.75879,34.86387],[135.75903,34.86297],[135.76034,34.86277],[135.76064,34.86252],[135.76048,34.86095],[135.76113,34.8605],[135.76114,34.86027],[135.76062,34.85945],[135.75953,34.85847],[135.75938,34.85689],[135.75822,34.85643],[135.7567,34.8553],[135.75626,34.85415],[135.75542,34.8535],[135.75479,34.8526],[135.75545,34.85176],[135.75804,34.85012],[135.76016,34.8472],[135.76101,34.84675],[135.76097,34.84652],[135.76014,34.84607],[135.76,34.84562],[135.76026,34.84337],[135.76087,34.84269],[135.76084,34.84224],[135.75931,34.83942],[135.75873,34.83998],[135.75889,34.84111],[135.75866,34.84224],[135.75739,34.84356],[135.75693,34.84268],[135.75493,34.8423],[135.75439,34.842],[135.75444,34.84065],[135.75357,34.84018],[135.75302,34.8404],[135.75294,34.84065],[135.75365,34.84178],[135.75329,34.84243],[135.75138,34.84241],[135.75028,34.84302],[135.74973,34.84308],[135.74509,34.84125],[135.74373,34.84],[135.74358,34.83905],[135.74204,34.83882],[135.74128,34.83733],[135.73937,34.837],[135.73881,34.83589],[135.73828,34.83558],[135.73636,34.83671],[135.73604,34.83723],[135.73636,34.83762],[135.73719,34.83791],[135.73877,34.83949],[135.73881,34.8398],[135.73621,34.84219],[135.73579,34.8434],[135.73388,34.84455],[135.73333,34.84447],[135.73251,34.84392],[135.73114,34.84466],[135.73032,34.84452],[135.7295,34.84575],[135.72786,34.84606],[135.72733,34.84578],[135.72649,34.84476],[135.7254,34.84512],[135.72431,34.84453],[135.72321,34.84444],[135.72212,34.84399],[135.72103,34.84265],[135.71994,34.84284],[135.71929,34.8426],[135.71858,34.84196],[135.71721,34.84216],[135.71666,34.842],[135.71567,34.84079],[135.71475,34.84027],[135.714,34.83853],[135.7134,34.83803],[135.7123,34.83811],[135.71177,34.8392],[135.71093,34.83971],[135.70847,34.83865],[135.70711,34.83834],[135.70629,34.83718],[135.70356,34.83611],[135.70274,34.83533],[135.70165,34.83473],[135.70157,34.834],[135.7021,34.8331],[135.7021,34.83265],[135.70139,34.83259],[135.70057,34.83287],[135.69984,34.83241],[135.69873,34.83038],[135.6989,34.82948],[135.69869,34.82836],[135.69726,34.82745],[135.69673,34.82677],[135.69648,34.82565],[135.69726,34.82475],[135.6963,34.82384],[135.69459,34.82371],[135.69349,34.82409],[135.6924,34.82366],[135.68857,34.82517],[135.68801,34.82495],[135.68766,34.82427],[135.68775,34.8238],[135.69076,34.8227],[135.69115,34.82225],[135.69079,34.8218],[135.68928,34.82134],[135.6893,34.82089],[135.68995,34.81999],[135.68764,34.81931],[135.68738,34.81864],[135.68745,34.81751],[135.68671,34.81638],[135.68692,34.81503],[135.68724,34.81477],[135.68834,34.81473],[135.6897,34.81508],[135.69063,34.81481],[135.69113,34.81436],[135.69115,34.81391],[135.6908,34.81341],[135.68916,34.81309],[135.68847,34.81233],[135.68875,34.8112],[135.68844,34.81052],[135.68943,34.80872],[135.68943,34.80827],[135.68836,34.80754],[135.68809,34.80756],[135.68789,34.80849],[135.68754,34.8089],[135.68563,34.80848],[135.685,34.80804],[135.68454,34.80685],[135.68262,34.806],[135.68208,34.80555],[135.68156,34.8042],[135.68193,34.8033],[135.68155,34.80274],[135.681,34.80249],[135.68073,34.80264]],[[135.68309,34.81908],[135.68322,34.82043],[135.68285,34.82071],[135.6823,34.82068],[135.68197,34.82042],[135.68166,34.81952],[135.68176,34.81834],[135.68204,34.81814],[135.68265,34.81817],[135.68309,34.81908]],[[135.68632,34.83734],[135.68414,34.83937],[135.68332,34.83947],[135.68288,34.83913],[135.68415,34.83743],[135.68606,34.83692],[135.68632,34.83734]],[[135.68906,34.84839],[135.6893,34.84811],[135.68951,34.84816],[135.68961,34.84862],[135.6893,34.8487],[135.68906,34.84839]],[[135.69318,34.83573],[135.69366,34.83713],[135.69317,34.83761],[135.69207,34.83796],[135.6916,34.83758],[135.69122,34.83668],[135.69126,34.83559],[135.69181,34.83519],[135.69236,34.83515],[135.69318,34.83573]],[[135.71765,34.85432],[135.71662,34.8551],[135.7158,34.85521],[135.71551,34.85499],[135.7157,34.85431],[135.71662,34.85364],[135.71768,34.85364],[135.71785,34.85387],[135.71765,34.85432]],[[135.72492,34.84893],[135.72456,34.84939],[135.72374,34.84971],[135.7232,34.84975],[135.72283,34.84937],[135.72295,34.8487],[135.7243,34.84771],[135.72489,34.84802],[135.72492,34.84893]],[[135.72693,34.87884],[135.7272,34.87846],[135.72752,34.87868],[135.72693,34.87884]],[[135.7312,34.87621],[135.73108,34.87689],[135.73,34.87779],[135.72912,34.87824],[135.7283,34.8783],[135.7301,34.87688],[135.73159,34.87504],[135.7318,34.87531],[135.7312,34.87621]],[[135.73297,34.87396],[135.73214,34.87462],[135.73201,34.87418],[135.73296,34.87343],[135.73297,34.87396]],[[135.73412,34.87284],[135.7346,34.87273],[135.73492,34.87284],[135.73412,34.87284]],[[135.7369,34.87284],[135.73624,34.87303],[135.73555,34.87284],[135.73576,34.87261],[135.73652,34.8726],[135.7369,34.87284]],[[135.73803,34.91263],[135.73748,34.91206],[135.73749,34.91176],[135.73806,34.91228],[135.73803,34.91263]],[[135.7391,34.92026],[135.73856,34.92042],[135.73834,34.92017],[135.73856,34.9197],[135.73911,34.91951],[135.73941,34.91972],[135.7391,34.92026]],[[135.73979,34.91454],[135.74112,34.91702],[135.74391,34.91883],[135.74376,34.91897],[135.74237,34.9186],[135.74125,34.91793],[135.73911,34.91454],[135.73885,34.91357],[135.73979,34.91454]],[[135.74254,34.87213],[135.74271,34.87218],[135.74239,34.87218],[135.74254,34.87213]],[[135.7456,34.87106],[135.74445,34.87149],[135.74408,34.87151],[135.74422,34.87105],[135.74473,34.87079],[135.74548,34.87083],[135.7456,34.87106]],[[135.75204,34.8607],[135.75428,34.86251],[135.75405,34.86339],[135.75377,34.86344],[135.75182,34.8616],[135.75131,34.86048],[135.7516,34.85923],[135.75163,34.86003],[135.75204,34.8607]],[[135.75409,34.84905],[135.75272,34.85181],[135.75244,34.85208],[135.75217,34.85198],[135.75218,34.85101],[135.75409,34.84905]],[[135.75672,34.84494],[135.75537,34.84606],[135.75464,34.84763],[135.75437,34.84747],[135.75437,34.84715],[135.75547,34.8452],[135.75711,34.84371],[135.75672,34.84494]],[[135.73488,34.95855],[135.73433,34.95853],[135.73418,34.95825],[135.7346,34.95776],[135.73516,34.95803],[135.73488,34.95855]],[[135.73626,34.95401],[135.73592,34.95375],[135.73681,34.95319],[135.73686,34.95375],[135.73626,34.95401]],[[135.72348,34.91834],[135.72362,34.91834],[135.72351,34.9184],[135.72348,34.91834]],[[135.72515,34.91924],[135.72638,34.92105],[135.72899,34.92353],[135.73115,34.92702],[135.72626,34.92172],[135.72488,34.91979],[135.72406,34.9193],[135.72364,34.91856],[135.72379,34.91841],[135.72515,34.91924]],[[135.73269,34.9285],[135.73291,34.9285],[135.73278,34.9286],[135.73269,34.9285]],[[135.73306,34.92861],[135.73347,34.92895],[135.73333,34.92907],[135.73292,34.92873],[135.73306,34.92861]],[[135.73348,34.92918],[135.7337,34.92918],[135.7336,34.92927],[135.73348,34.92918]],[[135.72309,34.88157],[135.72245,34.8816],[135.72364,34.88052],[135.72383,34.88093],[135.72309,34.88157]],[[135.72419,34.87998],[135.72408,34.87957],[135.72447,34.8792],[135.72479,34.87958],[135.72419,34.87998]],[[135.75129,34.86769],[135.75075,34.86795],[135.75047,34.86769],[135.75076,34.86717],[135.75158,34.86667],[135.75129,34.86769]],[[135.75268,34.86547],[135.75268,34.86514],[135.75322,34.86451],[135.75322,34.86483],[135.75268,34.86547]],[[135.75248,34.85372],[135.75243,34.85563],[135.75216,34.85573],[135.75186,34.85529],[135.75178,34.85439],[135.75185,34.85372],[135.75216,34.85342],[135.75248,34.85372]],[[135.75264,34.85732],[135.7527,34.85668],[135.7527,34.85759],[135.75264,34.85732]]],[[[135.70672,34.8908],[135.70692,34.89087],[135.7071,34.8908],[135.70692,34.89078],[135.70672,34.8908]]],[[[135.72446,34.90369],[135.72684,34.90398],[135.72736,34.9037],[135.72735,34.90347],[135.72657,34.90298],[135.72548,34.9029],[135.72493,34.90303],[135.72442,34.90347],[135.72446,34.90369]]],[[[135.71002,34.90366],[135.7118,34.90494],[135.71262,34.90487],[135.7129,34.90457],[135.7118,34.90366],[135.71016,34.90347],[135.71002,34.90366]]],[[[135.73149,34.90486],[135.73112,34.90506],[135.73176,34.90547],[135.73187,34.90528],[135.73149,34.90486]]],[[[135.71149,34.90591],[135.71397,34.90745],[135.7148,34.90732],[135.71524,34.90682],[135.71425,34.90591],[135.71179,34.9054],[135.71149,34.90591]]],[[[135.79881,34.89347],[135.79802,34.89347],[135.79718,34.89305],[135.79674,34.89324],[135.79601,34.89482],[135.79569,34.89639],[135.79525,34.89669],[135.79443,34.89666],[135.79421,34.89684],[135.79431,34.89752],[135.79388,34.89871],[135.79251,34.89976],[135.7913,34.90022],[135.79114,34.90089],[135.78914,34.90224],[135.7884,34.90353],[135.78758,34.90377],[135.78675,34.90447],[135.78484,34.90488],[135.78508,34.90607],[135.78474,34.90652],[135.78374,34.90693],[135.7821,34.9062],[135.78128,34.90637],[135.78171,34.90809],[135.78291,34.90862],[135.78327,34.90922],[135.78239,34.91057],[135.78263,34.91081],[135.78375,34.91102],[135.78604,34.91351],[135.78482,34.91463],[135.78491,34.91508],[135.78587,34.91598],[135.78604,34.91644],[135.78508,34.91734],[135.78518,34.91846],[135.78398,34.91894],[135.78367,34.91936],[135.78366,34.92026],[135.78233,34.92078],[135.7815,34.92161],[135.78151,34.92341],[135.78287,34.92462],[135.78369,34.92443],[135.78589,34.92306],[135.78921,34.92027],[135.79,34.91802],[135.78942,34.91644],[135.79028,34.91538],[135.79138,34.91491],[135.79247,34.91491],[135.79353,34.91307],[135.79412,34.91262],[135.79822,34.91238],[135.79866,34.91172],[135.80042,34.91117],[135.80046,34.89224],[135.79988,34.89234],[135.79954,34.89302],[135.79881,34.89347]]],[[[135.7521,34.92313],[135.75114,34.92238],[135.75103,34.92245],[135.75168,34.92314],[135.7521,34.92313]]],[[[135.72005,34.97008],[135.71999,34.97219],[135.72059,34.97256],[135.72089,34.97242],[135.7211,34.97174],[135.72097,34.96972],[135.7206,34.96929],[135.72005,34.97008]]],[[[135.78994,34.94307],[135.7896,34.94394],[135.79027,34.94484],[135.79029,34.94529],[135.78892,34.94641],[135.78918,34.94732],[135.78899,34.94799],[135.78828,34.94842],[135.78774,34.94836],[135.78664,34.94776],[135.78582,34.94803],[135.78536,34.94844],[135.78552,34.94956],[135.7847,34.95046],[135.78468,34.95069],[135.78581,34.95127],[135.78609,34.95204],[135.78708,34.95295],[135.78745,34.95407],[135.78611,34.95497],[135.78671,34.95633],[135.78578,34.95768],[135.78596,34.9588],[135.78436,34.95993],[135.7853,34.96128],[135.7846,34.96241],[135.78557,34.96331],[135.78582,34.96421],[135.78495,34.96545],[135.78358,34.96586],[135.78323,34.96624],[135.7838,34.96691],[135.78383,34.96804],[135.78475,34.96962],[135.78439,34.97021],[135.7833,34.97063],[135.78326,34.97097],[135.78439,34.97144],[135.78481,34.9721],[135.78439,34.97263],[135.78288,34.97345],[135.78205,34.97435],[135.78219,34.97497],[135.78329,34.97528],[135.78357,34.97548],[135.78357,34.97593],[135.78246,34.97641],[135.78105,34.9766],[135.78065,34.97682],[135.78045,34.97728],[135.78081,34.97772],[135.78218,34.97732],[135.78275,34.9775],[135.783,34.97908],[135.78426,34.98044],[135.78453,34.98134],[135.78395,34.98246],[135.78457,34.98314],[135.78461,34.98359],[135.78408,34.98407],[135.78308,34.98449],[135.78297,34.98472],[135.78337,34.98539],[135.78287,34.98675],[135.78427,34.98855],[135.78302,34.98968],[135.78444,34.99126],[135.78361,34.99306],[135.78474,34.99486],[135.78474,34.99554],[135.78421,34.99644],[135.78429,34.99711],[135.78474,34.99802],[135.78664,34.99937],[135.78569,35.0005],[135.78578,35.00095],[135.78691,35.0014],[135.78721,35.00208],[135.7876,35.00232],[135.78869,35.00254],[135.78924,35.00233],[135.78923,35.00118],[135.78975,35.00028],[135.78971,34.99938],[135.79012,34.99803],[135.7897,34.9969],[135.79138,34.99532],[135.79227,34.99553],[135.79391,34.9972],[135.79528,34.99695],[135.7961,34.99602],[135.7972,34.99572],[135.79775,34.99587],[135.79933,34.99737],[135.79838,34.99962],[135.79665,35.00052],[135.79685,35.00164],[135.79718,35.00191],[135.79883,35.00218],[135.8002,35.00214],[135.80033,34.94532],[135.79896,34.9456],[135.79788,34.9453],[135.79705,34.94479],[135.79595,34.94507],[135.79377,34.94394],[135.79295,34.94327],[135.79131,34.94274],[135.78994,34.94176],[135.78949,34.94213],[135.78994,34.94307]]],[[[135.72185,34.97423],[135.7208,34.97558],[135.72085,34.97626],[135.72169,34.9758],[135.72258,34.97445],[135.72251,34.97392],[135.72185,34.97423]]],[[[135.71703,34.97692],[135.71729,34.97708],[135.71784,34.97676],[135.71867,34.97572],[135.71757,34.97612],[135.71703,34.97692]]],[[[135.71273,34.98773],[135.71294,34.98705],[135.71288,34.98669],[135.7126,34.98659],[135.71209,34.9875],[135.71233,34.98778],[135.71273,34.98773]]],[[[135.74657,35.02409],[135.74672,35.02436],[135.74699,35.02425],[135.74699,35.02405],[135.74657,35.02409]]],[[[135.79894,35.01472],[135.79966,35.01562],[135.79958,35.0163],[135.79906,35.01655],[135.79797,35.01638],[135.79734,35.01652],[135.79705,35.01697],[135.79723,35.01765],[135.79706,35.0181],[135.79577,35.01926],[135.79467,35.01983],[135.79412,35.02058],[135.7922,35.02136],[135.79111,35.02138],[135.78974,35.02044],[135.78782,35.02006],[135.78691,35.02078],[135.78697,35.02146],[135.78672,35.02191],[135.78618,35.02212],[135.78535,35.0217],[135.78497,35.02191],[135.78539,35.02326],[135.7848,35.02416],[135.78507,35.02458],[135.78732,35.02574],[135.78836,35.02658],[135.78945,35.0265],[135.79191,35.02747],[135.79276,35.028],[135.79328,35.02877],[135.7952,35.03037],[135.79711,35.0315],[135.79779,35.0323],[135.79782,35.03275],[135.79714,35.03387],[135.79587,35.03409],[135.79582,35.03477],[135.79628,35.03533],[135.79737,35.03589],[135.79792,35.03661],[135.79901,35.03689],[135.79956,35.03781],[135.80011,35.03813],[135.80017,35.01348],[135.79924,35.01359],[135.79894,35.01472]]],[[[135.79992,35.03951],[135.8001,35.03974],[135.8001,35.03941],[135.79992,35.03951]]],[[[135.79893,35.07827],[135.79754,35.07869],[135.79635,35.07962],[135.7949,35.08142],[135.79388,35.08209],[135.7939,35.08232],[135.79589,35.08203],[135.79726,35.0824],[135.8,35.08267],[135.80001,35.07678],[135.79893,35.07827]]],[[[135.77681,35.07846],[135.7766,35.07981],[135.77561,35.08014],[135.77478,35.08005],[135.77369,35.07934],[135.77341,35.07939],[135.77292,35.08025],[135.77285,35.08093],[135.77396,35.08214],[135.7756,35.08262],[135.77862,35.08242],[135.77943,35.07891],[135.77863,35.07803],[135.77781,35.07793],[135.77681,35.07846]]]]}},{"type":"Feature","properties":{"tier":"deep"},"geometry":{"type":"MultiPolygon","coordinates":[[[[135.1401,34.23791],[135.14227,34.23844],[135.14416,34.23958],[135.1447,34.23969],[135.14933,34.23734],[135.15069,34.23749],[135.15145,34.23731],[135.13853,34.23722],[135.1401,34.23791]]],[[[135.12662,34.23714],[135.12324,34.24136],[135.12243,34.24143],[135.12081,34.24056],[135.12016,34.24092],[135.12007,34.24137],[135.12215,34.24174],[135.12431,34.24299],[135.12485,34.24301],[135.12712,34.24029],[135.12924,34.23848],[135.13006,34.23821],[135.13169,34.23822],[135.13277,34.2386],[135.13412,34.23946],[135.13466,34.23924],[135.13598,34.23788],[135.13762,34.23721],[135.12662,34.23714]]],[[[135.11837,34.23997],[135.11588,34.24179],[135.11617,34.24237],[135.11672,34.24243],[135.11726,34.24212],[135.11839,34.24091],[135.11885,34.24001],[135.11837,34.23997]]],[[[135.08052,34.26159],[135.08244,34.26634],[135.08444,34.26582],[135.08607,34.26577],[135.08651,34.26547],[135.08635,34.26498],[135.08434,34.26275],[135.08368,34.26116],[135.0834,34.26101],[135.08205,34.26114],[135.08069,34.26098],[135.08052,34.26159]]],[[[135.13304,34.2782],[135.13343,34.27979],[135.13424,34.28049],[135.13478,34.28043],[135.13549,34.27957],[135.13547,34.27844],[135.13428,34.27655],[135.13374,34.27654],[135.1333,34.27685],[135.13304,34.2782]]],[[[135.09683,34.27493],[135.0955,34.27635],[135.09542,34.2768],[135.0971,34.27884],[135.09839,34.28102],[135.10083,34.28166],[135.10327,34.28186],[135.10419,34.2816],[135.10436,34.28115],[135.10348,34.27957],[135.1033,34.27872],[135.10114,34.27782],[135.0998,34.27608],[135.09737,34.27469],[135.09683,34.27493]]],[[[135.15871,34.27731],[135.15708,34.27757],[135.15518,34.27716],[135.15483,34.27745],[135.15489,34.2788],[135.15626,34.28062],[135.15643,34.28197],[135.1562,34.28287],[135.15648,34.28299],[135.1573,34.28231],[135.15839,34.28201],[135.15954,34.28132],[135.16064,34.28042],[135.16048,34.27794],[135.16084,34.27682],[135.16061,34.27657],[135.16007,34.2766],[135.15871,34.27731]]],[[[135.08498,34.27695],[135.08295,34.27787],[135.07997,34.27772],[135.07942,34.27784],[135.07915,34.27826],[135.07995,34.27887],[135.08239,34.27955],[135.0835,34.28077],[135.08381,34.2819],[135.08251,34.28482],[135.08219,34.28865],[135.08291,34.29091],[135.0847,34.29162],[135.08552,34.2917],[135.08688,34.29112],[135.08795,34.28914],[135.09018,34.28693],[135.09161,34.28376],[135.09185,34.28264],[135.0911,34.28128],[135.08753,34.27719],[135.08677,34.2757],[135.08623,34.2758],[135.08498,34.27695]]],[[[135.1155,34.28045],[135.11469,34.28123],[135.11464,34.2819],[135.11494,34.28281],[135.11647,34.28439],[135.11693,34.28575],[135.11688,34.28823],[135.11653,34.29003],[135.11621,34.29045],[135.1154,34.29049],[135.11405,34.28976],[135.11296,34.29011],[135.11242,34.29003],[135.11043,34.28841],[135.10946,34.28683],[135.10376,34.28734],[135.09779,34.28691],[135.09722,34.28741],[135.09677,34.28966],[135.09616,34.29056],[135.09212,34.29391],[135.09222,34.29526],[135.09334,34.29608],[135.0937,34.29662],[135.0936,34.29752],[135.09305,34.29805],[135.09196,34.29843],[135.0906,34.29831],[135.08951,34.29868],[135.08707,34.29831],[135.08544,34.29847],[135.08409,34.29814],[135.08247,34.29705],[135.08148,34.29721],[135.08138,34.29766],[135.08494,34.30332],[135.08703,34.30446],[135.0878,34.30613],[135.08865,34.30673],[135.08895,34.30876],[135.08994,34.3097],[135.09075,34.31],[135.09184,34.30994],[135.09271,34.30946],[135.09347,34.3094],[135.09509,34.31039],[135.09618,34.30998],[135.09699,34.31012],[135.09781,34.31055],[135.099,34.31176],[135.10133,34.31144],[135.10349,34.31196],[135.10377,34.31184],[135.10402,34.31067],[135.10449,34.31],[135.10568,34.30911],[135.10715,34.30867],[135.10745,34.30822],[135.10759,34.30529],[135.10653,34.30416],[135.10492,34.30144],[135.10447,34.29941],[135.10366,34.29737],[135.1042,34.29618],[135.10557,34.29581],[135.10666,34.29519],[135.10883,34.29582],[135.10936,34.29661],[135.11062,34.29742],[135.11125,34.29923],[135.11231,34.29982],[135.11504,34.29918],[135.11587,34.29783],[135.11641,34.29742],[135.11967,34.29764],[135.12076,34.2984],[135.12111,34.2993],[135.12112,34.30043],[135.12048,34.302],[135.11797,34.30433],[135.11715,34.30471],[135.11552,34.3049],[135.11459,34.30557],[135.11412,34.30624],[135.11405,34.30691],[135.11458,34.30895],[135.11548,34.31076],[135.11627,34.31132],[135.11708,34.31146],[135.1198,34.31105],[135.12012,34.31079],[135.12045,34.30944],[135.1214,34.30855],[135.12309,34.308],[135.12553,34.30833],[135.12845,34.30589],[135.12858,34.30544],[135.12693,34.3046],[135.12613,34.30342],[135.12423,34.30274],[135.12343,34.30204],[135.12307,34.30112],[135.12279,34.29864],[135.12347,34.29661],[135.12522,34.29482],[135.12562,34.291],[135.12608,34.28987],[135.12737,34.28872],[135.12982,34.28794],[135.13018,34.28697],[135.13003,34.28629],[135.12957,34.28571],[135.12903,34.28564],[135.12738,34.28673],[135.1244,34.28697],[135.12246,34.28421],[135.12255,34.28215],[135.12011,34.28107],[135.1185,34.27981],[135.11769,34.27946],[135.11687,34.27963],[135.1155,34.28045]]],[[[135.1427,34.28345],[135.14297,34.28458],[135.14243,34.28593],[135.14096,34.28735],[135.13987,34.28751],[135.13798,34.28651],[135.13737,34.28657],[135.13706,34.28702],[135.13935,34.29447],[135.13932,34.2974],[135.13854,34.30055],[135.13886,34.30213],[135.13944,34.30246],[135.14053,34.30237],[135.14273,34.30004],[135.14437,34.2992],[135.14518,34.29921],[135.14599,34.29988],[135.14655,34.30083],[135.14679,34.30309],[135.14821,34.304],[135.14905,34.30513],[135.14934,34.30784],[135.15027,34.30943],[135.1505,34.31037],[135.15089,34.31056],[135.15267,34.31049],[135.15484,34.31121],[135.15518,34.31104],[135.15609,34.30834],[135.15691,34.30699],[135.15684,34.30654],[135.15355,34.30396],[135.15139,34.30299],[135.14986,34.30131],[135.14943,34.30018],[135.14972,34.29883],[135.14959,34.29815],[135.149,34.29737],[135.14646,34.2952],[135.14569,34.29317],[135.14571,34.29159],[135.14614,34.29046],[135.14601,34.28889],[135.14673,34.28754],[135.1467,34.28709],[135.14586,34.28606],[135.14502,34.28437],[135.14451,34.28234],[135.14399,34.28229],[135.14308,34.28278],[135.1427,34.28345]]],[[[135.05369,34.29611],[135.05366,34.29914],[135.05583,34.29912],[135.05965,34.29796],[135.06006,34.2975],[135.05966,34.29713],[135.05884,34.29692],[135.05721,34.29733],[135.0564,34.29727],[135.05369,34.29611]]],[[[135.07184,34.30076],[135.07292,34.30141],[135.07391,34.30279],[135.07409,34.30346],[135.07389,34.30459],[135.0742,34.30527],[135.07643,34.30709],[135.07774,34.30708],[135.07866,34.30756],[135.07956,34.30621],[135.08101,34.30609],[135.08129,34.30587],[135.0806,34.30284],[135.07998,34.30216],[135.07916,34.30197],[135.07861,34.30234],[135.07851,34.30327],[135.07897,34.3044],[135.07868,34.30553],[135.07802,34.3062],[135.07721,34.30627],[135.0765,34.30574],[135.07652,34.30326],[135.07599,34.30235],[135.07319,34.30118],[135.0722,34.29962],[135.07131,34.2996],[135.07124,34.30006],[135.07184,34.30076]]],[[[135.13667,34.30861],[135.13312,34.30991],[135.13141,34.31132],[135.13143,34.31177],[135.135,34.31231],[135.13744,34.31069],[135.13757,34.30956],[135.13707,34.30866],[135.13667,34.30861]]],[[[135.10521,34.31451],[135.10521,34.31429],[135.10492,34.31429],[135.10493,34.31451],[135.10521,34.31451]]],[[[135.12974,34.32164],[135.12751,34.32301],[135.12673,34.32421],[135.12808,34.32471],[135.12997,34.32581],[135.13078,34.3258],[135.13264,34.32373],[135.13267,34.32305],[135.13028,34.32163],[135.12974,34.32164]]],[[[135.1117,34.66006],[135.11065,34.66096],[135.11088,34.66231],[135.11119,34.66259],[135.11228,34.66282],[135.11446,34.66271],[135.11609,34.66311],[135.11963,34.6635],[135.11963,34.66328],[135.11774,34.66214],[135.11611,34.66192],[135.11475,34.66129],[135.11341,34.65916],[135.1117,34.66006]]],[[[135.15421,34.69733],[135.15432,34.6971],[135.15394,34.69654],[135.1534,34.69646],[135.15321,34.6971],[135.15339,34.69732],[135.15421,34.69733]]],[[[135.13431,34.69528],[135.13348,34.69578],[135.13209,34.69717],[135.13193,34.69762],[135.13373,34.69808],[135.13482,34.69884],[135.13618,34.69857],[135.13673,34.69876],[135.13763,34.69969],[135.13789,34.70082],[135.13752,34.70194],[135.13806,34.70219],[135.14052,34.69813],[135.13944,34.69632],[135.13911,34.69519],[135.13841,34.69467],[135.1365,34.69457],[135.13431,34.69528]]],[[[135.09721,34.69985],[135.09886,34.70166],[135.09931,34.70189],[135.09986,34.7018],[135.09972,34.69964],[135.09941,34.69919],[135.09879,34.69911],[135.09783,34.6994],[135.09721,34.69985]]],[[[135.09132,34.70679],[135.09244,34.7086],[135.09374,34.71267],[135.09508,34.71428],[135.09671,34.71497],[135.09862,34.71525],[135.10052,34.71638],[135.10168,34.71633],[135.10251,34.71409],[135.10151,34.71228],[135.10057,34.71156],[135.09671,34.70954],[135.09494,34.70795],[135.09217,34.70627],[135.09162,34.70614],[135.09133,34.70634],[135.09132,34.70679]]],[[[135.07681,34.69992],[135.07583,34.70104],[135.07584,34.70177],[135.07475,34.70197],[135.07329,34.7035],[135.07472,34.70481],[135.07634,34.7069],[135.07669,34.70781],[135.07682,34.70939],[135.07854,34.71256],[135.07846,34.71458],[135.07705,34.71589],[135.07542,34.71559],[135.07462,34.715],[135.07464,34.71388],[135.07347,34.71252],[135.07304,34.71071],[135.07167,34.70847],[135.07031,34.70813],[135.06867,34.70827],[135.06704,34.70798],[135.06595,34.70753],[135.06406,34.70622],[135.06368,34.70636],[135.06341,34.70681],[135.06312,34.70883],[135.06356,34.71019],[135.06355,34.71154],[135.06289,34.7126],[135.06207,34.71327],[135.06097,34.71363],[135.05933,34.71361],[135.05744,34.71261],[135.05553,34.71206],[135.05471,34.71229],[135.05306,34.71334],[135.04896,34.71378],[135.04887,34.72209],[135.05023,34.72193],[135.05241,34.72228],[135.05433,34.72158],[135.05679,34.72143],[135.05926,34.72014],[135.06008,34.71998],[135.06335,34.72052],[135.06516,34.72124],[135.06533,34.7226],[135.06465,34.72394],[135.06576,34.72485],[135.06596,34.72598],[135.06435,34.72836],[135.06326,34.72875],[135.06171,34.72888],[135.06216,34.72933],[135.06325,34.72982],[135.06406,34.72991],[135.06544,34.72906],[135.06789,34.72905],[135.06926,34.72926],[135.07035,34.729],[135.0709,34.72919],[135.07151,34.72895],[135.0721,34.72806],[135.07214,34.72603],[135.07295,34.72446],[135.07338,34.72266],[135.07332,34.72153],[135.07581,34.7193],[135.07745,34.71863],[135.07771,34.71773],[135.07813,34.7173],[135.07895,34.71722],[135.07961,34.71752],[135.08088,34.71866],[135.08171,34.72047],[135.08408,34.72153],[135.08656,34.71965],[135.08828,34.71714],[135.08823,34.71649],[135.08742,34.71592],[135.08551,34.71561],[135.08497,34.71527],[135.08436,34.71395],[135.08442,34.7135],[135.08503,34.7117],[135.08642,34.71059],[135.08491,34.7099],[135.08303,34.70808],[135.08214,34.70695],[135.0817,34.70582],[135.08172,34.70402],[135.08236,34.70289],[135.08348,34.70222],[135.08498,34.70179],[135.08376,34.7013],[135.07967,34.70073],[135.07778,34.69965],[135.07681,34.69992]]],[[[135.10096,34.72354],[135.10396,34.72573],[135.10451,34.72577],[135.10425,34.72469],[135.1028,34.72265],[135.10127,34.72211],[135.10048,34.72218],[135.10036,34.72263],[135.10096,34.72354]]],[[[135.04878,34.72946],[135.04875,34.73189],[135.05113,34.73128],[135.05139,34.73105],[135.05133,34.7306],[135.05015,34.72969],[135.04878,34.72946]]],[[[135.10001,34.73367],[135.10252,34.73505],[135.10306,34.73595],[135.10325,34.73708],[135.10384,34.7374],[135.10685,34.73668],[135.10741,34.73621],[135.10771,34.73553],[135.10768,34.73486],[135.10715,34.73441],[135.10469,34.73405],[135.10279,34.73317],[135.10034,34.73285],[135.09997,34.73322],[135.10001,34.73367]]],[[[135.06318,34.73561],[135.06284,34.73565],[135.0629,34.73602],[135.06346,34.73588],[135.06318,34.73561]]],[[[135.1238,34.73381],[135.12129,34.73518],[135.12123,34.73563],[135.12187,34.73653],[135.12322,34.73714],[135.12434,34.73813],[135.12496,34.73927],[135.12506,34.74039],[135.12537,34.74059],[135.1257,34.74017],[135.1263,34.73702],[135.12496,34.73543],[135.12457,34.73385],[135.1238,34.73381]]],[[[135.1096,34.74253],[135.11033,34.7432],[135.11087,34.74324],[135.11089,34.74135],[135.11035,34.74134],[135.10977,34.74163],[135.10946,34.74208],[135.1096,34.74253]]],[[[135.09531,34.74334],[135.09458,34.74423],[135.09475,34.74471],[135.09557,34.74471],[135.09637,34.74424],[135.09641,34.74199],[135.09614,34.7419],[135.09587,34.74211],[135.09531,34.74334]]],[[[135.04862,34.74321],[135.04855,34.74951],[135.04855,34.74955],[135.0492,34.74861],[135.04931,34.74636],[135.04997,34.74389],[135.04971,34.74353],[135.04862,34.74321]]],[[[135.1313,34.74787],[135.13267,34.74788],[135.13331,34.74744],[135.1335,34.74691],[135.13186,34.74628],[135.13077,34.74629],[135.13066,34.74719],[135.1313,34.74787]]],[[[135.10939,34.74704],[135.10727,34.74795],[135.10372,34.74805],[135.10338,34.74812],[135.10337,34.74835],[135.10615,34.75071],[135.10805,34.75183],[135.1086,34.75194],[135.11128,34.74998],[135.11073,34.7484],[135.11095,34.74728],[135.11084,34.74611],[135.10939,34.74704]]],[[[135.11785,34.74755],[135.11853,34.75049],[135.11765,34.75386],[135.11703,34.75442],[135.11534,34.75497],[135.11483,34.75542],[135.1159,34.75836],[135.11671,34.75886],[135.1173,34.75859],[135.11801,34.75544],[135.11867,34.75452],[135.12086,34.75365],[135.12152,34.75389],[135.12249,34.75492],[135.12304,34.75487],[135.12345,34.753],[135.12279,34.75052],[135.12407,34.7485],[135.12392,34.74805],[135.12353,34.74782],[135.12065,34.74788],[135.1182,34.74706],[135.11785,34.74755]]],[[[135.07677,34.75176],[135.07633,34.75356],[135.07273,34.75533],[135.07238,34.75646],[135.07258,34.75826],[135.07193,34.75983],[135.07137,34.76042],[135.07055,34.76042],[135.06919,34.75958],[135.06729,34.75893],[135.06566,34.75768],[135.06539,34.75781],[135.06483,34.75915],[135.06318,34.76044],[135.0645,34.76316],[135.06667,34.76531],[135.07021,34.76634],[135.0713,34.76623],[135.07232,34.76502],[135.07296,34.76476],[135.07541,34.76546],[135.07715,34.76641],[135.07766,34.76709],[135.0781,34.76845],[135.08005,34.77004],[135.08081,34.77034],[135.08273,34.76993],[135.08436,34.77055],[135.08491,34.77055],[135.08656,34.76915],[135.08664,34.76806],[135.08767,34.76783],[135.09149,34.76785],[135.09258,34.76848],[135.09421,34.76871],[135.09584,34.7697],[135.09639,34.76979],[135.09694,34.76956],[135.09785,34.76814],[135.09774,34.76634],[135.09716,34.76521],[135.09714,34.76408],[135.09786,34.76251],[135.09826,34.76048],[135.09791,34.75913],[135.0971,34.75777],[135.09712,34.75732],[135.09789,34.75552],[135.1005,34.75441],[135.10071,34.75419],[135.10044,34.75374],[135.09847,34.75405],[135.09506,34.75392],[135.09275,34.75295],[135.09194,34.7523],[135.09112,34.75198],[135.09057,34.75211],[135.08892,34.75336],[135.08728,34.75366],[135.08483,34.75267],[135.08183,34.75272],[135.08074,34.75218],[135.07966,34.75117],[135.07667,34.75003],[135.07634,34.75018],[135.07677,34.75176]],[[135.07814,34.76535],[135.07893,34.76597],[135.07867,34.76647],[135.07812,34.76662],[135.07758,34.76646],[135.07697,34.76573],[135.07705,34.76487],[135.07787,34.76474],[135.07814,34.76535]]],[[[135.13738,34.76189],[135.13748,34.76167],[135.13744,34.76165],[135.13738,34.76189]]],[[[135.04886,34.76574],[135.04837,34.76532],[135.04836,34.76612],[135.04886,34.76574]]],[[[135.15898,34.76501],[135.15815,34.76546],[135.15762,34.76767],[135.15675,34.76904],[135.15274,34.77101],[135.15234,34.77146],[135.15174,34.77394],[135.15259,34.77496],[135.15317,34.7762],[135.15311,34.77913],[135.15337,34.77949],[135.15528,34.77949],[135.15692,34.77977],[135.15857,34.7784],[135.15939,34.77801],[135.16049,34.77775],[135.16325,34.77762],[135.1626,34.77559],[135.16254,34.77311],[135.16188,34.77198],[135.16127,34.76927],[135.16131,34.76814],[135.16225,34.76477],[135.16199,34.76452],[135.16117,34.76446],[135.15898,34.76501]]],[[[135.05753,34.77637],[135.05715,34.77662],[135.05725,34.7768],[135.0578,34.77664],[135.05753,34.77637]]],[[[135.14,34.77791],[135.13788,34.77992],[135.13799,34.78038],[135.13861,34.7807],[135.14025,34.78014],[135.14189,34.77998],[135.14408,34.77926],[135.146,34.77909],[135.14621,34.77886],[135.146,34.77858],[135.14137,34.77781],[135.14,34.77791]]],[[[135.06159,34.78184],[135.06102,34.78185],[135.06085,34.78228],[135.06172,34.78229],[135.06183,34.78207],[135.06159,34.78184]]],[[[135.13779,34.91559],[135.1399,34.91921],[135.14044,34.91938],[135.14154,34.91905],[135.14372,34.92015],[135.1459,34.92054],[135.14766,34.92175],[135.14802,34.9231],[135.14834,34.92327],[135.1488,34.92311],[135.1488,34.92266],[135.14782,34.92072],[135.14673,34.91994],[135.14578,34.91971],[135.14579,34.9188],[135.14484,34.91812],[135.14472,34.91677],[135.14376,34.916],[135.14213,34.91521],[135.14076,34.9151],[135.1394,34.91435],[135.13859,34.9147],[135.13779,34.91559]]],[[[135.06092,34.76687],[135.05955,34.76683],[135.05846,34.76653],[135.05763,34.76693],[135.05745,34.76738],[135.058,34.76784],[135.05899,34.7682],[135.06035,34.77079],[135.06067,34.77237],[135.06197,34.77373],[135.06266,34.77509],[135.06328,34.77534],[135.06492,34.77479],[135.06628,34.77509],[135.06848,34.77435],[135.07048,34.77537],[135.07051,34.77582],[135.07008,34.7765],[135.0712,34.77741],[135.06996,34.77987],[135.06998,34.78055],[135.07066,34.78168],[135.0703,34.78233],[135.06729,34.78308],[135.06444,34.78502],[135.06343,34.78616],[135.0626,34.78658],[135.06178,34.78657],[135.0607,34.78564],[135.06106,34.78431],[135.05993,34.78385],[135.05941,34.78295],[135.05875,34.78249],[135.05851,34.78204],[135.05863,34.78069],[135.05686,34.77955],[135.05598,34.77774],[135.05316,34.77662],[135.05208,34.77552],[135.04989,34.77576],[135.04825,34.77543],[135.04474,35.07941],[135.14931,35.08019],[135.14944,35.07816],[135.15003,35.07722],[135.15117,35.07637],[135.15086,35.07605],[135.14894,35.0761],[135.14592,35.07726],[135.14427,35.07739],[135.14234,35.07836],[135.14042,35.0784],[135.13933,35.07795],[135.13814,35.07695],[135.13633,35.0763],[135.13252,35.07421],[135.13088,35.0739],[135.12731,35.07443],[135.12589,35.07394],[135.12467,35.0728],[135.12451,35.071],[135.12516,35.07],[135.12626,35.06928],[135.12956,35.06847],[135.13285,35.06847],[135.13477,35.06879],[135.13586,35.06924],[135.13722,35.07022],[135.13913,35.07095],[135.14023,35.07096],[135.14188,35.07041],[135.14352,35.07031],[135.1438,35.07007],[135.14341,35.06865],[135.14346,35.06708],[135.14163,35.06759],[135.13999,35.06752],[135.13863,35.06678],[135.13727,35.06508],[135.13259,35.06685],[135.13013,35.06683],[135.12876,35.06633],[135.12803,35.06561],[135.12756,35.06448],[135.12767,35.06358],[135.12842,35.06224],[135.12833,35.06178],[135.12663,35.06055],[135.12471,35.06039],[135.12363,35.05913],[135.12254,35.05881],[135.12237,35.05859],[135.12477,35.05534],[135.1256,35.05469],[135.1267,35.05441],[135.12752,35.05477],[135.12825,35.05592],[135.13161,35.05661],[135.13282,35.05731],[135.13378,35.05831],[135.13405,35.05848],[135.13433,35.05838],[135.13431,35.05664],[135.13518,35.0552],[135.13684,35.05438],[135.13876,35.0544],[135.13936,35.05398],[135.13904,35.05352],[135.13658,35.05284],[135.13537,35.05214],[135.13434,35.05078],[135.13416,35.04988],[135.13569,35.04809],[135.13636,35.04799],[135.13772,35.04823],[135.13883,35.0477],[135.1402,35.04774],[135.14267,35.04685],[135.14321,35.04589],[135.14296,35.04571],[135.14131,35.04642],[135.13938,35.04685],[135.13856,35.04684],[135.13736,35.04607],[135.13612,35.04416],[135.13476,35.04335],[135.13468,35.04177],[135.13593,35.04043],[135.13607,35.03998],[135.13601,35.03795],[135.13535,35.03569],[135.13535,35.03479],[135.13277,35.03252],[135.13232,35.03139],[135.13238,35.03004],[135.1308,35.02963],[135.12958,35.02889],[135.12887,35.02798],[135.12864,35.02675],[135.12836,35.0266],[135.12787,35.02685],[135.12753,35.02772],[135.1267,35.02842],[135.12651,35.02955],[135.12613,35.03014],[135.12449,35.03049],[135.1231,35.0302],[135.12256,35.02884],[135.1215,35.02821],[135.11875,35.02898],[135.11738,35.0288],[135.11647,35.02812],[135.11585,35.02654],[135.11438,35.02563],[135.11409,35.02517],[135.11506,35.02315],[135.11408,35.02202],[135.11408,35.02067],[135.11442,35.01999],[135.11562,35.01887],[135.11519,35.01707],[135.11574,35.01527],[135.11397,35.01496],[135.11284,35.01412],[135.1124,35.01277],[135.11144,35.01163],[135.11165,35.00915],[135.10855,35.00975],[135.10798,35.00913],[135.10739,35.00687],[135.1053,35.00574],[135.105,35.00527],[135.10522,35.00483],[135.10633,35.00393],[135.10698,35.00266],[135.10917,35.00233],[135.10993,35.00283],[135.11025,35.00374],[135.11053,35.00373],[135.11139,35.00262],[135.11301,35.00215],[135.11465,35.0024],[135.11636,35.00108],[135.11657,35.00085],[135.11632,35.0005],[135.11495,34.99978],[135.11304,34.99928],[135.11114,34.9977],[135.11051,34.9963],[135.11072,34.9945],[135.11118,34.99398],[135.11201,34.99373],[135.11338,34.99372],[135.11446,34.99463],[135.11528,34.99462],[135.11595,34.99431],[135.11595,34.99341],[135.11486,34.99047],[135.11523,34.9898],[135.11589,34.98933],[135.11671,34.98924],[135.1178,34.98963],[135.11972,34.98943],[135.12162,34.99112],[135.12192,34.99098],[135.12218,34.99008],[135.12273,34.98955],[135.12465,34.98922],[135.12548,34.98886],[135.1257,34.98852],[135.12549,34.98779],[135.12522,34.98763],[135.12412,34.98773],[135.1233,34.98741],[135.12276,34.98693],[135.12264,34.98625],[135.12288,34.98557],[135.12333,34.98522],[135.12487,34.98491],[135.12527,34.98356],[135.12581,34.98312],[135.12801,34.98265],[135.12883,34.98278],[135.1302,34.98237],[135.13166,34.98338],[135.13257,34.98564],[135.13224,34.98677],[135.13344,34.98768],[135.13371,34.98926],[135.13446,34.99039],[135.13357,34.99174],[135.13356,34.99354],[135.13446,34.99427],[135.135,34.99442],[135.13528,34.99428],[135.13538,34.99355],[135.13488,34.99107],[135.13621,34.9886],[135.13577,34.98634],[135.13581,34.98386],[135.13619,34.98251],[135.13702,34.98094],[135.13844,34.97979],[135.13864,34.97802],[135.13926,34.97645],[135.1404,34.97547],[135.14343,34.97355],[135.14355,34.97085],[135.1432,34.97035],[135.14265,34.97036],[135.14209,34.97178],[135.14043,34.97288],[135.13879,34.97295],[135.1366,34.97256],[135.13397,34.97348],[135.13384,34.97393],[135.13413,34.97529],[135.13274,34.97686],[135.13217,34.97708],[135.13136,34.9768],[135.13081,34.97687],[135.12997,34.9782],[135.1286,34.97867],[135.12768,34.97817],[135.12697,34.9768],[135.12561,34.97637],[135.12462,34.97477],[135.12335,34.97386],[135.12282,34.97138],[135.12211,34.97108],[135.12046,34.97137],[135.11975,34.9709],[135.11946,34.97022],[135.11965,34.96865],[135.11913,34.96787],[135.11804,34.96728],[135.11667,34.96756],[135.11596,34.96727],[135.11578,34.96682],[135.11595,34.96637],[135.11641,34.96588],[135.11751,34.96559],[135.11732,34.96525],[135.11478,34.9649],[135.11231,34.96536],[135.11193,34.96566],[135.112,34.96589],[135.1134,34.96608],[135.11377,34.96635],[135.11366,34.96704],[135.11311,34.96768],[135.11284,34.96686],[135.11175,34.96686],[135.1112,34.96659],[135.11136,34.96521],[135.11258,34.96386],[135.11233,34.96339],[135.11135,34.96273],[135.11343,34.96337],[135.11424,34.96415],[135.11534,34.96416],[135.11645,34.96258],[135.11782,34.96165],[135.11878,34.95985],[135.11809,34.95669],[135.1181,34.95557],[135.11771,34.95511],[135.11626,34.95465],[135.11603,34.9542],[135.11605,34.95375],[135.11686,34.9524],[135.11674,34.94767],[135.11633,34.94654],[135.11675,34.94564],[135.11664,34.94497],[135.1161,34.94449],[135.11478,34.94405],[135.11447,34.94319],[135.1131,34.94357],[135.11228,34.9432],[135.11122,34.94199],[135.11099,34.94132],[135.10994,34.94063],[135.10976,34.93996],[135.11042,34.9382],[135.11234,34.93758],[135.11173,34.93659],[135.11196,34.93592],[135.11347,34.93401],[135.11485,34.93322],[135.11567,34.93338],[135.1173,34.93456],[135.11839,34.93455],[135.11894,34.93476],[135.12083,34.93709],[135.12165,34.93716],[135.12223,34.93667],[135.12226,34.93576],[135.12136,34.93486],[135.11968,34.93237],[135.11832,34.93145],[135.11707,34.92978],[135.11598,34.92951],[135.11532,34.92895],[135.11513,34.9285],[135.11541,34.92693],[135.11601,34.92671],[135.11793,34.92687],[135.11902,34.9267],[135.11954,34.92696],[135.11984,34.92748],[135.12038,34.9277],[135.12306,34.92676],[135.12205,34.92404],[135.12223,34.92179],[135.12264,34.92105],[135.12401,34.92067],[135.1251,34.92103],[135.12647,34.92115],[135.12873,34.92251],[135.12897,34.92297],[135.12847,34.92454],[135.12889,34.92502],[135.12998,34.92535],[135.13127,34.92479],[135.13172,34.92434],[135.13025,34.92343],[135.12998,34.92275],[135.13034,34.92095],[135.13095,34.9196],[135.13142,34.91914],[135.13306,34.91851],[135.13348,34.91782],[135.13339,34.91736],[135.13245,34.91646],[135.13246,34.91578],[135.13275,34.91533],[135.1342,34.9149],[135.1345,34.91422],[135.13558,34.91333],[135.13694,34.91399],[135.13776,34.91379],[135.13918,34.91132],[135.14053,34.91065],[135.14017,34.90907],[135.14056,34.9085],[135.14165,34.90831],[135.14302,34.90875],[135.14397,34.9082],[135.14465,34.90708],[135.14523,34.9067],[135.14742,34.9058],[135.14906,34.90597],[135.14938,34.90576],[135.15007,34.90396],[135.15073,34.90352],[135.1519,34.9033],[135.15242,34.90285],[135.15284,34.90173],[135.15265,34.90082],[135.15205,34.90037],[135.15224,34.89879],[135.15166,34.89699],[135.14944,34.89604],[135.14797,34.89448],[135.14759,34.89358],[135.14854,34.89246],[135.1484,34.89093],[135.14916,34.89043],[135.15004,34.89036],[135.15086,34.89066],[135.1514,34.89165],[135.15221,34.89206],[135.15331,34.89202],[135.15393,34.89137],[135.15344,34.89001],[135.15404,34.88889],[135.15359,34.88618],[135.15405,34.88371],[135.15371,34.88325],[135.15149,34.88189],[135.15144,34.88121],[135.15233,34.88074],[135.15285,34.87987],[135.15344,34.87962],[135.15425,34.8801],[135.15471,34.88146],[135.15588,34.88157],[135.1567,34.8813],[135.15691,34.8808],[135.15596,34.87944],[135.15643,34.87854],[135.15865,34.87752],[135.15968,34.87563],[135.16086,34.87539],[135.16223,34.87547],[135.16299,34.8743],[135.16361,34.87387],[135.16662,34.87437],[135.16881,34.87382],[135.17098,34.87391],[135.17116,34.87301],[135.17019,34.87217],[135.16965,34.87206],[135.16828,34.87247],[135.16691,34.87238],[135.16609,34.87208],[135.16577,34.87162],[135.16575,34.86936],[135.16635,34.86847],[135.16641,34.86779],[135.16692,34.86712],[135.16705,34.86644],[135.16819,34.86577],[135.16891,34.86398],[135.17001,34.86325],[135.17056,34.86332],[135.17164,34.86392],[135.17247,34.86332],[135.17329,34.86311],[135.17548,34.86339],[135.1772,34.86133],[135.17708,34.86043],[135.17742,34.86],[135.17907,34.85974],[135.18017,34.85866],[135.18154,34.85862],[135.18265,34.85733],[135.18401,34.85746],[135.18444,34.85732],[135.18516,34.85597],[135.18521,34.8553],[135.18323,34.85323],[135.18305,34.85258],[135.18462,34.85108],[135.18518,34.84992],[135.18655,34.84986],[135.188,34.84923],[135.18825,34.84856],[135.18788,34.84788],[135.18821,34.8475],[135.18903,34.84728],[135.18984,34.84805],[135.19077,34.8479],[135.19071,34.847],[135.1896,34.84542],[135.18932,34.84539],[135.1886,34.84608],[135.1874,34.84651],[135.18631,34.84636],[135.18521,34.8465],[135.18494,34.84632],[135.18476,34.84448],[135.18563,34.84381],[135.18572,34.84336],[135.18553,34.84268],[135.18471,34.84175],[135.1839,34.84146],[135.18308,34.8415],[135.18225,34.84244],[135.1817,34.84267],[135.18033,34.84267],[135.17979,34.84237],[135.17965,34.84174],[135.18007,34.84061],[135.17926,34.83993],[135.17936,34.83858],[135.1812,34.83794],[135.18285,34.83636],[135.18319,34.83545],[135.18291,34.83342],[135.18235,34.83229],[135.18118,34.83093],[135.18125,34.83026],[135.18185,34.82936],[135.18139,34.82755],[135.18136,34.82597],[135.18104,34.82573],[135.17886,34.82592],[135.1775,34.82448],[135.17603,34.82391],[135.17564,34.82301],[135.17699,34.8217],[135.17705,34.82121],[135.17672,34.82078],[135.17588,34.82143],[135.17425,34.8218],[135.17317,34.82022],[135.17235,34.82055],[135.17153,34.82046],[135.17065,34.81846],[135.17102,34.81738],[135.1716,34.81689],[135.17185,34.81597],[135.17486,34.81511],[135.17597,34.81426],[135.17764,34.81092],[135.17901,34.81054],[135.18119,34.81106],[135.18144,34.81087],[135.18108,34.80929],[135.18111,34.80456],[135.18086,34.80321],[135.18125,34.80073],[135.18209,34.79916],[135.1835,34.79804],[135.18465,34.79647],[135.18571,34.79587],[135.18898,34.79492],[135.18955,34.79437],[135.18963,34.7938],[135.1884,34.79086],[135.18872,34.78884],[135.18744,34.78648],[135.1869,34.78621],[135.1865,34.78657],[135.18608,34.78927],[135.18533,34.79039],[135.18384,34.79139],[135.18275,34.79161],[135.18138,34.79152],[135.17975,34.79045],[135.17918,34.78945],[135.17913,34.78877],[135.17964,34.7872],[135.17949,34.7863],[135.17843,34.7858],[135.17734,34.78565],[135.17681,34.78628],[135.17692,34.78853],[135.17814,34.79147],[135.17812,34.79282],[135.17757,34.79372],[135.17699,34.79416],[135.17425,34.79458],[135.17367,34.79415],[135.1729,34.79298],[135.17154,34.79248],[135.17096,34.79187],[135.17037,34.79052],[135.17031,34.78871],[135.16994,34.78833],[135.16912,34.78849],[135.16774,34.78969],[135.16637,34.79028],[135.16528,34.79009],[135.16363,34.78912],[135.16278,34.78776],[135.16263,34.78708],[135.16517,34.78507],[135.16575,34.78395],[135.16498,34.78304],[135.1629,34.78216],[135.16239,34.78235],[135.1618,34.78308],[135.16071,34.78322],[135.15961,34.78374],[135.15879,34.78352],[135.15771,34.78257],[135.15578,34.78409],[135.15436,34.7841],[135.15313,34.78612],[135.15085,34.78768],[135.1509,34.78903],[135.15063,34.78993],[135.1497,34.79095],[135.14861,34.79103],[135.1467,34.79051],[135.14533,34.79061],[135.14478,34.79011],[135.14492,34.78876],[135.14368,34.78808],[135.14358,34.78605],[135.1432,34.78556],[135.14238,34.78557],[135.14101,34.78615],[135.13965,34.78571],[135.13855,34.78624],[135.13773,34.7863],[135.13651,34.78532],[135.13616,34.78442],[135.13529,34.78429],[135.13474,34.78442],[135.13365,34.78598],[135.13308,34.78631],[135.13009,34.78557],[135.12919,34.78414],[135.12971,34.78122],[135.12897,34.77986],[135.12889,34.77873],[135.12827,34.77681],[135.12662,34.77715],[135.12554,34.7767],[135.12417,34.77659],[135.12381,34.77599],[135.12374,34.77464],[135.12338,34.77383],[135.12311,34.77368],[135.12201,34.77399],[135.12147,34.77385],[135.12039,34.77289],[135.11821,34.7721],[135.11713,34.7709],[135.11522,34.77103],[135.11533,34.77278],[135.11465,34.7732],[135.11029,34.77232],[135.10893,34.77154],[135.10839,34.77145],[135.10728,34.77299],[135.10645,34.77365],[135.1048,34.77431],[135.10316,34.77437],[135.10235,34.77411],[135.10181,34.77362],[135.10142,34.77222],[135.10047,34.77129],[135.09855,34.7716],[135.09664,34.77137],[135.09092,34.76985],[135.09052,34.77011],[135.09037,34.77079],[135.091,34.77215],[135.09104,34.77305],[135.09044,34.77394],[135.08951,34.77455],[135.08704,34.77552],[135.08458,34.77586],[135.08321,34.77552],[135.08131,34.77453],[135.08049,34.77447],[135.07748,34.77569],[135.07611,34.77544],[135.07525,34.77496],[135.07501,34.7745],[135.07522,34.7736],[135.07424,34.77239],[135.07286,34.7736],[135.07122,34.77309],[135.07097,34.77171],[135.06986,34.77131],[135.06942,34.77086],[135.06982,34.76928],[135.06945,34.7686],[135.068,34.7683],[135.0669,34.76859],[135.06636,34.76848],[135.06473,34.76768],[135.06413,34.76653],[135.06365,34.76632],[135.06092,34.76687]],[[135.06386,34.77235],[135.06331,34.77171],[135.06359,34.77151],[135.06441,34.77194],[135.06413,34.77237],[135.06386,34.77235]],[[135.07068,34.87611],[135.07034,34.87621],[135.07011,34.87588],[135.07007,34.87543],[135.07035,34.87519],[135.07085,34.87544],[135.07068,34.87611]],[[135.07239,34.88243],[135.07257,34.88244],[135.07245,34.88263],[135.07239,34.88243]],[[135.07273,34.88264],[135.07273,34.88267],[135.0726,34.88266],[135.07273,34.88264]],[[135.07449,34.80177],[135.07418,34.80197],[135.07405,34.80177],[135.07418,34.80165],[135.07449,34.80177]],[[135.0804,34.80748],[135.08013,34.80772],[135.07958,34.80752],[135.0792,34.80721],[135.07927,34.80699],[135.07989,34.80699],[135.0804,34.80748]],[[135.08192,34.88318],[135.08132,34.88318],[135.08116,34.88295],[135.08175,34.88243],[135.0823,34.8823],[135.08235,34.88274],[135.08192,34.88318]],[[135.08246,34.89309],[135.08281,34.89311],[135.08275,34.89333],[135.08237,34.89333],[135.08246,34.89309]],[[135.08386,34.88072],[135.08416,34.88072],[135.08396,34.88089],[135.08386,34.88072]],[[135.08705,34.82553],[135.08676,34.8256],[135.08672,34.82553],[135.08676,34.82547],[135.08705,34.82553]],[[135.08715,34.81787],[135.08739,34.81752],[135.08795,34.81765],[135.08766,34.81808],[135.08715,34.81787]],[[135.08988,34.86456],[135.08948,34.86408],[135.08989,34.86375],[135.09011,34.86431],[135.08988,34.86456]],[[135.08944,34.91907],[135.08956,34.91884],[135.09016,34.91885],[135.08983,34.91911],[135.08944,34.91907]],[[135.09432,34.80598],[135.09364,34.80575],[135.09381,34.8055],[135.09447,34.80575],[135.09432,34.80598]],[[135.10445,34.8075],[135.10444,34.80776],[135.10413,34.80763],[135.10445,34.8075]],[[135.10798,34.81013],[135.10686,34.81136],[135.10632,34.81105],[135.10614,34.81057],[135.1077,34.80971],[135.10798,34.81013]],[[135.108,34.80878],[135.10774,34.80855],[135.10799,34.80835],[135.10802,34.80856],[135.108,34.80878]],[[135.11116,34.86937],[135.11134,34.86988],[135.11115,34.87002],[135.11104,34.86965],[135.11116,34.86937]],[[135.11171,34.89401],[135.11178,34.89422],[135.11171,34.89424],[135.11165,34.89422],[135.11171,34.89401]],[[135.11361,34.81919],[135.11441,34.82055],[135.11414,34.82085],[135.11387,34.82079],[135.11304,34.81964],[135.11306,34.81928],[135.11361,34.81919]],[[135.11634,34.80839],[135.11608,34.80839],[135.11618,34.80816],[135.1162,34.80816],[135.11634,34.80839]],[[135.13764,34.89974],[135.13708,34.89936],[135.1371,34.89905],[135.13798,34.89937],[135.1381,34.89959],[135.13764,34.89974]],[[135.14098,34.89409],[135.14126,34.89381],[135.14165,34.89399],[135.14152,34.89428],[135.14098,34.89409]],[[135.1433,34.90301],[135.14235,34.90255],[135.14226,34.90199],[135.14254,34.90187],[135.14312,34.90211],[135.1433,34.90301]],[[135.14311,34.89956],[135.14311,34.89933],[135.14371,34.89941],[135.14339,34.89963],[135.14311,34.89956]],[[135.14665,34.8023],[135.14658,34.8032],[135.14515,34.80386],[135.14519,34.80206],[135.14545,34.80161],[135.14604,34.8017],[135.14665,34.8023]],[[135.14772,34.89899],[135.14749,34.89906],[135.14723,34.89876],[135.1475,34.89854],[135.14772,34.89899]],[[135.15176,34.80864],[135.15115,34.8089],[135.15006,34.809],[135.14976,34.80885],[135.15007,34.80839],[135.15171,34.80841],[135.15176,34.80864]],[[135.15295,34.87345],[135.15296,34.87281],[135.15327,34.87288],[135.15323,34.87348],[135.15295,34.87345]],[[135.16273,34.79889],[135.16239,34.79835],[135.16274,34.798],[135.16313,34.79836],[135.163,34.79892],[135.16273,34.79889]],[[135.17518,34.83866],[135.1749,34.83852],[135.17484,34.8381],[135.17519,34.83759],[135.17546,34.83833],[135.17518,34.83866]],[[135.15051,34.89849],[135.14995,34.89961],[135.1494,34.89962],[135.14913,34.89945],[135.14909,34.899],[135.14996,34.89849],[135.15051,34.89849]],[[135.10814,35.04718],[135.10975,35.04993],[135.10948,35.05009],[135.10811,35.04995],[135.10728,35.05103],[135.107,35.05107],[135.10657,35.05013],[135.10705,35.04743],[135.10732,35.04718],[135.10814,35.04718]],[[135.05139,34.85959],[135.05138,34.85988],[135.05099,34.85973],[135.05139,34.85959]],[[135.05337,34.78854],[135.05302,34.78867],[135.0529,34.78853],[135.05302,34.78835],[135.05337,34.78854]],[[135.05486,34.79453],[135.05477,34.79486],[135.0546,34.79463],[135.05486,34.79453]],[[135.05579,34.78566],[135.05542,34.7854],[135.05606,34.7852],[135.05636,34.7854],[135.05579,34.78566]],[[135.05659,34.93037],[135.05687,34.92996],[135.05731,34.93032],[135.05714,34.93057],[135.05659,34.93037]],[[135.06091,34.86368],[135.06119,34.86335],[135.06175,34.86342],[135.06146,34.86377],[135.06091,34.86368]],[[135.06161,34.94644],[135.06181,34.94658],[135.06161,34.94662],[135.06161,34.94644]],[[135.06247,34.89506],[135.06248,34.8952],[135.06247,34.89523],[135.06244,34.8952],[135.06247,34.89506]],[[135.06386,34.89274],[135.06316,34.89296],[135.0628,34.8925],[135.06305,34.89222],[135.06415,34.89185],[135.06386,34.89274]],[[135.06634,34.799],[135.06547,34.7992],[135.06467,34.79854],[135.0663,34.79842],[135.06649,34.79878],[135.06634,34.799]],[[135.06633,34.79652],[135.06549,34.79748],[135.065,34.79719],[135.06547,34.79652],[135.06605,34.79619],[135.06633,34.79652]],[[135.06578,34.86785],[135.06633,34.86757],[135.06659,34.86797],[135.06605,34.86815],[135.06578,34.86785]],[[135.06768,34.8655],[135.06663,34.8658],[135.06625,34.86571],[135.0663,34.86549],[135.06693,34.86526],[135.06773,34.86524],[135.06768,34.8655]],[[135.06874,34.80263],[135.06861,34.80285],[135.06852,34.80263],[135.06874,34.80263]],[[135.06854,34.8663],[135.06881,34.86618],[135.06888,34.86641],[135.06853,34.86672],[135.06854,34.8663]],[[135.05927,34.76756],[135.05954,34.76737],[135.05957,34.76785],[135.05926,34.76802],[135.05927,34.76756]],[[135.07067,34.89544],[135.0722,34.89618],[135.07207,34.89663],[135.07093,34.89692],[135.07033,34.89662],[135.07008,34.89594],[135.07036,34.89549],[135.07067,34.89544]],[[135.081,34.81331],[135.08088,34.81399],[135.0806,34.81403],[135.08006,34.81342],[135.07938,34.8133],[135.07924,34.81307],[135.07952,34.8127],[135.08007,34.81264],[135.08073,34.81286],[135.081,34.81331]],[[135.0814,34.80881],[135.08038,34.80938],[135.07998,34.80925],[135.08039,34.8082],[135.08131,34.80836],[135.0814,34.80881]],[[135.08063,35.00775],[135.08063,35.00782],[135.08041,35.0078],[135.08063,35.00775]],[[135.08666,34.88378],[135.08557,34.88408],[135.08545,34.88389],[135.08575,34.88344],[135.0864,34.88313],[135.08693,34.88322],[135.08705,34.88345],[135.08666,34.88378]],[[135.09267,34.93149],[135.09245,34.93104],[135.09298,34.93069],[135.09318,34.93127],[135.09297,34.93158],[135.09267,34.93149]],[[135.09296,34.92113],[135.09309,34.9209],[135.09375,34.92091],[135.09336,34.92129],[135.09296,34.92113]],[[135.10199,35.00837],[135.10168,35.00795],[135.10227,35.00754],[135.10258,35.00796],[135.10199,35.00837]],[[135.14498,34.89716],[135.14521,34.89717],[135.14505,34.89722],[135.14498,34.89716]],[[135.14746,34.90255],[135.14722,34.90236],[135.14747,34.9013],[135.14777,34.90214],[135.14746,34.90255]],[[135.05452,34.8486],[135.05424,34.84893],[135.05412,34.84871],[135.05452,34.8486]],[[135.06954,34.88151],[135.06927,34.88309],[135.06861,34.88382],[135.06839,34.88376],[135.06806,34.88285],[135.06875,34.88173],[135.06815,34.88082],[135.06907,34.88083],[135.06954,34.88151]],[[135.07874,34.88313],[135.07909,34.88316],[135.07919,34.88339],[135.07864,34.88338],[135.07874,34.88313]],[[135.0806,34.84711],[135.08045,34.84734],[135.08051,34.8471],[135.0806,34.84711]],[[135.06894,34.92704],[135.07092,34.92817],[135.07122,34.9293],[135.07213,34.92998],[135.07195,34.93043],[135.07109,34.93084],[135.07131,34.93133],[135.07299,34.93261],[135.0738,34.93371],[135.07607,34.93452],[135.07655,34.9352],[135.0765,34.93655],[135.07512,34.93776],[135.07428,34.93945],[135.07401,34.93924],[135.07377,34.93833],[135.07523,34.93677],[135.07439,34.93473],[135.07253,34.93382],[135.07162,34.93229],[135.07135,34.93228],[135.06968,34.93421],[135.06913,34.93454],[135.06891,34.93447],[135.06851,34.93356],[135.06751,34.93274],[135.06698,34.93171],[135.06581,34.93084],[135.06579,34.92948],[135.06733,34.92837],[135.06791,34.92747],[135.06894,34.92704]],[[135.06761,34.94054],[135.06715,34.94095],[135.06663,34.94076],[135.06649,34.93963],[135.06722,34.93986],[135.06761,34.94054]],[[135.07423,34.94104],[135.07398,34.94129],[135.07371,34.94118],[135.07331,34.94058],[135.074,34.93998],[135.07423,34.94104]],[[135.07291,34.94283],[135.07298,34.94238],[135.07343,34.94188],[135.07365,34.94284],[135.07342,34.94302],[135.07291,34.94283]]],[[[135.12001,34.94904],[135.11792,34.94993],[135.11803,34.95061],[135.11889,34.95174],[135.11818,34.95331],[135.11927,34.95446],[135.11955,34.95648],[135.1217,34.95755],[135.12225,34.95758],[135.12313,34.95695],[135.125,34.95667],[135.1259,34.9554],[135.12394,34.95403],[135.12318,34.95087],[135.12181,34.94793],[135.12126,34.94779],[135.12001,34.94904]]],[[[135.15242,34.95213],[135.15044,34.95422],[135.15009,34.95512],[135.15044,34.9558],[135.15183,34.95649],[135.15304,34.95559],[135.1535,34.95492],[135.15299,34.95198],[135.15242,34.95213]]],[[[135.15134,34.97704],[135.15196,34.97609],[135.15163,34.97567],[135.15101,34.97608],[135.15107,34.97696],[135.15134,34.97704]]],[[[135.14471,34.9826],[135.14273,34.98414],[135.14239,34.98594],[135.14286,34.98797],[135.14284,34.99022],[135.14183,34.99224],[135.1421,34.99382],[135.1424,34.99398],[135.1435,34.99338],[135.1446,34.99309],[135.14801,34.99319],[135.14846,34.99274],[135.14968,34.99027],[135.14957,34.98893],[135.1487,34.98779],[135.14813,34.98643],[135.1486,34.98553],[135.14851,34.9844],[135.14662,34.98353],[135.14526,34.98248],[135.14471,34.9826]]],[[[135.13548,35.00151],[135.13551,35.00121],[135.13504,35.00099],[135.1342,35.00098],[135.13426,35.00143],[135.13458,35.00166],[135.13548,35.00151]]],[[[135.13671,35.00753],[135.1363,35.01046],[135.13724,35.01137],[135.13811,35.01153],[135.13984,35.00891],[135.13985,35.00778],[135.13925,35.00746],[135.13706,35.00724],[135.13671,35.00753]]],[[[135.14689,35.01009],[135.14569,35.01188],[135.14577,35.01262],[135.14604,35.01276],[135.14741,35.01266],[135.14796,35.0124],[135.1481,35.01099],[135.14771,35.0103],[135.14689,35.01009]]],[[[135.11839,35.01102],[135.12058,35.01169],[135.12303,35.01287],[135.12385,35.0129],[135.12424,35.01263],[135.1239,35.01217],[135.12223,35.01125],[135.11922,35.01031],[135.1184,35.01025],[135.11839,35.01102]]],[[[135.12599,35.0194],[135.12651,35.02086],[135.12732,35.02129],[135.12757,35.02099],[135.12748,35.02009],[135.12799,35.01851],[135.12791,35.01802],[135.12736,35.01784],[135.12687,35.01805],[135.12599,35.0194]]],[[[135.13831,35.01859],[135.13564,35.02082],[135.13554,35.0213],[135.13827,35.02261],[135.14017,35.02396],[135.14099,35.02403],[135.14239,35.02267],[135.14331,35.02133],[135.14332,35.02088],[135.13913,35.01852],[135.13831,35.01859]]],[[[135.15056,35.02453],[135.15173,35.02589],[135.15204,35.02702],[135.15165,35.02815],[135.15076,35.02927],[135.1508,35.02957],[135.1533,35.02838],[135.15364,35.02793],[135.1537,35.02726],[135.15357,35.02636],[135.15235,35.025],[135.15174,35.02386],[135.15113,35.02382],[135.1507,35.02408],[135.15056,35.02453]]],[[[135.14363,35.0317],[135.14555,35.0332],[135.14637,35.03351],[135.14685,35.0333],[135.1473,35.03262],[135.14721,35.03237],[135.14529,35.03187],[135.14393,35.03114],[135.14366,35.03129],[135.14363,35.0317]]],[[[135.14444,35.05762],[135.14413,35.05829],[135.14447,35.05857],[135.14638,35.05883],[135.14748,35.05857],[135.14767,35.05832],[135.14586,35.05672],[135.14531,35.05686],[135.14444,35.05762]]],[[[135.19012,34.23757],[135.18909,34.23756],[135.18977,34.23765],[135.19012,34.23757]]],[[[135.21519,34.23773],[135.21446,34.23773],[135.21401,34.23773],[135.21446,34.23803],[135.21519,34.23773]]],[[[135.16245,34.23739],[135.16452,34.23876],[135.16506,34.2389],[135.16715,34.23742],[135.16245,34.23739]]],[[[135.17092,34.2681],[135.17289,34.27084],[135.17363,34.27127],[135.17668,34.27139],[135.17733,34.27107],[135.17716,34.26994],[135.17733,34.26882],[135.17698,34.26848],[135.17535,34.26905],[135.17399,34.2691],[135.17289,34.26879],[135.17102,34.26753],[135.17092,34.2681]]],[[[135.22649,34.27567],[135.22741,34.27639],[135.22768,34.27629],[135.22769,34.27523],[135.22688,34.27428],[135.22615,34.27499],[135.22649,34.27567]]],[[[135.19263,34.27856],[135.19262,34.2801],[135.19316,34.27998],[135.1937,34.27952],[135.19375,34.27884],[135.19329,34.27794],[135.19263,34.27856]]],[[[135.16941,34.27778],[135.16813,34.27957],[135.16822,34.28002],[135.16954,34.28013],[135.17008,34.27996],[135.1701,34.27778],[135.16941,34.27778]]],[[[135.1841,34.27652],[135.18232,34.27828],[135.18123,34.27881],[135.1804,34.2797],[135.17904,34.28032],[135.17894,34.28122],[135.17948,34.28258],[135.17983,34.28289],[135.182,34.28264],[135.18419,34.28139],[135.18652,34.27834],[135.18679,34.27767],[135.18669,34.27564],[135.18642,34.27548],[135.1856,34.2756],[135.1841,34.27652]]],[[[135.21904,34.27968],[135.21792,34.28351],[135.2181,34.28509],[135.21864,34.28524],[135.22054,34.28479],[135.22163,34.28477],[135.22563,34.28513],[135.22565,34.28468],[135.22405,34.28377],[135.22327,34.28292],[135.22194,34.28068],[135.22141,34.27925],[135.22006,34.27796],[135.21979,34.27805],[135.21904,34.27968]]],[[[135.16731,34.28555],[135.16378,34.2863],[135.1631,34.28675],[135.16306,34.2872],[135.16385,34.28901],[135.16384,34.28991],[135.16332,34.29081],[135.16237,34.29159],[135.16128,34.292],[135.15965,34.29199],[135.15694,34.29092],[135.15504,34.29141],[135.15484,34.29188],[135.15666,34.2955],[135.157,34.29753],[135.15793,34.29979],[135.15875,34.30047],[135.1601,34.30068],[135.16119,34.30113],[135.16372,34.30321],[135.16444,34.30434],[135.16458,34.30614],[135.16493,34.30668],[135.16548,34.30644],[135.16631,34.30525],[135.16629,34.30255],[135.16689,34.30118],[135.16798,34.30015],[135.16935,34.29976],[135.17125,34.29995],[135.17236,34.30079],[135.17312,34.30252],[135.17339,34.30262],[135.17367,34.30241],[135.17426,34.30148],[135.17357,34.29922],[135.17395,34.29742],[135.1745,34.29629],[135.17605,34.29495],[135.17427,34.29201],[135.17352,34.28964],[135.17187,34.28816],[135.1703,34.28575],[135.16976,34.28557],[135.16731,34.28555]]],[[[135.19924,34.27437],[135.20034,34.27753],[135.20062,34.27934],[135.20007,34.28136],[135.19922,34.28271],[135.19747,34.28414],[135.19556,34.28518],[135.19447,34.28546],[135.19284,34.28551],[135.19176,34.28739],[135.19064,34.28807],[135.18928,34.28832],[135.18765,34.28812],[135.18603,34.28744],[135.18385,34.28849],[135.18088,34.28867],[135.18068,34.28912],[135.18075,34.29048],[135.18167,34.29228],[135.18173,34.29341],[135.18135,34.29432],[135.17975,34.29588],[135.18082,34.29746],[135.18159,34.29792],[135.1824,34.29801],[135.18266,34.2977],[135.18267,34.29545],[135.18407,34.29402],[135.18543,34.29381],[135.18651,34.29439],[135.18759,34.29461],[135.1884,34.29548],[135.18866,34.29631],[135.19056,34.29665],[135.19275,34.29934],[135.19306,34.30115],[135.19209,34.30317],[135.19216,34.30362],[135.19348,34.30407],[135.19511,34.30361],[135.1962,34.30357],[135.19755,34.30408],[135.1984,34.30479],[135.19892,34.3057],[135.19898,34.3066],[135.19862,34.3075],[135.1975,34.30884],[135.19708,34.31042],[135.1989,34.31268],[135.20027,34.31382],[135.20074,34.31472],[135.20073,34.31653],[135.19947,34.31922],[135.20065,34.32107],[135.20255,34.32119],[135.20417,34.32163],[135.20465,34.32129],[135.20482,34.32038],[135.20356,34.31587],[135.20375,34.31474],[135.20439,34.31385],[135.20534,34.31325],[135.2067,34.31289],[135.20833,34.31326],[135.20924,34.31388],[135.21078,34.31637],[135.21138,34.32088],[135.21098,34.32358],[135.20887,34.32627],[135.20901,34.32757],[135.20928,34.32766],[135.20955,34.32738],[135.21066,34.32549],[135.21465,34.3227],[135.21541,34.32023],[135.21783,34.31776],[135.21809,34.31619],[135.21719,34.31528],[135.21706,34.31483],[135.21784,34.31326],[135.21974,34.31237],[135.22053,34.31102],[135.22112,34.31058],[135.22573,34.31093],[135.22637,34.31083],[135.22682,34.31037],[135.22714,34.31061],[135.22716,34.31129],[135.22647,34.31241],[135.22624,34.31331],[135.22717,34.31489],[135.22663,34.31827],[135.22668,34.31985],[135.22761,34.32098],[135.2286,34.32324],[135.23149,34.32664],[135.23169,34.32754],[135.23154,34.32972],[135.23343,34.33025],[135.23452,34.33087],[135.23479,34.33076],[135.23542,34.32937],[135.23654,34.32825],[135.23685,34.32735],[135.23677,34.32622],[135.23608,34.32442],[135.23633,34.32013],[135.23504,34.31832],[135.23514,34.31787],[135.23586,34.3172],[135.23593,34.31562],[135.23629,34.31516],[135.23711,34.31487],[135.23928,34.31445],[135.24064,34.31456],[135.24184,34.31296],[135.24012,34.3115],[135.23742,34.30986],[135.2358,34.30855],[135.23391,34.30752],[135.23337,34.30692],[135.23254,34.30524],[135.23224,34.30388],[135.23259,34.30337],[135.23351,34.30299],[135.23478,34.30187],[135.23532,34.3018],[135.23722,34.3022],[135.24127,34.30538],[135.24289,34.30617],[135.24559,34.30793],[135.2472,34.30941],[135.24828,34.31007],[135.25018,34.31072],[135.25153,34.31187],[135.25343,34.3121],[135.25505,34.31269],[135.25614,34.31272],[135.25696,34.31246],[135.25957,34.31036],[135.26051,34.30988],[135.26187,34.3096],[135.26431,34.31012],[135.26599,34.30882],[135.26559,34.30814],[135.26379,34.30741],[135.26134,34.30794],[135.25782,34.3072],[135.25564,34.30771],[135.25347,34.30764],[135.24806,34.30534],[135.24667,34.3042],[135.2461,34.30194],[135.24633,34.30104],[135.24674,34.30054],[135.24865,34.29947],[135.24974,34.29918],[135.25049,34.29926],[135.2519,34.30083],[135.25407,34.30137],[135.25679,34.30077],[135.2595,34.30139],[135.25984,34.30112],[135.2607,34.2991],[135.2604,34.29865],[135.25926,34.29793],[135.25758,34.29728],[135.2543,34.295],[135.2535,34.29364],[135.2536,34.29162],[135.25334,34.29143],[135.2517,34.29217],[135.25109,34.29295],[135.25089,34.29408],[135.2506,34.29445],[135.24924,34.29474],[135.24841,34.29452],[135.24789,34.29333],[135.24547,34.29157],[135.24538,34.29044],[135.24599,34.28909],[135.24755,34.28775],[135.24876,34.28715],[135.24911,34.28663],[135.24819,34.28415],[135.24882,34.28212],[135.24754,34.28054],[135.24718,34.27873],[135.24558,34.2782],[135.24396,34.27732],[135.24271,34.27848],[135.24177,34.27895],[135.23987,34.27901],[135.23798,34.27862],[135.23744,34.2789],[135.23795,34.28115],[135.23895,34.28229],[135.23941,34.28342],[135.23919,34.28477],[135.23818,34.28577],[135.23655,34.28641],[135.23329,34.28601],[135.23275,34.28616],[135.23282,34.28653],[135.23547,34.28812],[135.23638,34.28948],[135.23651,34.29016],[135.23629,34.29038],[135.23325,34.2906],[135.22946,34.28928],[135.22864,34.29024],[135.22727,34.29085],[135.22348,34.29063],[135.22212,34.29037],[135.22101,34.29074],[135.22087,34.29119],[135.22187,34.2921],[135.22222,34.29322],[135.22208,34.2939],[135.221,34.29502],[135.22187,34.2966],[135.22142,34.2975],[135.22131,34.29885],[135.22095,34.29931],[135.21932,34.29974],[135.21795,34.30066],[135.21714,34.30075],[135.21614,34.30017],[135.21579,34.2989],[135.21471,34.29881],[135.2139,34.29823],[135.21324,34.29722],[135.21302,34.29587],[135.2141,34.29407],[135.21371,34.29272],[135.21314,34.2921],[135.21263,34.29249],[135.21268,34.29384],[135.21216,34.29519],[135.21093,34.29639],[135.2088,34.29697],[135.20793,34.29763],[135.20616,34.29808],[135.20493,34.29901],[135.2033,34.29865],[135.20248,34.29783],[135.20186,34.29625],[135.20296,34.2931],[135.20499,34.28951],[135.20584,34.28901],[135.20769,34.2884],[135.20974,34.28593],[135.21193,34.28009],[135.21202,34.27896],[135.21181,34.27851],[135.21137,34.27827],[135.20784,34.27828],[135.20514,34.27714],[135.20406,34.27643],[135.20243,34.27598],[135.20125,34.27506],[135.20028,34.27378],[135.19974,34.27386],[135.19924,34.27437]],[[135.22602,34.30972],[135.22574,34.30972],[135.22567,34.3097],[135.22574,34.30961],[135.22602,34.30972]]],[[[135.19015,34.31119],[135.18854,34.31419],[135.18948,34.31533],[135.1901,34.3166],[135.19095,34.31534],[135.19158,34.31331],[135.19163,34.31196],[135.19069,34.31121],[135.19015,34.31119]]],[[[135.17088,34.30947],[135.17021,34.31182],[135.16922,34.31302],[135.16703,34.3143],[135.16485,34.31504],[135.16267,34.31537],[135.16159,34.3153],[135.16115,34.31559],[135.16239,34.31629],[135.16429,34.31648],[135.16537,34.31686],[135.16766,34.31833],[135.1688,34.31992],[135.17132,34.32038],[135.17293,34.32178],[135.17484,34.32156],[135.17647,34.32102],[135.17903,34.32112],[135.17931,34.32067],[135.17924,34.31977],[135.17783,34.31705],[135.17738,34.31525],[135.1768,34.31496],[135.17544,34.31531],[135.17408,34.3153],[135.17273,34.3148],[135.17206,34.31431],[135.17135,34.3134],[135.17098,34.31205],[135.17136,34.3107],[135.17235,34.30913],[135.17225,34.3084],[135.1717,34.30855],[135.17088,34.30947]]],[[[135.18885,34.31848],[135.18663,34.31981],[135.18656,34.32049],[135.19113,34.32199],[135.19168,34.32189],[135.19084,34.32029],[135.19009,34.31729],[135.18885,34.31848]]],[[[135.20969,34.62996],[135.2092,34.63144],[135.2094,34.63167],[135.21104,34.63137],[135.21213,34.63143],[135.21404,34.63211],[135.21566,34.63334],[135.21675,34.6336],[135.22002,34.63366],[135.22138,34.63391],[135.22274,34.63442],[135.22409,34.63528],[135.22574,34.63424],[135.22711,34.63393],[135.23746,34.63444],[135.23937,34.63494],[135.24002,34.63479],[135.2403,34.63434],[135.24026,34.63321],[135.23884,34.6325],[135.23667,34.63219],[135.23122,34.63188],[135.22985,34.63162],[135.2285,34.63079],[135.22686,34.6314],[135.22522,34.63142],[135.21569,34.63066],[135.21106,34.62955],[135.20969,34.62996]]],[[[135.21723,34.64006],[135.21725,34.63983],[135.21724,34.63981],[135.2172,34.63983],[135.21723,34.64006]]],[[[135.17719,34.65061],[135.17898,34.65175],[135.17955,34.65243],[135.17988,34.65356],[135.17956,34.65536],[135.18026,34.6562],[135.18109,34.65556],[135.1819,34.6555],[135.18245,34.65568],[135.18326,34.65655],[135.1838,34.6564],[135.18485,34.65562],[135.18445,34.65449],[135.1846,34.65404],[135.18676,34.65293],[135.18643,34.65225],[135.18387,34.65009],[135.18251,34.64949],[135.17679,34.649],[135.1766,34.64948],[135.17719,34.65061]]],[[[135.18553,34.6705],[135.18527,34.67252],[135.18599,34.67411],[135.1869,34.67483],[135.18744,34.67478],[135.18849,34.67367],[135.18913,34.67255],[135.18887,34.6712],[135.18749,34.67028],[135.18585,34.67024],[135.18553,34.6705]]],[[[135.21276,34.68803],[135.21377,34.68897],[135.21432,34.68897],[135.21465,34.68872],[135.21471,34.68827],[135.21378,34.68766],[135.21306,34.68758],[135.21276,34.68803]]],[[[135.17314,34.70715],[135.17294,34.70683],[135.17276,34.70692],[135.17293,34.7073],[135.17314,34.70715]]],[[[135.19596,34.71744],[135.19683,34.71981],[135.1971,34.71996],[135.19765,34.71977],[135.19801,34.71926],[135.19823,34.71813],[135.19804,34.71746],[135.1974,34.71706],[135.19626,34.71699],[135.19596,34.71744]]],[[[135.19589,34.73213],[135.19671,34.73218],[135.19717,34.73188],[135.19645,34.73109],[135.1959,34.73087],[135.19551,34.73141],[135.19589,34.73213]]],[[[135.21987,34.73292],[135.21764,34.73561],[135.21767,34.73607],[135.22233,34.73625],[135.22369,34.73684],[135.22424,34.7367],[135.22452,34.73546],[135.22507,34.73503],[135.22562,34.73507],[135.22671,34.73571],[135.22725,34.73567],[135.22799,34.73388],[135.22755,34.73354],[135.22535,34.73473],[135.22289,34.73481],[135.2217,34.73384],[135.22096,34.73271],[135.22046,34.73254],[135.21987,34.73292]]],[[[135.17825,34.74936],[135.17633,34.74992],[135.17552,34.75111],[135.17656,34.75315],[135.17646,34.75427],[135.17683,34.75455],[135.1782,34.75441],[135.17901,34.75481],[135.18283,34.75571],[135.1835,34.75522],[135.18438,34.75388],[135.18604,34.75254],[135.18698,34.75119],[135.18681,34.75074],[135.18616,34.75028],[135.18424,34.75102],[135.18124,34.75045],[135.18017,34.74825],[135.17962,34.74836],[135.17825,34.74936]]],[[[135.16773,34.75782],[135.16833,34.75737],[135.16807,34.75687],[135.16742,34.75692],[135.16699,34.75736],[135.16722,34.75782],[135.16773,34.75782]]],[[[135.1933,34.75889],[135.19271,34.76002],[135.19316,34.76036],[135.19343,34.76022],[135.1936,34.7589],[135.19429,34.75777],[135.19429,34.757],[135.19401,34.75692],[135.19346,34.75735],[135.1933,34.75889]]],[[[135.21013,34.75609],[135.20711,34.75766],[135.20438,34.75754],[135.20302,34.75779],[135.2027,34.75805],[135.20255,34.75986],[135.20204,34.76143],[135.20196,34.76413],[135.20114,34.76616],[135.20156,34.76748],[135.2021,34.76789],[135.20483,34.7684],[135.20782,34.7694],[135.21004,34.76824],[135.21109,34.76667],[135.21195,34.76607],[135.21551,34.76509],[135.21715,34.76519],[135.21775,34.76491],[135.21807,34.76401],[135.21827,34.76192],[135.218,34.76168],[135.21582,34.76145],[135.21451,34.76061],[135.21275,34.75789],[135.21314,34.75562],[135.2126,34.75542],[135.21013,34.75609]]],[[[135.17859,34.77008],[135.17805,34.77],[135.17794,34.77028],[135.17859,34.77052],[135.17859,34.77008]]],[[[135.21357,34.77322],[135.21265,34.77457],[135.21231,34.77592],[135.21323,34.7775],[135.2135,34.77886],[135.21591,34.77993],[135.21623,34.77978],[135.21698,34.77843],[135.21812,34.77735],[135.21838,34.77619],[135.21924,34.77484],[135.21933,34.77416],[135.21898,34.7737],[135.21571,34.77217],[135.21517,34.77227],[135.21357,34.77322]]],[[[135.19703,34.78889],[135.19719,34.78957],[135.19915,34.79],[135.20024,34.79062],[135.20177,34.79298],[135.20431,34.79374],[135.20567,34.79449],[135.20661,34.79594],[135.20722,34.79842],[135.20781,34.79865],[135.20838,34.79843],[135.20907,34.79708],[135.2102,34.79574],[135.21023,34.79529],[135.20783,34.79325],[135.20687,34.79166],[135.20656,34.79031],[135.20608,34.78963],[135.20336,34.78871],[135.20177,34.7869],[135.20137,34.78672],[135.19946,34.78718],[135.19727,34.78674],[135.19703,34.78889]]],[[[135.19497,34.79846],[135.1925,34.80024],[135.18994,34.80079],[135.18904,34.80191],[135.18793,34.80281],[135.18792,34.80596],[135.18765,34.80731],[135.18805,34.80803],[135.18996,34.80839],[135.19296,34.80858],[135.19422,34.80735],[135.19599,34.80633],[135.19715,34.80535],[135.19753,34.80309],[135.19924,34.80153],[135.19923,34.8013],[135.19633,34.79957],[135.19497,34.79846]]],[[[135.21097,34.82166],[135.2106,34.82148],[135.21038,34.82166],[135.2106,34.82184],[135.21097,34.82166]]],[[[135.18754,34.82511],[135.18761,34.82466],[135.1868,34.82394],[135.18654,34.82511],[135.18679,34.82526],[135.18754,34.82511]]],[[[135.21245,34.82815],[135.21191,34.82793],[135.21172,34.8282],[135.21217,34.82862],[135.21245,34.82858],[135.21245,34.82815]]],[[[135.17629,34.86443],[135.17628,34.86485],[135.17657,34.8647],[135.17629,34.86443]]],[[[135.176,34.86589],[135.17638,34.86763],[135.17707,34.8679],[135.17845,34.8673],[135.17894,34.86652],[135.17819,34.86581],[135.17655,34.86537],[135.176,34.86589]]],[[[135.1736,34.87528],[135.17314,34.87753],[135.1722,34.87842],[135.17213,34.87955],[135.17175,34.88046],[135.1712,34.88098],[135.16973,34.88156],[135.17009,34.88213],[135.17064,34.88223],[135.1731,34.88181],[135.17402,34.88114],[135.17433,34.88046],[135.17504,34.87982],[135.17493,34.87596],[135.17473,34.87551],[135.1736,34.87528]]],[[[135.2138,34.91859],[135.21437,34.91927],[135.21596,34.91942],[135.21759,34.91993],[135.22059,34.92135],[135.22114,34.92117],[135.221,34.91931],[135.22061,34.91881],[135.21543,34.91714],[135.21425,34.91746],[135.2138,34.91859]]],[[[135.20436,34.92664],[135.20412,34.92654],[135.20384,34.92664],[135.20412,34.9268],[135.20436,34.92664]]],[[[135.22345,34.92699],[135.2226,34.93014],[135.22277,34.93059],[135.22351,34.93077],[135.22382,34.9306],[135.22422,34.92902],[135.22499,34.9279],[135.22465,34.92591],[135.22438,34.92581],[135.2241,34.92599],[135.22345,34.92699]]],[[[135.21586,34.92924],[135.21589,34.92874],[135.2156,34.92857],[135.21462,34.92896],[135.21467,34.92919],[135.21532,34.92941],[135.21586,34.92924]]],[[[135.19813,34.95162],[135.19921,34.95344],[135.19976,34.95366],[135.20145,34.95209],[135.20187,34.95119],[135.20143,34.95087],[135.19842,34.95017],[135.19806,34.95049],[135.19813,34.95162]]],[[[135.18978,34.95223],[135.18937,34.95561],[135.18845,34.95763],[135.18886,34.95854],[135.18985,34.95915],[135.19034,34.95877],[135.1911,34.95675],[135.19115,34.95517],[135.19062,34.95404],[135.19052,34.95246],[135.19019,34.95211],[135.18978,34.95223]]],[[[135.16063,34.95677],[135.15833,34.95878],[135.15693,34.96125],[135.15725,34.96153],[135.15834,34.96169],[135.15943,34.96214],[135.16079,34.96322],[135.16244,34.96248],[135.16436,34.96196],[135.16482,34.96153],[135.16501,34.96086],[135.16463,34.95882],[135.16306,34.95578],[135.16224,34.95534],[135.16169,34.95534],[135.16063,34.95677]]],[[[135.17729,34.96387],[135.17529,34.96611],[135.17539,34.96679],[135.17608,34.96711],[135.17772,34.96706],[135.17814,34.96635],[135.17803,34.96387],[135.17729,34.96387]]],[[[135.17712,34.97288],[135.1763,34.97267],[135.17601,34.97288],[135.17657,34.9732],[135.17709,34.97311],[135.17712,34.97288]]],[[[135.16296,34.99212],[135.15863,34.99417],[135.15744,34.99619],[135.1576,34.99957],[135.15795,34.99995],[135.16042,34.99996],[135.16479,35.00106],[135.16662,34.99895],[135.16813,34.99874],[135.1683,34.99716],[135.16675,34.99629],[135.16463,34.99285],[135.16385,34.99217],[135.16296,34.99212]]],[[[135.16579,35.01013],[135.16533,35.01044],[135.16539,35.01089],[135.16632,35.01185],[135.16933,35.01196],[135.17206,35.01257],[135.17256,35.01229],[135.16961,35.01002],[135.16853,35.00991],[135.16579,35.01013]]],[[[135.15617,35.01105],[135.15553,35.0142],[135.1564,35.01691],[135.15752,35.01782],[135.15831,35.01918],[135.15987,35.02032],[135.1613,35.02102],[135.16485,35.02185],[135.16622,35.02152],[135.16788,35.02041],[135.16824,35.0197],[135.16789,35.01898],[135.16378,35.01907],[135.16214,35.01838],[135.1603,35.01536],[135.15863,35.01371],[135.15705,35.01128],[135.15647,35.01091],[135.15617,35.01105]]],[[[135.16308,35.03251],[135.16315,35.03949],[135.16189,35.04422],[135.16215,35.04463],[135.16296,35.04422],[135.16352,35.04265],[135.16535,35.04086],[135.16521,35.03996],[135.16401,35.03815],[135.16402,35.03702],[135.16492,35.03545],[135.16386,35.03386],[135.16396,35.03206],[135.16365,35.03169],[135.16338,35.03177],[135.16308,35.03251]]],[[[135.18982,35.04487],[135.1901,35.04484],[135.18981,35.04486],[135.18982,35.04487]]],[[[135.20115,35.04967],[135.20103,35.05079],[135.20044,35.05173],[135.19962,35.05239],[135.19824,35.05283],[135.19496,35.05235],[135.19305,35.05165],[135.18854,35.05206],[135.18754,35.05341],[135.18705,35.05521],[135.18652,35.05588],[135.18553,35.05655],[135.18532,35.05706],[135.18559,35.05719],[135.18724,35.05694],[135.18833,35.05709],[135.18998,35.05687],[135.19186,35.05546],[135.19301,35.05514],[135.19493,35.05526],[135.19684,35.05625],[135.19903,35.05627],[135.20151,35.05533],[135.20371,35.05403],[135.20563,35.05387],[135.20673,35.05406],[135.20791,35.05489],[135.20845,35.05602],[135.20845,35.05738],[135.20888,35.05759],[135.21027,35.05573],[135.21137,35.05514],[135.21277,35.05492],[135.21272,35.05447],[135.21154,35.05379],[135.21003,35.0524],[135.20703,35.05057],[135.20321,35.04868],[135.20267,35.04851],[135.2016,35.04877],[135.20115,35.04967]]],[[[135.1678,35.0546],[135.16812,35.0544],[135.16834,35.05373],[135.16809,35.05337],[135.16708,35.05394],[135.16726,35.0544],[135.1678,35.0546]]],[[[135.21619,35.0563],[135.21575,35.05641],[135.21602,35.05678],[135.21629,35.05653],[135.21619,35.0563]]],[[[135.24042,34.23789],[135.23952,34.23789],[135.23997,34.23818],[135.24042,34.23789]]],[[[135.29668,34.23924],[135.29798,34.23824],[135.29535,34.23822],[135.29587,34.23916],[135.29614,34.23934],[135.29668,34.23924]]],[[[135.31812,34.23976],[135.32001,34.24023],[135.32109,34.24088],[135.32163,34.24089],[135.32245,34.23837],[135.3176,34.23835],[135.31812,34.23976]]],[[[135.30393,34.23827],[135.30448,34.24075],[135.30503,34.24121],[135.30643,34.24151],[135.30832,34.24234],[135.30968,34.24222],[135.31034,34.24191],[135.31096,34.24124],[135.31129,34.23989],[135.3121,34.23832],[135.30393,34.23827]]],[[[135.23499,34.2481],[135.23798,34.24832],[135.24031,34.24758],[135.24018,34.24736],[135.23962,34.24728],[135.23554,34.24725],[135.23446,34.24751],[135.23422,34.24777],[135.23499,34.2481]]],[[[135.26321,34.28096],[135.26374,34.28183],[135.26463,34.28199],[135.26469,34.27974],[135.26431,34.27925],[135.26349,34.2792],[135.26302,34.2795],[135.26321,34.28096]]],[[[135.32752,34.28623],[135.32833,34.28649],[135.32969,34.2865],[135.33073,34.28598],[135.33051,34.28565],[135.32888,34.28558],[135.32753,34.2849],[135.32706,34.28528],[135.32696,34.28573],[135.32752,34.28623]]],[[[135.26876,34.29844],[135.26903,34.29843],[135.26984,34.29735],[135.26983,34.2969],[135.26932,34.29649],[135.2689,34.29667],[135.26868,34.29712],[135.26876,34.29844]]],[[[135.28206,34.2995],[135.28262,34.29923],[135.28288,34.29852],[135.28174,34.29877],[135.28166,34.29922],[135.28206,34.2995]]],[[[135.26848,34.29918],[135.26712,34.30116],[135.26737,34.30125],[135.26874,34.30036],[135.26875,34.29918],[135.26848,34.29918]]],[[[135.27469,34.30347],[135.27266,34.30616],[135.27323,34.30886],[135.27355,34.30909],[135.2741,34.30872],[135.27494,34.30752],[135.27578,34.30572],[135.27523,34.30312],[135.27469,34.30347]]],[[[135.24848,34.31814],[135.25091,34.3203],[135.25172,34.32063],[135.25254,34.32055],[135.25339,34.31934],[135.25335,34.31844],[135.25202,34.3177],[135.24877,34.31697],[135.24741,34.31693],[135.2474,34.31749],[135.24848,34.31814]]],[[[135.24407,34.32576],[135.24426,34.32852],[135.2457,34.33011],[135.24646,34.33156],[135.247,34.33179],[135.24782,34.33169],[135.24864,34.33077],[135.25001,34.33016],[135.25042,34.32946],[135.25067,34.32789],[135.25004,34.32647],[135.2495,34.32599],[135.24598,34.32468],[135.24381,34.32441],[135.24353,34.32469],[135.24407,34.32576]]],[[[135.23475,34.33445],[135.23488,34.335],[135.23692,34.33566],[135.23989,34.33744],[135.2407,34.33754],[135.24132,34.33684],[135.2413,34.33639],[135.24053,34.33549],[135.23985,34.3339],[135.23938,34.33351],[135.23748,34.33352],[135.23558,34.33279],[135.23526,34.33297],[135.23475,34.33445]]],[[[135.22751,34.41381],[135.21944,34.42213],[135.2203,34.42303],[135.22985,34.42941],[135.23018,34.42986],[135.22953,34.43068],[135.22844,34.43075],[135.22642,34.42938],[135.226,34.42931],[135.22216,34.433],[135.22134,34.43322],[135.2062,34.42329],[135.20566,34.42358],[135.20169,34.42765],[135.20158,34.42832],[135.20505,34.43063],[135.20835,34.43197],[135.21911,34.43916],[135.23533,34.45008],[135.2383,34.45301],[135.24128,34.45497],[135.24182,34.45491],[135.24566,34.45131],[135.2511,34.45128],[135.25364,34.45096],[135.25377,34.45074],[135.25355,34.45051],[135.25167,34.44923],[135.25125,34.4487],[135.25138,34.44825],[135.25228,34.44735],[135.25207,34.44667],[135.24899,34.44431],[135.24709,34.44335],[135.23249,34.43355],[135.23215,34.43303],[135.2324,34.43235],[135.23305,34.43189],[135.23387,34.4321],[135.25063,34.44337],[135.25198,34.44405],[135.25824,34.44363],[135.25961,34.44332],[135.2649,34.43796],[135.26501,34.43751],[135.26429,34.43705],[135.26293,34.43711],[135.25995,34.43519],[135.25643,34.43371],[135.25262,34.43112],[135.25191,34.42999],[135.25075,34.42976],[135.24988,34.4293],[135.23395,34.41861],[135.23183,34.41646],[135.22886,34.41426],[135.22805,34.41381],[135.22751,34.41381]]],[[[135.24357,34.65245],[135.24063,34.6571],[135.2397,34.65781],[135.23587,34.65918],[135.23206,34.65868],[135.23159,34.65885],[135.23477,34.66003],[135.23831,34.66106],[135.23886,34.66102],[135.24472,34.6515],[135.24468,34.65083],[135.24413,34.65079],[135.24382,34.65104],[135.24357,34.65245]]],[[[135.27681,34.65169],[135.27471,34.66497],[135.27482,34.66526],[135.27537,34.66552],[135.28,34.66596],[135.28065,34.66524],[135.28247,34.65308],[135.2823,34.65283],[135.28147,34.65315],[135.28011,34.65307],[135.27993,34.65284],[135.28005,34.65216],[135.28062,34.65171],[135.28043,34.65149],[135.27958,34.65138],[135.27713,34.65143],[135.27681,34.65169]],[[135.28153,34.65442],[135.28165,34.6551],[135.28117,34.65678],[135.28035,34.657],[135.27843,34.65688],[135.2784,34.65801],[135.27921,34.65847],[135.27843,34.65873],[135.27728,34.65845],[135.27655,34.65687],[135.27708,34.65629],[135.2779,34.65669],[135.2779,34.65602],[135.27763,34.65572],[135.27709,34.65579],[135.27666,34.65507],[135.2771,34.65483],[135.27791,34.65519],[135.27818,34.65512],[135.27983,34.65409],[135.28092,34.6541],[135.28153,34.65442]]],[[[135.23559,34.66654],[135.23618,34.66564],[135.23582,34.66525],[135.23553,34.66541],[135.23523,34.66631],[135.23526,34.66656],[135.23559,34.66654]]],[[[135.2845,34.6818],[135.28777,34.68208],[135.28995,34.68261],[135.29031,34.6822],[135.29023,34.68192],[135.28969,34.68165],[135.28424,34.68096],[135.28342,34.68109],[135.28346,34.68148],[135.2845,34.6818]]],[[[135.25486,34.70125],[135.25595,34.70138],[135.25646,34.70092],[135.25569,34.70044],[135.2542,34.70046],[135.25409,34.70091],[135.25486,34.70125]]],[[[135.27176,34.70365],[135.27382,34.70306],[135.27396,34.70261],[135.27314,34.7023],[135.27196,34.70237],[135.27143,34.70327],[135.27176,34.70365]]],[[[135.22886,34.73921],[135.22638,34.74139],[135.22474,34.742],[135.22337,34.74204],[135.22174,34.74168],[135.219,34.74191],[135.21672,34.74372],[135.21646,34.74417],[135.21679,34.74476],[135.21963,34.74599],[135.22086,34.74748],[135.22304,34.74779],[135.2244,34.74842],[135.22765,34.75173],[135.22832,34.75146],[135.22958,34.75001],[135.23095,34.74912],[135.23232,34.7489],[135.2345,34.74948],[135.23504,34.74943],[135.2354,34.74902],[135.23587,34.74745],[135.23541,34.74474],[135.2341,34.74316],[135.2331,34.74247],[135.23234,34.74157],[135.23158,34.73962],[135.22941,34.73903],[135.22886,34.73921]]],[[[135.25134,34.74687],[135.25144,34.74734],[135.25259,34.7462],[135.25267,34.74575],[135.25228,34.74538],[135.25173,34.74559],[135.25134,34.74687]]],[[[135.24983,34.74934],[135.24834,34.75316],[135.24866,34.75352],[135.25083,34.75459],[135.25166,34.75388],[135.25309,34.75184],[135.25315,34.75139],[135.25163,34.7498],[135.25117,34.74778],[135.25062,34.74818],[135.24983,34.74934]]],[[[135.3005,34.75437],[135.30119,34.75618],[135.30115,34.75776],[135.30009,34.76046],[135.30018,34.76113],[135.30047,34.76128],[135.30212,34.76003],[135.30293,34.75822],[135.30234,34.75641],[135.30272,34.75434],[135.30217,34.75406],[135.30058,34.75392],[135.3005,34.75437]]],[[[135.25573,34.77529],[135.25594,34.77777],[135.25578,34.77912],[135.25607,34.77931],[135.25893,34.77802],[135.25695,34.7753],[135.25611,34.77488],[135.25573,34.77529]]],[[[135.23,34.76367],[135.22669,34.76621],[135.22568,34.76947],[135.22596,34.77218],[135.22718,34.77306],[135.22773,34.77377],[135.22808,34.77467],[135.22801,34.77557],[135.22718,34.77759],[135.2252,34.7796],[135.22466,34.78073],[135.22378,34.78163],[135.22279,34.7832],[135.22255,34.78635],[135.22295,34.78664],[135.22459,34.78656],[135.22623,34.78719],[135.22707,34.78819],[135.22799,34.7909],[135.22974,34.79155],[135.23109,34.79264],[135.23245,34.79312],[135.23492,34.79181],[135.23602,34.79155],[135.23738,34.7917],[135.23766,34.79152],[135.23756,34.79028],[135.23782,34.78893],[135.23761,34.786],[135.23959,34.78308],[135.23926,34.78173],[135.23938,34.77925],[135.24107,34.77691],[135.24413,34.775],[135.24558,34.77208],[135.24522,34.77159],[135.24331,34.77117],[135.24167,34.77145],[135.24058,34.77133],[135.23704,34.77002],[135.23568,34.76903],[135.23404,34.76893],[135.2331,34.76862],[135.23232,34.76816],[135.2313,34.7668],[135.23122,34.76545],[135.23145,34.76455],[135.23122,34.7641],[135.23054,34.76366],[135.23,34.76367]]],[[[135.28935,34.75322],[135.28671,34.75452],[135.28605,34.75551],[135.28495,34.75634],[135.28303,34.75701],[135.28112,34.75713],[135.28068,34.75741],[135.28138,34.75844],[135.28312,34.75946],[135.28364,34.76036],[135.28352,34.76104],[135.28243,34.76171],[135.28187,34.76283],[135.28114,34.76328],[135.27943,34.76356],[135.27812,34.76303],[135.27751,34.7619],[135.27751,34.7601],[135.27619,34.75893],[135.27483,34.75866],[135.2739,34.75918],[135.27302,34.76052],[135.27313,34.76165],[135.27377,34.76278],[135.27369,34.76323],[135.272,34.76457],[135.27095,34.76474],[135.26931,34.76458],[135.26846,34.7641],[135.26659,34.76363],[135.26549,34.76433],[135.26494,34.76443],[135.2641,34.76408],[135.26332,34.76286],[135.26168,34.76258],[135.26059,34.76287],[135.2595,34.76226],[135.25923,34.76228],[135.25788,34.76426],[135.25702,34.76496],[135.25565,34.76541],[135.25374,34.76557],[135.25285,34.76603],[135.25291,34.76655],[135.25536,34.76747],[135.25726,34.76851],[135.25767,34.76832],[135.25828,34.76674],[135.26001,34.76605],[135.26132,34.76609],[135.26219,34.76679],[135.26383,34.76645],[135.26493,34.76663],[135.26658,34.76905],[135.26548,34.77062],[135.26396,34.77196],[135.2638,34.77264],[135.26459,34.77312],[135.26569,34.77281],[135.26624,34.77288],[135.26786,34.77487],[135.26894,34.77549],[135.26933,34.7765],[135.26897,34.7783],[135.27,34.77968],[135.27136,34.78046],[135.27106,34.78147],[135.26973,34.78214],[135.26887,34.78351],[135.26778,34.78409],[135.26614,34.78418],[135.26396,34.78322],[135.26068,34.78389],[135.26,34.78433],[135.2597,34.78478],[135.26001,34.78591],[135.2612,34.78727],[135.26172,34.78912],[135.26199,34.78924],[135.26336,34.78883],[135.26446,34.78876],[135.26718,34.78948],[135.26803,34.79024],[135.26957,34.79273],[135.27046,34.79364],[135.27143,34.79522],[135.27177,34.79538],[135.27242,34.795],[135.27343,34.79367],[135.2748,34.79346],[135.27671,34.79272],[135.27752,34.793],[135.27871,34.79414],[135.279,34.79481],[135.2789,34.79549],[135.27773,34.79751],[135.27736,34.79864],[135.27747,34.79976],[135.27856,34.80093],[135.27876,34.80067],[135.27876,34.7991],[135.27929,34.79842],[135.27995,34.79817],[135.28131,34.79851],[135.2824,34.79844],[135.2846,34.79667],[135.28569,34.79685],[135.2869,34.79757],[135.28787,34.79849],[135.28868,34.79877],[135.28979,34.79767],[135.29197,34.79774],[135.29415,34.79835],[135.29878,34.80071],[135.29975,34.80237],[135.30233,34.80464],[135.30337,34.80672],[135.30488,34.80849],[135.30581,34.80917],[135.30935,34.81006],[135.31099,34.81081],[135.31289,34.8113],[135.31344,34.81117],[135.31592,34.80919],[135.31756,34.80871],[135.3192,34.80909],[135.3211,34.81019],[135.32274,34.80986],[135.32657,34.80974],[135.32677,34.80929],[135.32658,34.80838],[135.3244,34.80817],[135.32222,34.80727],[135.32154,34.80678],[135.32067,34.80565],[135.32032,34.80429],[135.31979,34.80384],[135.31842,34.80364],[135.31515,34.80261],[135.31351,34.8026],[135.31132,34.80296],[135.30887,34.80235],[135.30669,34.80222],[135.30505,34.80154],[135.3042,34.80082],[135.30371,34.79924],[135.30423,34.79767],[135.30511,34.79632],[135.30519,34.79542],[135.30593,34.79503],[135.30734,34.79498],[135.30626,34.79317],[135.30628,34.79249],[135.3065,34.79201],[135.30787,34.79145],[135.30807,34.7907],[135.30597,34.78941],[135.30567,34.78888],[135.3076,34.78574],[135.30737,34.78548],[135.30683,34.7854],[135.30191,34.78541],[135.29973,34.78472],[135.29799,34.78456],[135.29765,34.78388],[135.29787,34.78275],[135.29839,34.78188],[135.29949,34.78125],[135.30004,34.77977],[135.30059,34.77955],[135.30148,34.77962],[135.30172,34.7794],[135.30061,34.77812],[135.30006,34.77775],[135.29761,34.77708],[135.29569,34.77786],[135.29405,34.7781],[135.29268,34.77802],[135.2916,34.77755],[135.2906,34.77663],[135.2905,34.7755],[135.28889,34.77517],[135.28739,34.7739],[135.28738,34.77345],[135.28808,34.77233],[135.28763,34.7703],[135.28817,34.76805],[135.28977,34.76714],[135.2914,34.76806],[135.29304,34.76786],[135.29407,34.76515],[135.29393,34.76403],[135.29273,34.76132],[135.29259,34.75996],[135.29092,34.75702],[135.29079,34.75499],[135.29044,34.75409],[135.28935,34.75322]]],[[[135.32731,34.78546],[135.3284,34.78574],[135.32895,34.78567],[135.32922,34.78541],[135.32892,34.78473],[135.3276,34.78405],[135.32724,34.7845],[135.32731,34.78546]]],[[[135.24658,34.78583],[135.24678,34.78538],[135.24646,34.78508],[135.24585,34.78582],[135.24618,34.78601],[135.24658,34.78583]]],[[[135.2599,34.79425],[135.26031,34.79469],[135.26058,34.79469],[135.26168,34.79396],[135.26171,34.79358],[135.26087,34.79257],[135.2606,34.79255],[135.26032,34.79286],[135.2599,34.79425]]],[[[135.32453,34.79178],[135.3224,34.79416],[135.32396,34.79597],[135.32452,34.7971],[135.32501,34.79996],[135.3261,34.80056],[135.32569,34.79846],[135.32612,34.79734],[135.32704,34.79622],[135.32686,34.79329],[135.32589,34.79213],[135.32508,34.7917],[135.32453,34.79178]]],[[[135.3273,34.8014],[135.32676,34.80117],[135.32718,34.80164],[135.3273,34.8014]]],[[[135.22884,34.7996],[135.22364,34.80108],[135.22226,34.80221],[135.22037,34.80302],[135.21941,34.80391],[135.22115,34.8043],[135.22388,34.80384],[135.22716,34.80449],[135.23151,34.80286],[135.23188,34.80106],[135.23129,34.8003],[135.22884,34.7996]]],[[[135.23919,34.80309],[135.24029,34.80301],[135.24083,34.80276],[135.24079,34.80224],[135.2403,34.80176],[135.23948,34.80175],[135.23878,34.80223],[135.23869,34.80268],[135.23919,34.80309]]],[[[135.29113,34.80322],[135.29082,34.8057],[135.29162,34.80654],[135.29272,34.80635],[135.29492,34.80663],[135.2922,34.8029],[135.29165,34.80286],[135.29113,34.80322]]],[[[135.27221,34.80803],[135.27252,34.80717],[135.27167,34.807],[135.27148,34.80739],[135.27166,34.80802],[135.27221,34.80803]]],[[[135.24076,34.81118],[135.23653,34.81326],[135.23615,34.81371],[135.23636,34.81412],[135.23718,34.81433],[135.24046,34.81408],[135.24209,34.81461],[135.24428,34.81474],[135.24482,34.81457],[135.24503,34.81286],[135.24348,34.81204],[135.24236,34.81104],[135.24185,34.81093],[135.24076,34.81118]]],[[[135.25768,34.80911],[135.25707,34.81046],[135.25586,34.81203],[135.25528,34.8136],[135.25549,34.81388],[135.2574,34.81428],[135.25848,34.81495],[135.25932,34.81611],[135.25945,34.81791],[135.25982,34.81819],[135.26037,34.81817],[135.26199,34.81747],[135.26205,34.81702],[135.26167,34.81612],[135.26191,34.81522],[135.2637,34.81365],[135.26261,34.81213],[135.26233,34.81072],[135.26088,34.80958],[135.25991,34.80823],[135.25855,34.80802],[135.25768,34.80911]]],[[[135.30602,34.81628],[135.30578,34.81728],[135.30776,34.81842],[135.30927,34.81993],[135.312,34.82036],[135.31238,34.82025],[135.31065,34.81845],[135.31011,34.81703],[135.30948,34.8164],[135.30821,34.8159],[135.30602,34.81628]]],[[[135.28065,34.80835],[135.27959,34.81014],[135.27978,34.81037],[135.28079,34.81083],[135.28142,34.81173],[135.28119,34.81214],[135.28009,34.81256],[135.27973,34.81307],[135.28002,34.81533],[135.27925,34.81565],[135.27769,34.81554],[135.27718,34.81441],[135.27645,34.81396],[135.27599,34.81334],[135.27544,34.81321],[135.27498,34.8135],[135.27476,34.8144],[135.27434,34.81477],[135.27297,34.81521],[135.27076,34.81688],[135.2689,34.81729],[135.26869,34.81977],[135.26964,34.82041],[135.27073,34.82057],[135.27131,34.82136],[135.2713,34.82226],[135.27063,34.82361],[135.26994,34.82428],[135.26878,34.8248],[135.26304,34.8253],[135.25976,34.8276],[135.25932,34.82985],[135.25955,34.83031],[135.26217,34.831],[135.26382,34.82954],[135.26765,34.82953],[135.26957,34.82864],[135.27067,34.82741],[135.27231,34.82729],[135.27341,34.82668],[135.27396,34.82677],[135.27455,34.82724],[135.27463,34.82769],[135.27403,34.82949],[135.27475,34.82954],[135.27777,34.82835],[135.28106,34.82741],[135.28204,34.82548],[135.28314,34.82459],[135.28546,34.82408],[135.28683,34.82325],[135.28848,34.82273],[135.28985,34.8225],[135.2923,34.82265],[135.29506,34.82034],[135.29615,34.81985],[135.29807,34.81967],[135.29822,34.81949],[135.29572,34.81655],[135.29528,34.81542],[135.29527,34.81407],[135.29457,34.81376],[135.29265,34.81353],[135.2912,34.81247],[135.29098,34.81201],[135.2913,34.81089],[135.29108,34.80999],[135.29079,34.80976],[135.28941,34.80963],[135.28776,34.81039],[135.28613,34.80955],[135.28476,34.8098],[135.28394,34.80971],[135.28259,34.80843],[135.2815,34.80824],[135.28065,34.80835]]],[[[135.26536,34.84131],[135.26558,34.84116],[135.26536,34.84101],[135.26518,34.84116],[135.26536,34.84131]]],[[[135.32122,34.82906],[135.31839,34.83042],[135.31802,34.83132],[135.3183,34.83155],[135.31929,34.83153],[135.31988,34.83179],[135.32037,34.83224],[135.32036,34.83291],[135.31956,34.83359],[135.31763,34.8341],[135.31591,34.83514],[135.31573,34.83559],[135.31659,34.8383],[135.31539,34.84006],[135.31264,34.84135],[135.3121,34.84137],[135.31128,34.84089],[135.31019,34.84067],[135.30745,34.84138],[135.30553,34.84213],[135.30471,34.84188],[135.30417,34.84099],[135.30363,34.84088],[135.30279,34.84296],[135.30182,34.8443],[135.30206,34.84543],[135.30191,34.84768],[135.30083,34.84856],[135.30028,34.84864],[135.29956,34.84835],[135.29893,34.84747],[135.29756,34.84744],[135.29673,34.84827],[135.29627,34.84991],[135.2948,34.85082],[135.29316,34.85087],[135.29179,34.85042],[135.29125,34.85044],[135.28904,34.8522],[135.2874,34.85265],[135.28658,34.85241],[135.28414,34.85042],[135.28277,34.85079],[135.28195,34.85058],[135.28086,34.84914],[135.28079,34.84824],[135.28115,34.84781],[135.28225,34.84743],[135.28281,34.8469],[135.28423,34.84398],[135.2843,34.8424],[135.28396,34.84172],[135.2834,34.84141],[135.28121,34.84092],[135.28012,34.84095],[135.27957,34.84119],[135.27932,34.84169],[135.27943,34.8426],[135.2791,34.84304],[135.27846,34.84333],[135.27674,34.84326],[135.27633,34.8437],[135.27606,34.8446],[135.27707,34.84776],[135.2776,34.84825],[135.27935,34.84913],[135.28014,34.85026],[135.28013,34.85116],[135.27937,34.85341],[135.27924,34.85476],[135.27818,34.85588],[135.27834,34.85656],[135.2797,34.85744],[135.28079,34.8576],[135.28134,34.85792],[135.28408,34.85719],[135.28709,34.85727],[135.29013,34.85843],[135.29198,34.86057],[135.29307,34.86103],[135.29454,34.86026],[135.29462,34.85733],[135.29485,34.85688],[135.29557,34.85658],[135.29666,34.85651],[135.29704,34.85622],[135.29633,34.85261],[135.29694,34.85126],[135.2978,34.85066],[135.2989,34.85049],[135.30136,34.85059],[135.30435,34.85276],[135.30707,34.85312],[135.30871,34.85411],[135.31117,34.85416],[135.31199,34.85398],[135.31273,34.85316],[135.31295,34.85248],[135.31294,34.8509],[135.31245,34.84887],[135.31289,34.84498],[135.31358,34.84415],[135.31603,34.84236],[135.31762,34.84034],[135.31844,34.83876],[135.3186,34.83719],[135.31921,34.83606],[135.32227,34.83415],[135.32314,34.8327],[135.32321,34.83158],[135.32231,34.8293],[135.32177,34.82903],[135.32122,34.82906]]],[[[135.25081,34.84742],[135.24883,34.84827],[135.24751,34.84939],[135.24713,34.85119],[135.24766,34.853],[135.24802,34.85333],[135.25022,34.85264],[135.25231,34.85054],[135.25427,34.84943],[135.25397,34.84763],[135.25355,34.8472],[135.25081,34.84742]]],[[[135.26853,34.85583],[135.26776,34.85763],[135.26958,34.85826],[135.27067,34.8582],[135.27164,34.85765],[135.27167,34.85742],[135.26933,34.85563],[135.26853,34.85583]]],[[[135.28716,34.8645],[135.2864,34.86698],[135.28695,34.86946],[135.28801,34.87217],[135.28907,34.87375],[135.29132,34.87379],[135.29162,34.87354],[135.29188,34.87203],[135.29353,34.87156],[135.29408,34.87103],[135.29403,34.87085],[135.29286,34.87062],[135.2919,34.86989],[135.28999,34.86944],[135.28944,34.86971],[135.28933,34.87015],[135.29053,34.87066],[135.29079,34.87155],[135.2886,34.87082],[135.28837,34.87037],[135.28848,34.86902],[135.28898,34.86812],[135.289,34.86744],[135.28954,34.86699],[135.28995,34.8661],[135.29057,34.86583],[135.29193,34.8659],[135.2933,34.86547],[135.29548,34.86651],[135.29657,34.86668],[135.29737,34.86636],[135.29741,34.86547],[135.29659,34.86485],[135.29386,34.86398],[135.29304,34.86415],[135.29139,34.86497],[135.29085,34.86496],[135.28922,34.86346],[135.28867,34.86329],[135.28785,34.86346],[135.28716,34.8645]]],[[[135.30857,34.87043],[135.30919,34.87004],[135.30913,34.86954],[135.30858,34.86928],[135.30808,34.86936],[135.30798,34.86981],[135.30857,34.87043]]],[[[135.26234,34.87302],[135.26562,34.87312],[135.26591,34.87271],[135.26508,34.87176],[135.26235,34.87169],[135.2618,34.87187],[135.26166,34.87224],[135.26179,34.87275],[135.26234,34.87302]]],[[[135.2315,34.87498],[135.23162,34.87453],[135.23115,34.87421],[135.23061,34.87417],[135.23038,34.87452],[135.2306,34.87493],[135.2315,34.87498]]],[[[135.26039,34.87922],[135.2601,34.87917],[135.25988,34.87921],[135.26009,34.87938],[135.26039,34.87922]]],[[[135.26694,34.88264],[135.26755,34.88444],[135.26734,34.88579],[135.26796,34.88623],[135.26932,34.88468],[135.26917,34.8831],[135.26855,34.88191],[135.268,34.88184],[135.26718,34.88219],[135.26694,34.88264]]],[[[135.24315,34.89196],[135.2456,34.89377],[135.24683,34.8942],[135.24792,34.89498],[135.24847,34.89483],[135.24851,34.89379],[135.24822,34.89311],[135.24767,34.89266],[135.24575,34.89245],[135.24385,34.89149],[135.2433,34.89149],[135.24315,34.89196]]],[[[135.24838,34.89785],[135.24902,34.89988],[135.24865,34.90168],[135.24945,34.90304],[135.2503,34.90387],[135.25221,34.90455],[135.25358,34.90415],[135.25549,34.90479],[135.25601,34.90466],[135.25561,34.90262],[135.2547,34.90141],[135.24872,34.89734],[135.24844,34.89745],[135.24838,34.89785]]],[[[135.23169,34.93222],[135.23252,34.93283],[135.23305,34.93133],[135.23282,34.93088],[135.23227,34.93063],[135.23172,34.93062],[135.23142,34.93087],[135.23169,34.93222]]],[[[135.41085,34.23996],[135.41144,34.24199],[135.41173,34.24216],[135.41309,34.24129],[135.415,34.24052],[135.41663,34.23933],[135.41689,34.23886],[135.40992,34.23883],[135.41085,34.23996]]],[[[135.38298,34.23996],[135.38441,34.2405],[135.38501,34.24186],[135.38648,34.24277],[135.38811,34.24313],[135.38865,34.24301],[135.38911,34.24256],[135.38995,34.24031],[135.39112,34.24],[135.39171,34.24032],[135.39264,34.24235],[135.39408,34.24318],[135.39544,34.24313],[135.39707,34.24257],[135.39979,34.2421],[135.4006,34.24252],[135.40133,34.24352],[135.40195,34.24362],[135.40317,34.2433],[135.40423,34.24263],[135.40532,34.23993],[135.40626,34.23881],[135.38284,34.23869],[135.38273,34.23959],[135.38298,34.23996]]],[[[135.38241,34.24374],[135.38322,34.24371],[135.38347,34.2432],[135.38323,34.24295],[135.38187,34.24262],[135.3816,34.24278],[135.38159,34.24319],[135.38241,34.24374]]],[[[135.38458,34.24434],[135.3843,34.24417],[135.38403,34.24431],[135.38389,34.24478],[135.3843,34.24474],[135.38458,34.24434]]],[[[135.43747,34.24829],[135.43853,34.24753],[135.43859,34.24708],[135.4383,34.24682],[135.43748,34.24681],[135.43715,34.24707],[135.43698,34.24797],[135.43747,34.24829]]],[[[135.47193,34.26255],[135.47195,34.26232],[135.47158,34.26224],[135.47091,34.26255],[135.47131,34.26279],[135.47193,34.26255]]],[[[135.46855,34.26456],[135.46904,34.26457],[135.46886,34.26434],[135.46855,34.26456]]],[[[135.39488,34.30299],[135.39501,34.30273],[135.39447,34.30245],[135.39366,34.3024],[135.39312,34.30276],[135.39365,34.30306],[135.39488,34.30299]]],[[[135.46851,34.32001],[135.46858,34.31933],[135.46824,34.31907],[135.46797,34.31912],[135.4677,34.31956],[135.46782,34.31978],[135.46851,34.32001]]],[[[135.29147,34.28238],[135.28979,34.28402],[135.28791,34.28438],[135.28715,34.28528],[135.28652,34.28554],[135.28489,34.28548],[135.28327,34.28409],[135.28292,34.28435],[135.28274,34.28525],[135.28306,34.28638],[135.28261,34.28728],[135.28282,34.28819],[135.28255,34.28976],[135.28294,34.29153],[135.28321,34.29165],[135.2843,34.29112],[135.28593,34.29071],[135.28818,34.29182],[135.28768,34.29317],[135.28773,34.29385],[135.28808,34.29416],[135.28925,34.29408],[135.29044,34.29274],[135.29135,34.29242],[135.2924,34.29275],[135.29263,34.29388],[135.29251,34.29545],[135.29214,34.29635],[135.28966,34.29888],[135.28664,34.30285],[135.28523,34.30668],[135.28443,34.30723],[135.28225,34.30811],[135.28192,34.30869],[135.28222,34.30914],[135.2836,34.31],[135.28632,34.30909],[135.28876,34.30943],[135.28924,34.30896],[135.28868,34.3076],[135.28872,34.30693],[135.29097,34.30559],[135.29259,34.30574],[135.29367,34.3065],[135.29559,34.30584],[135.2964,34.30585],[135.29731,34.30653],[135.29889,34.30834],[135.29867,34.30991],[135.2976,34.31149],[135.29797,34.31213],[135.29945,34.3133],[135.30016,34.31488],[135.30018,34.31601],[135.29901,34.31783],[135.29792,34.31822],[135.29552,34.31756],[135.29467,34.31704],[135.29196,34.31644],[135.2906,34.31573],[135.28763,34.3153],[135.28727,34.31571],[135.2867,34.31796],[135.28528,34.31953],[135.28351,34.32044],[135.28133,34.32052],[135.28107,34.32243],[135.2805,34.32321],[135.2794,34.32401],[135.27695,34.3244],[135.27668,34.3246],[135.27642,34.32601],[135.2758,34.32714],[135.27592,34.32939],[135.27481,34.33096],[135.27447,34.33186],[135.27471,34.33212],[135.27652,34.33277],[135.27742,34.33368],[135.27773,34.33481],[135.2775,34.33571],[135.27616,34.33728],[135.27738,34.3385],[135.27846,34.33901],[135.27981,34.34006],[135.28225,34.34022],[135.28339,34.3407],[135.28441,34.34155],[135.28523,34.34143],[135.28539,34.34094],[135.28461,34.33891],[135.28462,34.33756],[135.28523,34.33643],[135.28637,34.33531],[135.28662,34.33419],[135.2872,34.33324],[135.2883,34.33231],[135.28939,34.33192],[135.29183,34.33163],[135.29346,34.33173],[135.29412,34.33153],[135.29462,34.33108],[135.29481,34.32928],[135.29586,34.3277],[135.29634,34.32635],[135.29868,34.32501],[135.30004,34.32477],[135.30085,34.32557],[135.30248,34.3256],[135.30373,34.32662],[135.30392,34.32707],[135.30381,34.32865],[135.30327,34.32918],[135.30163,34.33004],[135.30133,34.33044],[135.30102,34.33156],[135.30143,34.33337],[135.30376,34.33453],[135.30512,34.33441],[135.30649,34.33401],[135.30892,34.33501],[135.30927,34.33544],[135.30945,34.3374],[135.31215,34.33858],[135.31404,34.33975],[135.3144,34.34066],[135.31427,34.34223],[135.3151,34.34357],[135.31619,34.34341],[135.31755,34.34278],[135.31819,34.34135],[135.31893,34.34069],[135.32083,34.34069],[135.32203,34.34137],[135.32299,34.34238],[135.32435,34.34229],[135.32571,34.3425],[135.32717,34.34343],[135.32897,34.3466],[135.3288,34.34862],[135.32919,34.34939],[135.33082,34.34863],[135.33218,34.34835],[135.33354,34.34864],[135.33465,34.34933],[135.33545,34.35091],[135.33494,34.35294],[135.33567,34.35452],[135.33542,34.35587],[135.33412,34.35902],[135.33414,34.35992],[135.33453,34.36045],[135.33676,34.36129],[135.3377,34.3622],[135.33888,34.36423],[135.33916,34.36626],[135.339,34.36761],[135.33963,34.36836],[135.34028,34.3683],[135.3406,34.36694],[135.34165,34.36492],[135.34293,34.36392],[135.34375,34.3637],[135.34538,34.36371],[135.34864,34.3644],[135.35,34.36368],[135.35136,34.36333],[135.3538,34.36379],[135.35417,34.36319],[135.35472,34.36071],[135.35642,34.35869],[135.35711,34.3584],[135.35928,34.35874],[135.36091,34.35842],[135.36154,34.35894],[135.36184,34.36052],[135.36153,34.36187],[135.36099,34.36277],[135.36096,34.36457],[135.3605,34.3657],[135.36072,34.36818],[135.36092,34.36863],[135.36245,34.37005],[135.3649,34.37047],[135.36571,34.37015],[135.36654,34.36933],[135.36708,34.36917],[135.36925,34.37054],[135.37033,34.37051],[135.37196,34.37084],[135.37381,34.37005],[135.37415,34.36886],[135.37523,34.36947],[135.37714,34.36939],[135.37796,34.36877],[135.37904,34.36868],[135.37966,34.36895],[135.38039,34.37021],[135.38246,34.37099],[135.38275,34.37302],[135.38498,34.37433],[135.38535,34.37394],[135.38545,34.37146],[135.38591,34.36989],[135.38581,34.36943],[135.38467,34.3683],[135.38477,34.36676],[135.38668,34.36561],[135.38676,34.36493],[135.38801,34.36404],[135.38817,34.36291],[135.39078,34.36222],[135.39159,34.36226],[135.39267,34.36316],[135.39292,34.36474],[135.39402,34.36453],[135.39484,34.36473],[135.39635,34.36588],[135.39682,34.36678],[135.39653,34.36768],[135.39454,34.36871],[135.39345,34.3697],[135.3932,34.3715],[135.39231,34.3733],[135.39236,34.37488],[135.39115,34.3778],[135.39147,34.3796],[135.39419,34.38458],[135.39409,34.38593],[135.39441,34.38671],[135.39468,34.38676],[135.39495,34.38639],[135.39629,34.38391],[135.3977,34.38286],[135.39851,34.38269],[135.40015,34.38278],[135.40177,34.38381],[135.40231,34.38393],[135.40259,34.38101],[135.40192,34.37785],[135.40097,34.37605],[135.40098,34.37514],[135.40153,34.37402],[135.40239,34.37335],[135.40375,34.37325],[135.40592,34.37355],[135.40623,34.37382],[135.40645,34.37505],[135.40851,34.37743],[135.40877,34.37856],[135.40977,34.3806],[135.40963,34.38262],[135.4111,34.38511],[135.41112,34.38691],[135.41075,34.38781],[135.40989,34.38879],[135.40732,34.39028],[135.40906,34.39186],[135.40931,34.39369],[135.40986,34.39368],[135.41176,34.39293],[135.41258,34.3931],[135.41366,34.39387],[135.41584,34.3933],[135.41639,34.39285],[135.41721,34.39113],[135.41778,34.39078],[135.41858,34.39076],[135.41993,34.39126],[135.42156,34.3914],[135.42213,34.39192],[135.42168,34.3926],[135.41881,34.39484],[135.41849,34.39574],[135.41881,34.39646],[135.42207,34.39644],[135.42288,34.39711],[135.42304,34.39801],[135.42342,34.3983],[135.42533,34.39725],[135.42832,34.3973],[135.42913,34.39782],[135.42949,34.39962],[135.42911,34.40075],[135.42846,34.40165],[135.42827,34.40255],[135.4294,34.40368],[135.42973,34.40436],[135.42935,34.40638],[135.42969,34.40751],[135.43015,34.40811],[135.43123,34.40856],[135.43223,34.40933],[135.43231,34.41016],[135.43104,34.4109],[135.43098,34.4118],[135.43068,34.41225],[135.4293,34.41258],[135.42848,34.41312],[135.42713,34.4128],[135.42603,34.4138],[135.4244,34.41388],[135.42222,34.41489],[135.41921,34.41512],[135.42111,34.41671],[135.42138,34.41841],[135.42409,34.4191],[135.42491,34.41906],[135.42554,34.41876],[135.42819,34.41565],[135.42901,34.41569],[135.43056,34.41653],[135.43097,34.41721],[135.43056,34.41833],[135.4317,34.42082],[135.43359,34.4222],[135.43451,34.42354],[135.43331,34.42378],[135.43235,34.42443],[135.43109,34.42487],[135.43106,34.42532],[135.43169,34.42623],[135.43132,34.42713],[135.43133,34.42825],[135.43382,34.42806],[135.43519,34.42721],[135.43655,34.42759],[135.43682,34.42749],[135.43715,34.42603],[135.4401,34.4249],[135.44064,34.42493],[135.442,34.42591],[135.44417,34.42687],[135.44532,34.42539],[135.44662,34.42524],[135.44772,34.42469],[135.44907,34.42505],[135.4499,34.42399],[135.45232,34.42272],[135.4529,34.4217],[135.45372,34.42168],[135.45534,34.42274],[135.45699,34.42129],[135.4589,34.42029],[135.45944,34.42043],[135.46022,34.42117],[135.46057,34.42208],[135.46124,34.42276],[135.45984,34.42545],[135.46022,34.42681],[135.46157,34.42784],[135.46266,34.42755],[135.4635,34.42705],[135.46461,34.42435],[135.46609,34.4239],[135.46677,34.42279],[135.46813,34.4223],[135.46894,34.42261],[135.46945,34.42369],[135.46975,34.42385],[135.47084,34.4234],[135.47166,34.4235],[135.4725,34.42483],[135.47278,34.42596],[135.473,34.42603],[135.47409,34.42548],[135.47572,34.42572],[135.47663,34.4262],[135.47764,34.42801],[135.47755,34.42891],[135.47784,34.42981],[135.47877,34.43185],[135.47922,34.43225],[135.47958,34.43185],[135.47953,34.42869],[135.48006,34.428],[135.48115,34.42779],[135.48332,34.42846],[135.48441,34.42904],[135.48523,34.42851],[135.48659,34.42827],[135.48741,34.42769],[135.48795,34.42761],[135.48855,34.42806],[135.48826,34.42941],[135.48876,34.42994],[135.4893,34.43008],[135.49012,34.4296],[135.49066,34.42965],[135.49201,34.43091],[135.49337,34.43119],[135.49359,34.43146],[135.49342,34.43236],[135.49418,34.43281],[135.49442,34.43326],[135.49426,34.43552],[135.49388,34.43687],[135.49252,34.43762],[135.4924,34.43821],[135.49316,34.43934],[135.49685,34.44078],[135.49793,34.44162],[135.49801,34.44275],[135.49721,34.44364],[135.49713,34.44409],[135.49786,34.445],[135.49832,34.4468],[135.49899,34.44773],[135.49926,34.44782],[135.49953,34.44762],[135.49918,34.44613],[135.49947,34.44546],[135.50036,34.44525],[135.50172,34.44599],[135.502,34.44485],[135.50336,34.44449],[135.50373,34.44322],[135.50418,34.44299],[135.50473,34.44307],[135.50771,34.4447],[135.50802,34.44549],[135.50904,34.4464],[135.50946,34.4473],[135.51177,34.44842],[135.51249,34.44934],[135.51366,34.45016],[135.5138,34.4507],[135.51348,34.45205],[135.51289,34.45317],[135.5131,34.45339],[135.515,34.45342],[135.51609,34.45384],[135.51744,34.45582],[135.51771,34.45581],[135.51935,34.45448],[135.52017,34.45453],[135.52207,34.45522],[135.52258,34.45637],[135.52228,34.45682],[135.52097,34.45771],[135.52091,34.45861],[135.5217,34.45907],[135.5234,34.45946],[135.52449,34.46065],[135.52639,34.46067],[135.52776,34.45988],[135.52912,34.45991],[135.52944,34.4591],[135.53021,34.45882],[135.53294,34.45956],[135.53382,34.4625],[135.5359,34.46273],[135.5378,34.46376],[135.53998,34.46379],[135.54134,34.46409],[135.5427,34.46369],[135.54407,34.46278],[135.54444,34.46209],[135.54437,34.46141],[135.54245,34.45889],[135.54164,34.45845],[135.54028,34.45826],[135.53757,34.45745],[135.53723,34.4571],[135.53676,34.45518],[135.53649,34.45503],[135.53513,34.45539],[135.53469,34.45506],[135.53432,34.45281],[135.53216,34.4513],[135.53176,34.45077],[135.5315,34.44941],[135.53213,34.44784],[135.53089,34.44648],[135.53053,34.44535],[135.53057,34.4449],[135.53108,34.44423],[135.53247,34.44329],[135.53302,34.44327],[135.53438,34.44385],[135.53547,34.4435],[135.53655,34.4435],[135.53764,34.44398],[135.53828,34.44313],[135.53796,34.44178],[135.5363,34.44035],[135.53494,34.44008],[135.53385,34.44085],[135.53276,34.44085],[135.53222,34.4404],[135.5317,34.43882],[135.53223,34.438],[135.53332,34.43754],[135.53389,34.43613],[135.53369,34.43522],[135.53279,34.43473],[135.53256,34.43432],[135.53332,34.43229],[135.5339,34.43219],[135.53498,34.43291],[135.53559,34.43253],[135.53544,34.43185],[135.53445,34.43103],[135.53389,34.42982],[135.53254,34.42891],[135.533,34.42801],[135.53461,34.42689],[135.53456,34.42621],[135.53392,34.42531],[135.53421,34.4226],[135.53382,34.42102],[135.5348,34.41968],[135.53591,34.41923],[135.53425,34.41764],[135.53413,34.41674],[135.53441,34.41584],[135.53495,34.41517],[135.53625,34.41224],[135.53673,34.41195],[135.53863,34.41159],[135.53945,34.41178],[135.54033,34.41271],[135.54082,34.41406],[135.54215,34.41499],[135.54269,34.41506],[135.54393,34.41385],[135.54488,34.4133],[135.54624,34.41308],[135.54814,34.41335],[135.55003,34.41004],[135.55116,34.40931],[135.55279,34.40905],[135.55496,34.40953],[135.55796,34.40894],[135.55831,34.40759],[135.55954,34.40602],[135.55897,34.40444],[135.55891,34.40173],[135.55838,34.40061],[135.55734,34.39925],[135.55691,34.39722],[135.55577,34.39609],[135.5547,34.39315],[135.55505,34.39263],[135.55696,34.39159],[135.55914,34.39148],[135.55968,34.39114],[135.55967,34.39002],[135.55795,34.38866],[135.5574,34.38753],[135.55756,34.38685],[135.55835,34.38625],[135.55862,34.38528],[135.55917,34.38463],[135.55999,34.38452],[135.56189,34.38507],[135.56291,34.38372],[135.56353,34.38349],[135.56461,34.38402],[135.5657,34.384],[135.56631,34.3835],[135.56707,34.38208],[135.56789,34.38167],[135.56925,34.38139],[135.57023,34.38172],[135.57069,34.38284],[135.57114,34.38322],[135.5725,34.38287],[135.57359,34.38292],[135.57495,34.38227],[135.5755,34.38223],[135.57691,34.38332],[135.57738,34.38516],[135.57765,34.38528],[135.5782,34.38505],[135.57858,34.38445],[135.57735,34.38242],[135.57701,34.38129],[135.57741,34.38012],[135.57933,34.37859],[135.57851,34.37714],[135.57716,34.37648],[135.57444,34.37632],[135.57146,34.37473],[135.56874,34.37448],[135.56714,34.37336],[135.56665,34.37246],[135.56576,34.37223],[135.56251,34.37046],[135.5614,34.36974],[135.56108,34.36929],[135.56134,34.36793],[135.56171,34.36732],[135.56225,34.36711],[135.56361,34.3671],[135.56394,34.36682],[135.56146,34.3641],[135.56146,34.36343],[135.56228,34.36271],[135.56336,34.36271],[135.56419,34.3613],[135.56473,34.36089],[135.56582,34.36071],[135.566,34.36051],[135.56559,34.35961],[135.56429,34.35848],[135.56415,34.35803],[135.56436,34.35735],[135.56481,34.3569],[135.56611,34.35681],[135.56775,34.35607],[135.56811,34.35466],[135.57029,34.35309],[135.57076,34.35219],[135.57164,34.35129],[135.5721,34.34994],[135.5705,34.34858],[135.56887,34.34841],[135.56814,34.3488],[135.56723,34.35],[135.56519,34.35104],[135.56396,34.35224],[135.56342,34.35223],[135.56253,34.35171],[135.56237,34.35126],[135.56254,34.35081],[135.56412,34.34901],[135.56398,34.34863],[135.56303,34.34856],[135.56262,34.34822],[135.56286,34.34563],[135.56509,34.34481],[135.56562,34.34406],[135.56482,34.34358],[135.56265,34.34344],[135.56203,34.34314],[135.56183,34.34247],[135.56261,34.34134],[135.56144,34.33999],[135.56049,34.3398],[135.55668,34.34169],[135.5554,34.34267],[135.55367,34.34493],[135.55258,34.34522],[135.55177,34.34487],[135.55123,34.34384],[135.55069,34.34387],[135.5496,34.34447],[135.549,34.34445],[135.54874,34.34422],[135.5484,34.34287],[135.54843,34.34197],[135.54904,34.34039],[135.55206,34.33725],[135.5521,34.3368],[135.55157,34.33612],[135.54992,34.33562],[135.54747,34.33657],[135.54557,34.33633],[135.54147,34.33938],[135.54106,34.33924],[135.54079,34.33878],[135.5408,34.33698],[135.5405,34.3363],[135.53959,34.33562],[135.53824,34.33535],[135.53759,34.33607],[135.53758,34.33877],[135.53794,34.33925],[135.53903,34.33922],[135.53945,34.33946],[135.54036,34.34104],[135.5402,34.34171],[135.53956,34.34224],[135.53874,34.34252],[135.53657,34.34211],[135.53616,34.3417],[135.53612,34.34057],[135.53468,34.33934],[135.53387,34.33912],[135.5329,34.34011],[135.53303,34.34101],[135.53274,34.34213],[135.53167,34.34274],[135.53086,34.34283],[135.53055,34.34258],[135.53048,34.34122],[135.53007,34.34032],[135.52852,34.33874],[135.52523,34.33805],[135.5246,34.33714],[135.5241,34.33693],[135.52111,34.33767],[135.52056,34.33763],[135.52033,34.33532],[135.51842,34.33234],[135.51788,34.33227],[135.51651,34.33295],[135.51489,34.33221],[135.51434,34.33234],[135.51352,34.333],[135.51244,34.33306],[135.51135,34.33277],[135.50945,34.3327],[135.50782,34.33303],[135.50728,34.33285],[135.50674,34.33223],[135.50565,34.33191],[135.50456,34.33225],[135.50348,34.33159],[135.50158,34.33185],[135.49995,34.33129],[135.49832,34.33181],[135.4975,34.33184],[135.4956,34.33103],[135.49425,34.33007],[135.49126,34.32992],[135.4891,34.32833],[135.48824,34.32821],[135.48821,34.32686],[135.48911,34.32616],[135.4902,34.32617],[135.49047,34.32596],[135.48965,34.32551],[135.48803,34.3253],[135.48695,34.32485],[135.48343,34.32249],[135.48265,34.32278],[135.48258,34.32323],[135.48396,34.32411],[135.48594,34.32617],[135.4861,34.32662],[135.48585,34.32687],[135.48531,34.32692],[135.48349,34.32638],[135.48287,34.32595],[135.48205,34.32614],[135.48169,34.32705],[135.48262,34.32954],[135.48207,34.33021],[135.48148,34.33023],[135.47932,34.32793],[135.47742,34.32829],[135.47644,34.32771],[135.47629,34.3259],[135.47438,34.32454],[135.47439,34.32342],[135.47392,34.32258],[135.47229,34.32275],[135.47172,34.32205],[135.46904,34.3218],[135.46795,34.32116],[135.4666,34.32132],[135.46578,34.32096],[135.46497,34.32107],[135.46388,34.32064],[135.46198,34.32043],[135.46117,34.32081],[135.46057,34.3202],[135.4606,34.3193],[135.46036,34.31899],[135.45965,34.31929],[135.45961,34.3202],[135.45927,34.32033],[135.45791,34.31972],[135.45683,34.31954],[135.45548,34.31832],[135.45385,34.31825],[135.45362,34.31634],[135.45206,34.3152],[135.45061,34.31533],[135.4498,34.31428],[135.44926,34.31396],[135.44871,34.31406],[135.44817,34.31447],[135.4479,34.3144],[135.4472,34.31248],[135.44655,34.3119],[135.44599,34.31202],[135.44581,34.31315],[135.44546,34.31357],[135.44437,34.31353],[135.44361,34.30998],[135.4427,34.30885],[135.44277,34.30772],[135.44224,34.30711],[135.4417,34.30688],[135.44099,34.30704],[135.44097,34.30817],[135.44054,34.30952],[135.4417,34.31087],[135.44223,34.31246],[135.44173,34.31335],[135.44002,34.31412],[135.43921,34.31395],[135.43867,34.31334],[135.43731,34.3128],[135.43651,34.31177],[135.43569,34.31232],[135.4346,34.31171],[135.43352,34.31176],[135.43302,34.31196],[135.43225,34.31286],[135.43161,34.31304],[135.43052,34.3128],[135.42836,34.31126],[135.42782,34.31125],[135.42727,34.31164],[135.42618,34.31156],[135.42591,34.31125],[135.42616,34.30968],[135.42512,34.30894],[135.42463,34.30922],[135.42465,34.31012],[135.42434,34.31102],[135.42401,34.31126],[135.42347,34.31115],[135.42268,34.30989],[135.42278,34.30808],[135.4216,34.30752],[135.42132,34.30717],[135.42172,34.30605],[135.42142,34.30492],[135.42053,34.30434],[135.41999,34.30435],[135.41916,34.30572],[135.41785,34.30603],[135.41742,34.30693],[135.41698,34.30728],[135.41616,34.30727],[135.41566,34.3067],[135.41622,34.30512],[135.41621,34.30445],[135.41469,34.30241],[135.41403,34.30204],[135.41239,34.30316],[135.41082,34.30352],[135.4104,34.30397],[135.41035,34.30509],[135.41064,34.30622],[135.41185,34.30848],[135.4114,34.30938],[135.4116,34.31028],[135.41145,34.31096],[135.41098,34.31136],[135.40989,34.31144],[135.40718,34.31011],[135.40501,34.30957],[135.40392,34.31073],[135.4031,34.311],[135.40229,34.31099],[135.40139,34.31046],[135.40123,34.30933],[135.40094,34.30912],[135.40012,34.3094],[135.39984,34.31057],[135.39777,34.31044],[135.39792,34.30909],[135.39936,34.3082],[135.40041,34.3055],[135.39989,34.30366],[135.39962,34.30363],[135.39917,34.30436],[135.39853,34.3048],[135.39717,34.30529],[135.39662,34.30516],[135.39608,34.30464],[135.39391,34.30441],[135.39353,34.30501],[135.39386,34.30614],[135.39363,34.30655],[135.39178,34.30658],[135.39063,34.30743],[135.38982,34.30736],[135.38738,34.30649],[135.38438,34.30773],[135.38276,34.3072],[135.38187,34.30608],[135.38243,34.30428],[135.38226,34.30106],[135.38199,34.30121],[135.3818,34.30202],[135.38115,34.30247],[135.38008,34.30251],[135.37926,34.30202],[135.37872,34.30218],[135.37793,34.30403],[135.37707,34.30456],[135.37653,34.30434],[135.37608,34.3038],[135.37538,34.30176],[135.37468,34.30086],[135.37411,34.30065],[135.37303,34.30067],[135.37113,34.30002],[135.37048,34.30106],[135.37032,34.30309],[135.36974,34.30385],[135.3692,34.30411],[135.36811,34.30399],[135.36594,34.30438],[135.36509,34.30374],[135.36439,34.30238],[135.36422,34.30013],[135.36487,34.29856],[135.36463,34.29796],[135.36409,34.29757],[135.36342,34.2981],[135.36299,34.29928],[135.36244,34.3],[135.36136,34.30079],[135.36026,34.30109],[135.3589,34.30127],[135.35727,34.30088],[135.35564,34.3015],[135.35455,34.30134],[135.35319,34.30163],[135.35258,34.30097],[135.35267,34.29935],[135.3524,34.29917],[135.35077,34.29916],[135.34915,34.29839],[135.3486,34.2987],[135.34736,34.30027],[135.34532,34.30164],[135.34396,34.3019],[135.34179,34.30126],[135.33961,34.30173],[135.33793,34.30112],[135.33673,34.29998],[135.33633,34.29863],[135.33682,34.2975],[135.33668,34.29705],[135.33341,34.29577],[135.33268,34.295],[135.33185,34.29342],[135.3299,34.29362],[135.32901,34.29273],[135.32855,34.29261],[135.32811,34.29453],[135.32745,34.29468],[135.32676,34.29452],[135.32378,34.29157],[135.32306,34.28977],[135.32098,34.2881],[135.32071,34.28823],[135.32043,34.28908],[135.31989,34.2895],[135.31799,34.28921],[135.31635,34.28988],[135.31597,34.29063],[135.31553,34.29085],[135.31499,34.29077],[135.3131,34.28966],[135.30984,34.2898],[135.30767,34.28953],[135.30622,34.29012],[135.30591,34.2908],[135.30602,34.29238],[135.30574,34.29263],[135.30492,34.29273],[135.30411,34.29225],[135.30331,34.2914],[135.30384,34.28853],[135.3036,34.28814],[135.30225,34.28827],[135.30089,34.28802],[135.29953,34.28847],[135.29709,34.28774],[135.29651,34.28714],[135.29683,34.28598],[135.29413,34.28439],[135.29407,34.28397],[135.29449,34.28307],[135.29434,34.28284],[135.29333,34.28266],[135.29225,34.28172],[135.29171,34.28163],[135.29147,34.28238]],[[135.31174,34.32325],[135.31268,34.32464],[135.31373,34.32578],[135.31579,34.32604],[135.31581,34.32669],[135.3147,34.32781],[135.31479,34.32826],[135.31522,34.32878],[135.31658,34.32922],[135.31694,34.32963],[135.31693,34.33008],[135.31603,34.32951],[135.3144,34.32928],[135.31406,34.32848],[135.31452,34.32758],[135.31361,34.32688],[135.31171,34.32625],[135.31118,34.32475],[135.30997,34.32373],[135.31017,34.32328],[135.31065,34.32314],[135.31174,34.32325]],[[135.34912,34.35662],[135.34869,34.35701],[135.34813,34.35684],[135.34792,34.35639],[135.34816,34.3556],[135.34843,34.35554],[135.34903,34.35595],[135.34912,34.35662]],[[135.35586,34.35305],[135.35612,34.35621],[135.35579,34.35801],[135.35384,34.35866],[135.35209,34.35731],[135.35213,34.35709],[135.35386,34.35639],[135.35485,34.35417],[135.35483,34.35327],[135.35525,34.35284],[135.35566,34.35283],[135.35586,34.35305]],[[135.38193,34.36378],[135.38063,34.364],[135.38071,34.36377],[135.3818,34.36325],[135.38205,34.36355],[135.38193,34.36378]],[[135.44673,34.41345],[135.44698,34.4129],[135.44766,34.41278],[135.44725,34.41355],[135.44673,34.41345]],[[135.48498,34.42468],[135.48448,34.42443],[135.48444,34.42421],[135.48471,34.42406],[135.48525,34.42418],[135.48542,34.42444],[135.48498,34.42468]],[[135.50123,34.43575],[135.50128,34.43577],[135.50123,34.43579],[135.50123,34.43575]],[[135.51599,34.3912],[135.51563,34.39169],[135.51509,34.39148],[135.51477,34.39075],[135.5151,34.39021],[135.51579,34.3903],[135.51599,34.3912]],[[135.51996,34.45095],[135.51988,34.45117],[135.51992,34.45091],[135.51996,34.45095]],[[135.52458,34.38177],[135.52421,34.3829],[135.52579,34.3838],[135.52627,34.38519],[135.52817,34.38597],[135.52812,34.38674],[135.52857,34.38765],[135.52834,34.3899],[135.52778,34.39102],[135.52774,34.39215],[135.52867,34.39473],[135.52913,34.39531],[135.52919,34.39644],[135.52865,34.39724],[135.52702,34.39775],[135.52623,34.39756],[135.52573,34.39665],[135.52576,34.39575],[135.52531,34.39417],[135.52567,34.39169],[135.52638,34.39057],[135.52614,34.38989],[135.52702,34.38877],[135.52716,34.38742],[135.52464,34.38503],[135.5241,34.38422],[135.52312,34.38357],[135.52295,34.38267],[135.52385,34.38142],[135.52439,34.38152],[135.52458,34.38177]],[[135.52518,34.43992],[135.52452,34.4397],[135.52461,34.43935],[135.52523,34.4397],[135.52518,34.43992]]],[[[135.42843,34.42047],[135.4289,34.4199],[135.42844,34.41946],[135.42794,34.41967],[135.4278,34.42012],[135.42789,34.42045],[135.42843,34.42047]]],[[[135.42648,34.42814],[135.42758,34.42801],[135.42789,34.42779],[135.42789,34.42734],[135.42757,34.42716],[135.42579,34.4271],[135.42548,34.42778],[135.42566,34.428],[135.42648,34.42814]]],[[[135.33297,34.44511],[135.33305,34.44527],[135.33306,34.44511],[135.33297,34.44511]]],[[[135.34952,34.46729],[135.34923,34.46796],[135.34946,34.4682],[135.35001,34.46823],[135.35156,34.46662],[135.35172,34.46617],[135.35139,34.46587],[135.35084,34.46579],[135.34952,34.46729]]],[[[135.45958,34.48377],[135.45873,34.48608],[135.46028,34.48789],[135.46107,34.48992],[135.46225,34.49069],[135.4626,34.49015],[135.46188,34.48654],[135.46207,34.48519],[135.4618,34.48294],[135.46149,34.48268],[135.46067,34.48271],[135.45958,34.48377]]],[[[135.3703,34.51924],[135.3697,34.52036],[135.37056,34.5212],[135.37086,34.52104],[135.37124,34.51992],[135.37115,34.51856],[135.37086,34.5181],[135.37026,34.51833],[135.3703,34.51924]]],[[[135.41975,34.52511],[135.42091,34.5258],[135.42165,34.52535],[135.42138,34.5249],[135.42037,34.52466],[135.41847,34.52441],[135.41804,34.52466],[135.41975,34.52511]]],[[[135.37599,34.52395],[135.3749,34.52407],[135.373,34.52352],[135.37242,34.52375],[135.37757,34.53105],[135.37811,34.53155],[135.37865,34.53158],[135.37961,34.531],[135.38076,34.52988],[135.38205,34.52583],[135.3817,34.52554],[135.37952,34.525],[135.37871,34.52428],[135.3779,34.52309],[135.37599,34.52395]]],[[[135.4141,34.52598],[135.4059,34.52952],[135.40488,34.53023],[135.40501,34.5309],[135.407,34.53429],[135.40711,34.53475],[135.40686,34.5352],[135.40422,34.53604],[135.40124,34.53455],[135.4003,34.53516],[135.39934,34.53651],[135.39952,34.53719],[135.40786,34.55188],[135.409,34.55378],[135.40954,34.5542],[135.41529,34.55041],[135.41561,34.54989],[135.41522,34.54876],[135.4123,34.54379],[135.41164,34.54243],[135.41168,34.54198],[135.41235,34.5415],[135.41727,34.53934],[135.41822,34.53863],[135.4179,34.53773],[135.41654,34.53592],[135.41512,34.53579],[135.41322,34.53527],[135.41239,34.535],[135.41191,34.53454],[135.41238,34.53252],[135.41461,34.52644],[135.41437,34.52602],[135.4141,34.52598]]],[[[135.43347,34.56024],[135.4333,34.56079],[135.43401,34.56199],[135.43523,34.5617],[135.43608,34.56035],[135.43599,34.5599],[135.43566,34.55968],[135.43347,34.56024]]],[[[135.44892,34.56559],[135.44962,34.5656],[135.4502,34.56515],[135.44952,34.56424],[135.44898,34.56405],[135.44842,34.56446],[135.44892,34.56559]]],[[[135.45168,34.56718],[135.44971,34.56808],[135.44966,34.56875],[135.45079,34.57304],[135.45136,34.57406],[135.45164,34.57394],[135.45212,34.57237],[135.45329,34.57101],[135.4534,34.56944],[135.45222,34.56728],[135.45168,34.56718]]],[[[135.40969,34.57178],[135.40769,34.57329],[135.40711,34.57576],[135.40232,34.59828],[135.40211,34.59963],[135.4024,34.59993],[135.40295,34.59988],[135.41006,34.59655],[135.41569,34.59361],[135.41825,34.5819],[135.41857,34.58123],[135.41914,34.57763],[135.41854,34.57605],[135.41785,34.57514],[135.41621,34.57409],[135.41458,34.57434],[135.41295,34.57355],[135.41186,34.57346],[135.41155,34.57308],[135.41172,34.57218],[135.41132,34.57184],[135.40969,34.57178]],[[135.41392,34.58968],[135.41361,34.59157],[135.41418,34.59218],[135.41482,34.59203],[135.4152,34.59158],[135.41501,34.59063],[135.41528,34.59043],[135.41557,34.59068],[135.41518,34.59248],[135.41472,34.59295],[135.41308,34.5928],[135.41251,34.59247],[135.413,34.58977],[135.41338,34.58935],[135.41392,34.58968]]],[[[135.43436,34.59],[135.42616,34.59316],[135.42555,34.59366],[135.42382,34.60312],[135.42364,34.60447],[135.4239,34.60482],[135.43046,34.603],[135.43209,34.60281],[135.43373,34.60214],[135.43353,34.60068],[135.43302,34.59933],[135.4313,34.59925],[135.43067,34.59887],[135.43041,34.59819],[135.43095,34.59729],[135.43213,34.59684],[135.43269,34.5964],[135.43295,34.59504],[135.43361,34.5937],[135.4338,34.59234],[135.43565,34.59078],[135.43529,34.59032],[135.43436,34.59]]],[[[135.45167,34.59716],[135.45225,34.59851],[135.45419,34.60035],[135.45473,34.60061],[135.45555,34.60038],[135.45559,34.59966],[135.45394,34.59617],[135.4534,34.59595],[135.45245,34.59604],[135.45191,34.59648],[135.45167,34.59716]]],[[[135.40095,34.61811],[135.39977,34.6199],[135.39969,34.62035],[135.40007,34.62065],[135.40198,34.62066],[135.40444,34.61965],[135.40506,34.61903],[135.40518,34.61768],[135.40473,34.6174],[135.40391,34.61749],[135.40255,34.61724],[135.40119,34.61671],[135.40081,34.6172],[135.40095,34.61811]]],[[[135.3453,34.618],[135.34363,34.62119],[135.34364,34.62209],[135.34713,34.62594],[135.34985,34.62854],[135.3479,34.62595],[135.34542,34.62368],[135.34432,34.62187],[135.34463,34.62052],[135.34576,34.61872],[135.34611,34.61858],[135.34747,34.61904],[135.34743,34.61873],[135.34666,34.61805],[135.34584,34.61769],[135.3453,34.618]]],[[[135.34772,34.61986],[135.3491,34.62122],[135.34875,34.62257],[135.35124,34.62454],[135.35159,34.62507],[135.35178,34.62619],[135.35299,34.62755],[135.35244,34.62868],[135.35312,34.62926],[135.35313,34.62958],[135.35256,34.6301],[135.35174,34.63027],[135.35161,34.63047],[135.35282,34.63193],[135.35364,34.63215],[135.35732,34.62893],[135.35836,34.62758],[135.35599,34.62554],[135.34937,34.62069],[135.34867,34.61964],[135.34774,34.6191],[135.34772,34.61986]],[[135.35126,34.62289],[135.35204,34.62372],[135.35179,34.62423],[135.35125,34.62415],[135.35032,34.62348],[135.34964,34.6228],[135.34957,34.62235],[135.35017,34.62229],[135.35126,34.62289]]],[[[135.4532,34.6265],[135.44882,34.62838],[135.44846,34.62892],[135.44838,34.63073],[135.44963,34.63076],[135.45318,34.6296],[135.45345,34.62985],[135.45344,34.63096],[135.45371,34.63111],[135.45406,34.63075],[135.4542,34.6294],[135.45537,34.62817],[135.45619,34.62773],[135.45865,34.6272],[135.45893,34.62694],[135.45865,34.62646],[135.45538,34.62598],[135.4532,34.6265]]],[[[135.35012,34.62863],[135.35012,34.6287],[135.35014,34.62866],[135.35012,34.62863]]],[[[135.35066,34.62934],[135.35067,34.62934],[135.35066,34.62933],[135.35066,34.62934]]],[[[135.42882,34.64317],[135.42882,34.64294],[135.42828,34.64274],[135.42766,34.64303],[135.42827,34.64332],[135.42882,34.64317]]],[[[135.3951,34.6467],[135.39674,34.64874],[135.39907,34.6501],[135.40008,34.65191],[135.40229,34.65453],[135.40283,34.65477],[135.40338,34.65451],[135.4042,34.65373],[135.40404,34.65328],[135.39673,34.64581],[135.39581,34.64533],[135.39522,34.64602],[135.3951,34.6467]]],[[[135.38846,34.64251],[135.37891,34.64332],[135.37691,34.64616],[135.37612,34.64773],[135.37755,34.64887],[135.37793,34.64954],[135.37779,34.64977],[135.37559,34.65026],[135.37477,34.64982],[135.3745,34.64988],[135.37314,34.65177],[135.37335,34.65268],[135.37885,34.65946],[135.37961,34.65999],[135.38753,34.65886],[135.38835,34.65864],[135.38854,34.65839],[135.38773,34.65658],[135.38808,34.65523],[135.38783,34.65473],[135.38701,34.6546],[135.38264,34.65568],[135.38073,34.65572],[135.37937,34.65522],[135.37856,34.65461],[135.37738,34.6527],[135.37757,34.65134],[135.37832,34.6503],[135.37886,34.64995],[135.38023,34.64967],[135.38296,34.64986],[135.38575,34.64913],[135.38588,34.64868],[135.38558,34.6471],[135.38598,34.6459],[135.38698,34.64463],[135.38922,34.64284],[135.38909,34.64261],[135.38846,34.64251]]],[[[135.41548,34.65198],[135.41458,34.65182],[135.41442,34.6522],[135.41457,34.65246],[135.41512,34.65257],[135.41553,34.65243],[135.41548,34.65198]]],[[[135.41989,34.65471],[135.42056,34.65458],[135.42088,34.65426],[135.42056,34.65375],[135.41975,34.65351],[135.4194,34.6538],[135.41936,34.65426],[135.41989,34.65471]]],[[[135.43326,34.67618],[135.43296,34.67606],[135.43274,34.67618],[135.43296,34.67634],[135.43326,34.67618]]],[[[135.37593,34.67695],[135.37418,34.6786],[135.3751,34.67954],[135.37646,34.68024],[135.3819,34.68223],[135.38652,34.6847],[135.38707,34.68452],[135.38673,34.68362],[135.38782,34.68205],[135.38845,34.68175],[135.38981,34.68167],[135.39063,34.68206],[135.39064,34.68296],[135.39116,34.68342],[135.39225,34.68374],[135.39362,34.68368],[135.39443,34.68482],[135.39497,34.68484],[135.39535,34.68456],[135.39527,34.68411],[135.39421,34.68276],[135.39173,34.68004],[135.37675,34.67679],[135.37593,34.67695]]],[[[135.3456,34.70414],[135.34456,34.70616],[135.34394,34.70864],[135.34403,34.70937],[135.34578,34.7082],[135.34693,34.7064],[135.34939,34.70484],[135.34844,34.70382],[135.34736,34.70314],[135.34674,34.70325],[135.3456,34.70414]]],[[[135.36341,34.78025],[135.36544,34.78042],[135.3659,34.77997],[135.3656,34.7797],[135.36506,34.77965],[135.36342,34.77967],[135.36298,34.77996],[135.36341,34.78025]]],[[[135.33854,34.78236],[135.3357,34.78319],[135.33453,34.78476],[135.3334,34.78566],[135.33351,34.78589],[135.33578,34.78623],[135.33796,34.78623],[135.33988,34.78508],[135.34125,34.7847],[135.34219,34.78481],[135.34398,34.78543],[135.34433,34.78527],[135.34449,34.78437],[135.34353,34.78346],[135.34271,34.78165],[135.34018,34.78159],[135.33854,34.78236]]],[[[135.33952,34.83054],[135.33954,34.82919],[135.33926,34.82907],[135.33908,34.82964],[135.33952,34.83054]]],[[[135.44272,34.83466],[135.44344,34.83602],[135.44389,34.83635],[135.44567,34.83513],[135.44609,34.83445],[135.44554,34.83389],[135.44473,34.83362],[135.44281,34.83421],[135.44272,34.83466]]],[[[135.38883,34.85232],[135.38773,34.85253],[135.38418,34.85259],[135.38363,34.85277],[135.38347,34.85308],[135.38475,34.85444],[135.3863,34.85558],[135.38689,34.85575],[135.38936,34.85418],[135.39046,34.85392],[135.39182,34.85404],[135.39204,34.8538],[135.39143,34.8529],[135.39102,34.85144],[135.39075,34.85136],[135.38883,34.85232]]],[[[135.33685,34.85725],[135.33165,34.85744],[135.33001,34.85783],[135.32864,34.85766],[135.32536,34.85806],[135.3229,34.85788],[135.32016,34.85864],[135.31852,34.85868],[135.31736,34.85994],[135.31768,34.86022],[135.32041,34.86064],[135.32284,34.862],[135.32368,34.86217],[135.32587,34.8621],[135.32724,34.86172],[135.33162,34.86122],[135.33381,34.86045],[135.33764,34.85986],[135.33845,34.85938],[135.33849,34.85848],[135.33766,34.85744],[135.33685,34.85725]]],[[[135.38191,34.87268],[135.38219,34.87223],[135.38185,34.87185],[135.38075,34.87198],[135.38051,34.87222],[135.38102,34.87274],[135.38191,34.87268]]],[[[135.43516,34.87327],[135.43516,34.87353],[135.4356,34.87339],[135.43548,34.87317],[135.43516,34.87327]]],[[[135.43347,34.88034],[135.431,34.88133],[135.42964,34.88146],[135.42945,34.8817],[135.43072,34.88299],[135.43291,34.88327],[135.43454,34.88383],[135.43537,34.88359],[135.43541,34.88286],[135.43429,34.8804],[135.43347,34.88034]]],[[[135.39178,34.8991],[135.39199,34.90023],[135.39284,34.90143],[135.39339,34.90162],[135.39558,34.90119],[135.39509,34.89912],[135.39451,34.89824],[135.39287,34.89821],[135.39178,34.8991]]],[[[135.45326,34.91224],[135.45326,34.91472],[135.45437,34.91562],[135.45676,34.9153],[135.4595,34.91553],[135.46004,34.91544],[135.46023,34.9152],[135.45923,34.91429],[135.45732,34.91376],[135.45514,34.91247],[135.45377,34.912],[135.4534,34.91201],[135.45326,34.91224]]],[[[135.40475,34.91878],[135.40411,34.91899],[135.40405,34.91922],[135.40501,34.91922],[135.40514,34.919],[135.40475,34.91878]]],[[[135.38057,34.92293],[135.38119,34.92319],[135.38175,34.92294],[135.38231,34.92204],[135.38202,34.92138],[135.38121,34.92115],[135.38065,34.92136],[135.38026,34.92226],[135.38057,34.92293]]],[[[135.4023,34.93138],[135.40223,34.93183],[135.40487,34.93229],[135.40575,34.93302],[135.40624,34.93298],[135.40642,34.93275],[135.40646,34.93185],[135.40358,34.93005],[135.4023,34.93138]]],[[[135.32333,34.83823],[135.32114,34.84419],[135.31884,34.84733],[135.31828,34.84845],[135.318,34.84935],[135.31859,34.85011],[135.31913,34.8503],[135.32077,34.85019],[135.32241,34.8505],[135.32359,34.85119],[135.3245,34.85232],[135.32595,34.85262],[135.32731,34.85337],[135.3295,34.85272],[135.33251,34.85248],[135.33688,34.85314],[135.33988,34.85334],[135.34098,34.85276],[135.34262,34.85269],[135.34372,34.85178],[135.34427,34.85174],[135.34509,34.85225],[135.34535,34.85402],[135.34642,34.85447],[135.34743,34.85583],[135.34882,34.85628],[135.34876,34.85673],[135.34799,34.85741],[135.34748,34.85988],[135.34501,34.86175],[135.34337,34.86192],[135.34254,34.86288],[135.34172,34.86329],[135.34008,34.86269],[135.33926,34.86264],[135.33789,34.86368],[135.33592,34.86433],[135.33582,34.86726],[135.33613,34.86861],[135.33557,34.86996],[135.33552,34.87199],[135.3359,34.87253],[135.33672,34.87247],[135.33723,34.87267],[135.33801,34.8738],[135.33726,34.87538],[135.33751,34.87628],[135.33871,34.87832],[135.33869,34.88057],[135.33802,34.88159],[135.33637,34.88207],[135.33527,34.88288],[135.33308,34.88325],[135.33171,34.88373],[135.32762,34.88163],[135.3268,34.8816],[135.32642,34.88208],[135.32656,34.88321],[135.32624,34.88372],[135.32268,34.8848],[135.32191,34.88453],[135.32077,34.88357],[135.31831,34.88374],[135.31367,34.88243],[135.31285,34.88238],[135.31273,34.88268],[135.31304,34.88358],[135.31415,34.88449],[135.31502,34.88479],[135.31639,34.88463],[135.31721,34.88475],[135.31911,34.88618],[135.32067,34.887],[135.32048,34.88768],[135.31961,34.88858],[135.31924,34.8897],[135.31726,34.89104],[135.31667,34.89284],[135.31604,34.89314],[135.31469,34.89306],[135.31278,34.89116],[135.31169,34.89091],[135.31032,34.89099],[135.30923,34.8906],[135.30785,34.89106],[135.30539,34.89129],[135.30428,34.89255],[135.30374,34.89285],[135.30275,34.89209],[135.30126,34.8914],[135.30045,34.88982],[135.30037,34.88802],[135.29886,34.88717],[135.29852,34.88665],[135.29918,34.88395],[135.30177,34.88171],[135.3012,34.88036],[135.30202,34.87901],[135.30077,34.87765],[135.29961,34.87426],[135.29927,34.87156],[135.29872,34.87139],[135.29661,34.87177],[135.29779,34.87583],[135.29594,34.87698],[135.2943,34.87739],[135.29265,34.87821],[135.29181,34.87985],[135.29191,34.88031],[135.29327,34.88144],[135.29483,34.88325],[135.29548,34.88438],[135.29538,34.88506],[135.29395,34.8873],[135.29389,34.88866],[135.29338,34.88895],[135.29228,34.88897],[135.2901,34.88818],[135.28711,34.88562],[135.285,34.88838],[135.28298,34.88984],[135.27966,34.89308],[135.27983,34.89353],[135.28129,34.89467],[135.28295,34.8967],[135.2832,34.89783],[135.28192,34.90008],[135.2856,34.90371],[135.28621,34.90529],[135.28601,34.90641],[135.28884,34.9072],[135.29024,34.90802],[135.28964,34.91038],[135.28936,34.91018],[135.28922,34.90914],[135.28883,34.90859],[135.28637,34.90828],[135.28473,34.90862],[135.28441,34.90843],[135.28392,34.90732],[135.28283,34.90685],[135.2801,34.90683],[135.27872,34.90783],[135.27707,34.90861],[135.27703,34.90794],[135.2779,34.90679],[135.28413,34.90415],[135.28151,34.90278],[135.28021,34.90052],[135.2802,34.90007],[135.28184,34.89692],[135.28182,34.89647],[135.28047,34.89508],[135.27883,34.89427],[135.27692,34.89384],[135.27639,34.89351],[135.27613,34.89283],[135.27658,34.89171],[135.2764,34.89126],[135.27585,34.89118],[135.27366,34.8916],[135.27256,34.89223],[135.27065,34.89191],[135.26955,34.89234],[135.26846,34.89175],[135.26738,34.89028],[135.2652,34.88983],[135.26384,34.88885],[135.26329,34.88876],[135.26328,34.89073],[135.26491,34.89185],[135.26758,34.89639],[135.26814,34.89676],[135.26951,34.89679],[135.27003,34.89708],[135.27012,34.89978],[135.26948,34.90038],[135.26756,34.90075],[135.26674,34.90064],[135.26593,34.89968],[135.26483,34.90027],[135.26346,34.90027],[135.26265,34.89984],[135.26208,34.89906],[135.26175,34.89748],[135.26184,34.89658],[135.26159,34.89616],[135.26104,34.8961],[135.25967,34.89659],[135.25775,34.89681],[135.258,34.89791],[135.2613,34.90198],[135.26192,34.90356],[135.26178,34.90514],[135.25996,34.90783],[135.26005,34.90896],[135.25955,34.90943],[135.25873,34.90963],[135.25862,34.91031],[135.25899,34.91067],[135.26009,34.91004],[135.26118,34.91032],[135.26298,34.91214],[135.26305,34.91259],[135.26235,34.91371],[135.26142,34.91438],[135.2606,34.91445],[135.25951,34.91409],[135.25896,34.91414],[135.25869,34.91459],[135.25872,34.91617],[135.25847,34.91661],[135.25663,34.91728],[135.25489,34.91997],[135.25325,34.92041],[135.2526,34.92183],[135.2515,34.92209],[135.24986,34.92185],[135.24923,34.92219],[135.24907,34.92264],[135.24924,34.92309],[135.25121,34.92604],[135.25044,34.92806],[135.25144,34.92904],[135.25034,34.92903],[135.24897,34.92947],[135.24788,34.92936],[135.24678,34.93006],[135.24623,34.93001],[135.24514,34.92964],[135.24297,34.9281],[135.24202,34.92665],[135.24079,34.92615],[135.24025,34.92623],[135.23886,34.9277],[135.23669,34.92888],[135.23635,34.9309],[135.23691,34.93158],[135.23699,34.93226],[135.23543,34.93405],[135.2347,34.93422],[135.23361,34.93323],[135.2328,34.93296],[135.23224,34.93378],[135.23113,34.93425],[135.23031,34.93539],[135.22838,34.9364],[135.22784,34.93693],[135.22783,34.93771],[135.22874,34.93874],[135.22824,34.93941],[135.22868,34.93987],[135.22873,34.94145],[135.2285,34.94212],[135.22769,34.94302],[135.22749,34.9442],[135.22694,34.94441],[135.22558,34.94368],[135.22394,34.94344],[135.22177,34.9409],[135.2215,34.94093],[135.22119,34.9414],[135.22106,34.9423],[135.22163,34.94343],[135.22527,34.94724],[135.22635,34.94905],[135.22908,34.95006],[135.22943,34.95069],[135.22907,34.95135],[135.22741,34.95234],[135.22468,34.95203],[135.22277,34.95107],[135.22204,34.95109],[135.22252,34.952],[135.22257,34.9529],[135.22228,34.95335],[135.22124,34.95402],[135.22156,34.95492],[135.22137,34.9556],[135.21998,34.95675],[135.21862,34.95651],[135.21616,34.95563],[135.21068,34.95628],[135.20929,34.95822],[135.20845,34.96005],[135.20801,34.96205],[135.20733,34.96279],[135.20623,34.96307],[135.20584,34.96338],[135.20573,34.96406],[135.2065,34.96519],[135.20627,34.96587],[135.20566,34.96607],[135.20239,34.96561],[135.20075,34.96396],[135.2002,34.96395],[135.19978,34.96515],[135.20026,34.96763],[135.20016,34.9683],[135.19905,34.96953],[135.19547,34.97249],[135.19492,34.97245],[135.19356,34.97164],[135.19217,34.97118],[135.19184,34.97073],[135.19144,34.9687],[135.19113,34.96843],[135.19003,34.96839],[135.18756,34.96899],[135.18483,34.96832],[135.18455,34.96845],[135.18419,34.96978],[135.18298,34.97157],[135.18178,34.97225],[135.17915,34.97312],[135.17924,34.97335],[135.18176,34.9741],[135.18338,34.97518],[135.18612,34.97644],[135.18697,34.97723],[135.18751,34.97814],[135.18809,34.98039],[135.19045,34.98127],[135.19292,34.98129],[135.19323,34.98155],[135.19354,34.98268],[135.19509,34.98285],[135.19559,34.98315],[135.19564,34.9836],[135.19498,34.98472],[135.19511,34.9863],[135.19469,34.9872],[135.19368,34.98752],[135.18984,34.98741],[135.18864,34.98828],[135.18708,34.9901],[135.18543,34.9906],[135.18356,34.9905],[135.18333,34.99185],[135.18158,34.99225],[135.181,34.99184],[135.17974,34.98958],[135.18025,34.98778],[135.17962,34.98439],[135.17972,34.98327],[135.18044,34.98192],[135.18005,34.98114],[135.17923,34.98071],[135.17431,34.97978],[135.16231,34.97497],[135.16179,34.97503],[135.16167,34.97526],[135.16093,34.97796],[135.16145,34.97875],[135.16336,34.97991],[135.16582,34.97999],[135.16746,34.98055],[135.16883,34.98069],[135.17073,34.98159],[135.17291,34.98334],[135.17518,34.98572],[135.17699,34.98821],[135.17708,34.98911],[135.1768,34.99001],[135.1753,34.99135],[135.17364,34.99167],[135.17146,34.99103],[135.17114,34.99132],[135.17253,34.9932],[135.17308,34.99344],[135.17472,34.99358],[135.17636,34.99413],[135.17866,34.99565],[135.17982,34.99679],[135.1808,34.99882],[135.18107,35.0013],[135.18056,35.00265],[135.17998,35.0058],[135.18061,35.00696],[135.18224,35.00816],[135.1825,35.00898],[135.18225,35.0101],[135.18167,35.01104],[135.17941,35.01234],[135.17926,35.01436],[135.1786,35.01607],[135.18161,35.0167],[135.18266,35.01732],[135.18406,35.01856],[135.18449,35.01868],[135.18474,35.01801],[135.18465,35.01643],[135.18633,35.01531],[135.18651,35.01419],[135.18766,35.01262],[135.18878,35.0123],[135.18992,35.01263],[135.19204,35.01431],[135.19449,35.0158],[135.19621,35.01763],[135.19646,35.01899],[135.19627,35.01944],[135.19331,35.02122],[135.19372,35.02347],[135.19358,35.02438],[135.19189,35.02594],[135.19055,35.02664],[135.18945,35.02691],[135.18808,35.0269],[135.18535,35.0259],[135.18317,35.02546],[135.18098,35.02455],[135.17908,35.02304],[135.17853,35.02299],[135.178,35.02495],[135.17675,35.02652],[135.17848,35.02869],[135.17902,35.02899],[135.18176,35.02901],[135.1834,35.02978],[135.18504,35.02963],[135.18641,35.02995],[135.18777,35.03109],[135.18832,35.03245],[135.18912,35.03292],[135.18967,35.03269],[135.19023,35.03155],[135.19133,35.03064],[135.19243,35.03035],[135.19435,35.03046],[135.19571,35.03133],[135.19653,35.03296],[135.19842,35.03486],[135.19979,35.03468],[135.20116,35.03486],[135.20362,35.03473],[135.20472,35.03518],[135.20607,35.03639],[135.2069,35.03614],[135.20745,35.03563],[135.20683,35.03303],[135.20746,35.031],[135.20833,35.03003],[135.20915,35.02988],[135.21106,35.03031],[135.21272,35.02944],[135.21409,35.0294],[135.21501,35.02992],[135.21604,35.03151],[135.21613,35.03241],[135.21537,35.03443],[135.21522,35.03601],[135.21475,35.03736],[135.21356,35.03893],[135.21207,35.04005],[135.2117,35.04117],[135.2107,35.04252],[135.20854,35.04385],[135.20873,35.04495],[135.21146,35.0465],[135.21297,35.04839],[135.21417,35.04929],[135.21477,35.0493],[135.21531,35.04841],[135.21583,35.04816],[135.21883,35.04963],[135.21917,35.05023],[135.21843,35.05158],[135.21866,35.05293],[135.21907,35.05296],[135.2199,35.05244],[135.22072,35.05227],[135.22186,35.05296],[135.22483,35.05365],[135.22724,35.05781],[135.23,35.05999],[135.22987,35.06044],[135.22809,35.06223],[135.22823,35.06269],[135.22915,35.06359],[135.22884,35.06427],[135.22814,35.06471],[135.22762,35.06606],[135.22849,35.06697],[135.22841,35.06742],[135.22687,35.06854],[135.2255,35.06881],[135.22553,35.06966],[135.22521,35.07008],[135.22384,35.07024],[135.22246,35.07108],[135.22109,35.07128],[135.21939,35.07209],[135.21998,35.07227],[135.22079,35.07332],[135.22203,35.07437],[135.22195,35.07527],[135.22242,35.07595],[135.22223,35.07639],[135.21851,35.0793],[135.21771,35.08041],[135.21716,35.08042],[135.21607,35.0794],[135.21586,35.07951],[135.21579,35.08064],[135.50001,35.08214],[135.49896,35.08056],[135.49889,35.07966],[135.50059,35.07628],[135.50262,35.07381],[135.50237,35.07178],[135.49932,35.07045],[135.49714,35.06868],[135.49604,35.0685],[135.4944,35.06867],[135.49325,35.06814],[135.49133,35.06588],[135.49104,35.06452],[135.49139,35.06295],[135.49225,35.06202],[135.49334,35.06176],[135.49553,35.0621],[135.49616,35.06184],[135.49632,35.06117],[135.49527,35.06055],[135.49495,35.06003],[135.49556,35.05877],[135.4972,35.05838],[135.49776,35.05755],[135.49858,35.05763],[135.50077,35.05698],[135.50171,35.05736],[135.50243,35.05849],[135.50296,35.05863],[135.50437,35.05714],[135.50487,35.05602],[135.50437,35.05534],[135.50353,35.05499],[135.50303,35.05511],[135.50242,35.05594],[135.50098,35.05555],[135.50026,35.0542],[135.50001,35.05284],[135.49954,35.05217],[135.49752,35.05088],[135.49478,35.05032],[135.49444,35.04989],[135.49452,35.04944],[135.49782,35.04743],[135.49837,35.04737],[135.49973,35.04775],[135.50111,35.04735],[135.50144,35.04699],[135.50167,35.04519],[135.50222,35.04471],[135.50332,35.04427],[135.50441,35.04445],[135.5055,35.04551],[135.50598,35.04543],[135.50688,35.04469],[135.50825,35.04474],[135.50907,35.04519],[135.50988,35.04636],[135.51016,35.04624],[135.51035,35.0441],[135.51131,35.04207],[135.51138,35.04117],[135.51074,35.04036],[135.50882,35.04002],[135.50824,35.03913],[135.50856,35.03861],[135.51213,35.03618],[135.51406,35.03556],[135.51515,35.03597],[135.51679,35.03705],[135.51789,35.03671],[135.52008,35.03695],[135.52172,35.0365],[135.52227,35.03601],[135.52265,35.03536],[135.52268,35.03423],[135.52193,35.0322],[135.52203,35.03033],[135.52149,35.03015],[135.52038,35.03109],[135.51956,35.03135],[135.51901,35.03128],[135.5182,35.03023],[135.51683,35.02988],[135.51651,35.02902],[135.51602,35.02849],[135.51383,35.02799],[135.51322,35.02743],[135.51341,35.02653],[135.5132,35.02563],[135.51409,35.0236],[135.5155,35.02231],[135.5177,35.02128],[135.51801,35.02091],[135.51607,35.01963],[135.51575,35.0191],[135.51711,35.01663],[135.51837,35.01506],[135.51794,35.01348],[135.51795,35.01258],[135.51714,35.0119],[135.51702,35.01144],[135.51859,35.0099],[135.52051,35.01012],[135.52161,35.00953],[135.52325,35.00944],[135.52545,35.0083],[135.52709,35.00817],[135.52761,35.00788],[135.5277,35.0072],[135.52648,35.0063],[135.52643,35.0054],[135.52686,35.0045],[135.52739,35.00421],[135.5303,35.00429],[135.53042,35.00406],[135.52923,35.00338],[135.52896,35.0027],[135.52947,35.00113],[135.53045,34.99978],[135.53262,34.99926],[135.53372,34.99931],[135.53481,34.99972],[135.53639,35.00138],[135.53699,35.00165],[135.53746,35.00161],[135.53754,35.00055],[135.53868,35.00004],[135.53893,34.99936],[135.53745,34.99733],[135.53652,34.99665],[135.53662,34.99597],[135.5373,34.99532],[135.53867,34.99498],[135.53922,34.99506],[135.54003,34.9958],[135.54086,34.99568],[135.54106,34.99306],[135.54197,34.9924],[135.54334,34.99221],[135.54364,34.99104],[135.54522,34.99014],[135.5451,34.98902],[135.54587,34.98812],[135.54665,34.98796],[135.54747,34.98847],[135.54802,34.98856],[135.54939,34.98816],[135.55076,34.98848],[135.55185,34.98805],[135.55322,34.98866],[135.55404,34.98818],[135.55459,34.98814],[135.55514,34.98842],[135.55576,34.98928],[135.55591,34.99086],[135.55731,34.99161],[135.55832,34.9929],[135.559,34.9947],[135.56223,34.99381],[135.56363,34.99494],[135.5655,34.9957],[135.57207,34.99685],[135.57314,34.9952],[135.57436,34.99408],[135.57449,34.99363],[135.57293,34.98942],[135.56965,34.98931],[135.56929,34.98888],[135.56905,34.9873],[135.57065,34.98212],[135.57161,34.98114],[135.57333,34.98033],[135.57344,34.97988],[135.57267,34.97875],[135.57409,34.97714],[135.57601,34.97666],[135.57662,34.97674],[135.5774,34.97719],[135.57762,34.97764],[135.57749,34.97832],[135.57792,34.97848],[135.58094,34.97654],[135.58368,34.97583],[135.5845,34.97587],[135.58587,34.9765],[135.58632,34.97474],[135.58707,34.97407],[135.58862,34.97337],[135.59053,34.97443],[135.59491,34.97484],[135.59633,34.97545],[135.59846,34.97712],[135.59901,34.97727],[135.6012,34.97629],[135.60394,34.97601],[135.60668,34.97541],[135.60827,34.97549],[135.60849,34.97526],[135.60844,34.97414],[135.60915,34.97372],[135.60997,34.97407],[135.61039,34.97459],[135.60996,34.97671],[135.61106,34.97679],[135.6127,34.9773],[135.61516,34.97705],[135.61598,34.97743],[135.61678,34.97845],[135.61688,34.97912],[135.61549,34.98047],[135.61597,34.98081],[135.61815,34.9813],[135.6201,34.98296],[135.621,34.98477],[135.6205,34.98815],[135.62093,34.98883],[135.62168,34.98933],[135.6225,34.9895],[135.62403,34.98906],[135.62552,34.98739],[135.62761,34.98592],[135.62837,34.98434],[135.62846,34.98209],[135.62939,34.97955],[135.63022,34.97841],[135.63159,34.97775],[135.63241,34.97797],[135.63323,34.97875],[135.63489,34.97963],[135.63522,34.98008],[135.63523,34.98166],[135.63486,34.98256],[135.63394,34.98368],[135.63402,34.9848],[135.63512,34.98499],[135.6373,34.9862],[135.63949,34.98637],[135.64059,34.98612],[135.64167,34.98664],[135.64186,34.98731],[135.64152,34.98776],[135.63976,34.98828],[135.63866,34.98801],[135.63807,34.98865],[135.63834,34.98933],[135.63893,34.98989],[135.64166,34.99024],[135.64274,34.99115],[135.64256,34.99182],[135.64117,34.99294],[135.64062,34.9943],[135.63946,34.99436],[135.63809,34.99354],[135.63562,34.99369],[135.63508,34.99351],[135.63447,34.99225],[135.63463,34.99067],[135.63427,34.99051],[135.6318,34.99103],[135.6307,34.99197],[135.63027,34.99269],[135.6305,34.99381],[135.63155,34.99494],[135.6325,34.99652],[135.63379,34.99743],[135.63724,35.00105],[135.63747,35.00195],[135.63689,35.00285],[135.63695,35.00319],[135.6375,35.00317],[135.6386,35.00218],[135.64052,35.00203],[135.64161,35.0017],[135.64271,35.00203],[135.64325,35.00275],[135.64353,35.00263],[135.64432,35.00084],[135.64628,34.99952],[135.64677,34.99882],[135.64658,34.99837],[135.64572,34.99792],[135.64561,34.99701],[135.64518,34.99634],[135.64545,34.99566],[135.6463,34.99511],[135.65123,34.99426],[135.65315,34.9945],[135.6548,34.99318],[135.65699,34.99264],[135.6575,34.99232],[135.65757,34.99209],[135.65727,34.99181],[135.6559,34.99171],[135.65524,34.99141],[135.65282,34.9887],[135.65309,34.98735],[135.65375,34.98622],[135.65395,34.98442],[135.6563,34.98195],[135.6562,34.98149],[135.65521,34.98059],[135.65476,34.97946],[135.65508,34.97766],[135.65555,34.97699],[135.65562,34.97586],[135.65524,34.97541],[135.65378,34.97475],[135.65345,34.97405],[135.65413,34.9727],[135.65472,34.96864],[135.65403,34.96774],[135.65025,34.96712],[135.64989,34.9666],[135.64985,34.9657],[135.65018,34.9648],[135.65191,34.96399],[135.65273,34.96323],[135.6527,34.96165],[135.65469,34.96031],[135.65475,34.9594],[135.65613,34.95715],[135.65604,34.95671],[135.6555,34.95637],[135.65502,34.95535],[135.65531,34.95332],[135.65448,34.95242],[135.65466,34.95129],[135.65497,34.95103],[135.65634,34.95076],[135.65709,34.94972],[135.65832,34.94927],[135.65858,34.94882],[135.65827,34.94856],[135.65717,34.94856],[135.65499,34.94773],[135.65488,34.94543],[135.65527,34.94515],[135.65628,34.94498],[135.65656,34.94453],[135.6561,34.94409],[135.655,34.94391],[135.65446,34.94395],[135.65363,34.94442],[135.65309,34.94434],[135.65272,34.94385],[135.6525,34.94272],[135.65282,34.94212],[135.65365,34.94143],[135.65419,34.94132],[135.65501,34.94149],[135.65556,34.94123],[135.65561,34.93957],[135.65612,34.93907],[135.65776,34.93933],[135.65913,34.93912],[135.66077,34.93992],[135.66296,34.93929],[135.66542,34.9392],[135.6657,34.9387],[135.66461,34.93688],[135.66253,34.93576],[135.66132,34.93351],[135.65943,34.93317],[135.65724,34.93374],[135.65641,34.93374],[135.65584,34.93349],[135.65505,34.93249],[135.6545,34.93223],[135.65259,34.93198],[135.6515,34.93153],[135.6504,34.93177],[135.64849,34.93166],[135.64658,34.92975],[135.64521,34.92969],[135.6447,34.9294],[135.64456,34.92737],[135.64581,34.92693],[135.64575,34.92512],[135.64627,34.92377],[135.64743,34.92265],[135.64787,34.92085],[135.64769,34.9204],[135.64662,34.91959],[135.64526,34.91899],[135.6449,34.91836],[135.64495,34.91746],[135.6446,34.91655],[135.64465,34.91498],[135.645,34.91455],[135.64607,34.91431],[135.64465,34.9107],[135.64486,34.90596],[135.64365,34.90326],[135.64356,34.90213],[135.64421,34.901],[135.64748,34.89921],[135.64759,34.89876],[135.64699,34.89809],[135.6459,34.89777],[135.64453,34.89777],[135.64277,34.89829],[135.6425,34.89874],[135.64269,34.90032],[135.64236,34.90212],[135.64177,34.90327],[135.64122,34.90361],[135.64067,34.90366],[135.63903,34.90322],[135.63767,34.9033],[135.6371,34.90301],[135.636,34.90098],[135.63549,34.89917],[135.63437,34.89759],[135.63443,34.89602],[135.6336,34.8954],[135.63141,34.89498],[135.6311,34.89623],[135.62757,34.89854],[135.62647,34.89828],[135.62565,34.89763],[135.62347,34.89727],[135.6221,34.89646],[135.62205,34.89598],[135.62513,34.89216],[135.62544,34.89103],[135.62815,34.8892],[135.62937,34.88744],[135.62937,34.88676],[135.6287,34.88608],[135.62626,34.88504],[135.6238,34.88492],[135.62305,34.88606],[135.62215,34.88636],[135.62133,34.88695],[135.62078,34.88702],[135.61969,34.88673],[135.61886,34.88714],[135.61695,34.88736],[135.61636,34.8883],[135.61585,34.88854],[135.61475,34.88807],[135.61339,34.88781],[135.61285,34.88673],[135.61093,34.88789],[135.60901,34.88839],[135.60682,34.88835],[135.60437,34.88756],[135.60218,34.88737],[135.60081,34.88824],[135.59971,34.88831],[135.59918,34.88802],[135.59862,34.8872],[135.59726,34.8867],[135.59726,34.88568],[135.59672,34.88578],[135.59589,34.88686],[135.59452,34.887],[135.5939,34.88642],[135.59346,34.88417],[135.59265,34.88304],[135.59154,34.88206],[135.59072,34.8818],[135.58826,34.88196],[135.58716,34.88174],[135.58552,34.88228],[135.58463,34.88143],[135.58498,34.88008],[135.58456,34.87828],[135.58363,34.87807],[135.58253,34.87884],[135.58198,34.8789],[135.57891,34.87736],[135.57844,34.87645],[135.57702,34.87487],[135.57715,34.87397],[135.57805,34.8733],[135.57797,34.87307],[135.57627,34.87286],[135.57514,34.87216],[135.57369,34.87193],[135.57273,34.87095],[135.57191,34.8705],[135.57154,34.86989],[135.57084,34.86623],[135.57056,34.86609],[135.56783,34.86629],[135.56646,34.86569],[135.56564,34.8657],[135.56427,34.86716],[135.56345,34.86738],[135.5629,34.86729],[135.56126,34.86661],[135.56099,34.86561],[135.56022,34.86535],[135.55974,34.86489],[135.55974,34.86422],[135.56077,34.86332],[135.56108,34.86242],[135.55938,34.8608],[135.55856,34.86079],[135.55692,34.86157],[135.55555,34.86164],[135.55473,34.86129],[135.55364,34.86118],[135.552,34.86023],[135.55091,34.86028],[135.54981,34.85998],[135.54947,34.86012],[135.54927,34.86125],[135.54762,34.8619],[135.54707,34.8619],[135.54598,34.86105],[135.54543,34.86101],[135.54425,34.86326],[135.54077,34.86347],[135.53957,34.86482],[135.53937,34.86549],[135.5402,34.86795],[135.54075,34.86829],[135.54129,34.86833],[135.54187,34.86798],[135.54219,34.86731],[135.54124,34.86573],[135.54213,34.86445],[135.54375,34.86461],[135.54597,34.86388],[135.5476,34.86438],[135.54925,34.86369],[135.55062,34.86354],[135.5517,34.86531],[135.55266,34.86599],[135.55211,34.86734],[135.5525,34.8687],[135.55473,34.87006],[135.55435,34.87163],[135.5546,34.87231],[135.55494,34.87278],[135.55667,34.8739],[135.55659,34.87457],[135.55575,34.87547],[135.55563,34.87592],[135.55656,34.87769],[135.55793,34.877],[135.55929,34.87721],[135.55984,34.87708],[135.56077,34.87639],[135.5617,34.87527],[135.56122,34.87459],[135.5574,34.87357],[135.55708,34.87232],[135.55768,34.87177],[135.5585,34.87156],[135.56032,34.87188],[135.56411,34.87415],[135.56422,34.87556],[135.5623,34.87737],[135.5612,34.87793],[135.55967,34.87932],[135.55873,34.87969],[135.5567,34.88156],[135.55626,34.8823],[135.55598,34.88212],[135.55599,34.88171],[135.55707,34.87953],[135.55678,34.87885],[135.55464,34.87874],[135.55272,34.87919],[135.55163,34.87861],[135.55081,34.87855],[135.55015,34.87951],[135.54884,34.88018],[135.54893,34.88176],[135.5486,34.88223],[135.54805,34.88231],[135.54423,34.8813],[135.54366,34.88174],[135.54369,34.88264],[135.54247,34.88489],[135.54092,34.88599],[135.5401,34.88586],[135.53957,34.88533],[135.53942,34.8842],[135.53902,34.88396],[135.53792,34.88393],[135.53724,34.88261],[135.53602,34.88201],[135.5352,34.88103],[135.53547,34.88058],[135.53675,34.87991],[135.53693,34.87878],[135.53781,34.87788],[135.53872,34.87608],[135.53976,34.87473],[135.53962,34.87426],[135.5388,34.87352],[135.53717,34.87288],[135.53682,34.87315],[135.53618,34.87495],[135.53469,34.876],[135.53304,34.87639],[135.53086,34.87597],[135.52944,34.87605],[135.52938,34.8765],[135.53049,34.87808],[135.52988,34.87988],[135.53086,34.88146],[135.53028,34.88198],[135.52918,34.88198],[135.52755,34.88094],[135.52673,34.88064],[135.52618,34.88072],[135.52591,34.88144],[135.52699,34.88241],[135.52757,34.88348],[135.52761,34.88415],[135.52725,34.88456],[135.52589,34.8843],[135.52479,34.88457],[135.52403,34.88437],[135.52377,34.88391],[135.5239,34.88301],[135.52371,34.88269],[135.52316,34.88251],[135.51905,34.88481],[135.5185,34.8845],[135.51797,34.88367],[135.51788,34.88254],[135.5185,34.88119],[135.51825,34.88097],[135.51705,34.88096],[135.51525,34.8798],[135.51361,34.88003],[135.51224,34.87992],[135.51187,34.87958],[135.51267,34.87778],[135.51335,34.87719],[135.5139,34.87617],[135.51586,34.87532],[135.51589,34.87487],[135.51498,34.87329],[135.51466,34.87193],[135.51512,34.87081],[135.51639,34.86991],[135.5165,34.86901],[135.51586,34.86792],[135.51396,34.86679],[135.51177,34.86729],[135.51067,34.86725],[135.51016,34.86696],[135.50974,34.86515],[135.50996,34.86358],[135.50933,34.8629],[135.50851,34.86289],[135.50766,34.86334],[135.50733,34.86379],[135.50713,34.86514],[135.50658,34.86584],[135.50603,34.86608],[135.50494,34.86535],[135.50412,34.86579],[135.50357,34.86577],[135.50251,34.86422],[135.50085,34.86309],[135.50031,34.86304],[135.5003,34.86464],[135.49858,34.86578],[135.49819,34.86668],[135.49844,34.86758],[135.49825,34.86803],[135.49754,34.86856],[135.49644,34.86879],[135.49562,34.8687],[135.49449,34.86779],[135.4929,34.86748],[135.49071,34.86729],[135.49016,34.86823],[135.48934,34.86849],[135.48579,34.86773],[135.48415,34.86782],[135.48305,34.86753],[135.48196,34.8668],[135.48158,34.86594],[135.48197,34.8652],[135.48307,34.86474],[135.48325,34.86414],[135.48305,34.86369],[135.48172,34.86275],[135.48063,34.86229],[135.48028,34.86278],[135.48066,34.8639],[135.48006,34.86453],[135.47952,34.86448],[135.47788,34.86357],[135.47624,34.86381],[135.47591,34.86321],[135.4762,34.86208],[135.4749,34.86052],[135.47407,34.86078],[135.47279,34.86274],[135.47077,34.86462],[135.46912,34.86543],[135.46837,34.86543],[135.46749,34.86424],[135.46798,34.86317],[135.46782,34.86295],[135.46722,34.86297],[135.46585,34.86387],[135.46503,34.86413],[135.46448,34.86405],[135.46384,34.86361],[135.46359,34.86315],[135.46363,34.8618],[135.4645,34.86081],[135.46424,34.85996],[135.46369,34.85987],[135.46177,34.86026],[135.45987,34.85898],[135.4582,34.8584],[135.45765,34.85749],[135.45797,34.85704],[135.45934,34.85667],[135.45999,34.85615],[135.46215,34.85301],[135.46375,34.85166],[135.46732,34.84514],[135.46707,34.8447],[135.46543,34.8441],[135.46394,34.84242],[135.46353,34.84224],[135.46319,34.84242],[135.46226,34.84399],[135.46105,34.84482],[135.45887,34.84498],[135.4575,34.84466],[135.45723,34.84487],[135.45764,34.84645],[135.45682,34.84893],[135.45583,34.84967],[135.45501,34.84969],[135.45392,34.84938],[135.45366,34.84959],[135.45351,34.85094],[135.45443,34.85207],[135.45447,34.85297],[135.4539,34.85365],[135.45279,34.85386],[135.45088,34.85324],[135.4497,34.8525],[135.44864,34.84957],[135.4456,34.8464],[135.4442,34.84414],[135.43974,34.84325],[135.43827,34.84231],[135.43685,34.84027],[135.43621,34.83983],[135.43375,34.83981],[135.43369,34.84026],[135.43465,34.84161],[135.43465,34.84274],[135.43422,34.84386],[135.4344,34.84409],[135.43672,34.84475],[135.43863,34.84619],[135.44027,34.84635],[135.44217,34.84719],[135.44436,34.84759],[135.44518,34.8481],[135.44579,34.84888],[135.44611,34.85],[135.44572,34.85113],[135.44491,34.85203],[135.44356,34.8527],[135.44348,34.85315],[135.4454,34.85491],[135.44694,34.85699],[135.44822,34.8579],[135.44893,34.85897],[135.44981,34.86242],[135.44791,34.86489],[135.44787,34.86534],[135.44861,34.86624],[135.44997,34.86639],[135.45053,34.86783],[135.45023,34.86846],[135.44969,34.86873],[135.44805,34.86848],[135.44531,34.86925],[135.44394,34.86886],[135.4421,34.86756],[135.44095,34.86704],[135.43985,34.86702],[135.43766,34.86752],[135.43738,34.86799],[135.43805,34.87048],[135.4376,34.87228],[135.43981,34.87271],[135.44046,34.87319],[135.44105,34.8741],[135.44335,34.87506],[135.44554,34.87502],[135.44664,34.87473],[135.44855,34.87501],[135.44991,34.87567],[135.45265,34.87573],[135.45372,34.87641],[135.45255,34.8773],[135.45231,34.87798],[135.45263,34.87834],[135.45345,34.87863],[135.454,34.8784],[135.45437,34.87754],[135.45428,34.87689],[135.45375,34.87618],[135.45511,34.87551],[135.45566,34.87492],[135.45648,34.87496],[135.45784,34.87563],[135.4603,34.87633],[135.46039,34.87689],[135.45954,34.87756],[135.45974,34.87803],[135.46056,34.87785],[135.46194,34.87637],[135.46276,34.87632],[135.46524,34.87894],[135.46659,34.8812],[135.46652,34.8821],[135.466,34.88239],[135.46464,34.88249],[135.46463,34.88295],[135.46572,34.88332],[135.46901,34.88293],[135.46983,34.88304],[135.47032,34.88369],[135.47198,34.88821],[135.47374,34.89002],[135.47423,34.89205],[135.47387,34.89291],[135.47332,34.89315],[135.47059,34.89284],[135.46949,34.89322],[135.46894,34.89315],[135.46804,34.89225],[135.46835,34.8909],[135.46817,34.89067],[135.46705,34.89057],[135.4665,34.89083],[135.46654,34.89314],[135.46538,34.89412],[135.46346,34.89446],[135.46282,34.89515],[135.46281,34.89651],[135.46326,34.89741],[135.46356,34.89921],[135.46335,34.90079],[135.46369,34.90128],[135.46752,34.90192],[135.46806,34.90229],[135.46815,34.90352],[135.46724,34.90667],[135.46749,34.90708],[135.47077,34.90742],[135.47351,34.90662],[135.47487,34.90699],[135.47624,34.90768],[135.47788,34.90782],[135.47978,34.9091],[135.4813,34.91101],[135.48179,34.91236],[135.4814,34.91309],[135.48085,34.91324],[135.47921,34.91295],[135.4771,34.91347],[135.47677,34.91392],[135.47728,34.9155],[135.47783,34.91567],[135.47892,34.9155],[135.47963,34.91596],[135.4802,34.91777],[135.48,34.91889],[135.47889,34.92006],[135.4778,34.92008],[135.47643,34.91964],[135.47589,34.91985],[135.47571,34.92023],[135.47604,34.92203],[135.47705,34.92429],[135.47684,34.92609],[135.47721,34.92636],[135.47858,34.92632],[135.47913,34.9267],[135.47876,34.92858],[135.47992,34.92971],[135.47998,34.93084],[135.47942,34.93128],[135.47773,34.93157],[135.47608,34.93245],[135.47389,34.93209],[135.47115,34.93281],[135.46923,34.93485],[135.46903,34.9362],[135.46811,34.93705],[135.46729,34.93711],[135.46638,34.93664],[135.46586,34.93551],[135.46465,34.93505],[135.46373,34.93437],[135.46266,34.93279],[135.46203,34.93121],[135.46188,34.93008],[135.46159,34.92991],[135.46022,34.93039],[135.45667,34.92936],[135.4542,34.92967],[135.45381,34.92937],[135.45267,34.92734],[135.4504,34.92557],[135.44958,34.92572],[135.4476,34.92686],[135.44547,34.92978],[135.44648,34.93249],[135.44811,34.93475],[135.44924,34.93582],[135.45182,34.93702],[135.45289,34.93793],[135.45387,34.93926],[135.45551,34.9395],[135.45589,34.93975],[135.45598,34.9411],[135.45714,34.94171],[135.458,34.94268],[135.45738,34.94471],[135.45576,34.94628],[135.45409,34.94759],[135.45272,34.94741],[135.45193,34.94852],[135.45134,34.94863],[135.4478,34.94661],[135.44745,34.94557],[135.44816,34.94444],[135.44687,34.94331],[135.44619,34.94083],[135.44391,34.93924],[135.44103,34.93612],[135.44021,34.9349],[135.4394,34.93423],[135.43476,34.93237],[135.43202,34.9325],[135.42983,34.9319],[135.42874,34.93223],[135.42595,34.93217],[135.42545,34.93248],[135.42475,34.93374],[135.42407,34.93434],[135.42237,34.93351],[135.42229,34.93283],[135.42385,34.93126],[135.42394,34.92991],[135.42028,34.9291],[135.41946,34.92856],[135.42038,34.92516],[135.41865,34.9229],[135.4183,34.92132],[135.4189,34.91929],[135.41871,34.91875],[135.41816,34.9186],[135.41689,34.92063],[135.41458,34.92247],[135.41417,34.92378],[135.41404,34.9249],[135.41433,34.9258],[135.41415,34.92625],[135.41345,34.92657],[135.41099,34.92667],[135.41042,34.92691],[135.41008,34.92736],[135.41008,34.92804],[135.41049,34.92849],[135.41152,34.92858],[135.41399,34.9281],[135.41491,34.92874],[135.41538,34.92942],[135.41537,34.93144],[135.41447,34.93302],[135.41426,34.93437],[135.41313,34.93684],[135.41063,34.93825],[135.41006,34.93931],[135.40926,34.93968],[135.40789,34.93933],[135.40596,34.93816],[135.40566,34.93771],[135.40572,34.93697],[135.4038,34.93757],[135.39712,34.93699],[135.39655,34.93856],[135.3973,34.9406],[135.39702,34.9424],[135.39637,34.94335],[135.39526,34.9443],[135.39471,34.94464],[135.39389,34.94479],[135.39335,34.94458],[135.39253,34.94363],[135.39034,34.94329],[135.38951,34.94281],[135.38919,34.94191],[135.39007,34.94101],[135.39024,34.94011],[135.3899,34.93966],[135.38873,34.93899],[135.38819,34.93901],[135.38755,34.93965],[135.3877,34.94145],[135.38734,34.94208],[135.38679,34.9424],[135.3857,34.94263],[135.38406,34.94217],[135.3831,34.9412],[135.38215,34.94095],[135.38179,34.94119],[135.38156,34.94209],[135.38045,34.94231],[135.37987,34.94141],[135.37887,34.94102],[135.37753,34.93982],[135.3776,34.93914],[135.37845,34.93825],[135.37744,34.93711],[135.37754,34.93589],[135.37726,34.93571],[135.37534,34.93553],[135.37373,34.93293],[135.37345,34.93304],[135.3721,34.93619],[135.37151,34.937],[135.37041,34.93731],[135.36821,34.93845],[135.36767,34.93827],[135.36645,34.93728],[135.36587,34.9366],[135.36582,34.93615],[135.36746,34.93481],[135.368,34.93369],[135.36795,34.93323],[135.36716,34.93322],[135.36578,34.9345],[135.36523,34.93466],[135.36305,34.93411],[135.36187,34.93298],[135.36188,34.9314],[135.36258,34.93005],[135.36242,34.92915],[135.36277,34.92645],[135.36393,34.92575],[135.36612,34.92568],[135.36721,34.92599],[135.3683,34.92679],[135.36939,34.92705],[135.37062,34.92626],[135.37093,34.92581],[135.37096,34.92491],[135.37132,34.92401],[135.3728,34.92244],[135.37285,34.92086],[135.37237,34.91974],[135.37234,34.91861],[135.37334,34.91659],[135.37337,34.91568],[135.37304,34.91534],[135.37249,34.91524],[135.3703,34.91559],[135.36921,34.91587],[135.36838,34.91636],[135.36592,34.91691],[135.36575,34.91722],[135.36618,34.91783],[135.36759,34.91858],[135.36761,34.91971],[135.36726,34.92008],[135.36589,34.92009],[135.36424,34.92182],[135.36253,34.92171],[135.36042,34.92047],[135.35959,34.92066],[135.35849,34.92153],[135.35794,34.92151],[135.35713,34.92108],[135.35576,34.9214],[135.35413,34.91983],[135.35221,34.91979],[135.35182,34.9194],[135.35172,34.91873],[135.35333,34.91671],[135.35435,34.91401],[135.3561,34.91257],[135.35824,34.91155],[135.35916,34.9102],[135.35766,34.90907],[135.35687,34.90771],[135.35614,34.90722],[135.35368,34.90769],[135.35203,34.90834],[135.35121,34.90801],[135.35032,34.907],[135.35107,34.9034],[135.35116,34.90159],[135.35212,34.89957],[135.35202,34.89822],[135.35267,34.89664],[135.3525,34.89619],[135.35138,34.89551],[135.35151,34.89393],[135.35215,34.89333],[135.35467,34.89237],[135.35592,34.89125],[135.35572,34.89081],[135.35518,34.89063],[135.35298,34.89133],[135.3512,34.89078],[135.35087,34.89033],[135.35151,34.8892],[135.35112,34.88785],[135.35129,34.8874],[135.35366,34.88606],[135.35457,34.88471],[135.3555,34.88424],[135.35796,34.88503],[135.35981,34.88812],[135.36039,34.88858],[135.36148,34.88888],[135.36285,34.88889],[135.36499,34.88815],[135.36511,34.8877],[135.36477,34.88747],[135.36341,34.88761],[135.36272,34.88723],[135.36374,34.88318],[135.36345,34.88205],[135.36701,34.88027],[135.36757,34.87917],[135.37026,34.87848],[135.37066,34.87713],[135.37115,34.87656],[135.37416,34.87578],[135.37562,34.87581],[135.37542,34.87378],[135.37648,34.8704],[135.37632,34.86927],[135.37775,34.86793],[135.37766,34.86748],[135.37723,34.86724],[135.37313,34.8672],[135.37256,34.86655],[135.37237,34.86542],[135.37145,34.86452],[135.37179,34.86391],[135.37398,34.86397],[135.37461,34.86363],[135.37483,34.86318],[135.37447,34.86273],[135.37235,34.86219],[135.37172,34.86159],[135.37201,34.85911],[135.37252,34.85776],[135.37403,34.85715],[135.37463,34.85574],[135.37733,34.8542],[135.37768,34.85373],[135.37759,34.85328],[135.37707,34.8529],[135.37516,34.85276],[135.37451,34.85236],[135.375,34.84943],[135.37786,34.84742],[135.37873,34.84607],[135.37931,34.84578],[135.38068,34.84585],[135.38287,34.84543],[135.38368,34.84605],[135.38438,34.84723],[135.38504,34.84728],[135.38669,34.84557],[135.38997,34.8441],[135.39012,34.84365],[135.3898,34.84275],[135.38945,34.84252],[135.38835,34.84259],[135.38726,34.84232],[135.38563,34.84137],[135.38454,34.84107],[135.38207,34.84178],[135.3796,34.84417],[135.3785,34.84491],[135.37739,34.84615],[135.3732,34.84762],[135.37172,34.85009],[135.36674,34.8539],[135.3672,34.85582],[135.36665,34.85625],[135.36583,34.85637],[135.36447,34.85595],[135.36378,34.85524],[135.36396,34.85479],[135.36508,34.85434],[135.36563,34.85367],[135.36535,34.85299],[135.36407,34.85163],[135.36508,34.84916],[135.3648,34.84856],[135.36152,34.84902],[135.35988,34.84875],[135.35769,34.84875],[135.35578,34.84836],[135.35277,34.84918],[135.35058,34.84941],[135.34839,34.84914],[135.34703,34.8484],[135.34567,34.84836],[135.34502,34.84792],[135.34459,34.84702],[135.34481,34.84657],[135.34623,34.84598],[135.3478,34.84411],[135.34926,34.8437],[135.34961,34.84322],[135.34975,34.84141],[135.34956,34.84002],[135.3463,34.83752],[135.34602,34.83761],[135.34549,34.83914],[135.34382,34.83983],[135.34317,34.84093],[135.3434,34.84183],[135.3449,34.84342],[135.34488,34.84405],[135.34433,34.844],[135.34298,34.84286],[135.34189,34.84234],[135.34107,34.84218],[135.34041,34.84249],[135.34084,34.84339],[135.34302,34.84431],[135.34405,34.84544],[135.34415,34.84612],[135.34392,34.84657],[135.34267,34.84711],[135.34158,34.84693],[135.34049,34.84621],[135.33858,34.84578],[135.33639,34.8457],[135.33585,34.84547],[135.33511,34.84449],[135.33346,34.84042],[135.33289,34.83961],[135.33233,34.83974],[135.33041,34.84201],[135.32931,34.84251],[135.32794,34.84267],[135.32603,34.84198],[135.32509,34.84083],[135.32484,34.8397],[135.32538,34.83745],[135.32498,34.8374],[135.32333,34.83823]],[[135.35102,34.93163],[135.35102,34.93183],[135.35077,34.93179],[135.35102,34.93163]],[[135.35845,35.06142],[135.35712,35.06226],[135.35699,35.06254],[135.35758,35.06434],[135.35737,35.06487],[135.35682,35.06504],[135.35628,35.06461],[135.3557,35.06343],[135.35554,35.06185],[135.35685,35.06118],[135.3585,35.06089],[135.35845,35.06142]],[[135.36215,34.94329],[135.36215,34.94343],[135.36201,34.94335],[135.36215,34.94329]],[[135.40273,35.03122],[135.40229,35.03177],[135.40159,35.03144],[135.4012,35.03093],[135.40011,35.03101],[135.40003,35.03075],[135.40093,35.03018],[135.4013,35.03031],[135.40148,35.03092],[135.40202,35.03093],[135.40236,35.03077],[135.40258,35.02985],[135.40285,35.02975],[135.40273,35.03122]],[[135.40929,34.97302],[135.40931,34.97333],[135.40901,34.97339],[135.40898,34.97311],[135.40929,34.97302]],[[135.42735,35.0532],[135.42676,35.05274],[135.42681,35.05216],[135.42736,35.05223],[135.42767,35.05252],[135.42735,35.0532]],[[135.45714,34.98505],[135.45711,34.98505],[135.45712,34.98492],[135.45714,34.98505]],[[135.46163,34.96411],[135.46192,34.96384],[135.46219,34.96438],[135.46191,34.96452],[135.46163,34.96411]],[[135.46734,35.0482],[135.46775,35.0482],[135.46766,35.04868],[135.46731,35.04865],[135.46734,35.0482]],[[135.4771,35.03072],[135.47736,35.03089],[135.47723,35.03111],[135.47675,35.03111],[135.47661,35.03088],[135.4771,35.03072]],[[135.45829,34.84965],[135.45774,34.84936],[135.45756,34.84893],[135.45775,34.84877],[135.45856,34.84938],[135.45829,34.84965]],[[135.51985,34.98106],[135.51903,34.98103],[135.51873,34.9808],[135.51904,34.98056],[135.52009,34.98058],[135.52032,34.98081],[135.51985,34.98106]],[[135.52551,34.96212],[135.52436,34.96279],[135.52379,34.96392],[135.52325,34.96392],[135.52338,34.96324],[135.52285,34.96256],[135.52435,34.96177],[135.52536,34.9619],[135.52551,34.96212]],[[135.53366,34.92272],[135.53356,34.92271],[135.5336,34.92254],[135.53366,34.92272]],[[135.49217,35.07379],[135.49245,35.07315],[135.493,35.07318],[135.49275,35.07377],[135.49217,35.07379]],[[135.21011,35.01544],[135.2123,35.01622],[135.21275,35.01684],[135.21256,35.01695],[135.21147,35.01657],[135.21092,35.0167],[135.21029,35.01727],[135.21007,35.01817],[135.20953,35.01852],[135.20923,35.01794],[135.2097,35.01704],[135.20902,35.01591],[135.20901,35.01546],[135.21011,35.01544]],[[135.23328,34.93929],[135.23404,34.94103],[135.23524,34.94239],[135.23488,34.94376],[135.23461,34.94387],[135.23371,34.94125],[135.23246,34.93987],[135.23191,34.93966],[135.23109,34.93995],[135.23027,34.93994],[135.22967,34.9392],[135.23,34.93892],[135.2322,34.9385],[135.23274,34.9387],[135.23328,34.93929]],[[135.24156,34.96187],[135.24087,34.96135],[135.24102,34.96103],[135.24157,34.9611],[135.24182,34.96136],[135.24194,34.96181],[135.24156,34.96187]],[[135.24771,34.97734],[135.24772,34.97685],[135.24799,34.9768],[135.24843,34.97718],[135.24826,34.97755],[135.24771,34.97734]],[[135.25416,34.96149],[135.25334,34.96121],[135.25334,34.96088],[135.25389,34.96077],[135.25434,34.96099],[135.25447,34.96121],[135.25416,34.96149]],[[135.2589,35.07253],[135.26116,35.07281],[135.25996,35.07325],[135.25807,35.07337],[135.25697,35.07365],[135.25615,35.07351],[135.25587,35.07323],[135.2561,35.07278],[135.25643,35.07269],[135.2589,35.07253]],[[135.27717,34.90997],[135.27666,34.90929],[135.27679,34.90906],[135.27717,34.90997]],[[135.2954,34.97791],[135.2959,34.97777],[135.29624,34.97814],[135.2959,34.97825],[135.2954,34.97791]],[[135.30638,34.90411],[135.30583,34.90408],[135.30556,34.90382],[135.3055,34.90315],[135.30584,34.90282],[135.30621,34.90292],[135.30651,34.90338],[135.30661,34.90383],[135.30638,34.90411]],[[135.31009,34.95107],[135.30996,34.95072],[135.31009,34.95064],[135.31028,34.95095],[135.31009,34.95107]],[[135.31099,35.07182],[135.31106,35.0722],[135.31071,35.07233],[135.31051,35.07197],[135.31099,35.07182]],[[135.33781,35.07741],[135.33781,35.07763],[135.33771,35.07753],[135.33781,35.07741]],[[135.34677,35.06045],[135.34641,35.06023],[135.3464,35.05977],[135.34673,35.05945],[135.34727,35.0594],[135.34731,35.06001],[135.34677,35.06045]]],[[[135.57155,34.2395],[135.57133,34.2395],[135.57089,34.2395],[135.57106,34.23956],[135.57155,34.2395]]],[[[135.553,34.24101],[135.5524,34.24484],[135.55138,34.24731],[135.5511,34.24979],[135.55146,34.25012],[135.55417,34.25033],[135.55556,34.25139],[135.55589,34.25206],[135.55589,34.25387],[135.55651,34.2568],[135.55685,34.257],[135.55814,34.25613],[135.55931,34.25428],[135.56095,34.25287],[135.56195,34.25231],[135.56364,34.25187],[135.56379,34.25164],[135.56205,34.24968],[135.56097,34.24904],[135.55916,34.24734],[135.5589,34.24576],[135.55791,34.24328],[135.55739,34.24057],[135.55757,34.23945],[135.55261,34.23943],[135.553,34.24101]]],[[[135.57272,34.2519],[135.57229,34.25438],[135.57261,34.25454],[135.57436,34.25326],[135.57455,34.25258],[135.57398,34.25212],[135.57272,34.2519]]],[[[135.42371,34.2407],[135.42313,34.24164],[135.42177,34.24269],[135.42122,34.24339],[135.4212,34.24406],[135.42175,34.24457],[135.42365,34.24486],[135.42772,34.24469],[135.42827,34.24443],[135.42936,34.24311],[135.43127,34.24246],[135.43344,34.24281],[135.43479,34.2427],[135.43642,34.24336],[135.43941,34.24228],[135.44022,34.24242],[135.44131,34.24302],[135.44266,34.2429],[135.44321,34.24273],[135.44403,34.24171],[135.44648,34.24119],[135.44702,34.24134],[135.44783,34.24205],[135.44928,34.24171],[135.45134,34.24355],[135.45324,34.24438],[135.45378,34.24435],[135.4546,34.24346],[135.45596,34.24333],[135.45785,34.24453],[135.45916,34.24582],[135.45894,34.24649],[135.45784,34.24707],[135.4581,34.24769],[135.46027,34.24844],[135.46162,34.24999],[135.46351,34.2505],[135.46459,34.25168],[135.46513,34.25173],[135.46625,34.25126],[135.46653,34.25148],[135.46667,34.25306],[135.46702,34.25349],[135.46838,34.25362],[135.46974,34.25338],[135.47055,34.25362],[135.47057,34.2542],[135.46958,34.25578],[135.46972,34.25604],[135.47108,34.25654],[135.47139,34.25691],[135.47136,34.25736],[135.46998,34.25819],[135.46862,34.2585],[135.46821,34.25915],[135.46834,34.25933],[135.4697,34.25949],[135.47024,34.25985],[135.47187,34.2597],[135.47295,34.25999],[135.47459,34.25942],[135.47838,34.26093],[135.47947,34.26018],[135.4809,34.25988],[135.48167,34.25944],[135.48162,34.25831],[135.48088,34.25718],[135.48465,34.25555],[135.48548,34.25457],[135.48602,34.25436],[135.48683,34.25554],[135.48818,34.25598],[135.48782,34.25743],[135.48825,34.25856],[135.48826,34.25969],[135.4887,34.26016],[135.48978,34.26014],[135.4905,34.2606],[135.49101,34.26173],[135.49105,34.26263],[135.49138,34.26308],[135.49221,34.26319],[135.4933,34.26211],[135.49456,34.26242],[135.49492,34.26175],[135.4952,34.2617],[135.49574,34.26262],[135.49737,34.26281],[135.49788,34.26311],[135.49799,34.26379],[135.49738,34.26491],[135.49789,34.26583],[135.49898,34.26611],[135.50061,34.26536],[135.50224,34.26553],[135.50286,34.26606],[135.50301,34.26651],[135.50198,34.26741],[135.50211,34.26786],[135.5025,34.26832],[135.50493,34.26958],[135.50528,34.27013],[135.50533,34.27103],[135.50682,34.27213],[135.50899,34.27146],[135.51035,34.27224],[135.51225,34.27166],[135.51523,34.2725],[135.51586,34.27197],[135.51602,34.27152],[135.51477,34.26926],[135.5149,34.26881],[135.51634,34.26798],[135.51988,34.26693],[135.5207,34.26613],[135.52122,34.26636],[135.52123,34.26844],[135.52177,34.26867],[135.5234,34.26842],[135.52399,34.26885],[135.52385,34.2693],[135.5223,34.27043],[135.52257,34.27064],[135.52393,34.27063],[135.52528,34.27151],[135.52854,34.27159],[135.5299,34.27061],[135.53153,34.27146],[135.5337,34.27176],[135.53398,34.27159],[135.53451,34.27002],[135.53534,34.26925],[135.54024,34.26726],[135.54061,34.26688],[135.54019,34.26621],[135.53807,34.26567],[135.53645,34.2656],[135.53536,34.26532],[135.5335,34.26415],[135.53104,34.26171],[135.53023,34.26039],[135.52914,34.2594],[135.52835,34.25759],[135.527,34.25646],[135.52727,34.256],[135.52972,34.25463],[135.53026,34.25457],[135.53135,34.25508],[135.53163,34.2549],[135.53155,34.25287],[135.53136,34.25265],[135.53027,34.25282],[135.52919,34.25252],[135.52729,34.25316],[135.52674,34.25286],[135.52661,34.25195],[135.52769,34.25038],[135.52893,34.24964],[135.52936,34.24903],[135.52962,34.2452],[135.53058,34.24386],[135.53107,34.24205],[135.53178,34.24093],[135.53104,34.23935],[135.42357,34.23889],[135.42371,34.2407]]],[[[135.54806,34.27752],[135.54453,34.27952],[135.54468,34.27997],[135.54559,34.28085],[135.54614,34.28089],[135.54831,34.28011],[135.5494,34.28018],[135.55075,34.28062],[135.55114,34.28045],[135.55101,34.27842],[135.55069,34.27797],[135.54806,34.27752]]],[[[135.59854,34.28033],[135.59806,34.28061],[135.59816,34.28083],[135.59868,34.28061],[135.59854,34.28033]]],[[[135.59175,34.28165],[135.59039,34.28193],[135.58998,34.28239],[135.59034,34.28419],[135.59065,34.28444],[135.59119,34.28444],[135.59213,34.28397],[135.59485,34.2815],[135.59504,34.28105],[135.59447,34.28072],[135.59366,34.28064],[135.59175,34.28165]]],[[[135.56549,34.32084],[135.56602,34.32184],[135.56685,34.32175],[135.56723,34.32085],[135.56685,34.31967],[135.56603,34.31954],[135.56549,34.32084]]],[[[135.5057,34.3231],[135.50271,34.32446],[135.50081,34.32452],[135.50026,34.32479],[135.49955,34.32578],[135.49976,34.32668],[135.50025,34.3273],[135.50161,34.32685],[135.5054,34.32839],[135.50565,34.32805],[135.5051,34.32647],[135.50609,34.32513],[135.50641,34.32355],[135.50625,34.32325],[135.5057,34.3231]]],[[[135.52406,34.33602],[135.52453,34.33579],[135.52494,34.33512],[135.52494,34.33467],[135.52466,34.33444],[135.52422,34.33466],[135.52382,34.33534],[135.5238,34.33579],[135.52406,34.33602]]],[[[135.59189,34.34753],[135.59049,34.35046],[135.59106,34.35294],[135.5914,34.35329],[135.59168,34.35316],[135.59219,34.35159],[135.593,34.35046],[135.59299,34.34753],[135.59252,34.34738],[135.59189,34.34753]]],[[[135.58161,34.35494],[135.58112,34.35493],[135.58096,34.35516],[135.58161,34.35552],[135.58186,34.35516],[135.58161,34.35494]]],[[[135.61584,34.35862],[135.61644,34.35843],[135.61649,34.35798],[135.61584,34.35765],[135.61556,34.3582],[135.61584,34.35862]]],[[[135.59381,34.36047],[135.59532,34.36152],[135.59572,34.35967],[135.59518,34.35939],[135.59382,34.3595],[135.59345,34.35993],[135.59381,34.36047]]],[[[135.5862,34.36237],[135.58718,34.36262],[135.5872,34.36239],[135.58647,34.36117],[135.5862,34.36124],[135.58597,34.36194],[135.5862,34.36237]]],[[[135.57979,34.37251],[135.57935,34.37204],[135.5787,34.37205],[135.57935,34.37283],[135.57979,34.37251]]],[[[135.59673,34.37535],[135.59782,34.37635],[135.59838,34.3773],[135.5989,34.37751],[135.59917,34.37738],[135.59952,34.37641],[135.59837,34.37469],[135.59782,34.37459],[135.59701,34.37481],[135.59669,34.37504],[135.59673,34.37535]]],[[[135.58448,34.37923],[135.58395,34.37973],[135.58478,34.38131],[135.58528,34.38312],[135.58718,34.38327],[135.58908,34.38396],[135.58935,34.38385],[135.58942,34.38201],[135.58788,34.38065],[135.58666,34.37865],[135.58612,34.37859],[135.58448,34.37923]]],[[[135.61275,34.37989],[135.60909,34.38094],[135.60903,34.38252],[135.60872,34.3832],[135.60796,34.3841],[135.60648,34.38499],[135.60567,34.38657],[135.60617,34.38792],[135.61026,34.38981],[135.6108,34.38957],[135.61357,34.38659],[135.61537,34.38412],[135.61571,34.38322],[135.61509,34.38186],[135.61329,34.37996],[135.61275,34.37989]]],[[[135.57372,34.38781],[135.5732,34.38849],[135.57383,34.38888],[135.57636,34.38782],[135.57659,34.38715],[135.57629,34.38695],[135.57574,34.38703],[135.57372,34.38781]]],[[[135.60642,34.39602],[135.60914,34.39667],[135.61161,34.39876],[135.61293,34.3995],[135.61424,34.39854],[135.61593,34.39771],[135.61756,34.39717],[135.61947,34.39698],[135.62177,34.39563],[135.62138,34.39538],[135.61893,34.39593],[135.61675,34.39599],[135.61458,34.39639],[135.6124,34.39638],[135.60887,34.39589],[135.60589,34.39438],[135.60565,34.39468],[135.60576,34.39513],[135.60642,34.39602]]],[[[135.58495,34.39484],[135.58386,34.39532],[135.58168,34.39581],[135.57896,34.39606],[135.57624,34.39584],[135.57461,34.39684],[135.57324,34.39715],[135.56808,34.39616],[135.56537,34.39508],[135.56396,34.39702],[135.56454,34.39845],[135.56564,34.40018],[135.56614,34.40297],[135.56669,34.40301],[135.56805,34.40211],[135.56914,34.40174],[135.57241,34.40156],[135.57304,34.39976],[135.57393,34.39886],[135.57514,34.39833],[135.57677,34.39834],[135.57786,34.39878],[135.57976,34.40046],[135.58012,34.40136],[135.58022,34.40316],[135.58218,34.40404],[135.58435,34.40558],[135.58517,34.40576],[135.58653,34.40566],[135.58797,34.40432],[135.58806,34.40386],[135.58762,34.40361],[135.58681,34.40368],[135.58545,34.40341],[135.58409,34.40254],[135.58346,34.40114],[135.58354,34.39912],[135.58443,34.39799],[135.58602,34.39724],[135.58793,34.39725],[135.5901,34.3979],[135.59046,34.39756],[135.59072,34.39598],[135.59045,34.39553],[135.58902,34.39513],[135.5874,34.39428],[135.58495,34.39484]]],[[[135.6034,34.40331],[135.6023,34.40439],[135.60121,34.40483],[135.60013,34.40489],[135.59819,34.40412],[135.59702,34.40232],[135.59657,34.40209],[135.59629,34.40231],[135.59547,34.40457],[135.59509,34.40637],[135.59426,34.40772],[135.5944,34.40848],[135.59494,34.40871],[135.59793,34.40905],[135.59956,34.40957],[135.6012,34.40873],[135.60338,34.40703],[135.60747,34.40551],[135.60868,34.40461],[135.60813,34.40348],[135.60585,34.40182],[135.60395,34.40152],[135.6034,34.40331]]],[[[135.59605,34.41539],[135.59827,34.41652],[135.59884,34.41742],[135.59934,34.419],[135.59911,34.42081],[135.59937,34.42126],[135.60032,34.42136],[135.60195,34.42107],[135.6049,34.41992],[135.60497,34.41947],[135.6046,34.41857],[135.60143,34.41584],[135.59926,34.41532],[135.59763,34.41521],[135.59654,34.41484],[135.59591,34.41493],[135.59605,34.41539]]],[[[135.59975,34.42686],[135.59839,34.42746],[135.59668,34.42936],[135.59691,34.43072],[135.59782,34.43143],[135.59837,34.43145],[135.60055,34.43066],[135.60253,34.42893],[135.60308,34.42713],[135.60281,34.42668],[135.59975,34.42686]]],[[[135.53647,34.43028],[135.53689,34.43098],[135.53744,34.43092],[135.53766,34.42893],[135.53718,34.42851],[135.53664,34.42859],[135.5363,34.42892],[135.53647,34.43028]]],[[[135.59236,34.43555],[135.5919,34.43498],[135.59128,34.43477],[135.59111,34.43498],[135.59138,34.43543],[135.592,34.43566],[135.59236,34.43555]]],[[[135.59205,34.44389],[135.59287,34.44338],[135.59287,34.44304],[135.59239,34.4431],[135.59185,34.44355],[135.59169,34.44377],[135.59205,34.44389]]],[[[135.60485,34.44494],[135.60755,34.44554],[135.60812,34.44495],[135.60756,34.44443],[135.60565,34.44433],[135.60445,34.44449],[135.60485,34.44494]]],[[[135.58272,34.45321],[135.58194,34.45286],[135.58175,34.45298],[135.58194,34.4533],[135.58248,34.45352],[135.58272,34.45321]]],[[[135.50983,34.45473],[135.50974,34.45541],[135.51036,34.45603],[135.51172,34.45641],[135.51257,34.4561],[135.51248,34.45565],[135.51182,34.45497],[135.51224,34.45407],[135.51201,34.45385],[135.51065,34.45365],[135.50983,34.45473]]],[[[135.49782,34.45717],[135.49757,34.45658],[135.4973,34.45654],[135.49731,34.45739],[135.49757,34.45754],[135.49782,34.45717]]],[[[135.60705,34.7891],[135.60831,34.79069],[135.60919,34.79224],[135.60974,34.79241],[135.61015,34.79204],[135.61011,34.79159],[135.60812,34.7886],[135.6073,34.7888],[135.60705,34.7891]]],[[[135.48021,34.84452],[135.48182,34.84634],[135.48264,34.84654],[135.48319,34.84625],[135.48322,34.84566],[135.4826,34.84476],[135.48156,34.84428],[135.48019,34.84417],[135.48021,34.84452]]],[[[135.53759,34.84591],[135.53558,34.84722],[135.53522,34.8479],[135.53566,34.84821],[135.53703,34.84835],[135.53746,34.84791],[135.53807,34.84611],[135.53789,34.84588],[135.53759,34.84591]]],[[[135.56946,34.862],[135.57031,34.86268],[135.57065,34.86245],[135.57077,34.86178],[135.57059,34.86157],[135.56952,34.86177],[135.56946,34.862]]],[[[135.57844,34.87285],[135.57983,34.87274],[135.58001,34.87263],[135.57898,34.8724],[135.57844,34.87285]]],[[[135.61287,34.88276],[135.61243,34.88355],[135.61128,34.88445],[135.61149,34.88482],[135.61292,34.88581],[135.61312,34.8866],[135.61373,34.88513],[135.61351,34.88378],[135.61434,34.88243],[135.61452,34.881],[135.6137,34.88096],[135.61315,34.88124],[135.61287,34.88276]]],[[[135.46857,34.91343],[135.468,34.91295],[135.46755,34.9132],[135.46826,34.91377],[135.46857,34.91343]]],[[[135.46972,34.92381],[135.47079,34.92426],[135.47082,34.92381],[135.47043,34.92313],[135.46957,34.92258],[135.46923,34.92313],[135.46972,34.92381]]],[[[135.59189,34.98175],[135.59271,34.98242],[135.59504,34.98536],[135.59704,34.98671],[135.59759,34.98681],[135.5986,34.98605],[135.59872,34.98537],[135.59814,34.98425],[135.59612,34.98311],[135.59297,34.98042],[135.59242,34.98036],[135.592,34.98062],[135.59178,34.98107],[135.59189,34.98175]]],[[[135.60576,34.9863],[135.60608,34.98656],[135.60718,34.98663],[135.60767,34.98608],[135.60773,34.98529],[135.60718,34.9851],[135.60591,34.9854],[135.60576,34.9863]]],[[[135.61252,35.01538],[135.61078,35.01719],[135.61059,35.01845],[135.60833,35.02146],[135.60855,35.02485],[135.60918,35.0258],[135.61,35.02627],[135.61082,35.02612],[135.6118,35.02508],[135.6146,35.02306],[135.61495,35.02245],[135.61649,35.02239],[135.61661,35.02217],[135.61567,35.02149],[135.61494,35.02058],[135.61459,35.01968],[135.61451,35.01743],[135.61306,35.01557],[135.61252,35.01538]]],[[[135.61141,35.03432],[135.61217,35.03658],[135.6128,35.0368],[135.61344,35.0359],[135.61353,35.03523],[135.6127,35.03424],[135.61161,35.03383],[135.61141,35.03432]]],[[[135.53465,35.02747],[135.53326,35.02954],[135.53223,35.03179],[135.53133,35.03296],[135.52886,35.03479],[135.52748,35.03552],[135.52555,35.03756],[135.52296,35.03851],[135.52197,35.04126],[135.52092,35.04211],[135.51922,35.04272],[135.51895,35.043],[135.51948,35.04514],[135.52166,35.04647],[135.52221,35.04651],[135.52291,35.04527],[135.5247,35.04352],[135.52552,35.04231],[135.52718,35.04107],[135.52965,35.04046],[135.53238,35.04082],[135.53513,35.03988],[135.53705,35.03962],[135.53732,35.0394],[135.53783,35.03654],[135.53649,35.03496],[135.53616,35.03406],[135.53614,35.03293],[135.53678,35.03158],[135.53822,35.03023],[135.53863,35.02776],[135.53821,35.02729],[135.53685,35.0268],[135.53465,35.02747]]],[[[135.58736,35.04889],[135.587,35.04889],[135.58688,35.04911],[135.58742,35.04943],[135.58736,35.04889]]],[[[135.52726,35.05611],[135.52654,35.05567],[135.52623,35.05588],[135.52681,35.05636],[135.52726,35.05611]]],[[[135.58525,35.05587],[135.58683,35.05771],[135.58875,35.05741],[135.58822,35.0561],[135.58712,35.05492],[135.58602,35.0549],[135.58547,35.05518],[135.58525,35.05587]]],[[[135.5088,35.06302],[135.51087,35.06424],[135.51151,35.06416],[135.51146,35.06326],[135.51088,35.06254],[135.50869,35.06252],[135.5088,35.06302]]],[[[135.50648,35.07879],[135.50521,35.08103],[135.50425,35.08216],[135.51234,35.08219],[135.5114,35.08106],[135.51078,35.07904],[135.51024,35.07855],[135.50805,35.07755],[135.50737,35.07789],[135.50648,35.07879]]],[[[135.55989,35.08237],[135.56093,35.08238],[135.56262,35.08238],[135.56148,35.08189],[135.55989,35.08237]]],[[[135.52114,35.08223],[135.52694,35.08225],[135.527,35.08225],[135.52612,35.08181],[135.52201,35.08191],[135.52114,35.08223]]],[[[135.56477,35.08239],[135.56505,35.08239],[135.56711,35.0824],[135.56669,35.08215],[135.56505,35.08221],[135.56477,35.08239]]],[[[135.54092,35.08207],[135.54065,35.08216],[135.5405,35.0823],[135.54134,35.0823],[135.54092,35.08207]]],[[[135.62249,34.29872],[135.62262,34.29939],[135.6237,34.30122],[135.62479,34.30129],[135.62586,34.30076],[135.62655,34.29851],[135.62562,34.29732],[135.62274,34.29714],[135.62249,34.29872]]],[[[135.66606,34.30312],[135.66582,34.30358],[135.66606,34.30379],[135.66632,34.30335],[135.66606,34.30312]]],[[[135.63641,34.30417],[135.63565,34.3062],[135.63573,34.30665],[135.63698,34.30815],[135.63752,34.30833],[135.63861,34.30827],[135.63897,34.30778],[135.63898,34.30666],[135.63825,34.30508],[135.63782,34.30283],[135.63701,34.30222],[135.63664,34.30259],[135.63641,34.30417]]],[[[135.61771,34.3064],[135.61906,34.30664],[135.61906,34.30637],[135.61852,34.30574],[135.61798,34.30568],[135.61753,34.30614],[135.61771,34.3064]]],[[[135.6574,34.30648],[135.65722,34.30896],[135.65738,34.31099],[135.65788,34.31159],[135.65818,34.31144],[135.6588,34.30942],[135.65907,34.30716],[135.65883,34.30536],[135.65847,34.30491],[135.65786,34.30513],[135.6574,34.30648]]],[[[135.65445,34.35406],[135.65689,34.35412],[135.65757,34.35382],[135.65744,34.35358],[135.65527,34.35305],[135.65472,34.35321],[135.65426,34.35381],[135.65445,34.35406]]],[[[135.64022,34.35963],[135.64037,34.36211],[135.63974,34.36278],[135.63865,34.36291],[135.63783,34.36254],[135.63675,34.3628],[135.63593,34.36268],[135.63416,34.36389],[135.6332,34.36498],[135.63239,34.36552],[135.63157,34.36568],[135.63021,34.36507],[135.62964,34.36546],[135.62994,34.36641],[135.63048,34.36682],[135.63157,34.36665],[135.63238,34.36624],[135.6332,34.36637],[135.63374,34.36756],[135.63509,34.3683],[135.6378,34.37112],[135.63778,34.37359],[135.63527,34.37584],[135.63488,34.37719],[135.63424,34.37764],[135.63369,34.37771],[135.63179,34.37711],[135.63051,34.37628],[135.62971,34.37492],[135.62637,34.37374],[135.62583,34.37388],[135.6251,34.37513],[135.62365,34.37648],[135.6253,34.37829],[135.62625,34.38032],[135.62661,34.38062],[135.62824,34.38086],[135.63151,34.37986],[135.63232,34.37986],[135.63314,34.38019],[135.63512,34.38215],[135.63503,34.38283],[135.63347,34.38508],[135.63121,34.38613],[135.62958,34.38652],[135.6274,34.3863],[135.62503,34.3864],[135.62437,34.38775],[135.62412,34.3891],[135.6244,34.38958],[135.62657,34.38971],[135.62739,34.38996],[135.62878,34.39092],[135.62954,34.39273],[135.6308,34.39431],[135.63135,34.39544],[135.6315,34.39657],[135.63112,34.39837],[135.63257,34.3995],[135.63333,34.40243],[135.63277,34.40265],[135.63141,34.40213],[135.63005,34.40275],[135.6295,34.40269],[135.6268,34.39985],[135.62625,34.39986],[135.62271,34.40188],[135.61917,34.40285],[135.61818,34.40441],[135.61633,34.40576],[135.6141,34.40823],[135.61125,34.41028],[135.60919,34.41092],[135.60904,34.41115],[135.61016,34.41163],[135.61179,34.41196],[135.61233,34.41188],[135.61312,34.41048],[135.6137,34.40994],[135.61639,34.40892],[135.6167,34.40773],[135.6174,34.40689],[135.61888,34.40619],[135.61997,34.40612],[135.62133,34.40644],[135.62252,34.40736],[135.62298,34.40803],[135.62322,34.40939],[135.6243,34.41078],[135.62566,34.41055],[135.62621,34.41068],[135.62837,34.41261],[135.62862,34.41256],[135.62865,34.41175],[135.62919,34.41154],[135.63055,34.41189],[135.63105,34.41257],[135.63081,34.41392],[135.63027,34.41461],[135.62936,34.41504],[135.62917,34.41617],[135.62863,34.4168],[135.62781,34.4171],[135.62645,34.41655],[135.62545,34.41706],[135.62532,34.41751],[135.62561,34.41841],[135.62535,34.41892],[135.62332,34.41953],[135.62099,34.42081],[135.61853,34.42154],[135.61472,34.42459],[135.61412,34.42536],[135.61397,34.42581],[135.61444,34.42604],[135.6169,34.42477],[135.61771,34.42465],[135.62069,34.42538],[135.62124,34.42583],[135.62132,34.42651],[135.62097,34.42694],[135.6196,34.42718],[135.61822,34.4283],[135.61839,34.42966],[135.61932,34.43025],[135.61986,34.43169],[135.6208,34.43259],[135.62075,34.43305],[135.62021,34.43372],[135.61875,34.43457],[135.61767,34.43455],[135.61705,34.43439],[135.6155,34.43326],[135.61414,34.43294],[135.61142,34.43322],[135.60951,34.43397],[135.60869,34.4336],[135.60815,34.43296],[135.60761,34.43283],[135.60585,34.43458],[135.60566,34.43503],[135.60585,34.43548],[135.60628,34.43593],[135.60705,34.43624],[135.60841,34.43609],[135.60978,34.43469],[135.61168,34.43475],[135.6125,34.43511],[135.61385,34.43525],[135.61468,34.43551],[135.61514,34.43596],[135.6143,34.43731],[135.61444,34.43911],[135.61423,34.43979],[135.61305,34.44181],[135.61136,34.44338],[135.61153,34.44429],[135.61225,34.44519],[135.61217,34.44564],[135.61136,34.44628],[135.60972,34.44661],[135.60771,34.4463],[135.60782,34.44693],[135.60879,34.44833],[135.60868,34.44901],[135.60801,34.44968],[135.608,34.45081],[135.60923,34.45149],[135.60969,34.45273],[135.61051,34.45352],[135.61241,34.45437],[135.61272,34.45646],[135.61228,34.45781],[135.61459,34.45985],[135.61435,34.4603],[135.61246,34.46074],[135.61098,34.46186],[135.61103,34.46232],[135.61246,34.46412],[135.6129,34.46433],[135.61427,34.46365],[135.61563,34.46353],[135.61726,34.46297],[135.6186,34.46369],[135.61863,34.46572],[135.61997,34.46702],[135.62068,34.46685],[135.62215,34.46577],[135.62378,34.4657],[135.62523,34.46619],[135.62551,34.46664],[135.62508,34.46867],[135.62512,34.47028],[135.62742,34.47183],[135.62764,34.47228],[135.62756,34.47324],[135.6281,34.4733],[135.62919,34.47275],[135.62989,34.47319],[135.63,34.47364],[135.62927,34.47454],[135.62912,34.47522],[135.63044,34.4759],[135.63076,34.47725],[135.6319,34.4773],[135.6329,34.47793],[135.63473,34.47997],[135.63541,34.48155],[135.63611,34.48245],[135.6365,34.48272],[135.63759,34.48279],[135.63813,34.48306],[135.63899,34.48426],[135.64138,34.4864],[135.64242,34.48698],[135.64232,34.4881],[135.64274,34.48901],[135.64463,34.4899],[135.64642,34.49127],[135.64658,34.49195],[135.64612,34.49262],[135.64607,34.49375],[135.64575,34.49443],[135.64714,34.49578],[135.64667,34.49736],[135.64702,34.49826],[135.64677,34.49875],[135.6457,34.49961],[135.64646,34.50051],[135.64949,34.50067],[135.65085,34.50042],[135.65259,34.50053],[135.65323,34.49986],[135.6537,34.49851],[135.65356,34.49783],[135.6526,34.49692],[135.65277,34.49616],[135.65334,34.4958],[135.65414,34.49583],[135.65471,34.49716],[135.65549,34.49742],[135.6574,34.49572],[135.65887,34.49694],[135.65933,34.49762],[135.65928,34.49852],[135.65834,34.49942],[135.65894,34.50077],[135.65983,34.5011],[135.6631,34.50094],[135.66473,34.50188],[135.66582,34.50157],[135.66612,34.50124],[135.66636,34.49877],[135.66575,34.49764],[135.66571,34.49674],[135.66584,34.49619],[135.66634,34.49584],[135.66802,34.49563],[135.66938,34.49637],[135.66992,34.49727],[135.67046,34.49752],[135.67509,34.49751],[135.67618,34.49681],[135.67746,34.49361],[135.67651,34.49271],[135.67645,34.49226],[135.6773,34.49097],[135.67757,34.49007],[135.67913,34.48911],[135.67912,34.48731],[135.68002,34.4855],[135.67979,34.48438],[135.68027,34.48348],[135.68021,34.48235],[135.6805,34.48145],[135.67953,34.48032],[135.67952,34.47987],[135.68061,34.47901],[135.68224,34.47871],[135.6836,34.47983],[135.68414,34.47987],[135.68443,34.47966],[135.68448,34.47921],[135.68388,34.47846],[135.68172,34.47762],[135.68153,34.47672],[135.68225,34.47589],[135.68361,34.47587],[135.68471,34.47485],[135.68667,34.47403],[135.68684,34.47313],[135.68495,34.47132],[135.68465,34.47042],[135.68698,34.46817],[135.6864,34.46704],[135.68693,34.46569],[135.6862,34.46479],[135.68612,34.46388],[135.68655,34.46343],[135.68908,34.46231],[135.68721,34.46018],[135.68551,34.45937],[135.6851,34.4578],[135.68521,34.45734],[135.68723,34.45539],[135.68859,34.45485],[135.69152,34.45443],[135.69143,34.45398],[135.68968,34.45321],[135.68931,34.45262],[135.68966,34.45127],[135.69106,34.44962],[135.69215,34.44922],[135.69324,34.44914],[135.69704,34.4497],[135.69759,34.44962],[135.69699,34.44791],[135.69542,34.44745],[135.69493,34.447],[135.69525,34.44497],[135.69679,34.44363],[135.7006,34.44353],[135.70196,34.44386],[135.70309,34.44477],[135.70386,34.44635],[135.70467,34.44713],[135.70549,34.44756],[135.70657,34.44757],[135.70754,34.44523],[135.70941,34.44366],[135.70963,34.4423],[135.70931,34.44204],[135.70795,34.44209],[135.70714,34.44173],[135.70551,34.44183],[135.70442,34.44125],[135.70385,34.44071],[135.70333,34.43958],[135.70282,34.43755],[135.70362,34.43688],[135.70471,34.43671],[135.70513,34.43643],[135.7057,34.43531],[135.70682,34.43441],[135.70699,34.43328],[135.70771,34.43282],[135.70826,34.4319],[135.70903,34.43126],[135.70962,34.43106],[135.71071,34.43136],[135.71153,34.43036],[135.71207,34.43024],[135.7128,34.43059],[135.71316,34.4311],[135.7137,34.43127],[135.71481,34.43082],[135.71508,34.43015],[135.7144,34.42812],[135.71267,34.42676],[135.71282,34.42563],[135.71022,34.4236],[135.71065,34.42202],[135.70932,34.42067],[135.70961,34.42022],[135.71039,34.41977],[135.71029,34.41932],[135.70939,34.41934],[135.70863,34.42044],[135.70803,34.42088],[135.70694,34.4209],[135.7065,34.42066],[135.70593,34.41976],[135.70477,34.41937],[135.70421,34.41863],[135.70317,34.41795],[135.70285,34.41704],[135.70097,34.41666],[135.69889,34.41523],[135.69826,34.4141],[135.69817,34.41343],[135.6987,34.41253],[135.70017,34.41143],[135.70023,34.40937],[135.69891,34.40779],[135.69814,34.40621],[135.69421,34.40521],[135.69231,34.40528],[135.68904,34.4062],[135.68862,34.40596],[135.68717,34.40416],[135.68552,34.40333],[135.68443,34.40411],[135.6831,34.4064],[135.68224,34.40697],[135.68061,34.40683],[135.6798,34.40572],[135.67908,34.40526],[135.67899,34.4044],[135.6799,34.40346],[135.67946,34.40188],[135.68085,34.40054],[135.68009,34.39962],[135.68024,34.39828],[135.67954,34.39693],[135.6798,34.39467],[135.68093,34.39129],[135.68203,34.3903],[135.68367,34.38959],[135.68376,34.38927],[135.68312,34.38894],[135.68231,34.38886],[135.68081,34.38972],[135.67877,34.3904],[135.67741,34.3913],[135.67605,34.39161],[135.67469,34.39143],[135.67333,34.39031],[135.67224,34.39035],[135.67116,34.39012],[135.6708,34.38969],[135.6708,34.38834],[135.67187,34.38631],[135.67202,34.38541],[135.67254,34.38507],[135.67489,34.38497],[135.67517,34.38474],[135.67519,34.38429],[135.67445,34.38247],[135.67363,34.38309],[135.67118,34.3831],[135.66901,34.38239],[135.66602,34.38254],[135.66491,34.38201],[135.6649,34.38111],[135.66544,34.38021],[135.66551,34.37931],[135.66604,34.37878],[135.6674,34.37832],[135.66763,34.37796],[135.66705,34.37661],[135.6674,34.37526],[135.66714,34.37402],[135.6666,34.37403],[135.66508,34.37548],[135.66387,34.37623],[135.66333,34.3764],[135.66278,34.37623],[135.66062,34.37487],[135.66005,34.37411],[135.6605,34.37028],[135.66036,34.36995],[135.65628,34.37161],[135.65519,34.37295],[135.65437,34.37286],[135.65365,34.37184],[135.65266,34.37116],[135.6524,34.37071],[135.65316,34.3671],[135.65307,34.36643],[135.6525,34.36566],[135.65168,34.36542],[135.65087,34.36604],[135.65032,34.36617],[135.64869,34.3656],[135.64733,34.36553],[135.64612,34.36483],[135.64542,34.36392],[135.64574,34.3628],[135.64533,34.36167],[135.64557,34.35987],[135.64496,34.35919],[135.64084,34.35911],[135.64022,34.35963]]],[[[135.6425,34.4996],[135.64323,34.49989],[135.64491,34.49938],[135.64405,34.49822],[135.64215,34.49814],[135.64184,34.49825],[135.64167,34.4987],[135.6425,34.4996]]],[[[135.64349,34.50266],[135.64355,34.50231],[135.64349,34.50228],[135.64349,34.50266]]],[[[135.67125,34.50596],[135.66997,34.50734],[135.67015,34.50758],[135.67179,34.50755],[135.67285,34.50802],[135.67314,34.50938],[135.6741,34.51096],[135.67504,34.51079],[135.67621,34.51006],[135.67631,34.50961],[135.67611,34.50939],[135.67453,34.50893],[135.67367,34.5069],[135.67315,34.50652],[135.67125,34.50596]]],[[[135.68101,34.5094],[135.68158,34.50946],[135.68222,34.50895],[135.6824,34.5085],[135.68186,34.508],[135.68077,34.50777],[135.68051,34.50804],[135.68101,34.5094]]],[[[135.6734,34.51228],[135.66931,34.51317],[135.66686,34.5146],[135.66359,34.51537],[135.66324,34.51566],[135.66413,34.51604],[135.66685,34.516],[135.67067,34.51546],[135.6722,34.51433],[135.67312,34.51395],[135.67348,34.51344],[135.6734,34.51228]]],[[[135.65285,34.54413],[135.6523,34.54411],[135.65203,34.54452],[135.6523,34.54466],[135.65285,34.54452],[135.65285,34.54413]]],[[[135.6792,34.56275],[135.67786,34.56416],[135.67795,34.56461],[135.67973,34.56517],[135.68116,34.56507],[135.68393,34.56372],[135.68355,34.56323],[135.68138,34.56249],[135.6792,34.56275]]],[[[135.67345,34.59457],[135.67366,34.59457],[135.67363,34.59434],[135.67345,34.59457]]],[[[135.63762,34.59785],[135.63799,34.59966],[135.63844,34.59994],[135.63938,34.59944],[135.63876,34.59808],[135.63791,34.59761],[135.63762,34.59785]]],[[[135.67975,34.6],[135.67933,34.59959],[135.67899,34.59977],[135.67899,34.60022],[135.67933,34.60049],[135.6796,34.60044],[135.67975,34.6]]],[[[135.68337,34.61321],[135.68419,34.61308],[135.68447,34.61263],[135.68419,34.61221],[135.68315,34.6124],[135.68304,34.61285],[135.68337,34.61321]]],[[[135.65012,34.61412],[135.64983,34.61361],[135.64938,34.61434],[135.64983,34.6144],[135.65012,34.61412]]],[[[135.65769,34.63127],[135.65712,34.63307],[135.65653,34.63374],[135.65674,34.63442],[135.65765,34.63474],[135.66011,34.63434],[135.66037,34.63375],[135.66003,34.63263],[135.66031,34.6315],[135.66018,34.63105],[135.6593,34.63075],[135.65821,34.63094],[135.65769,34.63127]]],[[[135.6521,34.6468],[135.65351,34.648],[135.65405,34.64814],[135.65505,34.64771],[135.65526,34.64704],[135.65488,34.64655],[135.65242,34.64621],[135.65215,34.64637],[135.6521,34.6468]]],[[[135.66834,34.68065],[135.67002,34.68088],[135.67076,34.68089],[135.6692,34.67952],[135.66801,34.67998],[135.66795,34.68043],[135.66834,34.68065]]],[[[135.67872,34.68646],[135.67392,34.68968],[135.67382,34.69014],[135.67431,34.69194],[135.67488,34.69262],[135.67679,34.6922],[135.68017,34.69083],[135.68192,34.6888],[135.68036,34.68628],[135.67981,34.68619],[135.67872,34.68646]]],[[[135.67011,34.70207],[135.66964,34.70514],[135.6691,34.70532],[135.66801,34.70519],[135.66724,34.70589],[135.66746,34.70624],[135.66855,34.70657],[135.66991,34.70747],[135.67045,34.70755],[135.67133,34.70703],[135.67145,34.70568],[135.67215,34.7032],[135.67129,34.70203],[135.67075,34.70168],[135.67011,34.70207]]],[[[135.67658,34.70907],[135.67612,34.70975],[135.67424,34.71065],[135.67361,34.71177],[135.67371,34.71284],[135.67507,34.7138],[135.67698,34.714],[135.67888,34.71479],[135.6797,34.71474],[135.68102,34.71427],[135.68131,34.71382],[135.68062,34.71202],[135.68132,34.70931],[135.68209,34.70864],[135.68191,34.70815],[135.68082,34.70738],[135.67919,34.7075],[135.67728,34.7072],[135.67687,34.7075],[135.67658,34.70907]]],[[[135.67586,34.72042],[135.67422,34.72122],[135.67372,34.72214],[135.67421,34.72254],[135.67558,34.72232],[135.67665,34.72282],[135.67752,34.72508],[135.67761,34.72621],[135.67665,34.7276],[135.67501,34.72914],[135.67516,34.73183],[135.67581,34.73241],[135.678,34.73262],[135.67859,34.73229],[135.67815,34.73049],[135.67888,34.72869],[135.67819,34.72733],[135.67825,34.72643],[135.67994,34.72528],[135.68336,34.72397],[135.68351,34.72352],[135.68295,34.72301],[135.67886,34.72156],[135.67812,34.7208],[135.67723,34.71903],[135.67636,34.71967],[135.67586,34.72042]]],[[[135.66543,34.73406],[135.66489,34.7338],[135.66464,34.73406],[135.66516,34.73449],[135.66543,34.73406]]],[[[135.6751,34.74378],[135.67459,34.74468],[135.67494,34.74545],[135.67549,34.74594],[135.67822,34.7465],[135.67942,34.74559],[135.67941,34.74537],[135.67832,34.74491],[135.67775,34.74356],[135.67714,34.74287],[135.67659,34.74285],[135.6751,34.74378]]],[[[135.64274,34.86803],[135.64055,34.86955],[135.63836,34.87013],[135.6359,34.8704],[135.6348,34.87028],[135.63435,34.87055],[135.63525,34.87168],[135.63589,34.87202],[135.63808,34.87161],[135.63945,34.87161],[135.64054,34.87191],[135.64354,34.87343],[135.64409,34.87354],[135.64463,34.87336],[135.64628,34.8717],[135.64628,34.86968],[135.64574,34.86922],[135.64274,34.86803]]],[[[135.63814,34.87822],[135.63941,34.88011],[135.6405,34.88064],[135.64214,34.88119],[135.64301,34.88072],[135.64303,34.88004],[135.64242,34.87906],[135.63887,34.87758],[135.63834,34.87777],[135.63814,34.87822]]],[[[135.63137,34.88294],[135.63446,34.88559],[135.63547,34.88768],[135.63719,34.88784],[135.63855,34.88844],[135.63913,34.88837],[135.63965,34.88747],[135.63954,34.88702],[135.6372,34.88543],[135.63576,34.8852],[135.63448,34.88452],[135.6336,34.88362],[135.63284,34.88221],[135.63229,34.88203],[135.63134,34.88226],[135.63118,34.88248],[135.63137,34.88294]]],[[[135.64567,34.89132],[135.64729,34.89234],[135.64784,34.89222],[135.64765,34.89087],[135.64722,34.89042],[135.64647,34.89042],[135.64593,34.89077],[135.64567,34.89132]]],[[[135.67869,34.90533],[135.67874,34.90493],[135.67842,34.90477],[135.67775,34.90515],[135.67814,34.90558],[135.67869,34.90533]]],[[[135.64942,34.90462],[135.64867,34.908],[135.64874,34.90935],[135.64913,34.90985],[135.65022,34.91004],[135.65049,34.90981],[135.65027,34.90823],[135.65166,34.90621],[135.65159,34.90441],[135.65107,34.9041],[135.65025,34.90424],[135.64942,34.90462]]],[[[135.64698,34.91431],[135.64801,34.91529],[135.64856,34.9152],[135.64897,34.91431],[135.64866,34.91319],[135.64829,34.91291],[135.64785,34.91296],[135.64698,34.91431]]],[[[135.65703,34.91787],[135.65649,34.92087],[135.65701,34.92102],[135.65948,34.9207],[135.66016,34.91998],[135.66078,34.91773],[135.66004,34.91729],[135.65812,34.91737],[135.65703,34.91787]]],[[[135.66083,34.99024],[135.66052,34.99007],[135.66017,34.99052],[135.66056,34.99067],[135.66083,34.99024]]],[[[135.67261,34.99103],[135.67079,34.99303],[135.67068,34.99364],[135.67263,34.99303],[135.67379,34.99168],[135.67387,34.99123],[135.67315,34.99094],[135.67261,34.99103]]],[[[135.66228,34.99639],[135.65996,34.99818],[135.6601,34.99999],[135.65969,35.00149],[135.66024,35.0014],[135.66216,35.00008],[135.6664,34.99685],[135.66601,34.99655],[135.66327,34.99609],[135.66228,34.99639]]],[[[135.67422,34.99937],[135.67312,34.99957],[135.67224,35.00002],[135.67092,35.00123],[135.66928,35.00208],[135.66885,35.00294],[135.67064,35.00294],[135.67476,35.00082],[135.67613,35.00038],[135.67648,35.00003],[135.67669,34.9989],[135.67614,34.99847],[135.67422,34.99937]]],[[[135.6239,34.99943],[135.62342,35.00055],[135.62586,35.00214],[135.62764,35.00405],[135.62818,35.00413],[135.62802,35.00034],[135.62736,34.99854],[135.62684,34.99825],[135.6252,34.99824],[135.62465,34.99851],[135.6239,34.99943]]],[[[135.64983,35.00148],[135.64953,35.00243],[135.64987,35.00311],[135.65037,35.00328],[135.65124,35.00266],[135.65204,35.00154],[135.65221,35.00086],[135.65175,35.00052],[135.65093,35.0004],[135.64983,35.00148]]],[[[135.66514,35.00563],[135.66518,35.00563],[135.66515,35.00561],[135.66514,35.00563]]],[[[135.6664,35.0124],[135.6665,35.0121],[135.66622,35.01188],[135.6654,35.01191],[135.66517,35.01217],[135.66567,35.01276],[135.6664,35.0124]]],[[[135.63966,35.01042],[135.63527,35.01233],[135.6339,35.01255],[135.63143,35.01213],[135.62993,35.0141],[135.6298,35.01477],[135.63032,35.01518],[135.63279,35.01513],[135.63498,35.0155],[135.6369,35.0142],[135.64023,35.01142],[135.64067,35.01052],[135.64048,35.01032],[135.63966,35.01042]]],[[[135.62888,35.02288],[135.62974,35.02381],[135.63054,35.02379],[135.6306,35.02199],[135.63002,35.02124],[135.6292,35.02093],[135.62865,35.02107],[135.62855,35.0213],[135.62888,35.02288]]],[[[135.61904,35.02736],[135.61692,35.02893],[135.61669,35.0296],[135.61885,35.03141],[135.61956,35.03156],[135.62176,35.03107],[135.62165,35.02894],[135.62041,35.02738],[135.61904,35.02736]]],[[[135.64505,35.03141],[135.64559,35.03215],[135.64614,35.03203],[135.64656,35.0315],[135.64614,35.03037],[135.64505,35.02975],[135.64478,35.02979],[135.64465,35.03014],[135.64505,35.03141]]],[[[135.62943,35.0317],[135.63013,35.03145],[135.63023,35.031],[135.62971,35.03031],[135.62916,35.03012],[135.62886,35.03032],[135.62876,35.03099],[135.62892,35.03145],[135.62943,35.0317]]],[[[135.66628,35.03381],[135.66586,35.03339],[135.66552,35.03358],[135.66553,35.03403],[135.66586,35.03434],[135.66628,35.03381]]],[[[135.66162,35.03943],[135.66172,35.04067],[135.66339,35.03853],[135.6634,35.03808],[135.66221,35.03808],[135.66162,35.03943]]],[[[135.6343,35.04568],[135.63444,35.04543],[135.63403,35.04525],[135.63339,35.04543],[135.63302,35.04588],[135.63347,35.04598],[135.6343,35.04568]]],[[[135.63671,35.05815],[135.63626,35.05761],[135.63616,35.05732],[135.63607,35.05783],[135.63671,35.05815]]],[[[135.66912,35.04153],[135.66747,35.04395],[135.66644,35.04508],[135.66635,35.04553],[135.6669,35.04696],[135.66854,35.04799],[135.67013,35.04982],[135.66949,35.05162],[135.66984,35.05252],[135.66962,35.05311],[135.6688,35.05332],[135.66695,35.05319],[135.66569,35.05206],[135.66515,35.05071],[135.66442,35.05021],[135.6636,35.05013],[135.66031,35.05071],[135.65881,35.05024],[135.6573,35.04895],[135.65697,35.04911],[135.65688,35.04956],[135.65756,35.05091],[135.65656,35.05294],[135.65641,35.05384],[135.65564,35.05432],[135.65427,35.0539],[135.65399,35.05404],[135.65401,35.05563],[135.65316,35.05673],[135.65152,35.05653],[135.65088,35.05585],[135.65116,35.05315],[135.65165,35.05157],[135.65148,35.05112],[135.65099,35.05095],[135.64812,35.05269],[135.64661,35.05471],[135.64583,35.05516],[135.64494,35.05526],[135.64385,35.05503],[135.64322,35.0547],[135.64276,35.05378],[135.64221,35.05396],[135.64092,35.0556],[135.64036,35.05717],[135.63837,35.05807],[135.63864,35.05897],[135.63801,35.06054],[135.63724,35.06124],[135.63615,35.06154],[135.63478,35.06148],[135.63395,35.06111],[135.63204,35.06109],[135.62927,35.05894],[135.62867,35.05781],[135.62877,35.05669],[135.62987,35.0558],[135.63124,35.056],[135.63158,35.05557],[135.63128,35.05489],[135.62988,35.05322],[135.62933,35.05295],[135.62871,35.05308],[135.62854,35.05511],[135.62795,35.0558],[135.62438,35.05631],[135.62137,35.05592],[135.62,35.05517],[135.61946,35.05463],[135.6191,35.05282],[135.61865,35.05263],[135.61727,35.05261],[135.61673,35.05214],[135.61646,35.0514],[135.61541,35.05078],[135.61536,35.05033],[135.61618,35.04921],[135.61502,35.0474],[135.61401,35.04703],[135.61319,35.04793],[135.61236,35.04843],[135.61127,35.04805],[135.61045,35.04724],[135.60881,35.04636],[135.60872,35.04581],[135.60907,35.04468],[135.60855,35.04396],[135.608,35.04391],[135.60626,35.04512],[135.60666,35.04693],[135.60634,35.04746],[135.60579,35.04773],[135.6025,35.04828],[135.60168,35.04812],[135.60031,35.04713],[135.59702,35.04647],[135.59402,35.04503],[135.59347,35.04485],[135.59292,35.04495],[135.59265,35.04553],[135.59349,35.04621],[135.59378,35.04688],[135.59287,35.04846],[135.59208,35.04895],[135.59125,35.05017],[135.5907,35.05029],[135.58961,35.04996],[135.58885,35.05025],[135.58882,35.05047],[135.58948,35.05115],[135.59042,35.05166],[135.59207,35.05159],[135.59302,35.05251],[135.5934,35.05409],[135.59313,35.05522],[135.59378,35.0568],[135.59365,35.0577],[135.59258,35.05813],[135.5895,35.05769],[135.59202,35.0613],[135.59201,35.06215],[135.59146,35.06248],[135.59037,35.06214],[135.58948,35.06219],[135.58872,35.06262],[135.58762,35.06376],[135.58488,35.06441],[135.58406,35.06488],[135.58459,35.06605],[135.58634,35.06737],[135.58714,35.0685],[135.58713,35.06985],[135.58621,35.07089],[135.58512,35.07113],[135.5843,35.0706],[135.58348,35.07042],[135.58128,35.07086],[135.57909,35.06982],[135.57852,35.07004],[135.57801,35.07072],[135.57801,35.07117],[135.57933,35.07253],[135.57927,35.07365],[135.5802,35.07546],[135.57997,35.07591],[135.57878,35.07683],[135.57796,35.07713],[135.57631,35.07684],[135.57599,35.07657],[135.57563,35.07544],[135.57495,35.07512],[135.57358,35.07521],[135.57167,35.07633],[135.57135,35.077],[135.57098,35.07971],[135.57143,35.08151],[135.57073,35.08241],[135.8,35.08301],[135.8,35.08267],[135.79726,35.0824],[135.79589,35.08203],[135.79287,35.08265],[135.78848,35.08264],[135.78711,35.08244],[135.78547,35.08265],[135.77916,35.08263],[135.77752,35.08242],[135.7756,35.08262],[135.77396,35.08214],[135.77231,35.08075],[135.77122,35.081],[135.76929,35.08231],[135.7682,35.08261],[135.76381,35.08257],[135.76162,35.08186],[135.75915,35.08259],[135.75696,35.08264],[135.75504,35.08212],[135.75339,35.08255],[135.7523,35.08257],[135.74928,35.08226],[135.74654,35.08081],[135.74495,35.082],[135.74407,35.0823],[135.74133,35.0827],[135.73859,35.08232],[135.73722,35.08156],[135.73657,35.08063],[135.73635,35.07973],[135.73651,35.07793],[135.73556,35.07567],[135.73532,35.07426],[135.73313,35.07365],[135.73039,35.07391],[135.72848,35.07273],[135.72812,35.0716],[135.72851,35.07025],[135.72712,35.06934],[135.72713,35.06889],[135.72771,35.06799],[135.7274,35.06746],[135.72658,35.06728],[135.72487,35.06889],[135.723,35.06958],[135.72163,35.06934],[135.72083,35.06865],[135.72105,35.06775],[135.72274,35.06658],[135.72375,35.06483],[135.72681,35.06303],[135.72686,35.06281],[135.72569,35.06258],[135.72447,35.06145],[135.72358,35.06113],[135.72303,35.06145],[135.72137,35.06527],[135.72,35.06679],[135.71945,35.06694],[135.719,35.06662],[135.71833,35.06549],[135.71807,35.06369],[135.71754,35.06361],[135.71617,35.06409],[135.71562,35.06405],[135.7148,35.06355],[135.71408,35.06255],[135.71257,35.06142],[135.71317,35.05989],[135.71199,35.06052],[135.71193,35.06164],[135.71124,35.06222],[135.70996,35.06209],[135.7097,35.06186],[135.70955,35.06096],[135.70851,35.06048],[135.70769,35.06047],[135.70706,35.06141],[135.7078,35.06254],[135.70774,35.06344],[135.7074,35.06387],[135.70685,35.06417],[135.70493,35.06412],[135.70329,35.06461],[135.70274,35.0642],[135.70285,35.0632],[135.70115,35.06207],[135.69836,35.06146],[135.69783,35.06116],[135.69665,35.0589],[135.69564,35.05821],[135.69481,35.0583],[135.69289,35.05938],[135.69152,35.05982],[135.69042,35.05984],[135.68933,35.05925],[135.68741,35.05992],[135.68686,35.05969],[135.68631,35.05899],[135.68669,35.0573],[135.68605,35.05707],[135.68247,35.05937],[135.67864,35.05888],[135.67765,35.05818],[135.67804,35.0575],[135.67791,35.05705],[135.67618,35.05726],[135.67481,35.05643],[135.67399,35.05623],[135.67372,35.05591],[135.67465,35.05501],[135.67482,35.05411],[135.67416,35.05118],[135.67447,35.04825],[135.67501,35.04735],[135.6765,35.0462],[135.67742,35.0442],[135.67731,35.0433],[135.67624,35.04267],[135.67322,35.04357],[135.67103,35.04263],[135.66967,35.04133],[135.66912,35.04153]],[[135.61328,35.04965],[135.61327,35.05033],[135.6129,35.05034],[135.61216,35.04942],[135.61209,35.04897],[135.61236,35.04861],[135.61291,35.04896],[135.61328,35.04965]]],[[[135.59069,34.24092],[135.59004,34.24139],[135.5876,34.24215],[135.58379,34.24419],[135.57972,34.24376],[135.57755,34.24439],[135.57648,34.24515],[135.57633,34.24628],[135.57969,34.25045],[135.58374,34.2531],[135.58564,34.25363],[135.58619,34.2523],[135.58674,34.25194],[135.58782,34.25168],[135.58999,34.25208],[135.59135,34.25276],[135.59542,34.25308],[135.59596,34.25338],[135.59632,34.25401],[135.59649,34.25663],[135.59703,34.25678],[135.59893,34.25639],[135.60164,34.2565],[135.60256,34.25718],[135.60379,34.25876],[135.60338,34.26012],[135.60271,34.26072],[135.59972,34.26145],[135.59809,34.2622],[135.59374,34.26301],[135.5924,34.26414],[135.59242,34.26459],[135.59375,34.26549],[135.59385,34.2664],[135.59353,34.2673],[135.59372,34.26755],[135.5946,34.26775],[135.59491,34.2682],[135.59504,34.27158],[135.59434,34.27316],[135.59417,34.27451],[135.59437,34.27474],[135.59504,34.27473],[135.59559,34.27438],[135.59668,34.27274],[135.59831,34.27287],[135.5994,34.27243],[135.60103,34.27228],[135.60265,34.2728],[135.604,34.27442],[135.60563,34.2754],[135.60753,34.27471],[135.60846,34.27501],[135.60924,34.27591],[135.60906,34.27726],[135.60779,34.27833],[135.60724,34.27823],[135.60643,34.27768],[135.60599,34.2777],[135.60564,34.27861],[135.60478,34.2795],[135.60523,34.28108],[135.60706,34.28267],[135.60853,34.28493],[135.61046,34.28689],[135.61236,34.28761],[135.61534,34.28963],[135.61615,34.28927],[135.61672,34.28833],[135.61632,34.28585],[135.61663,34.2836],[135.61722,34.28292],[135.61863,34.28244],[135.61998,34.28312],[135.6227,34.28287],[135.6246,34.28355],[135.62522,34.2843],[135.62523,34.28565],[135.62401,34.28768],[135.62357,34.29016],[135.62302,34.29106],[135.62314,34.29128],[135.62971,34.29335],[135.63011,34.29378],[135.63069,34.29536],[135.63287,34.29717],[135.63262,34.29852],[135.6343,34.2996],[135.63648,34.29968],[135.63705,34.29899],[135.63749,34.29764],[135.63866,34.2973],[135.6411,34.29772],[135.64354,34.29948],[135.64436,34.29864],[135.64551,34.29811],[135.64574,34.29653],[135.64683,34.29518],[135.64736,34.29493],[135.64906,34.29519],[135.65005,34.29587],[135.65005,34.29632],[135.64918,34.29745],[135.64977,34.2988],[135.65087,34.30007],[135.65141,34.30011],[135.65185,34.29971],[135.65191,34.29926],[135.65145,34.29835],[135.65161,34.2979],[135.65351,34.29678],[135.65414,34.29671],[135.65537,34.29746],[135.65685,34.29776],[135.65956,34.29907],[135.66037,34.30034],[135.66119,34.30074],[135.662,34.30086],[135.6624,34.30041],[135.66347,34.29749],[135.66327,34.29433],[135.66356,34.29365],[135.66502,34.29265],[135.66665,34.29327],[135.66828,34.29315],[135.66901,34.29367],[135.66962,34.29502],[135.66951,34.29547],[135.6679,34.29727],[135.66793,34.29998],[135.66852,34.30015],[135.66961,34.29969],[135.67124,34.29975],[135.67287,34.29885],[135.67423,34.29911],[135.67454,34.29954],[135.67457,34.30022],[135.67585,34.30185],[135.6781,34.30338],[135.6786,34.30496],[135.67944,34.30587],[135.67934,34.30654],[135.67805,34.30744],[135.67775,34.30789],[135.67854,34.30789],[135.68163,34.30677],[135.68239,34.30542],[135.68286,34.30317],[135.68372,34.30207],[135.68508,34.30198],[135.68587,34.3025],[135.68587,34.30295],[135.68461,34.30498],[135.68407,34.30633],[135.68425,34.30661],[135.6852,34.30701],[135.68549,34.30791],[135.68641,34.30885],[135.6875,34.3092],[135.68804,34.30962],[135.68844,34.31062],[135.68831,34.3113],[135.68749,34.31213],[135.68613,34.31177],[135.68583,34.31197],[135.68558,34.31558],[135.68581,34.31648],[135.68611,34.31668],[135.68747,34.31623],[135.6891,34.31686],[135.69102,34.31536],[135.69318,34.31545],[135.69454,34.31518],[135.69563,34.31373],[135.69672,34.3135],[135.69753,34.31377],[135.69862,34.31377],[135.69904,34.31403],[135.69928,34.31561],[135.6988,34.31696],[135.70078,34.31845],[135.70152,34.31742],[135.70205,34.31562],[135.70242,34.31522],[135.70405,34.31466],[135.70513,34.31486],[135.7065,34.31413],[135.70704,34.31412],[135.70863,34.31631],[135.7076,34.31788],[135.70804,34.32172],[135.71027,34.32398],[135.7108,34.32559],[135.71107,34.32576],[135.71162,34.32563],[135.71286,34.32466],[135.71213,34.32353],[135.71244,34.32294],[135.71299,34.32276],[135.71489,34.32275],[135.71518,34.32264],[135.71535,34.32173],[135.71571,34.32131],[135.71734,34.32129],[135.71926,34.3231],[135.71923,34.32376],[135.71877,34.32445],[135.71942,34.32603],[135.71909,34.32805],[135.71949,34.32918],[135.72002,34.32985],[135.7203,34.32985],[135.7222,34.32829],[135.72226,34.32784],[135.72167,34.32693],[135.72181,34.32671],[135.72221,34.32668],[135.72329,34.32718],[135.72411,34.32795],[135.72465,34.32781],[135.72493,34.32739],[135.72461,34.32559],[135.72548,34.32444],[135.72629,34.32384],[135.72663,34.32469],[135.72586,34.32536],[135.72569,34.32604],[135.72581,34.32717],[135.72613,34.32762],[135.73008,34.32803],[135.73226,34.32756],[135.7328,34.32769],[135.73324,34.32809],[135.73008,34.32876],[135.72872,34.32875],[135.72736,34.32922],[135.72694,34.3301],[135.72681,34.33141],[135.72545,34.33303],[135.72436,34.33324],[135.72219,34.33247],[135.72137,34.33276],[135.72028,34.33392],[135.71944,34.33594],[135.71948,34.33639],[135.72081,34.33746],[135.72136,34.33759],[135.72299,34.33723],[135.72462,34.33639],[135.72625,34.33587],[135.72815,34.33628],[135.72897,34.33603],[135.72978,34.33633],[135.73142,34.33618],[135.73323,34.3371],[135.73343,34.33845],[135.73437,34.33936],[135.73439,34.34048],[135.73553,34.34252],[135.73559,34.34477],[135.7351,34.34544],[135.73537,34.34635],[135.73573,34.34649],[135.73682,34.34631],[135.73777,34.3468],[135.73826,34.34793],[135.73813,34.34883],[135.7385,34.34928],[135.7398,34.34937],[135.74224,34.34891],[135.74266,34.34907],[135.7429,34.34952],[135.74297,34.35042],[135.74272,34.35087],[135.74035,34.35199],[135.74087,34.35296],[135.74076,34.35357],[135.73966,34.35424],[135.73914,34.35514],[135.73807,34.35559],[135.738,34.35604],[135.74032,34.35733],[135.74113,34.35867],[135.74331,34.35756],[135.74391,34.35854],[135.74343,34.35966],[135.74411,34.36017],[135.74587,34.35944],[135.74766,34.35701],[135.74905,34.35629],[135.75017,34.35517],[135.75026,34.35494],[135.74902,34.35444],[135.74766,34.35436],[135.74549,34.35548],[135.74562,34.35493],[135.74685,34.35408],[135.74821,34.35374],[135.74984,34.35395],[135.75035,34.35427],[135.75067,34.35494],[135.75146,34.35573],[135.75282,34.35601],[135.7542,34.35833],[135.75395,34.35968],[135.75526,34.35984],[135.75581,34.36059],[135.75523,34.36171],[135.75416,34.36229],[135.7536,34.36351],[135.75277,34.36441],[135.75276,34.36577],[135.75352,34.36689],[135.75442,34.36719],[135.75741,34.36637],[135.75904,34.36629],[135.7623,34.36657],[135.76502,34.36611],[135.76557,34.36641],[135.76567,34.36714],[135.76685,34.36872],[135.76621,34.36985],[135.76447,34.37097],[135.75959,34.37164],[135.75951,34.37187],[135.7612,34.37308],[135.76419,34.37365],[135.7688,34.37516],[135.76899,34.37504],[135.76769,34.37346],[135.76766,34.37188],[135.76854,34.37111],[135.77072,34.36993],[135.77108,34.36941],[135.77091,34.36738],[135.77046,34.36691],[135.76829,34.36605],[135.76693,34.3633],[135.76503,34.36249],[135.76314,34.36096],[135.76232,34.36057],[135.76123,34.36039],[135.76015,34.36068],[135.75824,34.36066],[135.75773,34.36037],[135.75758,34.35992],[135.7578,34.35924],[135.75907,34.35871],[135.76178,34.35848],[135.7645,34.3589],[135.76622,34.35836],[135.76698,34.35723],[135.76734,34.35588],[135.76705,34.3543],[135.76587,34.35249],[135.76576,34.35159],[135.76598,34.35114],[135.76737,34.35047],[135.76806,34.34985],[135.76887,34.34987],[135.76969,34.35046],[135.7705,34.35072],[135.77123,34.35183],[135.77213,34.35209],[135.77376,34.35227],[135.77566,34.35177],[135.77729,34.35237],[135.77919,34.35219],[135.78055,34.35183],[135.78111,34.35117],[135.78109,34.35072],[135.78012,34.34914],[135.78016,34.34846],[135.78162,34.34779],[135.78188,34.34689],[135.7822,34.34663],[135.78383,34.34671],[135.78492,34.34622],[135.78546,34.34664],[135.78554,34.34757],[135.78648,34.3487],[135.78793,34.3496],[135.78794,34.35051],[135.78954,34.35434],[135.78968,34.35592],[135.78989,34.35614],[135.7906,34.35622],[135.79114,34.356],[135.79261,34.3548],[135.79405,34.353],[135.7955,34.3523],[135.79767,34.352],[135.80175,34.35263],[135.80201,34.24009],[135.59162,34.23957],[135.59069,34.24092]],[[135.72383,34.33483],[135.72401,34.33505],[135.72381,34.3352],[135.72349,34.33505],[135.72383,34.33483]]],[[[135.74007,34.35988],[135.74074,34.35943],[135.74058,34.35907],[135.73977,34.35909],[135.73925,34.35943],[135.73941,34.35988],[135.74007,34.35988]]],[[[135.74329,34.36123],[135.74329,34.36125],[135.74331,34.36124],[135.74329,34.36123]]],[[[135.80054,34.36202],[135.79901,34.36255],[135.79711,34.36256],[135.79652,34.36382],[135.79641,34.36495],[135.79683,34.365],[135.799,34.36397],[135.80064,34.36397],[135.80172,34.36426],[135.80173,34.36107],[135.80054,34.36202]]],[[[135.76962,34.37545],[135.76962,34.37554],[135.76971,34.37549],[135.76962,34.37545]]],[[[135.72584,34.37563],[135.72775,34.37652],[135.72823,34.37631],[135.72749,34.3752],[135.72613,34.37515],[135.72584,34.37563]]],[[[135.75017,34.38312],[135.75193,34.38352],[135.75198,34.38312],[135.75111,34.38236],[135.75057,34.38223],[135.75012,34.38267],[135.75017,34.38312]]],[[[135.69167,34.39245],[135.69192,34.39313],[135.69398,34.39372],[135.69469,34.39358],[135.69518,34.39291],[135.69467,34.39223],[135.6929,34.39098],[135.69191,34.39132],[135.69167,34.39245]]],[[[135.72335,34.39354],[135.72389,34.39372],[135.72426,34.39343],[135.72471,34.39253],[135.72444,34.39201],[135.7239,34.39203],[135.72322,34.39252],[135.72335,34.39354]]],[[[135.80083,34.39758],[135.80085,34.40011],[135.80038,34.40079],[135.7989,34.40169],[135.79865,34.40214],[135.79908,34.40259],[135.80163,34.40367],[135.80165,34.39607],[135.80052,34.39651],[135.80047,34.39696],[135.80083,34.39758]]],[[[135.72974,34.39772],[135.72932,34.40088],[135.7276,34.40268],[135.72875,34.40431],[135.72956,34.4048],[135.73267,34.40314],[135.73397,34.40066],[135.73339,34.39979],[135.73068,34.39751],[135.73013,34.39746],[135.72974,34.39772]]],[[[135.77281,34.40186],[135.77137,34.40299],[135.77149,34.40322],[135.77335,34.40337],[135.77525,34.40385],[135.77585,34.40345],[135.77644,34.4021],[135.7758,34.40157],[135.77417,34.40154],[135.77281,34.40186]]],[[[135.7188,34.40356],[135.71953,34.40491],[135.71977,34.40243],[135.71951,34.40209],[135.7187,34.40248],[135.7188,34.40356]]],[[[135.72004,34.40682],[135.72194,34.40801],[135.72248,34.40802],[135.72276,34.40779],[135.72266,34.40695],[135.72081,34.40604],[135.71977,34.40516],[135.72004,34.40682]]],[[[135.7494,34.40893],[135.74886,34.40872],[135.74846,34.40881],[135.74913,34.40946],[135.74956,34.40926],[135.7494,34.40893]]],[[[135.71349,34.41121],[135.71377,34.41156],[135.71513,34.4121],[135.7173,34.4121],[135.71755,34.4119],[135.71703,34.41054],[135.71595,34.40994],[135.71459,34.41],[135.71349,34.41121]]],[[[135.76055,34.40919],[135.75946,34.40993],[135.75837,34.41117],[135.75674,34.4119],[135.75526,34.41288],[135.75417,34.41423],[135.75427,34.41603],[135.75645,34.41645],[135.75754,34.41707],[135.75812,34.41784],[135.75884,34.4201],[135.75916,34.42032],[135.7597,34.42025],[135.76052,34.41976],[135.76142,34.41852],[135.76134,34.41807],[135.75958,34.41559],[135.75932,34.41469],[135.75942,34.41334],[135.76071,34.41131],[135.76281,34.40974],[135.76311,34.40884],[135.76273,34.40842],[135.76055,34.40919]]],[[[135.73635,34.40794],[135.73229,34.41013],[135.73063,34.41064],[135.72818,34.41195],[135.72628,34.41258],[135.72453,34.41349],[135.72399,34.41394],[135.72352,34.41484],[135.72345,34.41619],[135.72465,34.41957],[135.72544,34.41987],[135.72707,34.41959],[135.7287,34.41973],[135.72991,34.42026],[135.73052,34.42094],[135.73072,34.42162],[135.73069,34.42252],[135.73014,34.42364],[135.73032,34.42388],[135.73277,34.42345],[135.73368,34.42298],[135.73502,34.4214],[135.73608,34.41915],[135.7366,34.41711],[135.73469,34.41692],[135.73361,34.41652],[135.73251,34.41554],[135.73212,34.41418],[135.73234,34.41328],[135.73308,34.41228],[135.7358,34.41027],[135.73828,34.40901],[135.73913,34.40811],[135.73921,34.40766],[135.73853,34.40704],[135.73635,34.40794]]],[[[135.80052,34.41178],[135.80011,34.41431],[135.80064,34.41612],[135.80038,34.4195],[135.80158,34.4228],[135.80161,34.41044],[135.80052,34.41178]]],[[[135.76952,34.41126],[135.76832,34.41335],[135.76926,34.41516],[135.76903,34.41674],[135.76936,34.41922],[135.7684,34.42305],[135.76867,34.42338],[135.76976,34.42308],[135.77116,34.42215],[135.77222,34.4208],[135.77136,34.4199],[135.77076,34.41877],[135.7707,34.41358],[135.76979,34.41136],[135.76952,34.41126]]],[[[135.77958,34.42262],[135.77819,34.42465],[135.77846,34.42479],[135.78064,34.42454],[135.782,34.42487],[135.78312,34.42578],[135.78416,34.42758],[135.7868,34.42533],[135.78693,34.42488],[135.78672,34.42443],[135.78543,34.4233],[135.78418,34.42168],[135.78309,34.42152],[135.78119,34.42074],[135.7801,34.42072],[135.77976,34.42104],[135.77958,34.42262]]],[[[135.74448,34.41907],[135.74303,34.42119],[135.7412,34.42224],[135.73793,34.42514],[135.73657,34.4267],[135.73494,34.42749],[135.73509,34.42861],[135.73601,34.42935],[135.73656,34.42923],[135.73723,34.42817],[135.73765,34.42792],[135.74026,34.42862],[135.73966,34.42998],[135.73974,34.43043],[135.74063,34.43152],[135.74205,34.43156],[135.74256,34.43246],[135.74234,34.43314],[135.74125,34.43381],[135.74117,34.43492],[135.74045,34.43584],[135.74105,34.43651],[135.7417,34.43673],[135.74306,34.43655],[135.74338,34.43629],[135.7437,34.43539],[135.74498,34.43382],[135.74496,34.43179],[135.74605,34.43021],[135.7488,34.42902],[135.74914,34.42864],[135.74865,34.42729],[135.7469,34.42664],[135.74609,34.42592],[135.74619,34.42278],[135.74502,34.4191],[135.74475,34.41894],[135.74448,34.41907]]],[[[135.7959,34.43098],[135.79558,34.43035],[135.79531,34.43049],[135.79558,34.43109],[135.7959,34.43098]]],[[[135.77464,34.43066],[135.77382,34.43275],[135.77423,34.43388],[135.7749,34.43459],[135.7768,34.43441],[135.77741,34.43411],[135.77756,34.43366],[135.77636,34.43117],[135.776,34.43087],[135.77518,34.43059],[135.77464,34.43066]]],[[[135.75664,34.44616],[135.75686,34.44556],[135.75664,34.44507],[135.75637,34.44518],[135.75637,34.44612],[135.75664,34.44616]]],[[[135.76832,34.45956],[135.76929,34.46046],[135.76966,34.4605],[135.77002,34.46001],[135.76993,34.459],[135.76939,34.45886],[135.76857,34.45911],[135.76832,34.45956]]],[[[135.69534,34.46843],[135.69235,34.46878],[135.69189,34.46908],[135.69289,34.46984],[135.6937,34.47],[135.69725,34.46857],[135.6978,34.46797],[135.69752,34.46768],[135.69698,34.46772],[135.69534,34.46843]]],[[[135.77927,34.46859],[135.77807,34.46954],[135.77825,34.47085],[135.77904,34.47198],[135.78051,34.47317],[135.78105,34.47288],[135.7816,34.47108],[135.78212,34.4704],[135.7846,34.46919],[135.78497,34.4686],[135.7846,34.46812],[135.78052,34.46719],[135.77998,34.4674],[135.77927,34.46859]]],[[[135.69038,34.50041],[135.68942,34.50266],[135.68865,34.50356],[135.68868,34.50389],[135.68922,34.50391],[135.68977,34.50364],[135.69106,34.50244],[135.69178,34.50064],[135.69169,34.49935],[135.69142,34.49922],[135.69115,34.49937],[135.69038,34.50041]]],[[[135.73159,34.63686],[135.73317,34.63864],[135.73352,34.63709],[135.73318,34.63663],[135.73209,34.63626],[135.73159,34.63686]]],[[[135.73405,34.64002],[135.7335,34.63934],[135.73344,34.63922],[135.73327,34.63957],[135.73343,34.64025],[135.73398,34.64042],[135.73405,34.64002]]],[[[135.72195,34.6506],[135.72233,34.65036],[135.72223,34.65007],[135.72168,34.64984],[135.72113,34.64996],[135.72113,34.65058],[135.72195,34.6506]]],[[[135.74373,34.66461],[135.74427,34.66477],[135.74479,34.66439],[135.74462,34.66326],[135.74428,34.663],[135.74376,34.66326],[135.74352,34.66371],[135.74373,34.66461]]],[[[135.72844,34.66926],[135.72846,34.66886],[135.72816,34.66867],[135.7276,34.66886],[135.72756,34.66931],[135.72781,34.66953],[135.72844,34.66926]]],[[[135.75765,34.6865],[135.75723,34.68672],[135.7573,34.68715],[135.75757,34.68694],[135.75765,34.6865]]],[[[135.7916,34.71045],[135.79217,34.71049],[135.793,34.71],[135.79323,34.70955],[135.79299,34.70908],[135.79244,34.70905],[135.7915,34.70978],[135.79137,34.71023],[135.7916,34.71045]]],[[[135.70536,34.75152],[135.70309,34.75332],[135.7014,34.75393],[135.70128,34.75511],[135.70159,34.75557],[135.70385,34.7561],[135.70467,34.75609],[135.70686,34.75462],[135.70932,34.75416],[135.70932,34.7536],[135.70741,34.7518],[135.70687,34.75051],[135.70633,34.75042],[135.70536,34.75152]]],[[[135.69402,34.75595],[135.69439,34.7551],[135.69429,34.75483],[135.69375,34.75465],[135.69348,34.7551],[135.69402,34.75595]]],[[[135.75859,34.75254],[135.75769,34.75456],[135.75628,34.75562],[135.75355,34.75576],[135.75218,34.75538],[135.75102,34.75478],[135.74946,34.75492],[135.74882,34.75522],[135.74726,34.7568],[135.74563,34.75712],[135.74371,34.75705],[135.74207,34.75746],[135.74183,34.75881],[135.74123,34.75994],[135.7407,34.7602],[135.73961,34.76015],[135.73824,34.76064],[135.73712,34.75993],[135.7371,34.75948],[135.7375,34.7588],[135.73716,34.75816],[135.73661,34.75807],[135.73524,34.75852],[135.73464,34.75812],[135.73562,34.75587],[135.73551,34.75542],[135.73471,34.75517],[135.73257,34.75722],[135.73269,34.75789],[135.73341,34.7588],[135.7333,34.75925],[135.73142,34.76015],[135.73105,34.76059],[135.73085,34.76172],[135.72922,34.76228],[135.72731,34.76352],[135.72594,34.76335],[135.72431,34.7626],[135.72389,34.76283],[135.72377,34.76351],[135.72516,34.76509],[135.725,34.76554],[135.7243,34.76617],[135.72429,34.76652],[135.72631,34.76825],[135.72684,34.76915],[135.72659,34.7705],[135.72619,34.77087],[135.72527,34.77117],[135.72679,34.77501],[135.72648,34.77613],[135.7257,34.77681],[135.72627,34.77884],[135.72597,34.77929],[135.72507,34.77954],[135.72482,34.77996],[135.72711,34.78177],[135.72721,34.78312],[135.72809,34.78515],[135.72804,34.78696],[135.72675,34.78763],[135.72723,34.78854],[135.72859,34.78807],[135.72969,34.78832],[135.73105,34.7878],[135.73187,34.78794],[135.73505,34.79013],[135.73623,34.79044],[135.73729,34.79261],[135.73814,34.79309],[135.73837,34.79284],[135.73825,34.79194],[135.73897,34.79046],[135.73951,34.79033],[135.74061,34.79058],[135.74161,34.78946],[135.74225,34.78921],[135.74286,34.78947],[135.74334,34.79052],[135.74388,34.79049],[135.74475,34.78902],[135.74495,34.78767],[135.74563,34.78587],[135.74554,34.78452],[135.74254,34.78222],[135.74173,34.7818],[135.74036,34.78174],[135.73963,34.78112],[135.73979,34.78067],[135.741,34.77977],[135.74173,34.7789],[135.74255,34.77881],[135.74364,34.77953],[135.74392,34.77943],[135.74419,34.77843],[135.74325,34.77752],[135.74306,34.77685],[135.7433,34.7764],[135.74475,34.7757],[135.74584,34.77627],[135.74601,34.77618],[135.74586,34.77527],[135.74612,34.77482],[135.74721,34.77425],[135.74858,34.77449],[135.74885,34.77325],[135.74959,34.7719],[135.75077,34.77137],[135.75214,34.77148],[135.75295,34.7724],[135.75486,34.77259],[135.75545,34.77304],[135.75622,34.77431],[135.75677,34.77449],[135.75739,34.7744],[135.75787,34.77304],[135.75869,34.77207],[135.76006,34.77145],[135.76224,34.77131],[135.76389,34.76981],[135.7655,34.769],[135.76551,34.76743],[135.76633,34.76585],[135.76745,34.76524],[135.76909,34.76495],[135.76939,34.76473],[135.76927,34.76202],[135.77006,34.76067],[135.77183,34.75982],[135.77265,34.75968],[135.77375,34.75984],[135.77432,34.75955],[135.77428,34.7591],[135.77266,34.75709],[135.77102,34.75777],[135.76938,34.75782],[135.76529,34.75636],[135.76365,34.75618],[135.76229,34.75573],[135.76118,34.75457],[135.7603,34.75186],[135.7593,34.75091],[135.75875,34.75093],[135.75844,34.75118],[135.75859,34.75254]],[[135.76472,34.76469],[135.76472,34.76478],[135.76464,34.76472],[135.76472,34.76469]]],[[[135.78081,34.77288],[135.78028,34.77309],[135.78108,34.77316],[135.78081,34.77288]]],[[[135.71878,34.78119],[135.71988,34.78092],[135.72044,34.78018],[135.71988,34.7801],[135.71902,34.7804],[135.71858,34.78085],[135.71878,34.78119]]],[[[135.76714,34.77945],[135.76615,34.78072],[135.7633,34.78298],[135.76321,34.7841],[135.76387,34.78523],[135.76411,34.78647],[135.76438,34.78654],[135.76603,34.78531],[135.76701,34.78411],[135.76794,34.7834],[135.76904,34.78311],[135.77368,34.78296],[135.77532,34.78097],[135.77505,34.78042],[135.77178,34.77984],[135.77014,34.77876],[135.76714,34.77945]]],[[[135.76403,34.79019],[135.76437,34.78996],[135.7641,34.78975],[135.76404,34.78996],[135.76403,34.79019]]],[[[135.8007,34.79472],[135.79826,34.79768],[135.79901,34.79904],[135.80068,34.80054],[135.8007,34.79472]]],[[[135.76022,34.80966],[135.76077,34.80947],[135.76169,34.80866],[135.7605,34.80779],[135.75995,34.80794],[135.75984,34.80821],[135.75988,34.80933],[135.76022,34.80966]]],[[[135.79885,34.91218],[135.80041,34.91229],[135.80042,34.91118],[135.79867,34.91172],[135.79854,34.91195],[135.79885,34.91218]]],[[[135.71125,35.04609],[135.71121,35.04744],[135.71157,35.04778],[135.71383,35.04655],[135.71365,35.0461],[135.71267,35.04542],[135.71125,35.04609]]],[[[135.68663,35.0491],[135.68635,35.0487],[135.6852,35.04873],[135.68515,35.04896],[135.68553,35.04926],[135.68663,35.0491]]],[[[135.71619,35.05737],[135.71565,35.05726],[135.71584,35.05782],[135.71619,35.05778],[135.71619,35.05737]]]]}}]}