{"type":"FeatureCollection","features":[{"type":"Feature","properties":{"no":1},"geometry":{"type":"Polygon","coordinates":[[[139.86275,35.69523],[139.86303,35.69524],[139.86386,35.6957],[139.86524,35.69612],[139.86579,35.69651],[139.86662,35.69687],[139.86717,35.69727],[139.86773,35.69743],[139.868,35.69737],[139.86861,35.69703],[139.86883,35.69697],[139.86966,35.697],[139.86994,35.69694],[139.87049,35.69661],[139.87215,35.69621],[139.8727,35.6962],[139.8738,35.69643],[139.87574,35.69664],[139.87684,35.69697],[139.87767,35.69746],[139.8785,35.69768],[139.87902,35.69793],[139.87957,35.69883],[139.88044,35.6996],[139.88099,35.6999],[139.88154,35.70005],[139.88209,35.70008],[139.88269,35.69995],[139.88347,35.69957],[139.88375,35.69954],[139.8843,35.69986],[139.88458,35.70019],[139.88466,35.70063],[139.88448,35.70131],[139.8844,35.70221],[139.88393,35.70401],[139.88385,35.70514],[139.8831,35.70852],[139.88303,35.70919],[139.88255,35.71077],[139.8822,35.71257],[139.88104,35.7164],[139.87971,35.71956],[139.87959,35.71979],[139.87934,35.72],[139.87886,35.72024],[139.87863,35.72046],[139.87848,35.72091],[139.87824,35.72123],[139.87796,35.72133],[139.87713,35.72118],[139.87658,35.72122],[139.87575,35.72156],[139.87354,35.72279],[139.87324,35.72272],[139.87358,35.72227],[139.87382,35.72136],[139.87437,35.72068],[139.87455,35.72001],[139.87497,35.71911],[139.87477,35.71821],[139.87499,35.71753],[139.87495,35.71708],[139.87505,35.71618],[139.875,35.71551],[139.87489,35.71528],[139.87464,35.71508],[139.87381,35.71484],[139.87361,35.7146],[139.87359,35.71415],[139.87373,35.71348],[139.87367,35.71325],[139.87332,35.7128],[139.87319,35.71213],[139.87254,35.71145],[139.87198,35.71055],[139.8709,35.70942],[139.87053,35.70785],[139.87039,35.70762],[139.86939,35.70682],[139.86865,35.70604],[139.86828,35.70582],[139.86773,35.70574],[139.86635,35.70576],[139.86607,35.70564],[139.86552,35.70517],[139.86469,35.70498],[139.86411,35.70469],[139.86359,35.70459],[139.86248,35.70463],[139.86193,35.70449],[139.86134,35.70402],[139.86065,35.70289],[139.86061,35.70244],[139.8612,35.69996],[139.86125,35.69838],[139.86147,35.69748],[139.86156,35.69636],[139.86192,35.69581],[139.86248,35.69535],[139.86275,35.69523]]]}},{"type":"Feature","properties":{"no":2},"geometry":{"type":"Polygon","coordinates":[[[139.87806,35.64385],[139.87819,35.64375],[139.87875,35.64381],[139.8804,35.64448],[139.88178,35.64531],[139.88245,35.64587],[139.8828,35.64632],[139.88326,35.64745],[139.88334,35.64858],[139.88358,35.64925],[139.88514,35.65196],[139.88569,35.65331],[139.88603,35.65466],[139.88607,35.65533],[139.88596,35.65601],[139.88566,35.65641],[139.88538,35.65644],[139.8851,35.65632],[139.88427,35.6557],[139.88262,35.65474],[139.88041,35.65367],[139.87972,35.65308],[139.8793,35.65286],[139.87847,35.6522],[139.87737,35.65198],[139.87599,35.65145],[139.8749,35.65083],[139.87434,35.65038],[139.87427,35.65016],[139.87433,35.64993],[139.87495,35.64925],[139.87574,35.64858],[139.87675,35.647],[139.87675,35.64678],[139.87662,35.64655],[139.87598,35.64587],[139.8759,35.64565],[139.87595,35.64542],[139.87619,35.6452],[139.87696,35.64475],[139.87766,35.64452],[139.87792,35.6443],[139.87806,35.64385]]]}},{"type":"Feature","properties":{"no":3},"geometry":{"type":"Polygon","coordinates":[[[139.88596,35.6995],[139.88624,35.69954],[139.8864,35.69973],[139.88636,35.7004],[139.88645,35.70063],[139.88775,35.70198],[139.88821,35.70266],[139.88825,35.70288],[139.88813,35.70311],[139.88768,35.70356],[139.88723,35.70468],[139.88778,35.70626],[139.88784,35.70694],[139.88807,35.70761],[139.88814,35.70829],[139.88836,35.70851],[139.88888,35.70874],[139.8892,35.70897],[139.8897,35.70964],[139.88974,35.71009],[139.88935,35.71099],[139.88937,35.71122],[139.88955,35.71144],[139.89078,35.71234],[139.8926,35.71437],[139.8932,35.71482],[139.89364,35.71572],[139.89384,35.71595],[139.89426,35.7161],[139.89509,35.71618],[139.89647,35.7167],[139.89677,35.71707],[139.89703,35.71781],[139.8973,35.71802],[139.89813,35.71824],[139.89841,35.71839],[139.89864,35.71888],[139.89896,35.71914],[139.90007,35.71932],[139.90172,35.71929],[139.90188,35.71932],[139.902,35.71949],[139.90183,35.71977],[139.90074,35.72068],[139.89951,35.72133],[139.89924,35.72155],[139.89802,35.72271],[139.89724,35.72361],[139.89703,35.7238],[139.89675,35.72392],[139.89565,35.72396],[139.89427,35.72435],[139.89374,35.72429],[139.89335,35.72406],[139.89153,35.72226],[139.89095,35.72195],[139.8904,35.7215],[139.88984,35.72124],[139.88929,35.72078],[139.88906,35.72068],[139.88846,35.72065],[139.88763,35.7204],[139.8868,35.7203],[139.88459,35.72032],[139.88376,35.72044],[139.8826,35.72001],[139.88238,35.71997],[139.88155,35.72004],[139.88128,35.71997],[139.88103,35.71978],[139.88092,35.71956],[139.88096,35.71888],[139.88242,35.71505],[139.88331,35.7119],[139.88386,35.70964],[139.88421,35.70762],[139.88468,35.70604],[139.88476,35.70536],[139.88496,35.70469],[139.88501,35.70356],[139.88523,35.70266],[139.88531,35.70131],[139.88554,35.70063],[139.88568,35.69978],[139.88596,35.6995]]]}},{"type":"Feature","properties":{"no":4},"geometry":{"type":"Polygon","coordinates":[[[139.84813,35.77809],[139.84951,35.77793],[139.84979,35.77802],[139.84994,35.77816],[139.84998,35.77838],[139.84989,35.77861],[139.84778,35.78131],[139.84655,35.78334],[139.84532,35.78582],[139.84478,35.78695],[139.84449,35.78785],[139.84388,35.7901],[139.8438,35.79078],[139.84361,35.79145],[139.84358,35.79303],[139.84378,35.79393],[139.84377,35.79438],[139.84386,35.79461],[139.8445,35.79528],[139.8454,35.79596],[139.84553,35.79641],[139.84537,35.79682],[139.84509,35.79696],[139.84481,35.79695],[139.84398,35.79681],[139.84343,35.79663],[139.84177,35.79576],[139.84066,35.79483],[139.84039,35.79468],[139.84011,35.79465],[139.83959,35.79483],[139.83845,35.79558],[139.83596,35.79617],[139.83575,35.79641],[139.8356,35.79709],[139.83541,35.79738],[139.83513,35.79749],[139.8343,35.79718],[139.83383,35.79686],[139.83292,35.79586],[139.83167,35.79506],[139.83147,35.79483],[139.83147,35.79461],[139.83167,35.79438],[139.83252,35.79393],[139.83275,35.79371],[139.83282,35.79348],[139.83262,35.7928],[139.83258,35.79213],[139.8318,35.79123],[139.83173,35.791],[139.8318,35.79078],[139.83209,35.79061],[139.83237,35.79061],[139.8332,35.79087],[139.83375,35.79072],[139.83458,35.79027],[139.83541,35.78965],[139.83624,35.7893],[139.83707,35.78865],[139.83845,35.78796],[139.83983,35.78707],[139.84039,35.7864],[139.84108,35.78582],[139.84135,35.78492],[139.84171,35.78447],[139.84315,35.78366],[139.84422,35.78289],[139.84468,35.78244],[139.84503,35.78199],[139.84567,35.78064],[139.84592,35.78042],[139.84675,35.78003],[139.84707,35.77973],[139.84757,35.77906],[139.84773,35.77838],[139.84785,35.77824],[139.84813,35.77809]]]}},{"type":"Feature","properties":{"no":5},"geometry":{"type":"Polygon","coordinates":[[[139.54921,35.7109],[139.54972,35.71079],[139.54999,35.71085],[139.55054,35.71136],[139.55302,35.71268],[139.55468,35.7129],[139.55661,35.71333],[139.55744,35.71369],[139.55827,35.71382],[139.55965,35.71416],[139.56048,35.71423],[139.56076,35.71431],[139.56158,35.71475],[139.56269,35.71498],[139.56379,35.71546],[139.56517,35.71568],[139.56545,35.71568],[139.56628,35.71543],[139.56655,35.71546],[139.56738,35.71577],[139.56766,35.71577],[139.56788,35.71567],[139.56877,35.71475],[139.56932,35.71448],[139.57015,35.71434],[139.57043,35.71418],[139.5707,35.71371],[139.57084,35.71297],[139.571,35.71275],[139.57126,35.71263],[139.57235,35.71253],[139.5732,35.71214],[139.57347,35.71215],[139.57375,35.7123],[139.57427,35.71276],[139.57568,35.71357],[139.57741,35.71411],[139.57872,35.71479],[139.57854,35.71502],[139.57844,35.71503],[139.57733,35.71496],[139.57623,35.71508],[139.5754,35.71496],[139.57346,35.71515],[139.57208,35.7155],[139.57125,35.71539],[139.57098,35.71543],[139.5707,35.7156],[139.57033,35.71613],[139.56931,35.71672],[139.56904,35.71698],[139.56873,35.71748],[139.56854,35.71815],[139.5682,35.71845],[139.56793,35.71849],[139.5671,35.71841],[139.56654,35.71848],[139.56572,35.7181],[139.56434,35.71808],[139.56406,35.71817],[139.5638,35.71837],[139.5635,35.71882],[139.56295,35.71924],[139.5624,35.71934],[139.56157,35.71927],[139.55935,35.72002],[139.55853,35.72018],[139.55797,35.7202],[139.5575,35.71993],[139.55685,35.71925],[139.55681,35.71903],[139.55687,35.71892],[139.55743,35.71846],[139.55754,35.71813],[139.55741,35.7179],[139.55715,35.71768],[139.5566,35.71736],[139.55522,35.71692],[139.55411,35.71704],[139.55246,35.7166],[139.55108,35.71667],[139.55052,35.71652],[139.5497,35.71614],[139.54942,35.71613],[139.54859,35.71636],[139.54831,35.71636],[139.54776,35.71618],[139.54676,35.71562],[139.54666,35.7154],[139.54675,35.71517],[139.54747,35.7145],[139.54805,35.7127],[139.54852,35.71202],[139.54889,35.71116],[139.54921,35.7109]]]}},{"type":"Feature","properties":{"no":6},"geometry":{"type":"Polygon","coordinates":[[[139.80471,35.78311],[139.80526,35.78305],[139.80554,35.78324],[139.80565,35.78356],[139.80556,35.78424],[139.80561,35.78446],[139.80623,35.78514],[139.80609,35.78545],[139.80526,35.78583],[139.80502,35.78604],[139.80487,35.78649],[139.80492,35.78694],[139.80524,35.78762],[139.80582,35.78818],[139.80687,35.78965],[139.80735,35.7901],[139.80807,35.79055],[139.80996,35.79199],[139.81162,35.79312],[139.81245,35.79352],[139.813,35.79392],[139.81364,35.79506],[139.81522,35.79605],[139.81605,35.79647],[139.81715,35.79747],[139.81743,35.798],[139.81771,35.79831],[139.81798,35.79841],[139.81881,35.79848],[139.81909,35.79861],[139.81936,35.79889],[139.82002,35.80092],[139.82007,35.80317],[139.82029,35.80407],[139.82043,35.8052],[139.82083,35.8061],[139.82185,35.80784],[139.82278,35.80993],[139.82283,35.81218],[139.82306,35.81308],[139.82308,35.81376],[139.82294,35.81421],[139.82268,35.81445],[139.82213,35.81472],[139.82158,35.81489],[139.8213,35.81488],[139.82102,35.81474],[139.82075,35.81431],[139.82021,35.81308],[139.82029,35.81263],[139.82072,35.81173],[139.82058,35.81151],[139.82019,35.81148],[139.81964,35.8116],[139.81853,35.8114],[139.81829,35.81128],[139.81773,35.81038],[139.81746,35.81015],[139.81632,35.80945],[139.81466,35.80867],[139.81383,35.808],[139.8123,35.80655],[139.81107,35.80571],[139.81079,35.80564],[139.81051,35.80567],[139.81012,35.80587],[139.80913,35.80661],[139.80875,35.80655],[139.80819,35.8061],[139.80739,35.80474],[139.80719,35.80449],[139.80664,35.80406],[139.80598,35.80317],[139.80553,35.80293],[139.8047,35.80298],[139.80443,35.80292],[139.80387,35.80254],[139.80354,35.80204],[139.80351,35.80181],[139.8036,35.80165],[139.80436,35.80091],[139.80476,35.80001],[139.80553,35.79936],[139.80571,35.79911],[139.80585,35.79821],[139.80637,35.79726],[139.80664,35.79644],[139.8076,35.79551],[139.80782,35.79506],[139.8078,35.79483],[139.80735,35.79415],[139.80728,35.79393],[139.80722,35.79235],[139.80677,35.79145],[139.80575,35.79032],[139.80569,35.7901],[139.8058,35.78942],[139.80571,35.7892],[139.80514,35.78852],[139.80438,35.78784],[139.80411,35.78717],[139.80305,35.78577],[139.80251,35.78536],[139.80167,35.78502],[139.80141,35.78469],[139.8015,35.78446],[139.80167,35.78436],[139.80222,35.78424],[139.80305,35.78418],[139.80471,35.78311]]]}},{"type":"Feature","properties":{"no":7},"geometry":{"type":"Polygon","coordinates":[[[139.5,35.679],[139.50039,35.67871],[139.50067,35.67873],[139.5015,35.67922],[139.5026,35.67906],[139.50315,35.67913],[139.50331,35.67923],[139.50343,35.67946],[139.50336,35.67968],[139.50308,35.67991],[139.50204,35.68018],[139.50163,35.68058],[139.50161,35.6808],[139.50224,35.68148],[139.50236,35.68216],[139.50257,35.68238],[139.50326,35.68284],[139.50497,35.68419],[139.50534,35.6851],[139.50659,35.68623],[139.5066,35.68645],[139.50644,35.68659],[139.50561,35.68681],[139.50505,35.68671],[139.50468,35.68645],[139.50269,35.68441],[139.50203,35.68412],[139.50147,35.68413],[139.50101,35.68441],[139.50106,35.68463],[139.50248,35.68644],[139.50262,35.68689],[139.50247,35.68712],[139.50174,35.68732],[139.50063,35.68706],[139.50008,35.68702],[139.49953,35.68675],[139.49871,35.68584],[139.49843,35.68572],[139.49815,35.68572],[139.4976,35.68599],[139.49646,35.6871],[139.49677,35.6873],[139.49711,35.68733],[139.49735,35.68755],[139.49658,35.68823],[139.49593,35.68841],[139.49554,35.68867],[139.4951,35.68885],[139.49289,35.68941],[139.49151,35.69006],[139.49068,35.69021],[139.48985,35.69046],[139.48957,35.69042],[139.48902,35.69004],[139.48874,35.68994],[139.48847,35.68998],[139.48791,35.6902],[139.48764,35.69018],[139.48709,35.68988],[139.48626,35.68966],[139.48527,35.68887],[139.48433,35.68844],[139.48342,35.68819],[139.48264,35.68751],[139.48262,35.68728],[139.48323,35.68712],[139.48367,35.68684],[139.48431,35.68594],[139.48457,35.68571],[139.48545,35.68544],[139.48572,35.68527],[139.48623,35.68437],[139.48652,35.68414],[139.48711,35.68389],[139.48794,35.68367],[139.48819,35.68347],[139.48844,35.68302],[139.4887,35.6828],[139.48961,35.68252],[139.49021,35.68212],[139.49071,35.68162],[139.49099,35.6815],[139.4921,35.68141],[139.49292,35.68152],[139.4932,35.6815],[139.49363,35.68123],[139.49412,35.68056],[139.49459,35.68043],[139.49514,35.68056],[139.49596,35.68103],[139.49734,35.68165],[139.49817,35.68179],[139.49872,35.68168],[139.49959,35.68102],[139.49978,35.6808],[139.49984,35.68057],[139.49962,35.6799],[139.49966,35.67967],[139.5,35.679]]]}},{"type":"Feature","properties":{"no":8},"geometry":{"type":"Polygon","coordinates":[[[139.44298,35.71353],[139.44361,35.71267],[139.44389,35.71266],[139.44425,35.71331],[139.4448,35.71556],[139.44487,35.71646],[139.44534,35.71827],[139.44541,35.71939],[139.44561,35.72007],[139.44576,35.72142],[139.44526,35.72232],[139.44469,35.723],[139.44439,35.72321],[139.443,35.72352],[139.4419,35.72358],[139.44089,35.72321],[139.44003,35.72253],[139.43914,35.72208],[139.43804,35.72198],[139.43611,35.72132],[139.43571,35.72094],[139.43544,35.72049],[139.4354,35.72026],[139.43547,35.72004],[139.4358,35.71959],[139.43584,35.71936],[139.43572,35.71914],[139.43501,35.71875],[139.43419,35.71861],[139.43391,35.71849],[139.43379,35.71823],[139.43385,35.718],[139.43415,35.71755],[139.43479,35.71688],[139.43582,35.71553],[139.43631,35.71508],[139.43669,35.7149],[139.43697,35.71488],[139.4378,35.715],[139.44111,35.71571],[139.44138,35.71573],[139.44166,35.71565],[139.44214,35.7151],[139.44298,35.71353]]]}},{"type":"Feature","properties":{"no":10},"geometry":{"type":"Polygon","coordinates":[[[139.52512,35.73292],[139.52559,35.73277],[139.52615,35.73275],[139.52642,35.73281],[139.52654,35.73292],[139.52681,35.73338],[139.52694,35.73383],[139.52682,35.7345],[139.52689,35.73495],[139.52722,35.7354],[139.52752,35.73561],[139.52862,35.73579],[139.52917,35.73602],[139.53028,35.73633],[139.53138,35.73633],[139.53198,35.73654],[139.53226,35.73677],[139.5324,35.73699],[139.53239,35.7379],[139.53252,35.73835],[139.53276,35.73855],[139.5334,35.7388],[139.53364,35.73903],[139.53389,35.73948],[139.53414,35.73966],[139.53469,35.73971],[139.53607,35.73931],[139.5369,35.73877],[139.53828,35.73871],[139.53939,35.7383],[139.53992,35.73837],[139.54022,35.73851],[139.5406,35.73882],[139.54076,35.73904],[139.54077,35.73927],[139.54061,35.73949],[139.54002,35.73994],[139.53973,35.74039],[139.53948,35.74062],[139.53828,35.74107],[139.53689,35.74121],[139.53634,35.74143],[139.5356,35.74196],[139.53523,35.74239],[139.53446,35.74263],[139.53417,35.74286],[139.53384,35.7436],[139.53274,35.74406],[139.53218,35.74438],[139.53163,35.74453],[139.52997,35.74454],[139.52886,35.74468],[139.52859,35.74463],[139.5282,35.74442],[139.52768,35.74397],[139.52755,35.74374],[139.52756,35.74352],[139.52791,35.74307],[139.53067,35.74082],[139.53098,35.74037],[139.53092,35.74015],[139.53054,35.73991],[139.52972,35.73969],[139.52944,35.73955],[139.52833,35.7387],[139.5243,35.73607],[139.52417,35.73585],[139.52395,35.73472],[139.52445,35.73359],[139.52512,35.73292]]]}},{"type":"Feature","properties":{"no":11},"geometry":{"type":"Polygon","coordinates":[[[139.54174,35.66536],[139.54215,35.6653],[139.54242,35.66534],[139.54352,35.66571],[139.54407,35.66604],[139.54419,35.66627],[139.54419,35.66649],[139.54403,35.66672],[139.5436,35.66694],[139.54269,35.66725],[139.54241,35.66743],[139.54214,35.66775],[139.54176,35.66851],[139.54145,35.67009],[139.54147,35.67099],[139.54167,35.67167],[139.54174,35.6728],[139.54197,35.6737],[139.54198,35.67527],[139.5422,35.67618],[139.54228,35.67753],[139.54283,35.67978],[139.54292,35.68001],[139.5432,35.68028],[139.54437,35.68046],[139.54463,35.68069],[139.54486,35.68114],[139.54507,35.68137],[139.54568,35.68193],[139.54595,35.68207],[139.5465,35.68203],[139.54733,35.6816],[139.54899,35.68141],[139.55065,35.6809],[139.55148,35.68084],[139.55203,35.68098],[139.55451,35.68209],[139.55617,35.68222],[139.55742,35.68275],[139.55865,35.68287],[139.56031,35.68285],[139.56066,35.68275],[139.56091,35.68253],[139.56129,35.6814],[139.56171,35.68073],[139.56201,35.68005],[139.56236,35.6787],[139.5625,35.67735],[139.56334,35.6751],[139.56379,35.6742],[139.56431,35.67285],[139.56437,35.66902],[139.56445,35.66857],[139.56478,35.66826],[139.56561,35.6679],[139.56588,35.66786],[139.56616,35.66791],[139.56754,35.66849],[139.56809,35.66903],[139.56846,35.6697],[139.56892,35.66995],[139.56974,35.67016],[139.57057,35.67049],[139.57112,35.67048],[139.5725,35.67064],[139.57333,35.67054],[139.57361,35.67058],[139.57499,35.67129],[139.57581,35.67142],[139.57609,35.67153],[139.57674,35.6722],[139.57664,35.67244],[139.57568,35.67287],[139.57553,35.6731],[139.57568,35.67332],[139.57636,35.67359],[139.57774,35.67388],[139.57795,35.674],[139.57884,35.67525],[139.57912,35.67532],[139.58105,35.67521],[139.58216,35.67466],[139.58326,35.67458],[139.5836,35.67469],[139.5841,35.67514],[139.58464,35.67534],[139.58492,35.67531],[139.58519,35.67516],[139.58575,35.67467],[139.58602,35.67458],[139.5863,35.6746],[139.5865,35.6747],[139.58666,35.67492],[139.58671,35.67537],[139.58667,35.67605],[139.58648,35.67673],[139.58654,35.67718],[139.58682,35.67763],[139.58767,35.67828],[139.58807,35.67876],[139.58829,35.67921],[139.58824,35.67966],[139.58794,35.68006],[139.58719,35.68056],[139.58655,35.68111],[139.58628,35.68115],[139.586,35.68107],[139.58545,35.68074],[139.58462,35.6807],[139.58407,35.68086],[139.58344,35.68123],[139.58269,35.68153],[139.58186,35.68168],[139.58103,35.68192],[139.5802,35.682],[139.57937,35.6819],[139.57882,35.682],[139.57813,35.68257],[139.57721,35.68302],[139.57633,35.68385],[139.57522,35.68433],[139.57439,35.68481],[139.57419,35.68504],[139.57414,35.68526],[139.57449,35.68639],[139.57461,35.68707],[139.57431,35.68774],[139.57398,35.68954],[139.57379,35.68977],[139.57343,35.68999],[139.57244,35.69028],[139.57149,35.69067],[139.5708,35.69157],[139.56967,35.69219],[139.56939,35.69218],[139.56912,35.69208],[139.56774,35.69105],[139.56581,35.69008],[139.56498,35.68953],[139.5636,35.68937],[139.5625,35.68884],[139.56167,35.6887],[139.56112,35.68879],[139.56057,35.68906],[139.56029,35.68907],[139.55946,35.68867],[139.55919,35.68867],[139.55885,35.68883],[139.55835,35.6895],[139.55725,35.68969],[139.55697,35.68986],[139.55531,35.69168],[139.55475,35.69189],[139.55393,35.69199],[139.5531,35.69237],[139.55282,35.69238],[139.55227,35.69214],[139.55089,35.691],[139.55062,35.69089],[139.55006,35.69084],[139.54979,35.6907],[139.54934,35.68994],[139.54771,35.68858],[139.54731,35.68835],[139.54593,35.6878],[139.54565,35.68779],[139.54538,35.68787],[139.54455,35.68857],[139.54372,35.68882],[139.54321,35.6888],[139.54234,35.68859],[139.54013,35.68901],[139.53923,35.68946],[139.53846,35.69003],[139.53819,35.69017],[139.53791,35.69018],[139.53764,35.69003],[139.53705,35.68946],[139.53654,35.68852],[139.53585,35.6881],[139.53516,35.68745],[139.53433,35.68712],[139.53378,35.68662],[139.53351,35.68652],[139.5324,35.6867],[139.53102,35.68635],[139.52937,35.68554],[139.52826,35.68517],[139.52799,35.68512],[139.52716,35.68529],[139.52688,35.68521],[139.52678,35.68493],[139.52696,35.68448],[139.52744,35.68372],[139.52772,35.68358],[139.52854,35.68357],[139.52937,35.68343],[139.52965,35.68333],[139.5299,35.68313],[139.53021,35.6821],[139.53049,35.68172],[139.53076,35.6815],[139.53159,35.68185],[139.53214,35.68186],[139.53352,35.68149],[139.5337,35.68134],[139.53377,35.68111],[139.53374,35.68066],[139.53386,35.67999],[139.53364,35.67931],[139.53365,35.67863],[139.53354,35.67823],[139.53326,35.67798],[139.53262,35.67773],[139.5324,35.6775],[139.53243,35.6766],[139.53209,35.6757],[139.53161,35.67509],[139.53024,35.67397],[139.53003,35.67322],[139.52969,35.67254],[139.52975,35.67232],[139.53032,35.67187],[139.53045,35.67164],[139.53056,35.67097],[139.5308,35.67072],[139.53191,35.67014],[139.53246,35.67005],[139.53301,35.67019],[139.53329,35.67019],[139.53357,35.67003],[139.53384,35.66973],[139.53412,35.66961],[139.53495,35.66998],[139.53578,35.66977],[139.53716,35.66957],[139.53744,35.66939],[139.53762,35.6685],[139.53799,35.66761],[139.53819,35.66738],[139.53883,35.66704],[139.53993,35.66698],[139.54048,35.66685],[139.54076,35.66662],[139.54111,35.66581],[139.54174,35.66536]]]}},{"type":"Feature","properties":{"no":12},"geometry":{"type":"Polygon","coordinates":[[[139.5013,35.68418],[139.50203,35.68412],[139.50258,35.68433],[139.50296,35.68464],[139.50468,35.68645],[139.50505,35.68671],[139.50533,35.6868],[139.50616,35.68673],[139.50699,35.68645],[139.50754,35.68641],[139.50865,35.68683],[139.5092,35.68716],[139.50947,35.68724],[139.51085,35.68718],[139.51223,35.68775],[139.51251,35.6878],[139.51334,35.6877],[139.51361,35.68778],[139.51445,35.68827],[139.51508,35.68963],[139.51526,35.68987],[139.51592,35.69031],[139.51609,35.69051],[139.51609,35.69085],[139.51581,35.69103],[139.51415,35.69077],[139.51332,35.69096],[139.51305,35.69089],[139.5125,35.6905],[139.5111,35.68984],[139.51056,35.68917],[139.50974,35.68857],[139.50945,35.68804],[139.50919,35.6878],[139.50892,35.68772],[139.50852,35.68781],[139.50781,35.68824],[139.50753,35.68831],[139.50726,35.6883],[139.50643,35.68804],[139.50615,35.68809],[139.50521,35.68848],[139.50449,35.68897],[139.50284,35.68915],[139.50228,35.68912],[139.50035,35.68847],[139.4998,35.68855],[139.49952,35.68875],[139.49931,35.68914],[139.49929,35.69004],[139.49905,35.69049],[139.49869,35.69076],[139.49786,35.69102],[139.49761,35.69116],[139.49509,35.69284],[139.49343,35.69278],[139.49205,35.69173],[139.49042,35.69069],[139.49037,35.69046],[139.49067,35.69024],[139.49151,35.69006],[139.49234,35.68963],[139.49317,35.68931],[139.4951,35.68885],[139.49554,35.68867],[139.49593,35.68841],[139.49658,35.68823],[139.49735,35.68755],[139.49711,35.68733],[139.49677,35.6873],[139.49646,35.6871],[139.4976,35.68599],[139.49815,35.68572],[139.49843,35.68572],[139.49871,35.68584],[139.49953,35.68675],[139.50008,35.68702],[139.50063,35.68706],[139.50174,35.68732],[139.50247,35.68712],[139.50262,35.68689],[139.50248,35.68644],[139.50106,35.68463],[139.50101,35.68441],[139.5013,35.68418]]]}},{"type":"Feature","properties":{"no":13},"geometry":{"type":"Polygon","coordinates":[[[139.43342,35.70809],[139.43369,35.70795],[139.43396,35.70799],[139.43424,35.70819],[139.43465,35.70877],[139.43506,35.70897],[139.43589,35.70876],[139.43644,35.70892],[139.43782,35.70983],[139.43837,35.71029],[139.43902,35.71059],[139.43926,35.71081],[139.43956,35.71149],[139.43975,35.71172],[139.44002,35.7119],[139.4403,35.71195],[139.44057,35.71191],[139.44233,35.71127],[139.44279,35.71131],[139.44306,35.71148],[139.44342,35.71195],[139.4435,35.71218],[139.44346,35.71263],[139.44229,35.71488],[139.44194,35.7154],[139.44166,35.71565],[139.44138,35.71573],[139.44111,35.71571],[139.4378,35.715],[139.43697,35.71488],[139.43669,35.7149],[139.43641,35.71501],[139.43603,35.71531],[139.4353,35.71626],[139.43453,35.71711],[139.43419,35.71727],[139.43392,35.71715],[139.43361,35.71507],[139.43301,35.71417],[139.43255,35.71331],[139.43165,35.71259],[139.43154,35.71236],[139.43158,35.71214],[139.432,35.71169],[139.43211,35.71146],[139.432,35.71079],[139.43225,35.71011],[139.43313,35.70847],[139.43342,35.70809]]]}},{"type":"Feature","properties":{"no":14},"geometry":{"type":"Polygon","coordinates":[[[139.45903,35.52136],[139.45942,35.52133],[139.4608,35.52167],[139.4619,35.52261],[139.46217,35.52276],[139.46245,35.5228],[139.46383,35.52271],[139.46521,35.5224],[139.46576,35.52253],[139.46686,35.52295],[139.46713,35.52298],[139.46796,35.52278],[139.46823,35.52304],[139.46839,35.52342],[139.46834,35.52364],[139.46823,35.5237],[139.46685,35.52377],[139.46602,35.52398],[139.4652,35.52431],[139.46409,35.52448],[139.46239,35.52543],[139.46212,35.52565],[139.4618,35.52655],[139.46105,35.52773],[139.46022,35.5282],[139.45911,35.52841],[139.45874,35.52857],[139.45861,35.5288],[139.45863,35.52947],[139.45825,35.53015],[139.45834,35.53105],[139.45827,35.53127],[139.458,35.53161],[139.45772,35.5317],[139.45717,35.53124],[139.45607,35.53102],[139.45559,35.53081],[139.45567,35.52991],[139.45582,35.52946],[139.45608,35.52924],[139.45718,35.52896],[139.45743,35.52879],[139.45821,35.52789],[139.45828,35.52744],[139.4582,35.52722],[139.45774,35.52676],[139.45697,35.52519],[139.45501,35.52293],[139.45497,35.52247],[139.45528,35.52217],[139.45639,35.52204],[139.45721,35.5218],[139.45804,35.52206],[139.45832,35.52205],[139.45859,35.52188],[139.45887,35.52147],[139.45903,35.52136]]]}},{"type":"Feature","properties":{"no":15},"geometry":{"type":"Polygon","coordinates":[[[139.49165,35.70939],[139.49198,35.70942],[139.49253,35.70998],[139.4928,35.71008],[139.49474,35.7098],[139.49501,35.70983],[139.49529,35.71002],[139.49566,35.71143],[139.49581,35.71256],[139.49611,35.71293],[139.49638,35.71305],[139.49693,35.71304],[139.4997,35.71253],[139.50191,35.71252],[139.50274,35.71265],[139.50357,35.71259],[139.50467,35.71282],[139.50605,35.71366],[139.50633,35.71373],[139.50715,35.71371],[139.5073,35.71394],[139.50708,35.71485],[139.50689,35.71507],[139.50632,35.71526],[139.50606,35.71552],[139.50607,35.71574],[139.50639,35.71642],[139.50631,35.71685],[139.50612,35.7171],[139.50469,35.71799],[139.50354,35.71913],[139.50326,35.71928],[139.50216,35.71935],[139.50179,35.71956],[139.50105,35.72034],[139.50022,35.72094],[139.49846,35.72248],[139.49822,35.72293],[139.49831,35.72338],[139.49827,35.72364],[139.49661,35.72528],[139.49633,35.7254],[139.49605,35.7253],[139.49596,35.72518],[139.49574,35.72473],[139.49573,35.7245],[139.49635,35.72338],[139.49656,35.72315],[139.497,35.72293],[139.49723,35.72271],[139.4973,35.72225],[139.49717,35.7218],[139.49669,35.72135],[139.49591,35.72112],[139.49562,35.7209],[139.49423,35.71864],[139.49387,35.71839],[139.49304,35.71818],[139.49265,35.71796],[139.49253,35.71773],[139.49264,35.71683],[139.49253,35.71661],[139.4914,35.71586],[139.49108,35.71548],[139.49112,35.71517],[139.49155,35.71458],[139.4914,35.71423],[139.4903,35.71358],[139.48923,35.71322],[139.48873,35.71277],[139.48869,35.71254],[139.4888,35.71232],[139.49021,35.71052],[139.49142,35.70951],[139.49165,35.70939]]]}},{"type":"Feature","properties":{"no":16},"geometry":{"type":"Polygon","coordinates":[[[139.43571,35.63666],[139.43597,35.63657],[139.43633,35.63666],[139.43644,35.63689],[139.43656,35.63779],[139.43715,35.63847],[139.43747,35.63915],[139.43776,35.63937],[139.43872,35.63975],[139.43939,35.64028],[139.43969,35.64073],[139.43957,35.64118],[139.43898,35.64201],[139.43871,35.6421],[139.43788,35.64191],[139.4376,35.64193],[139.43736,35.64208],[139.43698,35.64253],[139.43539,35.64387],[139.43511,35.64399],[139.43428,35.64403],[139.434,35.64412],[139.43373,35.64437],[139.43345,35.64506],[139.43317,35.64526],[139.43262,35.64545],[139.43239,35.64567],[139.43206,35.64641],[139.4315,35.64724],[139.43123,35.64743],[139.43095,35.6475],[139.43052,35.64746],[139.43034,35.64724],[139.43072,35.64679],[139.43079,35.64656],[139.4307,35.64634],[139.43013,35.64596],[139.42891,35.64565],[139.42863,35.64543],[139.42903,35.64525],[139.42986,35.64454],[139.43097,35.64413],[139.43136,35.64386],[139.43145,35.64363],[139.43139,35.64341],[139.43097,35.64286],[139.43086,35.64251],[139.43085,35.64138],[139.43197,35.64026],[139.43272,35.63981],[139.43375,35.63893],[139.43433,35.63801],[139.4353,35.63734],[139.43571,35.63666]]]}},{"type":"Feature","properties":{"no":17},"geometry":{"type":"Polygon","coordinates":[[[139.46085,35.54458],[139.46124,35.54446],[139.46152,35.54449],[139.46262,35.54504],[139.46427,35.54543],[139.46455,35.54548],[139.4651,35.54539],[139.46538,35.54542],[139.46596,35.54572],[139.46703,35.54595],[139.4684,35.54664],[139.46895,35.5468],[139.47033,35.54682],[139.47076,35.54709],[139.4713,35.54799],[139.47169,35.54844],[139.47198,35.54861],[139.47253,35.54862],[139.47363,35.54844],[139.474,35.54822],[139.47479,35.54755],[139.47529,35.54698],[139.4764,35.54672],[139.47678,35.54643],[139.47723,35.54584],[139.47751,35.5457],[139.47778,35.54572],[139.47818,35.54598],[139.47828,35.54621],[139.47825,35.54688],[139.47845,35.54756],[139.4784,35.54778],[139.47809,35.54823],[139.47722,35.54912],[139.4767,35.55003],[139.47575,35.55048],[139.47472,35.55156],[139.47334,35.55191],[139.47086,35.55314],[139.47065,35.55294],[139.47059,35.55249],[139.47031,35.55189],[139.46979,35.55136],[139.46949,35.5512],[139.46866,35.55122],[139.46791,35.55091],[139.46756,35.55086],[139.46618,35.551],[139.46555,35.55068],[139.46453,35.54991],[139.46398,35.54969],[139.46315,35.54955],[139.46288,35.54959],[139.46232,35.54983],[139.46205,35.54984],[139.46094,35.54957],[139.46012,35.54909],[139.45929,35.54897],[139.45902,35.54887],[139.45889,35.54863],[139.4589,35.5484],[139.45902,35.54821],[139.45961,35.54773],[139.46049,35.54683],[139.46062,35.5466],[139.46062,35.54638],[139.46019,35.5457],[139.46017,35.54548],[139.4604,35.54503],[139.46085,35.54458]]]}},{"type":"Feature","properties":{"no":18},"geometry":{"type":"Polygon","coordinates":[[[139.52348,35.7363],[139.52392,35.73616],[139.5242,35.73618],[139.52475,35.73641],[139.52833,35.7387],[139.52944,35.73955],[139.52972,35.73969],[139.53054,35.73991],[139.53092,35.74015],[139.53098,35.74037],[139.53081,35.74067],[139.52791,35.74307],[139.52755,35.74352],[139.52755,35.74374],[139.52768,35.74397],[139.52804,35.7443],[139.52866,35.74465],[139.52914,35.74467],[139.53025,35.74454],[139.53191,35.7446],[139.5323,35.74488],[139.5323,35.74533],[139.53218,35.74556],[139.5319,35.74578],[139.53107,35.74623],[139.53088,35.74646],[139.53086,35.74668],[139.53123,35.74736],[139.53127,35.74758],[139.53106,35.74791],[139.53009,35.74826],[139.5294,35.7487],[139.52885,35.74894],[139.52829,35.74947],[139.52802,35.74962],[139.52746,35.74963],[139.52664,35.74932],[139.52636,35.74929],[139.52581,35.74944],[139.52541,35.74982],[139.52497,35.75042],[139.52429,35.75095],[139.52393,35.75185],[139.52303,35.75266],[139.52248,35.75276],[139.52082,35.75248],[139.51944,35.75276],[139.5187,35.75318],[139.51853,35.75363],[139.51865,35.75431],[139.51861,35.75454],[139.51836,35.75499],[139.51795,35.75544],[139.51783,35.75566],[139.51782,35.75589],[139.51845,35.75724],[139.5186,35.75792],[139.51803,35.75862],[139.51775,35.75962],[139.51747,35.75977],[139.5172,35.75974],[139.51637,35.75913],[139.51609,35.75902],[139.51554,35.75898],[139.51526,35.75906],[139.51501,35.75926],[139.51471,35.75993],[139.51449,35.76016],[139.51332,35.7605],[139.51274,35.76083],[139.5122,35.76128],[139.51194,35.76138],[139.51055,35.76142],[139.50806,35.76183],[139.50558,35.76129],[139.50116,35.76009],[139.49702,35.75924],[139.49531,35.75853],[139.49507,35.7583],[139.49501,35.75808],[139.49496,35.75673],[139.49487,35.7565],[139.4943,35.75605],[139.49413,35.75582],[139.49408,35.75515],[139.49372,35.75383],[139.49347,35.75357],[139.49275,35.75311],[139.49268,35.75289],[139.49331,35.75221],[139.49327,35.75199],[139.49292,35.75176],[139.49263,35.7517],[139.49207,35.75174],[139.49124,35.75199],[139.49097,35.75199],[139.49069,35.7519],[139.48959,35.75087],[139.48876,35.75057],[139.48849,35.7504],[139.4884,35.75017],[139.48852,35.74995],[139.48876,35.74985],[139.48987,35.74973],[139.4907,35.74976],[139.49098,35.74968],[139.49119,35.7495],[139.4916,35.74883],[139.49203,35.7486],[139.49291,35.74857],[139.49375,35.74831],[139.49485,35.74814],[139.49515,35.74794],[139.49571,35.74726],[139.49624,35.74691],[139.4979,35.74678],[139.49817,35.74669],[139.49847,35.74637],[139.49873,35.74569],[139.49929,35.74516],[139.50067,35.74431],[139.50289,35.74326],[139.5033,35.743],[139.50351,35.74278],[139.50358,35.74255],[139.50345,35.74165],[139.50362,35.74143],[139.50428,35.74103],[139.50442,35.74075],[139.50438,35.73985],[139.50416,35.73895],[139.50418,35.7376],[139.50429,35.7373],[139.50513,35.73647],[139.5054,35.7363],[139.50596,35.73644],[139.50632,35.7367],[139.5066,35.73715],[139.50662,35.73941],[139.50648,35.73986],[139.50608,35.74031],[139.506,35.74053],[139.50615,35.74098],[139.50649,35.74151],[139.50676,35.74175],[139.50704,35.7418],[139.50787,35.74148],[139.50819,35.74121],[139.50825,35.74099],[139.508,35.74031],[139.50797,35.73986],[139.50838,35.73873],[139.50871,35.73847],[139.50954,35.73834],[139.51009,35.73839],[139.51065,35.73857],[139.51224,35.73942],[139.51266,35.73987],[139.51285,35.74038],[139.51313,35.74051],[139.51368,35.74007],[139.51396,35.74],[139.51422,35.7401],[139.51451,35.741],[139.51478,35.74114],[139.51506,35.741],[139.51522,35.73965],[139.5153,35.73943],[139.51555,35.7392],[139.51617,35.7391],[139.51921,35.73909],[139.5206,35.73881],[139.52087,35.7386],[139.52099,35.73832],[139.52098,35.73764],[139.5208,35.73697],[139.52093,35.73651],[139.52116,35.73641],[139.52226,35.7367],[139.52281,35.73675],[139.52309,35.73662],[139.52348,35.7363]]]}},{"type":"Feature","properties":{"no":19},"geometry":{"type":"MultiPolygon","coordinates":[[[[139.87219,35.78048],[139.87108,35.78086],[139.87069,35.78108],[139.87025,35.78153],[139.86998,35.78208],[139.86917,35.78266],[139.86915,35.78288],[139.86942,35.78318],[139.86998,35.78318],[139.87081,35.78329],[139.87108,35.78317],[139.87136,35.78293],[139.87223,35.78198],[139.8728,35.78131],[139.87289,35.78108],[139.87279,35.78063],[139.87246,35.78045],[139.87219,35.78048]]],[[[139.85504,35.77517],[139.85078,35.77951],[139.84919,35.78131],[139.84793,35.78334],[139.84643,35.78649],[139.84615,35.78717],[139.84527,35.7901],[139.84519,35.79078],[139.84499,35.79145],[139.84488,35.79258],[139.845,35.79393],[139.84526,35.79438],[139.84589,35.79506],[139.84619,35.7953],[139.84675,35.79549],[139.8473,35.79545],[139.84813,35.79516],[139.84908,35.79461],[139.85062,35.79315],[139.85173,35.79244],[139.85256,35.79181],[139.85477,35.79051],[139.85532,35.7903],[139.85587,35.79025],[139.8567,35.7905],[139.85721,35.79077],[139.8581,35.79168],[139.85858,35.79235],[139.85874,35.7928],[139.85926,35.79348],[139.85925,35.7946],[139.85947,35.7949],[139.85975,35.79507],[139.86002,35.7951],[139.86085,35.79485],[139.86168,35.79488],[139.86196,35.79478],[139.86254,35.79438],[139.86307,35.79428],[139.86362,35.79431],[139.8639,35.79441],[139.86473,35.79497],[139.86777,35.79599],[139.87026,35.79666],[139.87219,35.79685],[139.87275,35.79679],[139.87305,35.79663],[139.87322,35.7964],[139.8733,35.79607],[139.87385,35.79615],[139.87441,35.79607],[139.87545,35.7955],[139.87586,35.79505],[139.87619,35.79415],[139.87607,35.79338],[139.87551,35.7931],[139.87467,35.7919],[139.87223,35.79032],[139.87125,35.78942],[139.87089,35.78897],[139.87049,35.78807],[139.87017,35.78671],[139.87039,35.78536],[139.87034,35.78469],[139.87023,35.78446],[139.86998,35.78422],[139.86859,35.78337],[139.86766,35.78243],[139.86693,35.78213],[139.8661,35.78194],[139.86583,35.78177],[139.86531,35.78108],[139.865,35.7808],[139.86472,35.78069],[139.86444,35.78069],[139.86361,35.78103],[139.86278,35.78098],[139.86196,35.78111],[139.86168,35.78105],[139.8614,35.78087],[139.86101,35.78041],[139.86068,35.78018],[139.85947,35.78003],[139.85875,35.77973],[139.85839,35.77928],[139.85753,35.77725],[139.85665,35.77613],[139.85587,35.77517],[139.85559,35.77496],[139.85532,35.77496],[139.85504,35.77517]],[[139.87557,35.79437],[139.87551,35.79438],[139.87551,35.79432],[139.87557,35.79437]]]]}},{"type":"Feature","properties":{"no":20},"geometry":{"type":"Polygon","coordinates":[[[139.5047,35.76126],[139.5053,35.76124],[139.50641,35.76146],[139.50751,35.76179],[139.50779,35.76194],[139.50795,35.76217],[139.50805,35.76285],[139.50768,35.76375],[139.50647,35.76509],[139.50625,35.766],[139.50561,35.76667],[139.50563,35.76735],[139.50555,35.76762],[139.50539,35.7678],[139.505,35.76797],[139.50389,35.76822],[139.50361,35.76817],[139.50337,35.76802],[139.50322,35.76779],[139.50307,35.76734],[139.50305,35.76666],[139.50279,35.76625],[139.50252,35.76611],[139.50169,35.76617],[139.50141,35.7661],[139.50045,35.76508],[139.49758,35.76304],[139.49744,35.76282],[139.49756,35.76257],[139.49811,35.76234],[139.50281,35.76162],[139.50364,35.76156],[139.5047,35.76126]]]}},{"type":"Feature","properties":{"no":21},"geometry":{"type":"Polygon","coordinates":[[[139.60796,35.61638],[139.60828,35.61633],[139.60911,35.61645],[139.60994,35.61642],[139.61047,35.61661],[139.61168,35.61751],[139.61214,35.61816],[139.61281,35.61864],[139.61291,35.61886],[139.61282,35.61977],[139.61296,35.62002],[139.61379,35.6205],[139.61461,35.62112],[139.61544,35.62153],[139.61599,35.62167],[139.6171,35.62177],[139.61792,35.62202],[139.61827,35.62225],[139.61842,35.62248],[139.61837,35.62293],[139.6182,35.62318],[139.61768,35.62361],[139.61755,35.62383],[139.61764,35.62451],[139.61751,35.62541],[139.61678,35.62631],[139.61685,35.62811],[139.61742,35.62924],[139.6179,35.62998],[139.61818,35.63015],[139.619,35.63032],[139.62038,35.63115],[139.62121,35.63126],[139.62149,35.63147],[139.62127,35.63217],[139.62132,35.6324],[139.62167,35.63285],[139.6223,35.6333],[139.62243,35.63353],[139.62242,35.63443],[139.62231,35.6347],[139.62203,35.63488],[139.62065,35.63475],[139.61927,35.6338],[139.61762,35.63338],[139.61651,35.63286],[139.61596,35.63243],[139.61569,35.63239],[139.61486,35.63257],[139.61458,35.63243],[139.61429,35.63194],[139.61403,35.63172],[139.61321,35.63136],[139.61273,35.63103],[139.61212,35.63013],[139.61178,35.6299],[139.61128,35.6298],[139.60962,35.62981],[139.60928,35.62967],[139.60861,35.629],[139.60824,35.62882],[139.60797,35.62882],[139.60714,35.62904],[139.60619,35.62899],[139.6059,35.62877],[139.60549,35.62814],[139.60438,35.62771],[139.60411,35.62751],[139.60383,35.62716],[139.60356,35.62702],[139.60218,35.62691],[139.60156,35.62696],[139.60052,35.62655],[139.59997,35.62648],[139.59887,35.62683],[139.59819,35.62717],[139.59776,35.62727],[139.59721,35.62723],[139.59638,35.62699],[139.59583,35.62697],[139.59539,35.62672],[139.59478,35.62604],[139.59445,35.62582],[139.59335,35.62564],[139.59307,35.62551],[139.5926,35.62491],[139.59225,35.62405],[139.59197,35.62382],[139.5917,35.62376],[139.59142,35.62379],[139.59032,35.62424],[139.59004,35.62422],[139.58978,35.624],[139.58964,35.62355],[139.58962,35.62197],[139.58944,35.62107],[139.58965,35.6204],[139.59005,35.61997],[139.59116,35.61975],[139.59226,35.61944],[139.59309,35.61908],[139.59392,35.61857],[139.59475,35.61819],[139.59503,35.61818],[139.59641,35.61849],[139.59972,35.61846],[139.6011,35.61793],[139.60138,35.6179],[139.60248,35.61804],[139.60303,35.61797],[139.60607,35.61708],[139.60796,35.61638]]]}},{"type":"Feature","properties":{"no":22},"geometry":{"type":"Polygon","coordinates":[[[139.44714,35.71061],[139.44749,35.71055],[139.44859,35.71066],[139.4497,35.71052],[139.44997,35.71059],[139.45034,35.71085],[139.45052,35.71108],[139.4508,35.71179],[139.45134,35.71243],[139.45142,35.71265],[139.45138,35.71288],[139.45085,35.71378],[139.45087,35.714],[139.4514,35.71468],[139.45147,35.71558],[139.45133,35.71583],[139.4505,35.71606],[139.4502,35.71626],[139.44954,35.71715],[139.44904,35.7185],[139.44883,35.7187],[139.44813,35.71895],[139.44781,35.71918],[139.44684,35.7203],[139.44638,35.72097],[139.44606,35.72111],[139.44585,35.72097],[139.44572,35.72075],[139.44541,35.71939],[139.44534,35.71827],[139.44487,35.71646],[139.4448,35.71556],[139.44406,35.7124],[139.44417,35.71211],[139.44444,35.71188],[139.4461,35.71144],[139.4464,35.71129],[139.44714,35.71061]]]}},{"type":"Feature","properties":{"no":23},"geometry":{"type":"Polygon","coordinates":[[[139.48752,35.75039],[139.48766,35.75029],[139.48793,35.75025],[139.48876,35.7506],[139.48931,35.75073],[139.48959,35.75087],[139.4905,35.75175],[139.49097,35.75199],[139.49124,35.75199],[139.49235,35.75169],[139.4929,35.75175],[139.49327,35.75199],[139.49331,35.75221],[139.49268,35.75289],[139.49275,35.75311],[139.49347,35.75357],[139.49372,35.75383],[139.49408,35.75515],[139.49413,35.75582],[139.4943,35.75605],[139.49487,35.7565],[139.49496,35.75673],[139.49501,35.75808],[139.49507,35.7583],[139.49531,35.75853],[139.49702,35.75924],[139.50116,35.76009],[139.50365,35.76078],[139.50415,35.76103],[139.5042,35.76126],[139.50392,35.76147],[139.50364,35.76155],[139.49839,35.76229],[139.49783,35.76243],[139.49753,35.76259],[139.49744,35.76282],[139.49758,35.76304],[139.50003,35.76474],[139.50071,35.7653],[139.501,35.76576],[139.50096,35.76598],[139.5008,35.76621],[139.50031,35.76665],[139.49984,35.76733],[139.49927,35.76778],[139.49891,35.76825],[139.49864,35.76837],[139.49836,35.76833],[139.49753,35.76778],[139.49626,35.76732],[139.49588,35.76701],[139.49533,35.76638],[139.49505,35.76616],[139.49478,35.76606],[139.49395,35.76608],[139.49284,35.76632],[139.49201,35.76633],[139.49118,35.76647],[139.4909,35.76645],[139.49008,35.76612],[139.4898,35.76608],[139.48786,35.76617],[139.48648,35.76633],[139.48455,35.76615],[139.4842,35.76638],[139.48412,35.76706],[139.48358,35.76796],[139.48288,35.76848],[139.48167,35.76976],[139.48152,35.77021],[139.48179,35.77088],[139.48174,35.77111],[139.48151,35.77133],[139.48037,35.77186],[139.47954,35.77244],[139.47891,35.77268],[139.4787,35.7729],[139.47857,35.77335],[139.4784,35.77358],[139.47815,35.77373],[139.4776,35.77392],[139.47677,35.77397],[139.47622,35.7741],[139.47593,35.77425],[139.47572,35.77447],[139.47538,35.77507],[139.4751,35.7752],[139.47455,35.77518],[139.47428,35.77503],[139.47367,35.77446],[139.4736,35.77424],[139.47406,35.77356],[139.4741,35.77266],[139.47422,35.77221],[139.47457,35.7719],[139.47567,35.77171],[139.47607,35.77154],[139.47628,35.77132],[139.47649,35.77019],[139.47646,35.76997],[139.47622,35.76952],[139.47623,35.76929],[139.47661,35.76884],[139.47709,35.76772],[139.47816,35.76682],[139.47853,35.76637],[139.47857,35.76547],[139.47874,35.76528],[139.47902,35.76521],[139.47957,35.76529],[139.47989,35.76524],[139.48017,35.76502],[139.48041,35.76439],[139.48068,35.76415],[139.48179,35.76393],[139.48207,35.76373],[139.48216,35.76322],[139.48194,35.76255],[139.48195,35.76232],[139.48208,35.7621],[139.48281,35.76142],[139.48289,35.7612],[139.48261,35.76052],[139.48268,35.7603],[139.48347,35.76002],[139.48419,35.7594],[139.48442,35.75895],[139.48449,35.75805],[139.4846,35.75782],[139.48486,35.75762],[139.48514,35.75761],[139.48596,35.75783],[139.48635,35.7576],[139.48636,35.75715],[139.48615,35.75647],[139.4862,35.75602],[139.4864,35.7558],[139.48703,35.75535],[139.48711,35.75513],[139.48697,35.75445],[139.48706,35.75422],[139.48732,35.754],[139.48792,35.75368],[139.4882,35.75333],[139.48817,35.7531],[139.48778,35.75242],[139.48774,35.7513],[139.48746,35.75062],[139.48752,35.75039]]]}},{"type":"Feature","properties":{"no":24},"geometry":{"type":"Polygon","coordinates":[[[139.55563,35.66269],[139.55596,35.66282],[139.55651,35.6633],[139.55734,35.66335],[139.55762,35.66343],[139.55927,35.66428],[139.5612,35.6645],[139.56148,35.66463],[139.56187,35.66563],[139.56261,35.66676],[139.56285,35.66695],[139.56368,35.66703],[139.56395,35.66714],[139.56432,35.66744],[139.56455,35.66789],[139.56437,35.66879],[139.56431,35.67285],[139.56379,35.6742],[139.56334,35.6751],[139.5625,35.67735],[139.56236,35.6787],[139.56201,35.68005],[139.56171,35.68073],[139.56129,35.6814],[139.56091,35.68253],[139.56066,35.68275],[139.56031,35.68285],[139.55838,35.68286],[139.55755,35.68277],[139.55727,35.68272],[139.55617,35.68222],[139.55451,35.68209],[139.55203,35.68098],[139.55148,35.68084],[139.55065,35.6809],[139.54899,35.68141],[139.54733,35.6816],[139.5465,35.68203],[139.54595,35.68207],[139.54568,35.68193],[139.54507,35.68137],[139.54486,35.68114],[139.54463,35.68069],[139.54437,35.68046],[139.5432,35.68028],[139.54292,35.68001],[139.54283,35.67978],[139.54228,35.67753],[139.5422,35.67618],[139.54198,35.67527],[139.54194,35.67347],[139.54174,35.6728],[139.54167,35.67167],[139.54145,35.67077],[139.54148,35.66987],[139.54168,35.66919],[139.54176,35.66851],[139.54194,35.66806],[139.54247,35.66739],[139.54289,35.66716],[139.5438,35.66686],[139.54407,35.66667],[139.54419,35.66649],[139.54419,35.66627],[139.54408,35.66604],[139.5436,35.66559],[139.54354,35.66536],[139.54385,35.66491],[139.54463,35.66439],[139.54491,35.66429],[139.54519,35.66429],[139.54629,35.6648],[139.54684,35.66494],[139.54739,35.66494],[139.54822,35.66476],[139.5485,35.66463],[139.54905,35.66408],[139.54957,35.66335],[139.55001,35.66313],[139.55071,35.66311],[139.55292,35.66382],[139.5532,35.66379],[139.55403,35.66342],[139.55458,35.66326],[139.55487,35.66314],[139.55541,35.66273],[139.55563,35.66269]]]}},{"type":"Feature","properties":{"no":25},"geometry":{"type":"Polygon","coordinates":[[[139.43742,35.66326],[139.43778,35.66308],[139.43805,35.66311],[139.4386,35.66347],[139.43915,35.66358],[139.43966,35.66349],[139.44026,35.66309],[139.44054,35.66308],[139.44164,35.66379],[139.44203,35.66418],[139.44265,35.66508],[139.44273,35.66553],[139.4426,35.6662],[139.44261,35.66643],[139.44273,35.66661],[139.443,35.66679],[139.44383,35.66693],[139.44414,35.66711],[139.44412,35.66824],[139.444,35.66846],[139.44353,35.66891],[139.44324,35.66959],[139.44303,35.66981],[139.44216,35.67003],[139.44188,35.67002],[139.44106,35.6698],[139.44076,35.6698],[139.44039,35.67003],[139.43995,35.67084],[139.43942,35.67138],[139.43801,35.67193],[139.43718,35.67208],[139.4369,35.67203],[139.43608,35.67164],[139.4358,35.67162],[139.43497,35.67184],[139.43442,35.67191],[139.43331,35.67173],[139.43221,35.67173],[139.43195,35.67158],[139.43188,35.67135],[139.43203,35.6709],[139.43243,35.67023],[139.43242,35.67],[139.4322,35.66955],[139.4323,35.6691],[139.43433,35.66685],[139.43538,35.66596],[139.43568,35.66551],[139.43611,35.6646],[139.43742,35.66326]]]}},{"type":"Feature","properties":{"no":26},"geometry":{"type":"MultiPolygon","coordinates":[[[[139.42619,35.60574],[139.42453,35.60681],[139.42398,35.60694],[139.42343,35.60688],[139.42309,35.6071],[139.42314,35.60733],[139.42334,35.60755],[139.42434,35.60823],[139.42461,35.60868],[139.42461,35.60913],[139.4242,35.60981],[139.42416,35.61003],[139.42424,35.61018],[139.42451,35.61027],[139.42534,35.61018],[139.42562,35.61028],[139.42579,35.61049],[139.426,35.61117],[139.42616,35.61143],[139.42644,35.61161],[139.42727,35.61187],[139.42751,35.61207],[139.42761,35.6123],[139.42766,35.61297],[139.42836,35.61349],[139.42887,35.61433],[139.42912,35.61456],[139.42946,35.61466],[139.43056,35.6145],[139.43084,35.61452],[139.43125,35.61479],[139.43138,35.61524],[139.43127,35.61592],[139.43122,35.61614],[139.43076,35.61659],[139.43067,35.61682],[139.43083,35.617],[139.4311,35.61704],[139.43138,35.61691],[139.43179,35.61637],[139.43231,35.61592],[139.43277,35.61575],[139.43332,35.6157],[139.43359,35.61588],[139.4337,35.61615],[139.43352,35.61773],[139.43354,35.61795],[139.43368,35.61818],[139.43386,35.61829],[139.43413,35.61829],[139.43469,35.6181],[139.43524,35.61803],[139.43662,35.61886],[139.43692,35.61932],[139.43716,35.62028],[139.43743,35.62048],[139.43826,35.6207],[139.43854,35.62097],[139.43859,35.62135],[139.43826,35.62161],[139.43743,35.62159],[139.4366,35.62169],[139.43635,35.62179],[139.43605,35.62224],[139.43615,35.62247],[139.43632,35.62256],[139.4366,35.62257],[139.43798,35.62222],[139.43908,35.62234],[139.43936,35.62158],[139.44035,35.6209],[139.44092,35.62],[139.4413,35.61969],[139.44241,35.61904],[139.44269,35.61894],[139.44296,35.61895],[139.44379,35.61922],[139.44489,35.61904],[139.446,35.61909],[139.44683,35.6187],[139.44738,35.61867],[139.44821,35.61849],[139.44876,35.6183],[139.44904,35.61807],[139.44925,35.6171],[139.44942,35.61688],[139.44987,35.61675],[139.45042,35.61682],[139.4507,35.61676],[139.45098,35.61647],[139.45116,35.61598],[139.45118,35.61485],[139.45071,35.61328],[139.44962,35.61205],[139.44769,35.61082],[139.44659,35.6097],[139.44604,35.60901],[139.44577,35.60888],[139.44549,35.60887],[139.44439,35.60913],[139.44328,35.60912],[139.4419,35.6095],[139.43997,35.60953],[139.43887,35.6098],[139.43859,35.60978],[139.43832,35.60959],[139.43777,35.60868],[139.43694,35.60796],[139.43646,35.60715],[139.43612,35.60674],[139.43567,35.60647],[139.43461,35.60601],[139.4342,35.60567],[139.43254,35.6061],[139.43226,35.60627],[139.43172,35.6069],[139.43143,35.60711],[139.43115,35.6072],[139.43005,35.6073],[139.42922,35.60781],[139.42867,35.60794],[139.42839,35.60779],[139.42829,35.60757],[139.42821,35.60644],[139.42809,35.60622],[139.42785,35.60601],[139.42647,35.60573],[139.42619,35.60574]]],[[[139.43922,35.62338],[139.43935,35.62352],[139.43963,35.62343],[139.43974,35.62316],[139.43963,35.62297],[139.43935,35.62297],[139.43922,35.62338]]]]}},{"type":"Feature","properties":{"no":27},"geometry":{"type":"Polygon","coordinates":[[[139.53401,35.77463],[139.53401,35.77431],[139.53428,35.77426],[139.53456,35.77437],[139.53539,35.77501],[139.53599,35.77531],[139.53656,35.77599],[139.53764,35.77689],[139.53814,35.77715],[139.53934,35.77757],[139.53967,35.7778],[139.54,35.77825],[139.54028,35.77848],[139.54259,35.77961],[139.54286,35.77983],[139.54315,35.78029],[139.54375,35.78209],[139.54377,35.7875],[139.54363,35.78817],[139.54308,35.78865],[139.54142,35.78931],[139.54015,35.78997],[139.53808,35.79064],[139.53774,35.79086],[139.53751,35.79131],[139.53758,35.79154],[139.5378,35.79177],[139.53859,35.79222],[139.53884,35.79244],[139.54002,35.7939],[139.542,35.79516],[139.5423,35.79538],[139.54245,35.79561],[139.54268,35.79786],[139.54254,35.79831],[139.54221,35.7985],[139.54194,35.79854],[139.54111,35.79835],[139.54083,35.79835],[139.53972,35.79871],[139.5394,35.79898],[139.53931,35.79943],[139.53935,35.79988],[139.53966,35.80056],[139.53946,35.80146],[139.53949,35.80168],[139.53964,35.80191],[139.54026,35.80248],[139.5407,35.80372],[139.54142,35.80462],[139.54155,35.80552],[139.54166,35.80575],[139.54191,35.80596],[139.5425,35.8062],[139.54259,35.80642],[139.54218,35.80669],[139.54163,35.8067],[139.54135,35.80663],[139.54025,35.80607],[139.53936,35.80551],[139.53851,35.80484],[139.53694,35.80377],[139.53627,35.80303],[139.53552,35.80235],[139.53441,35.801],[139.5334,35.79942],[139.53249,35.79829],[139.53175,35.79693],[139.53006,35.79517],[139.52951,35.7944],[139.52798,35.79309],[139.52675,35.7923],[139.52562,35.79128],[139.5255,35.79106],[139.52547,35.79061],[139.52577,35.78971],[139.52569,35.78948],[139.52548,35.78926],[139.5248,35.7888],[139.52458,35.78858],[139.52453,35.78835],[139.52469,35.7879],[139.52467,35.78768],[139.52452,35.78745],[139.52385,35.787],[139.52317,35.78641],[139.5229,35.78632],[139.52262,35.78634],[139.52151,35.78686],[139.52124,35.7869],[139.52061,35.78631],[139.51956,35.78609],[139.51905,35.78586],[139.51822,35.78496],[139.51839,35.78473],[139.51903,35.78453],[139.52069,35.78467],[139.52097,35.78479],[139.52152,35.78525],[139.5218,35.78535],[139.5229,35.7852],[139.52373,35.78501],[139.52456,35.78507],[139.52512,35.785],[139.52567,35.7848],[139.52611,35.78453],[139.52624,35.7843],[139.52615,35.78362],[139.52623,35.78331],[139.5266,35.78295],[139.52734,35.7825],[139.52928,35.78197],[139.53149,35.78186],[139.53333,35.78139],[139.53349,35.78116],[139.53351,35.78094],[139.53298,35.77846],[139.53316,35.77815],[139.53344,35.77802],[139.53455,35.77786],[139.53482,35.77775],[139.53501,35.77756],[139.53504,35.77689],[139.53523,35.77599],[139.53511,35.77535],[139.53428,35.77496],[139.53401,35.77463]]]}},{"type":"Feature","properties":{"no":28},"geometry":{"type":"Polygon","coordinates":[[[139.75927,35.7698],[139.75965,35.76974],[139.75994,35.77002],[139.75984,35.77047],[139.75946,35.77092],[139.75799,35.77183],[139.75561,35.77295],[139.75537,35.77317],[139.7553,35.7734],[139.75538,35.77363],[139.75592,35.77408],[139.75602,35.7743],[139.75595,35.77453],[139.75537,35.7752],[139.75513,35.77565],[139.75516,35.77633],[139.75553,35.77678],[139.75563,35.77701],[139.75561,35.77723],[139.75496,35.77836],[139.75492,35.77858],[139.75516,35.77926],[139.75511,35.77948],[139.75469,35.78016],[139.75426,35.78061],[139.75421,35.78084],[139.75464,35.78151],[139.7547,35.78174],[139.75455,35.78219],[139.75421,35.78264],[139.75413,35.78309],[139.75414,35.78354],[139.75435,35.78399],[139.75473,35.78444],[139.75547,35.78489],[139.75564,35.78512],[139.75563,35.78534],[139.75522,35.78624],[139.75519,35.78692],[139.75465,35.78702],[139.7541,35.78697],[139.75299,35.78639],[139.75189,35.78619],[139.75106,35.78623],[139.74995,35.78597],[139.74829,35.78609],[139.74802,35.78616],[139.74776,35.78646],[139.74746,35.78664],[139.74719,35.78666],[139.74688,35.78646],[139.74674,35.78601],[139.74675,35.78556],[139.7469,35.78511],[139.74686,35.78489],[139.74598,35.78353],[139.74525,35.78297],[139.74322,35.78195],[139.74292,35.78173],[139.74283,35.7815],[139.74298,35.78105],[139.74395,35.77948],[139.74477,35.77835],[139.74525,35.77745],[139.74554,35.77715],[139.74646,35.77655],[139.74716,35.77587],[139.74858,35.77488],[139.74969,35.77426],[139.7519,35.77312],[139.75439,35.77211],[139.75605,35.77163],[139.75743,35.77108],[139.75927,35.7698]]]}},{"type":"Feature","properties":{"no":29},"geometry":{"type":"MultiPolygon","coordinates":[[[[139.43307,35.55368],[139.43261,35.55485],[139.43278,35.55553],[139.4328,35.5562],[139.43316,35.55688],[139.43396,35.55779],[139.43399,35.55801],[139.43378,35.55891],[139.43388,35.55981],[139.43413,35.56049],[139.43395,35.56162],[139.43363,35.56229],[139.43369,35.56319],[139.43348,35.56364],[139.43302,35.56389],[139.43137,35.56431],[139.43026,35.56496],[139.42971,35.56552],[139.42943,35.56566],[139.4286,35.56564],[139.42833,35.56574],[139.42722,35.56683],[139.42694,35.56693],[139.42667,35.56691],[139.42556,35.56656],[139.42391,35.56668],[139.42363,35.56685],[139.42335,35.56762],[139.42308,35.56787],[139.42142,35.56833],[139.42004,35.56844],[139.41894,35.56843],[139.41783,35.56865],[139.41507,35.56871],[139.4148,35.56862],[139.41425,35.56803],[139.4137,35.56796],[139.41287,35.5681],[139.41257,35.5683],[139.41223,35.56875],[139.41194,35.56943],[139.41109,35.57055],[139.41051,35.57168],[139.41038,35.57235],[139.41087,35.57348],[139.41083,35.57371],[139.41064,35.57393],[139.40998,35.57438],[139.40993,35.57461],[139.41017,35.57506],[139.41019,35.57528],[139.41,35.57573],[139.40987,35.57663],[139.40976,35.57686],[139.40951,35.57705],[139.40924,35.57712],[139.40786,35.57711],[139.40758,35.57718],[139.40721,35.57753],[139.40715,35.57843],[139.40699,35.57888],[139.40669,35.5791],[139.40536,35.57955],[139.40481,35.57965],[139.40343,35.5797],[139.40288,35.57955],[139.40206,35.57896],[139.40178,35.57906],[139.4015,35.57998],[139.40044,35.58156],[139.39976,35.58223],[139.39943,35.58313],[139.39967,35.58403],[139.39959,35.58426],[139.39927,35.58447],[139.39899,35.58451],[139.39789,35.58427],[139.39706,35.58434],[139.39596,35.58419],[139.39541,35.58436],[139.39459,35.58514],[139.39402,35.58548],[139.39292,35.58553],[139.39154,35.58529],[139.39099,35.58537],[139.39069,35.58558],[139.39043,35.58592],[139.38936,35.58783],[139.38887,35.58828],[139.38849,35.58848],[139.38821,35.58853],[139.38711,35.58848],[139.38628,35.58835],[139.38573,35.58817],[139.38518,35.58776],[139.3849,35.58769],[139.38463,35.5878],[139.38426,35.58848],[139.38376,35.58893],[139.38343,35.58938],[139.38327,35.59006],[139.38311,35.59028],[139.38296,35.59037],[139.38213,35.59053],[139.38156,35.59118],[139.38139,35.5914],[139.3813,35.59208],[139.38102,35.5925],[139.38074,35.59265],[139.37991,35.59288],[139.3794,35.5932],[139.3792,35.59342],[139.3788,35.59431],[139.37819,35.59477],[139.37801,35.595],[139.3781,35.59522],[139.37879,35.59546],[139.37907,35.59568],[139.37927,35.59613],[139.37956,35.59748],[139.37981,35.59771],[139.38016,35.5978],[139.38126,35.59786],[139.38264,35.59807],[139.38291,35.59813],[139.38319,35.59834],[139.38329,35.59862],[139.38325,35.59975],[139.38298,35.60065],[139.38318,35.60073],[139.38345,35.60073],[139.384,35.60053],[139.38459,35.6002],[139.3853,35.5993],[139.38561,35.59908],[139.3865,35.59867],[139.38677,35.59879],[139.38701,35.59999],[139.38727,35.60066],[139.3879,35.60179],[139.38823,35.6027],[139.38822,35.60337],[139.38802,35.60382],[139.38765,35.60427],[139.38756,35.6045],[139.3876,35.60472],[139.38775,35.60495],[139.38812,35.60525],[139.389,35.60563],[139.3894,35.6063],[139.39,35.60676],[139.39059,35.60692],[139.39142,35.60689],[139.39197,35.60697],[139.39252,35.6072],[139.39311,35.60767],[139.39362,35.60796],[139.3939,35.60803],[139.395,35.60806],[139.39528,35.60813],[139.39583,35.60854],[139.39637,35.60931],[139.39692,35.6098],[139.39775,35.6102],[139.3983,35.61034],[139.39885,35.61038],[139.3994,35.61013],[139.39979,35.60972],[139.3999,35.6095],[139.3999,35.60927],[139.39939,35.60837],[139.39929,35.60792],[139.39942,35.60726],[139.3997,35.60698],[139.39997,35.60688],[139.40108,35.60712],[139.40218,35.60707],[139.40246,35.60691],[139.40301,35.60634],[139.40384,35.60597],[139.40439,35.60585],[139.4048,35.60591],[139.4055,35.60625],[139.40577,35.60629],[139.40605,35.60618],[139.40764,35.60389],[139.40799,35.60368],[139.40827,35.6037],[139.40964,35.60436],[139.4099,35.60458],[139.41019,35.60508],[139.41047,35.60525],[139.41074,35.60517],[139.41086,35.60503],[139.41108,35.60435],[139.4113,35.60412],[139.41241,35.60353],[139.41296,35.60345],[139.41324,35.60353],[139.41379,35.60388],[139.41414,35.60437],[139.41415,35.60504],[139.41396,35.60572],[139.41401,35.60617],[139.41432,35.60642],[139.41515,35.60652],[139.41533,35.60662],[139.41549,35.60685],[139.4156,35.60775],[139.41587,35.60843],[139.41624,35.60878],[139.41679,35.60896],[139.41817,35.60912],[139.4186,35.60889],[139.41875,35.60866],[139.41885,35.60821],[139.41866,35.60731],[139.41869,35.60709],[139.41884,35.60686],[139.41929,35.60663],[139.41984,35.60665],[139.42067,35.60712],[139.42122,35.60733],[139.42177,35.60734],[139.42232,35.6072],[139.42315,35.60686],[139.42426,35.60692],[139.42453,35.60681],[139.42592,35.60587],[139.42619,35.60574],[139.42647,35.60573],[139.42757,35.60592],[139.42785,35.60601],[139.42809,35.60622],[139.42824,35.60667],[139.42829,35.60757],[139.42839,35.60779],[139.42867,35.60794],[139.42922,35.60781],[139.43005,35.6073],[139.43115,35.6072],[139.43143,35.60711],[139.43172,35.6069],[139.43226,35.60627],[139.43254,35.6061],[139.4342,35.60567],[139.43461,35.60601],[139.43568,35.60647],[139.43612,35.60674],[139.43646,35.60715],[139.43694,35.60796],[139.43777,35.60868],[139.43832,35.60959],[139.43859,35.60978],[139.43887,35.6098],[139.43997,35.60953],[139.4419,35.6095],[139.44328,35.60912],[139.44439,35.60913],[139.44549,35.60887],[139.44577,35.60888],[139.44604,35.60901],[139.44676,35.60988],[139.44793,35.61101],[139.44852,35.61134],[139.44907,35.61147],[139.44934,35.61137],[139.45008,35.61057],[139.45103,35.6099],[139.45132,35.60945],[139.45157,35.60877],[139.45266,35.60765],[139.45272,35.60742],[139.45265,35.60652],[139.4532,35.60517],[139.45352,35.60479],[139.45379,35.60473],[139.45407,35.60479],[139.45517,35.60524],[139.45627,35.60605],[139.45737,35.6071],[139.45792,35.60744],[139.45847,35.60754],[139.45985,35.6074],[139.46095,35.60748],[139.46123,35.6074],[139.46139,35.60722],[139.46144,35.607],[139.46136,35.60632],[139.46147,35.6061],[139.46233,35.60542],[139.4629,35.60457],[139.46317,35.60445],[139.464,35.60447],[139.46419,35.6043],[139.46443,35.60385],[139.46478,35.60363],[139.46622,35.60316],[139.46732,35.60289],[139.46805,35.60251],[139.46817,35.60229],[139.46813,35.60161],[139.46843,35.60136],[139.46915,35.60116],[139.46927,35.60026],[139.46982,35.59943],[139.47027,35.59891],[139.47082,35.59801],[139.47163,35.59734],[139.4731,35.59712],[139.47342,35.59693],[139.47369,35.59664],[139.47396,35.59622],[139.47422,35.59532],[139.47462,35.59487],[139.47469,35.59442],[139.47453,35.59383],[139.47379,35.59329],[139.47356,35.59261],[139.47289,35.59236],[139.47261,35.59217],[139.47215,35.59148],[139.47188,35.59126],[139.47124,35.59109],[139.47041,35.59069],[139.46931,35.5905],[139.46793,35.58991],[139.46573,35.58859],[139.46552,35.58831],[139.46567,35.58741],[139.4653,35.58673],[139.46528,35.58605],[139.46512,35.58538],[139.46519,35.58509],[139.46575,35.58448],[139.46576,35.5838],[139.46613,35.58268],[139.46612,35.58223],[139.46581,35.58155],[139.46579,35.58132],[139.466,35.58087],[139.46684,35.57975],[139.46715,35.57946],[139.46777,35.57908],[139.46791,35.5784],[139.46829,35.57773],[139.4684,35.57705],[139.46866,35.5766],[139.46855,35.57619],[139.46827,35.57609],[139.46772,35.57617],[139.46662,35.576],[139.46634,35.57604],[139.46551,35.57641],[139.46468,35.57618],[139.46248,35.57625],[139.46082,35.57662],[139.4592,35.57635],[139.45889,35.57616],[139.45869,35.57589],[139.45841,35.57499],[139.45822,35.57477],[139.45807,35.57468],[139.45779,35.57472],[139.45724,35.57493],[139.45697,35.57484],[139.45615,35.57408],[139.45563,35.57318],[139.45532,35.57286],[139.45477,35.57259],[139.45394,35.5724],[139.45346,35.57205],[139.45281,35.57137],[139.45196,35.57024],[139.45191,35.57001],[139.45202,35.56934],[139.45241,35.56866],[139.45257,35.56821],[139.45248,35.56776],[139.45231,35.56757],[139.45204,35.56748],[139.45093,35.56773],[139.45066,35.56769],[139.45042,35.56753],[139.45026,35.5673],[139.4496,35.56595],[139.44946,35.56527],[139.44942,35.56415],[139.44898,35.56347],[139.44893,35.56234],[139.44916,35.56144],[139.44902,35.56076],[139.44939,35.56009],[139.44966,35.55919],[139.44988,35.55874],[139.44987,35.5585],[139.4496,35.55841],[139.44877,35.55849],[139.44849,35.55845],[139.44767,35.558],[139.44629,35.55764],[139.44574,35.55735],[139.44464,35.55743],[139.44326,35.55684],[139.44271,35.55684],[139.44188,35.55709],[139.44161,35.55709],[139.44023,35.55672],[139.43968,35.55649],[139.4383,35.5564],[139.43637,35.55608],[139.43555,35.55602],[139.43527,35.55586],[139.43448,35.55486],[139.43398,35.55441],[139.43363,35.55377],[139.43335,35.55352],[139.43307,35.55368]],[[139.40438,35.59644],[139.40417,35.59648],[139.40412,35.59644],[139.40417,35.5964],[139.40438,35.59644]],[[139.41667,35.58567],[139.41664,35.58571],[139.41661,35.58567],[139.41667,35.58567]],[[139.43284,35.57153],[139.43271,35.57198],[139.43243,35.57225],[139.43231,35.5722],[139.4323,35.57198],[139.43271,35.57138],[139.43284,35.57153]],[[139.43299,35.57128],[139.43299,35.57137],[139.43286,35.5713],[139.43299,35.57128]]],[[[139.38144,35.60087],[139.38124,35.60113],[139.38152,35.60125],[139.38207,35.60122],[139.38255,35.6011],[139.38279,35.60087],[139.38262,35.60076],[139.38207,35.6007],[139.38144,35.60087]]]]}},{"type":"Feature","properties":{"no":30},"geometry":{"type":"Polygon","coordinates":[[[139.42598,35.64474],[139.42627,35.64475],[139.42737,35.64512],[139.42848,35.64568],[139.42992,35.64588],[139.43041,35.64609],[139.4307,35.64634],[139.43078,35.64656],[139.4307,35.64679],[139.43026,35.64724],[139.43038,35.64746],[139.43115,35.64791],[139.43162,35.64837],[139.43175,35.64859],[139.43098,35.64994],[139.43085,35.65062],[139.43066,35.6508],[139.42872,35.65135],[139.42845,35.65132],[139.42817,35.6512],[139.42788,35.65083],[139.42777,35.65016],[139.42788,35.64926],[139.42824,35.64881],[139.42929,35.64815],[139.42966,35.64746],[139.42935,35.64701],[139.42902,35.64676],[139.42847,35.64654],[139.4282,35.64654],[139.42792,35.64663],[139.42706,35.64722],[139.42653,35.64729],[139.42571,35.64714],[139.42516,35.64715],[139.42488,35.64723],[139.42405,35.64772],[139.42322,35.64787],[139.42294,35.64799],[139.4226,35.64834],[139.42241,35.64901],[139.42186,35.65014],[139.42146,35.65059],[139.42127,35.65066],[139.41992,35.65058],[139.41962,35.65041],[139.41904,35.64923],[139.41899,35.64877],[139.41907,35.64858],[139.41935,35.64843],[139.4199,35.6485],[139.42018,35.64845],[139.42034,35.64833],[139.42062,35.64743],[139.42129,35.64651],[139.42157,35.64629],[139.42268,35.6458],[139.42323,35.64561],[139.42489,35.64529],[139.42598,35.64474]]]}},{"type":"Feature","properties":{"no":31},"geometry":{"type":"Polygon","coordinates":[[[139.37857,35.73538],[139.3791,35.73519],[139.37938,35.73519],[139.38021,35.7354],[139.38131,35.73543],[139.38159,35.73554],[139.38186,35.7366],[139.38291,35.73743],[139.38324,35.73755],[139.38351,35.73754],[139.38407,35.73732],[139.38462,35.73702],[139.38545,35.73637],[139.38601,35.73613],[139.38628,35.7361],[139.38711,35.73626],[139.38739,35.73647],[139.38735,35.73677],[139.38711,35.737],[139.38655,35.73725],[139.38518,35.73766],[139.38493,35.73789],[139.38485,35.73811],[139.38499,35.73879],[139.38501,35.73947],[139.38479,35.74059],[139.38492,35.74127],[139.38484,35.74149],[139.38462,35.74172],[139.38392,35.74217],[139.38349,35.74261],[139.3834,35.74284],[139.38343,35.74329],[139.38348,35.74339],[139.38376,35.74353],[139.38431,35.74332],[139.38471,35.74307],[139.38691,35.74127],[139.38718,35.74083],[139.38725,35.73992],[139.38743,35.73947],[139.38848,35.73912],[139.39098,35.73715],[139.39153,35.73686],[139.39167,35.73701],[139.39158,35.73814],[139.39239,35.73904],[139.39336,35.7404],[139.39372,35.74061],[139.394,35.7406],[139.39511,35.74023],[139.39566,35.74016],[139.39621,35.74024],[139.39759,35.74068],[139.39842,35.74052],[139.3987,35.74053],[139.39925,35.74063],[139.39988,35.74065],[139.40032,35.74087],[139.4005,35.7411],[139.40044,35.74132],[139.39981,35.74177],[139.39969,35.742],[139.39964,35.74245],[139.39974,35.74267],[139.40034,35.74321],[139.40117,35.74362],[139.40198,35.74426],[139.40227,35.74461],[139.40233,35.74494],[139.40207,35.74539],[139.40119,35.74606],[139.40111,35.74628],[139.4011,35.74696],[139.40095,35.74718],[139.40001,35.74786],[139.3998,35.74853],[139.39955,35.74898],[139.39964,35.74943],[139.40003,35.75003],[139.40041,35.75034],[139.40085,35.75056],[139.40168,35.75066],[139.40189,35.75079],[139.40192,35.75147],[139.40202,35.7517],[139.40223,35.75185],[139.40306,35.75195],[139.40328,35.75215],[139.40326,35.75238],[139.40264,35.75305],[139.40256,35.75327],[139.40261,35.7535],[139.40305,35.7541],[139.40332,35.75429],[139.4036,35.75437],[139.40415,35.75443],[139.40498,35.75466],[139.40526,35.75461],[139.40581,35.75421],[139.40609,35.7542],[139.40632,35.75532],[139.40664,35.75599],[139.40773,35.75688],[139.40828,35.75699],[139.40918,35.7569],[139.40943,35.75713],[139.40948,35.75736],[139.40942,35.75781],[139.40911,35.75854],[139.40848,35.75938],[139.40826,35.76006],[139.40799,35.76038],[139.40743,35.76081],[139.40716,35.76095],[139.40633,35.76118],[139.40522,35.76192],[139.40494,35.76203],[139.40439,35.76197],[139.40356,35.76137],[139.40301,35.76115],[139.40273,35.76112],[139.40163,35.76135],[139.40024,35.76191],[139.39858,35.7623],[139.3972,35.76247],[139.39637,35.7627],[139.39471,35.76262],[139.3936,35.76225],[139.39333,35.76222],[139.39305,35.76226],[139.3921,35.7627],[139.39125,35.76337],[139.39083,35.76361],[139.3906,35.76382],[139.39051,35.76405],[139.39063,35.7645],[139.39141,35.76585],[139.39168,35.76653],[139.39167,35.76698],[139.39136,35.76724],[139.39081,35.76731],[139.38998,35.76722],[139.38584,35.76555],[139.38502,35.7653],[139.38419,35.7653],[139.38225,35.76585],[139.38086,35.76604],[139.3802,35.76649],[139.37972,35.76716],[139.37962,35.76761],[139.37956,35.76874],[139.3789,35.7708],[139.37862,35.77096],[139.37835,35.77094],[139.3773,35.77031],[139.37614,35.77013],[139.37504,35.76949],[139.37476,35.76952],[139.37448,35.76968],[139.37421,35.76958],[139.37377,35.76917],[139.37338,35.76909],[139.37311,35.76939],[139.37336,35.77029],[139.37309,35.771],[139.37273,35.77119],[139.37116,35.77144],[139.37032,35.77184],[139.37005,35.77218],[139.37002,35.77298],[139.36976,35.77338],[139.36865,35.77403],[139.36838,35.77405],[139.36814,35.77388],[139.36802,35.77365],[139.36797,35.77298],[139.36801,35.7723],[139.36842,35.77117],[139.36841,35.77072],[139.368,35.76982],[139.36741,35.76892],[139.36722,35.76802],[139.36695,35.76779],[139.36593,35.76754],[139.36565,35.76728],[139.36538,35.76598],[139.36461,35.76508],[139.36437,35.76462],[139.36453,35.76395],[139.36392,35.76372],[139.36358,35.76349],[139.36278,35.76236],[139.36269,35.76214],[139.36277,35.76191],[139.36325,35.76147],[139.36333,35.76124],[139.36322,35.76101],[139.36265,35.76084],[139.36209,35.76091],[139.36182,35.76087],[139.36179,35.76078],[139.3622,35.76033],[139.36222,35.76011],[139.3621,35.75997],[139.36182,35.7599],[139.36099,35.76],[139.36068,35.75988],[139.36044,35.75963],[139.36015,35.75875],[139.35907,35.75794],[139.35886,35.75717],[139.3584,35.75649],[139.35825,35.75607],[139.35745,35.75558],[139.35741,35.75536],[139.3576,35.75513],[139.35854,35.75466],[139.35873,35.75446],[139.35878,35.75424],[139.35854,35.7537],[139.3578,35.75333],[139.35765,35.75311],[139.35768,35.75266],[139.35809,35.75108],[139.35802,35.75063],[139.35773,35.75032],[139.35746,35.75026],[139.3569,35.75037],[139.35663,35.75031],[139.35648,35.75017],[139.35592,35.74882],[139.35547,35.74814],[139.35543,35.74791],[139.35554,35.74754],[139.35631,35.74702],[139.3564,35.74679],[139.35619,35.74634],[139.35552,35.74589],[139.35534,35.74566],[139.35539,35.74544],[139.35584,35.74499],[139.35587,35.74476],[139.35512,35.74318],[139.35508,35.74296],[139.35517,35.74273],[139.35547,35.74251],[139.35834,35.74127],[139.35857,35.74094],[139.35862,35.74049],[139.35879,35.74027],[139.36001,35.7396],[139.36222,35.7393],[139.36416,35.73924],[139.36554,35.73894],[139.36609,35.7386],[139.36847,35.7367],[139.3689,35.73647],[139.36915,35.73642],[139.36952,35.73648],[139.37025,35.73707],[139.37052,35.7372],[139.37163,35.73712],[139.37246,35.73724],[139.37356,35.73724],[139.37439,35.73736],[139.37577,35.73771],[139.37715,35.73791],[139.37749,35.73763],[139.37759,35.73696],[139.37771,35.73674],[139.37825,35.73629],[139.37838,35.73561],[139.37857,35.73538]],[[139.35694,35.74476],[139.35656,35.74499],[139.35653,35.74521],[139.35668,35.74544],[139.35693,35.7456],[139.35721,35.74564],[139.35781,35.74544],[139.35795,35.74522],[139.35791,35.74499],[139.35777,35.7448],[139.35749,35.74469],[139.35694,35.74476]],[[139.37477,35.76781],[139.37449,35.76792],[139.37442,35.76827],[139.37449,35.76893],[139.37476,35.76906],[139.37505,35.76827],[139.37477,35.76781]]]}},{"type":"Feature","properties":{"no":32},"geometry":{"type":"Polygon","coordinates":[[[139.36497,35.69469],[139.36663,35.69447],[139.36746,35.69445],[139.36884,35.69466],[139.37022,35.69446],[139.3716,35.69447],[139.37215,35.69457],[139.37232,35.6948],[139.37216,35.69525],[139.37132,35.69579],[139.37108,35.69615],[139.37098,35.69682],[139.37116,35.69727],[139.37114,35.6975],[139.37079,35.69772],[139.36937,35.6983],[139.36799,35.69832],[139.36771,35.6984],[139.36688,35.69892],[139.36633,35.69906],[139.3655,35.69913],[139.36498,35.69928],[139.36469,35.6995],[139.36457,35.69973],[139.36437,35.70063],[139.3641,35.70079],[139.36328,35.70077],[139.3619,35.70022],[139.36162,35.70022],[139.36079,35.70045],[139.35997,35.70005],[139.35858,35.70014],[139.35776,35.69992],[139.35748,35.69992],[139.3572,35.70002],[139.35688,35.70037],[139.35673,35.70082],[139.3567,35.7015],[139.35636,35.70182],[139.35553,35.70191],[139.35498,35.70229],[139.3547,35.70227],[139.35415,35.70186],[139.3536,35.70187],[139.35278,35.70216],[139.352,35.70261],[139.35139,35.70266],[139.35107,35.70283],[139.35095,35.70305],[139.35085,35.70373],[139.35055,35.70402],[139.35027,35.70407],[139.34917,35.70372],[139.34889,35.70372],[139.34854,35.70395],[139.3481,35.70485],[139.34778,35.70528],[139.3475,35.70544],[139.34667,35.70568],[139.34639,35.70589],[139.34612,35.70687],[139.34613,35.70754],[139.34583,35.7078],[139.34224,35.70699],[139.34114,35.70685],[139.33923,35.70706],[139.33809,35.70767],[139.33726,35.70785],[139.3369,35.70818],[139.33652,35.70908],[139.33642,35.70998],[139.33614,35.71015],[139.33534,35.71043],[139.33505,35.71065],[139.33448,35.71155],[139.33417,35.71245],[139.33392,35.71268],[139.33336,35.71287],[139.33281,35.71275],[139.33246,35.71244],[139.33233,35.71199],[139.33242,35.71132],[139.33396,35.70862],[139.33394,35.70749],[139.33447,35.70659],[139.3359,35.70514],[139.33701,35.70432],[139.33795,35.70345],[139.34024,35.70076],[139.3415,35.69964],[139.34229,35.69915],[139.34617,35.69759],[139.35087,35.69655],[139.35281,35.69604],[139.35391,35.69594],[139.3564,35.69554],[139.35695,35.69556],[139.35806,35.69575],[139.35889,35.69573],[139.36055,35.69535],[139.36193,35.69513],[139.36303,35.69507],[139.36497,35.69469]]]}},{"type":"Feature","properties":{"no":33},"geometry":{"type":"Polygon","coordinates":[[[139.49509,35.56496],[139.4959,35.56478],[139.49631,35.56496],[139.49727,35.56632],[139.49752,35.56722],[139.49782,35.56768],[139.49819,35.5679],[139.4992,35.56801],[139.49947,35.5681],[139.50042,35.56858],[139.50061,35.56881],[139.50064,35.56903],[139.50046,35.56993],[139.50057,35.57022],[139.50084,35.57046],[139.50222,35.57109],[139.50332,35.57127],[139.50415,35.57154],[139.5047,35.57158],[139.50553,35.57135],[139.5058,35.57135],[139.50635,35.57166],[139.50673,35.5722],[139.50727,35.57378],[139.50715,35.57513],[139.50689,35.57549],[139.50661,35.57553],[139.50579,35.5751],[139.50551,35.57504],[139.50524,35.57511],[139.5036,35.5767],[139.50255,35.57715],[139.50164,35.57779],[139.50136,35.57787],[139.50109,35.57781],[139.49981,35.57714],[139.49916,35.57671],[139.49888,35.57664],[139.49861,35.57665],[139.49833,35.57676],[139.49722,35.57777],[139.49695,35.57789],[139.49667,35.57788],[139.49619,35.57736],[139.49585,35.57717],[139.4953,35.57716],[139.49447,35.57738],[139.49419,35.57731],[139.49364,35.5765],[139.49245,35.57577],[139.49174,35.57486],[139.49147,35.57464],[139.49043,35.57418],[139.48952,35.57363],[139.48921,35.57351],[139.48842,35.57341],[139.48814,35.57331],[139.48732,35.57268],[139.48567,35.57187],[139.48511,35.57176],[139.48456,35.57193],[139.48429,35.57193],[139.48401,35.57173],[139.48367,35.57124],[139.48362,35.57101],[139.48384,35.57056],[139.48429,35.57028],[139.4854,35.57006],[139.48622,35.57007],[139.48705,35.56971],[139.48788,35.56963],[139.48836,35.56945],[139.48869,35.56922],[139.48887,35.56877],[139.48899,35.56869],[139.48926,35.56865],[139.48954,35.56877],[139.49009,35.56924],[139.49067,35.56923],[139.49092,35.56908],[139.49147,35.56848],[139.49232,35.56811],[139.49285,35.56772],[139.49324,35.56676],[139.49423,35.56608],[139.49478,35.56518],[139.49509,35.56496]]]}},{"type":"Feature","properties":{"no":34},"geometry":{"type":"Polygon","coordinates":[[[139.88459,35.77567],[139.8849,35.77548],[139.88518,35.77552],[139.88629,35.77595],[139.88933,35.77743],[139.89182,35.7788],[139.8921,35.77904],[139.89271,35.78017],[139.89279,35.78107],[139.89269,35.78197],[139.89238,35.78265],[139.8921,35.78294],[139.89155,35.78318],[139.88989,35.78358],[139.8885,35.78375],[139.88768,35.78399],[139.8874,35.78399],[139.88657,35.78381],[139.88325,35.78262],[139.88131,35.78207],[139.88048,35.78169],[139.8798,35.78153],[139.8791,35.7812],[139.87855,35.78121],[139.87802,35.78108],[139.87817,35.78085],[139.87855,35.7806],[139.87907,35.77995],[139.88019,35.77928],[139.88186,35.77879],[139.88297,35.77857],[139.88321,35.77837],[139.88332,35.77815],[139.88347,35.77747],[139.88435,35.77676],[139.88459,35.77567]]]}},{"type":"Feature","properties":{"no":35},"geometry":{"type":"Polygon","coordinates":[[[139.35304,35.60774],[139.35334,35.60781],[139.35471,35.60872],[139.35498,35.60883],[139.35581,35.60885],[139.35609,35.60892],[139.35636,35.60915],[139.35664,35.60971],[139.35691,35.60992],[139.35774,35.61001],[139.35911,35.61065],[139.35994,35.61065],[139.36187,35.61116],[139.36247,35.61206],[139.36269,35.61278],[139.36296,35.61296],[139.36351,35.613],[139.36388,35.61319],[139.36406,35.6141],[139.36406,35.615],[139.36463,35.61568],[139.36569,35.61793],[139.3666,35.61884],[139.36674,35.61906],[139.36677,35.61997],[139.36701,35.62042],[139.36816,35.62135],[139.36889,35.62223],[139.3692,35.62245],[139.37036,35.62312],[139.37118,35.62318],[139.37146,35.62327],[139.37176,35.62404],[139.37228,35.62443],[139.37338,35.62496],[139.37476,35.62548],[139.37531,35.62548],[139.37669,35.62525],[139.37697,35.62535],[139.37779,35.62596],[139.37834,35.6261],[139.37862,35.62603],[139.37973,35.62536],[139.38056,35.62512],[139.38111,35.62506],[139.38138,35.62511],[139.38221,35.62563],[139.38276,35.62568],[139.38342,35.62544],[139.38398,35.62476],[139.38442,35.62468],[139.38477,35.62477],[139.38503,35.62499],[139.38525,35.62544],[139.3858,35.62612],[139.38578,35.62635],[139.38561,35.62657],[139.38499,35.62702],[139.38484,35.62724],[139.3849,35.6277],[139.38546,35.6286],[139.38747,35.63063],[139.38844,35.63199],[139.3888,35.63221],[139.38935,35.63235],[139.38962,35.63254],[139.38972,35.6329],[139.38968,35.63312],[139.38929,35.6338],[139.38927,35.63402],[139.38934,35.63425],[139.39007,35.63538],[139.39071,35.63571],[139.39154,35.6359],[139.39292,35.63573],[139.39375,35.63573],[139.39457,35.63613],[139.39512,35.6363],[139.39595,35.63673],[139.39622,35.63677],[139.39705,35.63663],[139.3976,35.63671],[139.39788,35.63693],[139.39793,35.63721],[139.39782,35.63766],[139.39761,35.63788],[139.39677,35.63845],[139.39593,35.63916],[139.39566,35.6393],[139.39511,35.63934],[139.39428,35.63898],[139.39317,35.63913],[139.39262,35.63929],[139.39179,35.63979],[139.39123,35.64056],[139.39096,35.6408],[139.3904,35.64103],[139.38985,35.64107],[139.38958,35.64099],[139.38928,35.64078],[139.38919,35.64056],[139.38919,35.63988],[139.38898,35.63943],[139.38901,35.63898],[139.38956,35.63785],[139.38953,35.63763],[139.38932,35.63736],[139.38904,35.63723],[139.38849,35.63726],[139.38766,35.63774],[139.38738,35.63783],[139.38656,35.63787],[139.386,35.63821],[139.38573,35.63828],[139.38543,35.63806],[139.38524,35.63716],[139.38491,35.63678],[139.38436,35.63644],[139.38408,35.63636],[139.38325,35.63638],[139.3831,35.63625],[139.38299,35.6358],[139.38276,35.63557],[139.38215,35.63548],[139.3816,35.63557],[139.37994,35.6365],[139.37939,35.63672],[139.37828,35.63699],[139.37651,35.63713],[139.37656,35.6369],[139.3769,35.63658],[139.37718,35.63604],[139.3772,35.63555],[139.37668,35.63465],[139.37582,35.6336],[139.37527,35.63313],[139.37472,35.63289],[139.37444,35.63289],[139.37416,35.63299],[139.37195,35.63411],[139.37167,35.63418],[139.3714,35.63413],[139.37112,35.63388],[139.37104,35.6335],[139.37111,35.63305],[139.37094,35.6326],[139.3703,35.63208],[139.36975,35.63194],[139.36892,35.63211],[139.36782,35.63252],[139.36726,35.63266],[139.36588,35.6325],[139.36506,35.63217],[139.36478,35.63215],[139.3629,35.63257],[139.36229,35.63302],[139.36202,35.63309],[139.36119,35.63296],[139.36036,35.63316],[139.35898,35.63289],[139.35871,35.63276],[139.35816,35.63229],[139.35788,35.6322],[139.35761,35.63219],[139.35622,35.63241],[139.35595,35.63237],[139.35512,35.63207],[139.35485,35.63207],[139.35374,35.63228],[139.35263,35.6327],[139.35236,35.63274],[139.35201,35.63253],[139.35143,35.6314],[139.35121,35.63117],[139.35052,35.63072],[139.35039,35.63004],[139.34994,35.62936],[139.3488,35.62846],[139.34844,35.62778],[139.34797,35.62735],[139.34577,35.62695],[139.34467,35.6266],[139.34329,35.62685],[139.34163,35.62673],[139.34108,35.62661],[139.34078,35.6264],[139.34038,35.62594],[139.34015,35.62549],[139.34026,35.62522],[139.34094,35.62459],[139.341,35.62437],[139.34074,35.62369],[139.34073,35.62302],[139.34064,35.62279],[139.34028,35.62256],[139.34,35.62256],[139.33917,35.62279],[139.339,35.62256],[139.33961,35.62143],[139.33996,35.62099],[139.34044,35.62054],[139.34114,35.62009],[139.34136,35.61986],[139.34144,35.61964],[139.34113,35.61862],[139.3403,35.61801],[139.33996,35.61761],[139.33972,35.61715],[139.33976,35.6167],[139.34034,35.61535],[139.34029,35.61445],[139.34171,35.61357],[139.34227,35.61291],[139.34282,35.61264],[139.34304,35.61243],[139.34312,35.61221],[139.34303,35.61176],[139.3431,35.61139],[139.34338,35.61139],[139.34393,35.61161],[139.34448,35.61143],[139.34559,35.6106],[139.34636,35.61019],[139.3467,35.60952],[139.34698,35.60923],[139.34726,35.60908],[139.34753,35.609],[139.34891,35.6089],[139.34947,35.60857],[139.34974,35.6085],[139.35057,35.60871],[139.3514,35.60871],[139.35195,35.60849],[139.35251,35.60795],[139.35278,35.60778],[139.35304,35.60774]]]}},{"type":"Feature","properties":{"no":36},"geometry":{"type":"MultiPolygon","coordinates":[[[[139.32992,35.75863],[139.32995,35.75908],[139.33037,35.75998],[139.33042,35.76066],[139.33109,35.76224],[139.33087,35.76314],[139.33094,35.76449],[139.3311,35.76493],[139.33138,35.76502],[139.33171,35.76472],[139.33267,35.76427],[139.33332,35.76385],[139.3336,35.76379],[139.33443,35.76392],[139.33498,35.76379],[139.33541,35.76338],[139.33579,35.76248],[139.33594,35.76136],[139.33574,35.76045],[139.33581,35.75955],[139.33575,35.75933],[139.33556,35.75914],[139.33529,35.75903],[139.33446,35.75902],[139.33307,35.75962],[139.33197,35.75969],[139.33169,35.75962],[139.33141,35.75944],[139.33059,35.75829],[139.33032,35.75823],[139.33004,35.75838],[139.32992,35.75863]]],[[[139.3311,35.76551],[139.32999,35.76613],[139.32943,35.76667],[139.32916,35.76683],[139.32639,35.76762],[139.32555,35.76799],[139.32528,35.76794],[139.32447,35.76739],[139.32363,35.76704],[139.32252,35.76645],[139.32197,35.76631],[139.32169,35.76638],[139.32142,35.76666],[139.32115,35.76715],[139.32061,35.76783],[139.31975,35.76847],[139.31919,35.76904],[139.31863,35.76943],[139.3178,35.76969],[139.31531,35.76988],[139.31476,35.77001],[139.31448,35.77021],[139.31389,35.77163],[139.31387,35.77208],[139.31419,35.77238],[139.31474,35.77245],[139.31502,35.77258],[139.31529,35.77294],[139.31538,35.77321],[139.31538,35.77366],[139.31492,35.77456],[139.31495,35.77524],[139.31516,35.77546],[139.31583,35.77578],[139.31627,35.77614],[139.31647,35.7766],[139.31659,35.77727],[139.31674,35.7775],[139.31775,35.77806],[139.3183,35.77821],[139.31885,35.77804],[139.32024,35.77721],[139.32135,35.77689],[139.3233,35.77541],[139.32441,35.77471],[139.32734,35.77236],[139.32857,35.77165],[139.32885,35.7716],[139.3294,35.77175],[139.33106,35.77268],[139.33133,35.77275],[139.33161,35.7727],[139.33189,35.77251],[139.33231,35.77193],[139.33235,35.77171],[139.33225,35.77103],[139.33234,35.77058],[139.33246,35.77035],[139.33301,35.76987],[139.33312,35.76968],[139.33311,35.76946],[139.33274,35.7691],[139.33209,35.76878],[139.33192,35.76855],[139.33194,35.76832],[139.33231,35.76765],[139.33233,35.7672],[139.33179,35.76652],[139.33138,35.76559],[139.3311,35.76551]]]]}},{"type":"Feature","properties":{"no":37},"geometry":{"type":"Polygon","coordinates":[[[139.3539,35.73033],[139.35454,35.73018],[139.35537,35.73016],[139.35564,35.73024],[139.35648,35.73102],[139.35696,35.7317],[139.35728,35.73192],[139.35839,35.73259],[139.35977,35.73286],[139.3606,35.73373],[139.36225,35.73459],[139.36308,35.73487],[139.36363,35.73529],[139.36413,35.73555],[139.36445,35.73606],[139.36473,35.73621],[139.365,35.7362],[139.36528,35.73608],[139.36611,35.73548],[139.36639,35.73535],[139.36667,35.73533],[139.36848,35.73602],[139.36866,35.73625],[139.36862,35.73647],[139.36817,35.73692],[139.36637,35.73838],[139.36554,35.73894],[139.36416,35.73924],[139.3625,35.73928],[139.36111,35.73948],[139.36001,35.73947],[139.35946,35.73935],[139.35917,35.73914],[139.35888,35.73869],[139.35882,35.73824],[139.35891,35.73756],[139.35864,35.7373],[139.35671,35.73685],[139.3545,35.73645],[139.3536,35.73619],[139.35312,35.73584],[139.353,35.73529],[139.35323,35.73439],[139.35333,35.73326],[139.35317,35.73303],[139.35278,35.73281],[139.35259,35.73258],[139.35258,35.73235],[139.35287,35.73112],[139.35315,35.73084],[139.3539,35.73033]]]}},{"type":"Feature","properties":{"no":38},"geometry":{"type":"Polygon","coordinates":[[[139.46073,35.62795],[139.46113,35.62789],[139.46141,35.62794],[139.46224,35.62821],[139.46306,35.62834],[139.46362,35.62855],[139.46436,35.62909],[139.46477,35.62977],[139.46554,35.63052],[139.46609,35.63078],[139.46733,35.63113],[139.46848,35.63203],[139.46884,35.63255],[139.46912,35.63265],[139.46995,35.63254],[139.47022,35.63265],[139.47105,35.63323],[139.47132,35.63353],[139.47139,35.63385],[139.47094,35.63497],[139.4708,35.63587],[139.46969,35.6388],[139.46898,35.64037],[139.46894,35.6442],[139.46907,35.64466],[139.46956,35.64511],[139.47051,35.64556],[139.47208,35.64647],[139.47292,35.64676],[139.47355,35.64715],[139.47379,35.6476],[139.47365,35.64827],[139.47365,35.64895],[139.47346,35.64918],[139.47291,35.64928],[139.47125,35.64931],[139.47042,35.64951],[139.46931,35.64991],[139.46793,35.6501],[139.46738,35.64999],[139.46656,35.64958],[139.466,35.64944],[139.46573,35.64949],[139.46512,35.65005],[139.46434,35.65026],[139.46407,35.65022],[139.46386,35.65005],[139.46358,35.64937],[139.46242,35.64836],[139.46214,35.64828],[139.46132,35.64825],[139.46106,35.64801],[139.46108,35.64779],[139.46132,35.64734],[139.46198,35.64666],[139.46216,35.64621],[139.46232,35.64531],[139.46267,35.64464],[139.46269,35.64441],[139.46257,35.64396],[139.46218,35.64328],[139.46189,35.64307],[139.46162,35.64299],[139.46079,35.6429],[139.45941,35.64256],[139.45913,35.64237],[139.45886,35.64198],[139.45859,35.64178],[139.45721,35.64146],[139.45642,35.64079],[139.45633,35.64056],[139.45645,35.64033],[139.45721,35.63997],[139.45799,35.63944],[139.45884,35.63809],[139.45898,35.63719],[139.45876,35.63629],[139.45927,35.63494],[139.45934,35.63403],[139.45945,35.63379],[139.46,35.63353],[139.46023,35.63336],[139.46035,35.63314],[139.46036,35.63291],[139.4602,35.63246],[139.4594,35.63133],[139.45941,35.63088],[139.45955,35.63065],[139.46036,35.62998],[139.46072,35.62953],[139.46076,35.62931],[139.46042,35.6284],[139.46046,35.62818],[139.46073,35.62795]]]}},{"type":"Feature","properties":{"no":39},"geometry":{"type":"MultiPolygon","coordinates":[[[[139.43155,35.74832],[139.43061,35.74909],[139.42998,35.74976],[139.42933,35.75022],[139.42894,35.75044],[139.42794,35.7508],[139.42711,35.7514],[139.42628,35.75163],[139.42607,35.75178],[139.42597,35.75268],[139.42544,35.75324],[139.4248,35.75448],[139.42433,35.75492],[139.42295,35.7552],[139.42211,35.75579],[139.42128,35.75588],[139.42101,35.75599],[139.42056,35.75649],[139.41962,35.75732],[139.41934,35.75775],[139.41906,35.75797],[139.41868,35.75784],[139.41799,35.75693],[139.41771,35.75671],[139.41741,35.75663],[139.41711,35.75671],[139.41667,35.75716],[139.41638,35.75783],[139.41595,35.7585],[139.41583,35.75918],[139.41601,35.75938],[139.41629,35.75944],[139.41739,35.75935],[139.41822,35.75964],[139.41905,35.75981],[139.41988,35.76052],[139.42043,35.76119],[139.42098,35.76153],[139.42125,35.76159],[139.42153,35.76154],[139.42209,35.76108],[139.42236,35.76109],[139.42264,35.76142],[139.42286,35.76191],[139.42319,35.76215],[139.42346,35.76217],[139.42402,35.76197],[139.42429,35.76196],[139.42484,35.76218],[139.42512,35.7622],[139.4265,35.76211],[139.42678,35.7618],[139.42685,35.76125],[139.42673,35.7608],[139.42581,35.75921],[139.42588,35.75899],[139.42624,35.75892],[139.42652,35.75901],[139.4279,35.7601],[139.42856,35.76035],[139.42859,35.76058],[139.42837,35.76103],[139.42833,35.76148],[139.42838,35.7617],[139.42857,35.76193],[139.42899,35.76205],[139.43037,35.76211],[139.43065,35.76211],[139.43093,35.76201],[139.43111,35.76171],[139.43104,35.76149],[139.4307,35.76126],[139.4301,35.76102],[139.42987,35.76081],[139.42977,35.76058],[139.42992,35.76013],[139.43032,35.75968],[139.43038,35.75946],[139.42987,35.75878],[139.42929,35.75824],[139.42899,35.75765],[139.42903,35.7572],[139.42925,35.75675],[139.42928,35.75607],[139.42992,35.75517],[139.42997,35.75495],[139.42976,35.75472],[139.42931,35.75449],[139.42909,35.75427],[139.42882,35.75359],[139.42851,35.75314],[139.42848,35.75291],[139.42856,35.75269],[139.42904,35.75213],[139.42932,35.75198],[139.43015,35.75186],[139.43138,35.75067],[139.4316,35.75022],[139.43175,35.74955],[139.43226,35.74887],[139.43243,35.74842],[139.43238,35.74815],[139.4321,35.74803],[139.43155,35.74832]]],[[[139.40966,35.75741],[139.40914,35.75848],[139.40848,35.75938],[139.40827,35.76005],[139.40809,35.76028],[139.40743,35.76081],[139.40716,35.76095],[139.40633,35.76118],[139.40522,35.76192],[139.40494,35.76203],[139.40439,35.76197],[139.40329,35.76124],[139.40273,35.76112],[139.40246,35.76114],[139.40163,35.76135],[139.40024,35.76191],[139.39858,35.7623],[139.3972,35.76247],[139.39637,35.7627],[139.39471,35.76262],[139.3936,35.76225],[139.39305,35.76226],[139.39218,35.7627],[139.39195,35.76293],[139.39205,35.76315],[139.39277,35.76341],[139.39387,35.76358],[139.3958,35.76415],[139.39746,35.7642],[139.39802,35.7643],[139.3986,35.76475],[139.39887,35.7652],[139.39911,35.76588],[139.39995,35.76679],[139.40048,35.7679],[139.40076,35.76815],[139.40159,35.76845],[139.40325,35.76853],[139.40352,35.7686],[139.40435,35.76905],[139.40463,35.76912],[139.4051,35.76906],[139.40544,35.76883],[139.40558,35.76861],[139.40607,35.76771],[139.40616,35.76726],[139.40515,35.7668],[139.40485,35.76658],[139.40469,35.76635],[139.40492,35.76609],[139.40602,35.76593],[139.40658,35.76572],[139.40695,35.76546],[139.40728,35.76501],[139.40729,35.76478],[139.40714,35.76459],[139.40607,35.76433],[139.40609,35.7641],[139.40659,35.76391],[139.40689,35.76366],[139.40714,35.7633],[139.40742,35.76327],[139.40753,35.76343],[139.40787,35.76366],[139.40825,35.76375],[139.4088,35.76371],[139.40936,35.76354],[139.41043,35.76344],[139.41076,35.76322],[139.41078,35.76299],[139.41057,35.76254],[139.4113,35.76232],[139.41157,35.76227],[139.41172,35.76232],[139.41185,35.7624],[139.41212,35.76279],[139.4124,35.76293],[139.41295,35.76284],[139.41328,35.76255],[139.41335,35.76165],[139.41412,35.76098],[139.41431,35.7603],[139.41483,35.75963],[139.41487,35.7594],[139.41422,35.75872],[139.41408,35.75813],[139.41381,35.75785],[139.41326,35.75778],[139.41243,35.75809],[139.41187,35.7581],[139.41132,35.75802],[139.41049,35.75749],[139.40994,35.75731],[139.40966,35.75741]]],[[[139.4074,35.76675],[139.40774,35.76659],[139.40768,35.76652],[139.4074,35.76651],[139.40728,35.76659],[139.4074,35.76675]]]]}},{"type":"Feature","properties":{"no":40},"geometry":{"type":"MultiPolygon","coordinates":[[[[139.49377,35.61166],[139.49327,35.61205],[139.49266,35.61287],[139.49211,35.61334],[139.49073,35.61403],[139.4899,35.614],[139.4895,35.61407],[139.48935,35.61424],[139.48907,35.61504],[139.48879,35.61525],[139.48768,35.6157],[139.48741,35.61586],[139.48723,35.61609],[139.48715,35.61632],[139.48718,35.61677],[139.48772,35.61834],[139.48767,35.61863],[139.48725,35.61924],[139.48724,35.6206],[139.48694,35.6215],[139.48683,35.62262],[139.48689,35.62353],[139.48654,35.62446],[139.48626,35.62468],[139.48562,35.62487],[139.48544,35.625],[139.48521,35.62532],[139.48492,35.626],[139.48497,35.62622],[139.48515,35.62641],[139.48598,35.62675],[139.48653,35.62727],[139.48681,35.62728],[139.48736,35.62678],[139.48819,35.6264],[139.48847,35.62639],[139.48929,35.6267],[139.48957,35.62668],[139.49012,35.62624],[139.4904,35.62609],[139.49067,35.62609],[139.49123,35.62646],[139.49183,35.62714],[139.4926,35.62745],[139.49315,35.6278],[139.49426,35.62789],[139.49454,35.62805],[139.49536,35.62888],[139.49563,35.62896],[139.49591,35.62891],[139.49729,35.62825],[139.4995,35.62688],[139.49989,35.62649],[139.50027,35.62537],[139.50062,35.62502],[139.50089,35.6249],[139.50144,35.62482],[139.50365,35.62482],[139.5042,35.6249],[139.50475,35.6251],[139.50525,35.62538],[139.50547,35.62561],[139.50639,35.62809],[139.50684,35.62854],[139.50722,35.62875],[139.5075,35.62881],[139.50781,35.62877],[139.50804,35.62854],[139.50802,35.62809],[139.50822,35.62764],[139.50889,35.6272],[139.50926,35.62719],[139.50999,35.62771],[139.51082,35.6276],[139.51129,35.62742],[139.51168,35.62675],[139.5117,35.6263],[139.51156,35.62607],[139.51077,35.62539],[139.51039,35.62449],[139.51,35.62415],[139.50918,35.62403],[139.50752,35.62361],[139.50614,35.623],[139.50587,35.62294],[139.50421,35.623],[139.50366,35.62288],[139.50286,35.62222],[139.50256,35.62207],[139.50146,35.62182],[139.50118,35.62169],[139.50036,35.621],[139.49953,35.62048],[139.49922,35.62018],[139.49843,35.619],[139.49788,35.61844],[139.49678,35.61807],[139.49483,35.61724],[139.49449,35.61679],[139.49449,35.61543],[139.49517,35.61431],[139.49538,35.61318],[139.49573,35.61228],[139.4957,35.61206],[139.49543,35.6118],[139.49488,35.61158],[139.49432,35.61152],[139.49377,35.61166]]],[[[139.48514,35.62841],[139.48486,35.6287],[139.48447,35.62938],[139.48404,35.62965],[139.48348,35.6297],[139.48266,35.62966],[139.48183,35.6301],[139.48155,35.63011],[139.48072,35.62994],[139.47962,35.62987],[139.47928,35.63004],[139.47855,35.63094],[139.47823,35.63107],[139.47547,35.63136],[139.47498,35.63115],[139.47437,35.63054],[139.47409,35.63048],[139.47299,35.63077],[139.47216,35.63079],[139.47189,35.63087],[139.47133,35.63115],[139.46905,35.63204],[139.46885,35.63226],[139.46886,35.63249],[139.46912,35.63263],[139.46967,35.63252],[139.46995,35.63253],[139.47022,35.63264],[139.47123,35.63339],[139.47139,35.63385],[139.47094,35.63497],[139.4708,35.63587],[139.46969,35.6388],[139.46898,35.64037],[139.46894,35.6442],[139.46907,35.64466],[139.46956,35.64511],[139.47044,35.64552],[139.47209,35.64647],[139.47264,35.64658],[139.47299,35.64647],[139.47375,35.64554],[139.47534,35.64422],[139.47577,35.64377],[139.47625,35.64353],[139.47707,35.64344],[139.47901,35.64348],[139.47956,35.64363],[139.48121,35.64426],[139.48204,35.64434],[139.48287,35.64417],[139.48397,35.64357],[139.48477,35.64335],[139.48504,35.64312],[139.48503,35.6429],[139.48481,35.64269],[139.48398,35.64229],[139.48371,35.64204],[139.48335,35.64132],[139.48341,35.64087],[139.48356,35.64064],[139.48427,35.64012],[139.48434,35.63997],[139.48425,35.63952],[139.48429,35.63929],[139.4851,35.63817],[139.48519,35.63794],[139.48519,35.63749],[139.48478,35.63659],[139.48483,35.63591],[139.48443,35.63411],[139.4845,35.63366],[139.48487,35.63321],[139.48493,35.63298],[139.48467,35.63231],[139.48507,35.63118],[139.48529,35.63096],[139.48569,35.6309],[139.48624,35.63102],[139.48679,35.63096],[139.48743,35.63051],[139.48757,35.63029],[139.48758,35.63006],[139.48735,35.62986],[139.48624,35.62984],[139.486,35.62961],[139.48603,35.62938],[139.48634,35.62893],[139.48636,35.62871],[139.48625,35.62846],[139.48597,35.6282],[139.4857,35.62818],[139.48514,35.62841]]]]}},{"type":"Feature","properties":{"no":41},"geometry":{"type":"Polygon","coordinates":[[[139.25221,35.60189],[139.25266,35.60191],[139.25376,35.6025],[139.25569,35.60323],[139.25678,35.60395],[139.25761,35.60415],[139.25789,35.60413],[139.25872,35.60372],[139.25955,35.60353],[139.26093,35.60303],[139.26231,35.60286],[139.26342,35.60248],[139.26424,35.60252],[139.26461,35.60263],[139.26479,35.60275],[139.26501,35.60308],[139.26598,35.60534],[139.266,35.60601],[139.26578,35.60714],[139.26605,35.60782],[139.26641,35.60812],[139.26751,35.60851],[139.26889,35.60967],[139.26902,35.61031],[139.26896,35.61211],[139.26914,35.61246],[139.27052,35.61321],[139.27161,35.61391],[139.27189,35.61396],[139.273,35.61383],[139.27355,35.61386],[139.27387,35.61394],[139.27427,35.61416],[139.27466,35.61484],[139.27556,35.61552],[139.27633,35.61643],[139.27659,35.61688],[139.27673,35.61778],[139.27697,35.61846],[139.27725,35.61891],[139.27765,35.61924],[139.27792,35.61931],[139.2782,35.61927],[139.27903,35.61903],[139.27931,35.61914],[139.2798,35.61982],[139.28013,35.61999],[139.28095,35.6201],[139.28178,35.61998],[139.28206,35.62009],[139.28261,35.62053],[139.28288,35.62061],[139.28371,35.62057],[139.28454,35.62096],[139.28481,35.62101],[139.28564,35.62094],[139.28592,35.62099],[139.28619,35.62114],[139.28674,35.62167],[139.28701,35.62182],[139.28757,35.62181],[139.28812,35.62158],[139.28857,35.62121],[139.28911,35.62054],[139.28951,35.6204],[139.29061,35.62076],[139.29144,35.62079],[139.29226,35.62099],[139.29282,35.62095],[139.29321,35.62078],[139.29341,35.62056],[139.29346,35.62034],[139.29345,35.61988],[139.29367,35.61853],[139.29435,35.61763],[139.29458,35.61719],[139.29459,35.61673],[139.2945,35.61651],[139.29398,35.61583],[139.29399,35.61561],[139.29423,35.61541],[139.29451,35.61536],[139.29561,35.6156],[139.29672,35.61554],[139.29782,35.61592],[139.29837,35.616],[139.30003,35.61594],[139.30141,35.61555],[139.30251,35.61533],[139.30334,35.61526],[139.30554,35.61588],[139.30637,35.61596],[139.3072,35.61613],[139.30775,35.61613],[139.30858,35.61596],[139.30941,35.61592],[139.30996,35.61578],[139.31135,35.61508],[139.31328,35.61457],[139.31439,35.61398],[139.31522,35.61321],[139.3155,35.61307],[139.31577,35.61306],[139.31605,35.61317],[139.31632,35.61341],[139.31742,35.61501],[139.31776,35.61526],[139.31824,35.61533],[139.31907,35.61518],[139.31962,35.61517],[139.32128,35.61554],[139.32211,35.61546],[139.32238,35.61549],[139.32376,35.61595],[139.32458,35.61642],[139.32486,35.61642],[139.32541,35.61628],[139.32679,35.61628],[139.32762,35.61613],[139.32817,35.61618],[139.32878,35.61643],[139.33037,35.61756],[139.33147,35.61774],[139.33175,35.61785],[139.3323,35.61823],[139.3325,35.61848],[139.33251,35.61893],[139.33229,35.61943],[139.33201,35.61954],[139.33119,35.61931],[139.33036,35.6193],[139.33009,35.61916],[139.32964,35.61846],[139.32891,35.61778],[139.32848,35.61756],[139.32816,35.61755],[139.32761,35.61775],[139.32678,35.61826],[139.32567,35.61877],[139.3254,35.61886],[139.32457,35.61895],[139.32374,35.61948],[139.32263,35.61975],[139.32235,35.61995],[139.32205,35.62069],[139.3213,35.62136],[139.32096,35.62203],[139.32013,35.62278],[139.3193,35.62321],[139.31822,35.62405],[139.31811,35.62495],[139.31747,35.62562],[139.31736,35.62585],[139.31719,35.62675],[139.31675,35.62765],[139.31652,35.62877],[139.31691,35.63013],[139.31681,35.6308],[139.31689,35.6317],[139.31672,35.63193],[139.31648,35.63207],[139.31593,35.63223],[139.3151,35.63226],[139.31455,35.63219],[139.31384,35.63169],[139.31335,35.63146],[139.31312,35.63124],[139.3129,35.63075],[139.31262,35.63057],[139.31152,35.63029],[139.31125,35.63028],[139.31097,35.63037],[139.31076,35.63055],[139.31047,35.63123],[139.30994,35.6319],[139.30951,35.6328],[139.3093,35.63288],[139.30902,35.63277],[139.30856,35.63234],[139.3082,35.63215],[139.30737,35.63209],[139.30599,35.63239],[139.30488,35.63305],[139.3046,35.63306],[139.30406,35.63278],[139.3035,35.6323],[139.30213,35.63175],[139.30158,35.63171],[139.301,35.63186],[139.30047,35.63185],[139.29937,35.63141],[139.29827,35.63075],[139.29799,35.63074],[139.29772,35.63088],[139.29744,35.63124],[139.29716,35.63137],[139.29689,35.63133],[139.29634,35.63103],[139.29574,35.63049],[139.29535,35.62981],[139.29525,35.62905],[139.29497,35.6288],[139.2947,35.62872],[139.29442,35.62874],[139.29359,35.62916],[139.29331,35.62918],[139.29249,35.62894],[139.29221,35.62895],[139.29193,35.62905],[139.29055,35.63001],[139.28944,35.63025],[139.28861,35.63098],[139.28833,35.63104],[139.28751,35.63078],[139.28613,35.6305],[139.28558,35.63056],[139.28523,35.63089],[139.28502,35.63145],[139.28474,35.63152],[139.28391,35.63117],[139.28364,35.63118],[139.28281,35.63168],[139.28225,35.63174],[139.28115,35.63133],[139.28005,35.63075],[139.2795,35.63072],[139.2784,35.63098],[139.27784,35.6309],[139.27752,35.63063],[139.2773,35.62995],[139.27704,35.6295],[139.27698,35.62927],[139.27708,35.6286],[139.27701,35.62837],[139.27676,35.62807],[139.27561,35.62746],[139.27512,35.62701],[139.275,35.62656],[139.275,35.62566],[139.27459,35.62498],[139.2743,35.62478],[139.27375,35.62469],[139.27319,35.6249],[139.27264,35.62528],[139.27236,35.62518],[139.27146,35.62361],[139.27131,35.62159],[139.27101,35.62112],[139.27074,35.62094],[139.27046,35.62087],[139.26936,35.62111],[139.26853,35.62105],[139.26798,35.6211],[139.26747,35.62134],[139.26687,35.62175],[139.26659,35.62177],[139.26522,35.62134],[139.26439,35.621],[139.26384,35.62088],[139.26246,35.62107],[139.2619,35.62129],[139.26151,35.62154],[139.26014,35.62289],[139.25987,35.62333],[139.25992,35.62424],[139.25987,35.62446],[139.25967,35.62465],[139.2594,35.62466],[139.25857,35.62415],[139.25802,35.62393],[139.25692,35.62392],[139.25636,35.62415],[139.25553,35.62491],[139.25498,35.62517],[139.2547,35.62521],[139.2536,35.62502],[139.25277,35.62516],[139.25263,35.6251],[139.25234,35.62488],[139.25177,35.62397],[139.2514,35.62366],[139.25112,35.62352],[139.24975,35.62311],[139.24947,35.62311],[139.24919,35.62321],[139.24879,35.62351],[139.24808,35.62428],[139.24781,35.62444],[139.24725,35.6245],[139.24643,35.62445],[139.24606,35.62462],[139.24586,35.62507],[139.24577,35.62575],[139.24528,35.62664],[139.24509,35.62732],[139.24445,35.62799],[139.24422,35.62844],[139.24424,35.62867],[139.24439,35.62889],[139.24493,35.62935],[139.2453,35.63002],[139.24575,35.63048],[139.2462,35.63116],[139.2471,35.63161],[139.24781,35.63206],[139.2483,35.63214],[139.24913,35.63209],[139.24996,35.63238],[139.25041,35.63275],[139.25132,35.63415],[139.2516,35.63442],[139.25242,35.63494],[139.25273,35.63524],[139.25327,35.63615],[139.25341,35.63727],[139.25331,35.63773],[139.25267,35.63862],[139.25258,35.63907],[139.25281,35.63975],[139.25321,35.64018],[139.25376,35.64031],[139.25459,35.64028],[139.25487,35.64021],[139.25598,35.63965],[139.25708,35.63957],[139.25819,35.6393],[139.25846,35.63905],[139.25875,35.63827],[139.25945,35.63798],[139.25968,35.63776],[139.25971,35.63753],[139.25935,35.6364],[139.25937,35.63618],[139.25959,35.63605],[139.26042,35.6361],[139.26097,35.63634],[139.26124,35.63665],[139.26146,35.63754],[139.26179,35.63784],[139.26289,35.63838],[139.26371,35.6387],[139.26516,35.63891],[139.26541,35.63913],[139.26547,35.63936],[139.26536,35.63985],[139.26508,35.64018],[139.26425,35.64048],[139.26407,35.64071],[139.26409,35.64093],[139.26442,35.64161],[139.2646,35.64184],[139.26585,35.64274],[139.26699,35.64347],[139.26754,35.64356],[139.26865,35.64333],[139.26892,35.64353],[139.26904,35.64388],[139.26909,35.64546],[139.26949,35.64636],[139.26982,35.64749],[139.26981,35.64794],[139.26951,35.64862],[139.26954,35.64884],[139.26971,35.64902],[139.26999,35.64913],[139.27164,35.64928],[139.27247,35.64919],[139.27281,35.64931],[139.27291,35.64954],[139.27299,35.65044],[139.27313,35.65066],[139.27356,35.65091],[139.27467,35.65112],[139.27484,35.65135],[139.27472,35.65202],[139.27479,35.65225],[139.27493,35.65237],[139.27555,35.6527],[139.27562,35.65293],[139.27527,35.6536],[139.27547,35.65405],[139.27575,35.65426],[139.27685,35.65443],[139.2774,35.65459],[139.27768,35.65457],[139.2787,35.65384],[139.27885,35.65362],[139.27907,35.65284],[139.27971,35.65227],[139.27995,35.65182],[139.27946,35.65047],[139.27945,35.65024],[139.27964,35.65002],[139.27992,35.65005],[139.28102,35.65063],[139.28157,35.65077],[139.28212,35.65073],[139.28295,35.65043],[139.28323,35.65042],[139.28351,35.65065],[139.28369,35.65094],[139.28389,35.65161],[139.2846,35.65319],[139.28509,35.65365],[139.28569,35.65385],[139.28597,35.65383],[139.2868,35.65342],[139.28763,35.65319],[139.28791,35.65316],[139.28984,35.65338],[139.29205,35.65291],[139.2926,35.65264],[139.29297,35.65233],[139.29347,35.65143],[139.29427,35.651],[139.29483,35.65058],[139.2951,35.65058],[139.29593,35.65084],[139.29676,35.65093],[139.29703,35.65103],[139.29726,35.65122],[139.29735,35.65145],[139.29719,35.65325],[139.29722,35.6537],[139.29753,35.65438],[139.2976,35.65528],[139.29781,35.65573],[139.29772,35.65596],[139.29729,35.65641],[139.29733,35.65663],[139.29767,35.65708],[139.29772,35.65731],[139.29693,35.65866],[139.29694,35.65911],[139.29722,35.65979],[139.29752,35.66013],[139.29816,35.66047],[139.29915,35.6616],[139.29926,35.66227],[139.29971,35.66279],[139.30026,35.66294],[139.30137,35.66272],[139.30165,35.66271],[139.30192,35.66283],[139.30201,35.66296],[139.30183,35.66364],[139.30188,35.66476],[139.30202,35.66499],[139.30273,35.66546],[139.30311,35.66612],[139.30356,35.6664],[139.30576,35.66725],[139.30658,35.6677],[139.30824,35.66799],[139.30907,35.668],[139.31072,35.66904],[139.31127,35.66901],[139.31238,35.66862],[139.31376,35.66839],[139.31404,35.66849],[139.31449,35.6691],[139.31486,35.66941],[139.31596,35.66989],[139.31651,35.67],[139.31679,35.66984],[139.31751,35.66889],[139.31773,35.66821],[139.31791,35.66799],[139.31953,35.66755],[139.32009,35.66732],[139.32036,35.66687],[139.32067,35.66672],[139.3215,35.66695],[139.32178,35.66691],[139.32233,35.66671],[139.32316,35.66621],[139.32345,35.66553],[139.32377,35.66531],[139.32455,35.66496],[139.32566,35.66403],[139.32581,35.66374],[139.32577,35.66307],[139.32595,35.66286],[139.32622,35.66281],[139.32677,35.66297],[139.3276,35.66349],[139.32852,35.66443],[139.32897,35.66511],[139.32924,35.66536],[139.33142,35.66624],[139.3318,35.6667],[139.33255,35.66701],[139.33304,35.66715],[139.33448,35.66729],[139.33484,35.66738],[139.33512,35.66761],[139.33585,35.66848],[139.3375,35.6695],[139.33805,35.66956],[139.33888,35.66937],[139.33944,35.66944],[139.33999,35.66978],[139.34108,35.67068],[139.34136,35.67082],[139.34164,35.67083],[139.34249,35.67057],[139.3426,35.67035],[139.3424,35.66967],[139.34245,35.66944],[139.34271,35.66922],[139.34303,35.66917],[139.34385,35.66938],[139.34413,35.66933],[139.34476,35.66855],[139.34496,35.66837],[139.34524,35.66831],[139.34552,35.6684],[139.34732,35.66991],[139.34827,35.67052],[139.34865,35.67105],[139.34936,35.67167],[139.35046,35.67215],[139.35072,35.67241],[139.35073,35.67263],[139.35051,35.67308],[139.35049,35.67331],[139.35101,35.67421],[139.35106,35.67444],[139.35092,35.67511],[139.35126,35.67601],[139.35181,35.67647],[139.35239,35.67669],[139.3532,35.67719],[139.35375,35.67739],[139.35435,35.67805],[139.35512,35.67832],[139.3553,35.67851],[139.35543,35.67919],[139.35594,35.67964],[139.35622,35.68014],[139.35677,35.68069],[139.35701,35.68167],[139.35728,35.68212],[139.3577,35.68257],[139.35773,35.6828],[139.35756,35.68302],[139.3562,35.68362],[139.35583,35.68392],[139.35515,35.68527],[139.35425,35.6864],[139.354,35.68729],[139.35331,35.68887],[139.35327,35.68932],[139.35335,35.68977],[139.35355,35.68999],[139.35422,35.69026],[139.35533,35.6905],[139.35643,35.69036],[139.35698,35.69038],[139.35726,35.69046],[139.35742,35.69069],[139.35737,35.69091],[139.35684,35.69136],[139.35668,35.69158],[139.35667,35.69181],[139.35679,35.69204],[139.35736,35.69249],[139.35752,35.69272],[139.35737,35.69294],[139.35724,35.69298],[139.35559,35.69324],[139.35476,35.69326],[139.35365,35.69304],[139.35172,35.69239],[139.34869,35.69233],[139.34731,35.69211],[139.3462,35.69209],[139.34427,35.6925],[139.34343,35.69285],[139.3426,35.69341],[139.34205,35.69363],[139.34067,35.69372],[139.34011,35.69384],[139.33956,35.69413],[139.33873,35.69482],[139.33845,35.69494],[139.33762,35.69511],[139.33651,35.69577],[139.33625,35.69601],[139.33615,35.69623],[139.33625,35.69759],[139.33576,35.69871],[139.33568,35.69916],[139.33666,35.70119],[139.33669,35.70164],[139.33656,35.70187],[139.33323,35.70456],[139.33307,35.70478],[139.3324,35.70703],[139.3321,35.70748],[139.33091,35.70807],[139.33035,35.70849],[139.32976,35.70905],[139.32933,35.70973],[139.32909,35.70995],[139.32758,35.71054],[139.3265,35.71152],[139.32563,35.7121],[139.3248,35.7132],[139.32424,35.71358],[139.32395,35.71421],[139.32341,35.71472],[139.32261,35.71601],[139.32118,35.71762],[139.32034,35.71826],[139.32007,35.71831],[139.31996,35.71825],[139.31989,35.71802],[139.32039,35.7169],[139.32043,35.71645],[139.32034,35.71622],[139.31981,35.71566],[139.31954,35.71515],[139.31926,35.71494],[139.31898,35.71489],[139.31815,35.71498],[139.3176,35.71497],[139.31733,35.71484],[139.3165,35.71415],[139.31568,35.7138],[139.31512,35.71372],[139.31346,35.71392],[139.30931,35.71555],[139.30876,35.71564],[139.30847,35.7155],[139.30812,35.71482],[139.30777,35.71437],[139.30666,35.71346],[139.30653,35.71323],[139.30645,35.71278],[139.30612,35.71233],[139.30519,35.71177],[139.30464,35.71161],[139.30435,35.71165],[139.3039,35.71187],[139.30361,35.71232],[139.30351,35.71277],[139.30325,35.71301],[139.30242,35.71232],[139.30132,35.71187],[139.30104,35.71182],[139.30022,35.71193],[139.29939,35.71195],[139.29856,35.71173],[139.29773,35.71171],[139.2969,35.71153],[139.29635,35.71151],[139.29581,35.71161],[139.29552,35.71177],[139.29523,35.71206],[139.29471,35.71296],[139.2944,35.7132],[139.29413,35.71327],[139.2933,35.71319],[139.29219,35.71332],[139.29136,35.71352],[139.29026,35.71333],[139.28943,35.71331],[139.28805,35.71306],[139.28639,35.71336],[139.28501,35.71322],[139.28391,35.71288],[139.28335,35.71284],[139.2828,35.71297],[139.28169,35.71353],[139.28059,35.71355],[139.2792,35.71387],[139.27699,35.71393],[139.27644,35.71414],[139.27561,35.71467],[139.27422,35.71494],[139.27229,35.71448],[139.27202,35.71426],[139.27192,35.71398],[139.27212,35.71308],[139.27207,35.7124],[139.27161,35.7115],[139.27123,35.71105],[139.27094,35.71084],[139.2696,35.71059],[139.26873,35.71009],[139.26707,35.7102],[139.26625,35.70989],[139.26569,35.7098],[139.26514,35.70989],[139.26431,35.71019],[139.26265,35.71025],[139.26099,35.7105],[139.25849,35.71204],[139.25739,35.71226],[139.25656,35.71256],[139.256,35.71265],[139.25517,35.71262],[139.25407,35.71224],[139.25241,35.71219],[139.25159,35.71203],[139.25104,35.71179],[139.24994,35.71084],[139.24966,35.71072],[139.24939,35.71072],[139.24828,35.71101],[139.2469,35.71086],[139.24634,35.71102],[139.2459,35.71138],[139.24551,35.71236],[139.24523,35.7128],[139.24495,35.71291],[139.24412,35.71264],[139.24329,35.7126],[139.24302,35.71274],[139.24246,35.71334],[139.24218,35.71353],[139.2408,35.71408],[139.24024,35.71415],[139.23969,35.71412],[139.23914,35.71393],[139.23804,35.71338],[139.23749,35.71337],[139.23693,35.71364],[139.23582,35.71451],[139.23554,35.71458],[139.23471,35.71453],[139.2336,35.71508],[139.23305,35.71526],[139.23195,35.71518],[139.23112,35.71543],[139.23029,35.71551],[139.22973,35.71572],[139.2289,35.71625],[139.22862,35.71632],[139.22752,35.71632],[139.22641,35.71599],[139.22586,35.71594],[139.22365,35.71652],[139.22199,35.7163],[139.21922,35.71685],[139.21867,35.71713],[139.21728,35.71831],[139.217,35.71831],[139.21563,35.71739],[139.2148,35.71664],[139.21398,35.71638],[139.21372,35.71617],[139.21316,35.71543],[139.21288,35.71527],[139.21206,35.71504],[139.21178,35.71489],[139.21068,35.71388],[139.21013,35.71365],[139.20875,35.71332],[139.20792,35.71298],[139.2071,35.71278],[139.20664,35.71253],[139.20645,35.7123],[139.20624,35.71185],[139.2061,35.71117],[139.20563,35.71027],[139.20544,35.70959],[139.20545,35.70869],[139.20538,35.70847],[139.20458,35.70711],[139.20472,35.70621],[139.20434,35.70508],[139.20464,35.70418],[139.20519,35.70328],[139.20502,35.7008],[139.20469,35.6999],[139.20416,35.69951],[139.20361,35.69932],[139.20223,35.69929],[139.20085,35.69903],[139.20058,35.69889],[139.20028,35.69852],[139.20022,35.69807],[139.20059,35.6965],[139.20021,35.69447],[139.20019,35.69019],[139.19962,35.68883],[139.1993,35.68838],[139.199,35.68816],[139.19873,35.68808],[139.19845,35.68811],[139.19762,35.68859],[139.19734,35.68867],[139.19679,35.68867],[139.19569,35.68852],[139.19458,35.68888],[139.19347,35.68896],[139.19288,35.6888],[139.19155,35.68789],[139.18989,35.68767],[139.18962,35.68769],[139.18879,35.68795],[139.18685,35.68802],[139.18657,35.68809],[139.18546,35.68869],[139.18463,35.68899],[139.18436,35.68902],[139.18381,35.6889],[139.18243,35.68824],[139.1816,35.68818],[139.18077,35.68835],[139.17911,35.68909],[139.17856,35.68916],[139.17773,35.68906],[139.17662,35.6891],[139.17552,35.68904],[139.17414,35.68919],[139.17386,35.68916],[139.17193,35.68869],[139.17174,35.68846],[139.17176,35.68756],[139.17136,35.68643],[139.17128,35.68598],[139.17173,35.6844],[139.1715,35.68395],[139.17094,35.68349],[139.17065,35.68304],[139.17042,35.68214],[139.16997,35.68124],[139.16982,35.67988],[139.16956,35.67943],[139.16843,35.67807],[139.16819,35.6774],[139.16792,35.67694],[139.16624,35.67536],[139.16612,35.67491],[139.16607,35.674],[139.16574,35.67265],[139.16489,35.67135],[139.16462,35.67039],[139.16353,35.66923],[139.16201,35.66812],[139.16182,35.6679],[139.16176,35.66767],[139.16189,35.66725],[139.16215,35.667],[139.16355,35.6664],[139.16495,35.66509],[139.16506,35.66476],[139.16505,35.66386],[139.16523,35.66341],[139.166,35.66274],[139.16704,35.66162],[139.16699,35.65981],[139.16711,35.65936],[139.16748,35.659],[139.16806,35.65869],[139.1684,35.65824],[139.16859,35.65689],[139.16797,35.65554],[139.16783,35.65396],[139.16756,35.65351],[139.16688,35.65283],[139.16662,35.65237],[139.16669,35.6517],[139.16699,35.65128],[139.16727,35.65114],[139.16755,35.65111],[139.16865,35.65118],[139.16948,35.65136],[139.16975,35.6513],[139.17059,35.65088],[139.17169,35.65045],[139.17225,35.65038],[139.17307,35.65045],[139.17473,35.64995],[139.17567,35.64927],[139.1763,35.64815],[139.17707,35.64747],[139.1778,35.6467],[139.17891,35.64582],[139.1792,35.64568],[139.17974,35.64559],[139.18112,35.64576],[139.18388,35.64519],[139.18444,35.64524],[139.18609,35.64598],[139.18774,35.64644],[139.18967,35.64657],[139.19022,35.64679],[139.19077,35.64718],[139.19159,35.64756],[139.19205,35.64801],[139.19224,35.64846],[139.19238,35.64981],[139.19291,35.65071],[139.1935,35.65127],[139.19405,35.65157],[139.19432,35.65157],[139.19515,35.65133],[139.19571,35.65135],[139.19653,35.65182],[139.19735,35.65256],[139.1979,35.65281],[139.19845,35.65293],[139.19956,35.65286],[139.20094,35.65263],[139.20204,35.65269],[139.20232,35.65263],[139.20291,35.65234],[139.20371,35.65169],[139.20399,35.6516],[139.20509,35.65153],[139.20564,35.65131],[139.2062,35.65083],[139.20676,35.65009],[139.20731,35.64974],[139.20787,35.64959],[139.20925,35.64947],[139.21008,35.6492],[139.21118,35.64908],[139.21174,35.64887],[139.21257,35.64825],[139.21368,35.64769],[139.21482,35.64677],[139.21554,35.64587],[139.21567,35.64542],[139.21562,35.6452],[139.21502,35.64429],[139.21472,35.64362],[139.21467,35.64249],[139.21451,35.64159],[139.21517,35.64024],[139.21549,35.63934],[139.21528,35.63821],[139.21533,35.63731],[139.21559,35.63686],[139.21644,35.63596],[139.21684,35.63461],[139.21709,35.63437],[139.2182,35.63374],[139.21847,35.6335],[139.21904,35.63229],[139.21956,35.63147],[139.22074,35.63058],[139.2213,35.62968],[139.22139,35.62923],[139.22127,35.62878],[139.22041,35.62787],[139.21987,35.62719],[139.21961,35.62674],[139.21956,35.62629],[139.21984,35.62584],[139.2202,35.62561],[139.22241,35.62499],[139.22462,35.62412],[139.22523,35.62384],[139.22573,35.62346],[139.22629,35.62223],[139.22741,35.62108],[139.22825,35.6207],[139.22879,35.6203],[139.22967,35.61891],[139.23037,35.61688],[139.23031,35.61598],[139.22996,35.61485],[139.23001,35.61463],[139.23021,35.6144],[139.23247,35.61284],[139.23327,35.61217],[139.2341,35.61187],[139.23465,35.61157],[139.23549,35.61072],[139.23632,35.61007],[139.2366,35.60993],[139.23743,35.60976],[139.2377,35.60962],[139.23798,35.6093],[139.23808,35.60903],[139.23824,35.60768],[139.23851,35.60723],[139.23883,35.60694],[139.2391,35.60678],[139.24049,35.60632],[139.24297,35.60615],[139.24436,35.60569],[139.24546,35.60521],[139.24684,35.6051],[139.24767,35.60485],[139.2485,35.60443],[139.24934,35.60369],[139.25017,35.60339],[139.25072,35.60309],[139.25155,35.60224],[139.25183,35.60204],[139.25221,35.60189]]]}},{"type":"Feature","properties":{"no":42},"geometry":{"type":"Polygon","coordinates":[[[139.32646,35.71194],[139.32868,35.71127],[139.32895,35.71142],[139.32922,35.71219],[139.32941,35.71243],[139.33041,35.71311],[139.33069,35.71356],[139.33072,35.71401],[139.33062,35.71446],[139.33,35.71559],[139.32969,35.71649],[139.32947,35.71685],[139.32893,35.71739],[139.32863,35.71829],[139.32794,35.71896],[139.32667,35.71985],[139.32673,35.72008],[139.32752,35.72039],[139.32779,35.72059],[139.32806,35.72099],[139.3281,35.72121],[139.32768,35.72234],[139.32759,35.72346],[139.3274,35.72414],[139.32746,35.72459],[139.32777,35.72527],[139.32776,35.72566],[139.32758,35.72594],[139.3272,35.72626],[139.32692,35.72642],[139.32665,35.72648],[139.3261,35.72627],[139.32571,35.72593],[139.32557,35.72571],[139.32549,35.72526],[139.32565,35.72458],[139.32565,35.72413],[139.32541,35.72345],[139.32488,35.72278],[139.3248,35.72255],[139.32485,35.72233],[139.32519,35.72188],[139.32614,35.7212],[139.32626,35.72098],[139.32632,35.72008],[139.32393,35.71861],[139.32256,35.71816],[139.32228,35.71789],[139.32222,35.71758],[139.32246,35.71713],[139.32331,35.71623],[139.32389,35.71489],[139.32475,35.71354],[139.32552,35.71264],[139.32646,35.71194]]]}},{"type":"Feature","properties":{"no":43},"geometry":{"type":"MultiPolygon","coordinates":[[[[139.37449,35.76792],[139.37442,35.76827],[139.37449,35.76893],[139.37476,35.76906],[139.37505,35.76824],[139.37477,35.76781],[139.37449,35.76792]]],[[[139.3517,35.74157],[139.35087,35.74236],[139.34909,35.74383],[139.34848,35.74451],[139.34771,35.74518],[139.34753,35.74541],[139.34717,35.7463],[139.34668,35.74698],[139.34593,35.74765],[139.34504,35.7481],[139.34418,35.74877],[139.34398,35.74899],[139.3437,35.74967],[139.34282,35.75057],[139.34278,35.75102],[139.34292,35.75169],[139.34294,35.7526],[139.34307,35.75302],[139.34343,35.7535],[139.34389,35.75454],[139.34481,35.75531],[139.34507,35.75576],[139.34507,35.75666],[139.34445,35.75801],[139.34364,35.75868],[139.34303,35.75896],[139.34275,35.759],[139.34248,35.75894],[139.34137,35.7583],[139.3411,35.758],[139.34083,35.75749],[139.34055,35.75732],[139.33972,35.75728],[139.33889,35.75698],[139.33862,35.75698],[139.33834,35.75709],[139.33675,35.7582],[139.33638,35.75865],[139.33581,35.75978],[139.33574,35.76045],[139.33594,35.76136],[139.33579,35.76248],[139.33563,35.76293],[139.33569,35.76316],[139.33581,35.76326],[139.33609,35.76331],[139.33637,35.76324],[139.33702,35.76294],[139.3372,35.76271],[139.33727,35.76226],[139.33739,35.76204],[139.33804,35.76151],[139.33831,35.7614],[139.33859,35.76138],[139.33942,35.7615],[139.3397,35.76148],[139.34081,35.76096],[139.34192,35.76023],[139.34247,35.76014],[139.34275,35.76021],[139.3433,35.76066],[139.34363,35.76116],[139.34386,35.76184],[139.34395,35.76251],[139.34382,35.76274],[139.34303,35.76319],[139.34283,35.76341],[139.34234,35.76521],[139.34237,35.76566],[139.34294,35.76634],[139.34353,35.76672],[139.34409,35.76688],[139.34492,35.76694],[139.34574,35.76711],[139.3463,35.76706],[139.34658,35.76687],[139.34669,35.76658],[139.34662,35.76591],[139.34629,35.765],[139.34553,35.76432],[139.34541,35.76387],[139.34549,35.76375],[139.34577,35.76367],[139.34714,35.76412],[139.34742,35.76414],[139.34754,35.76411],[139.34767,35.76388],[139.34757,35.76366],[139.34714,35.7632],[139.34694,35.76275],[139.34688,35.76208],[139.34703,35.76095],[139.34696,35.7596],[139.34732,35.75915],[139.34794,35.7587],[139.34912,35.758],[139.34995,35.75776],[139.35105,35.75803],[139.35215,35.75872],[139.35326,35.75909],[139.35448,35.75985],[139.35574,35.76009],[139.35613,35.76031],[139.35712,35.76111],[139.35784,35.76189],[139.35877,35.76219],[139.35932,35.76252],[139.35946,35.7628],[139.35954,35.7637],[139.35974,35.76393],[139.36039,35.76438],[139.36071,35.76529],[139.36151,35.76582],[139.36161,35.76597],[139.36162,35.76619],[139.36092,35.76754],[139.36085,35.76889],[139.36097,35.76957],[139.36067,35.77069],[139.36037,35.77111],[139.35985,35.77159],[139.35978,35.77182],[139.35989,35.77249],[139.35985,35.77272],[139.35926,35.77339],[139.35935,35.77384],[139.35985,35.77452],[139.35993,35.77475],[139.35993,35.7752],[139.3601,35.77587],[139.35976,35.77655],[139.35991,35.77745],[139.35989,35.7779],[139.35968,35.7788],[139.35866,35.77992],[139.35808,35.78105],[139.35834,35.78218],[139.35829,35.7824],[139.35803,35.78263],[139.35745,35.78285],[139.35698,35.78336],[139.35671,35.78353],[139.3556,35.78367],[139.35449,35.7837],[139.35366,35.78424],[139.35338,35.78421],[139.35283,35.78401],[139.35255,35.784],[139.35172,35.7842],[139.35145,35.78415],[139.35062,35.78364],[139.35034,35.7836],[139.34915,35.78394],[139.3489,35.78417],[139.34865,35.78462],[139.3484,35.7848],[139.34812,35.78486],[139.34785,35.78482],[139.34751,35.78461],[139.34716,35.78393],[139.34675,35.78366],[139.34537,35.78375],[139.34426,35.78323],[139.34371,35.78314],[139.34095,35.78313],[139.33984,35.78326],[139.33956,35.7832],[139.33874,35.78255],[139.33846,35.78253],[139.33735,35.78285],[139.33652,35.78278],[139.33609,35.78254],[139.33595,35.78231],[139.3359,35.78186],[139.33573,35.78163],[139.33515,35.78134],[139.33442,35.78073],[139.33431,35.7805],[139.33431,35.78028],[139.33449,35.7796],[139.33446,35.77938],[139.33433,35.7792],[139.3335,35.77896],[139.33249,35.77847],[139.33228,35.77824],[139.33229,35.77779],[139.33299,35.77667],[139.3331,35.77599],[139.33304,35.77554],[139.33268,35.77486],[139.33266,35.77419],[139.33238,35.77351],[139.33249,35.77283],[139.33244,35.77255],[139.33216,35.77244],[139.33161,35.77272],[139.33133,35.77275],[139.33106,35.77268],[139.3294,35.77175],[139.32885,35.7716],[139.3285,35.77169],[139.32734,35.77236],[139.32425,35.77483],[139.32288,35.77572],[139.32177,35.77662],[139.32141,35.77707],[139.32138,35.77729],[139.32158,35.77774],[139.32217,35.77847],[139.32304,35.77933],[139.32373,35.78023],[139.32391,35.78068],[139.3239,35.78113],[139.32363,35.78158],[139.3227,35.78237],[139.32214,35.78274],[139.32124,35.78315],[139.32097,35.78338],[139.32065,35.7845],[139.32061,35.78495],[139.32065,35.78585],[139.32092,35.78676],[139.32077,35.78811],[139.32045,35.78838],[139.31989,35.78853],[139.31936,35.78878],[139.31866,35.78922],[139.31864,35.78945],[139.31906,35.78968],[139.31989,35.78979],[139.32044,35.78974],[139.32127,35.78938],[139.3221,35.78955],[139.32349,35.78885],[139.32571,35.78738],[139.32599,35.78728],[139.32626,35.78728],[139.32664,35.78746],[139.3275,35.78814],[139.32835,35.78904],[139.32965,35.79017],[139.32977,35.7904],[139.32977,35.79062],[139.32964,35.79085],[139.32894,35.79152],[139.32885,35.79175],[139.32893,35.79197],[139.33037,35.79326],[139.33065,35.79329],[139.33093,35.79318],[139.33232,35.79214],[139.33259,35.79204],[139.33287,35.79204],[139.33342,35.79233],[139.3348,35.79356],[139.33535,35.79368],[139.33673,35.79378],[139.33866,35.79455],[139.34005,35.79439],[139.34143,35.79436],[139.34226,35.79418],[139.34281,35.79415],[139.34316,35.79428],[139.34391,35.79489],[139.3464,35.7962],[139.34695,35.79635],[139.34723,35.79629],[139.34747,35.7961],[139.34778,35.79547],[139.34806,35.79523],[139.34917,35.79494],[139.34972,35.79464],[139.35023,35.79364],[139.35056,35.79338],[139.35139,35.79331],[139.3525,35.79344],[139.35333,35.79318],[139.35499,35.79359],[139.35665,35.79347],[139.35831,35.79298],[139.35859,35.79273],[139.35889,35.79209],[139.35914,35.79188],[139.35998,35.79165],[139.36274,35.79188],[139.36357,35.79178],[139.36551,35.79176],[139.36634,35.79161],[139.36689,35.79168],[139.368,35.79158],[139.36966,35.79162],[139.36993,35.79149],[139.37007,35.79124],[139.37006,35.79101],[139.36994,35.79083],[139.36911,35.79037],[139.36891,35.79011],[139.36898,35.78965],[139.36962,35.78831],[139.36968,35.78785],[139.3694,35.78756],[139.36833,35.78717],[139.36807,35.78695],[139.36788,35.78604],[139.36742,35.78559],[139.36734,35.78537],[139.36735,35.78492],[139.36749,35.78447],[139.36776,35.78417],[139.36915,35.78337],[139.36945,35.78312],[139.36974,35.78267],[139.36999,35.78177],[139.37027,35.78162],[139.3711,35.78158],[139.37137,35.78138],[139.37166,35.78066],[139.37185,35.78043],[139.3725,35.77998],[139.37305,35.77947],[139.37332,35.77952],[139.37498,35.78026],[139.37553,35.78037],[139.37608,35.78032],[139.37747,35.77993],[139.37941,35.77916],[139.37986,35.77888],[139.38008,35.77843],[139.38,35.7773],[139.38025,35.7771],[139.38108,35.77708],[139.38139,35.77686],[139.38149,35.77641],[139.3815,35.77483],[139.38143,35.77438],[139.38036,35.77325],[139.38009,35.77235],[139.37977,35.77189],[139.3789,35.77122],[139.37835,35.77098],[139.37752,35.7704],[139.37697,35.77023],[139.37614,35.77013],[139.37504,35.76949],[139.37476,35.76952],[139.37448,35.76968],[139.37428,35.76962],[139.37366,35.76911],[139.37338,35.76909],[139.37311,35.76939],[139.37336,35.77029],[139.37309,35.771],[139.37282,35.77117],[139.37116,35.77144],[139.3706,35.77168],[139.37008,35.77208],[139.37,35.77231],[139.37002,35.77298],[139.36976,35.77338],[139.36865,35.77403],[139.36838,35.77405],[139.36814,35.77388],[139.36798,35.77343],[139.36798,35.77253],[139.36842,35.77117],[139.36841,35.77072],[139.368,35.76982],[139.36741,35.76892],[139.36722,35.76802],[139.36695,35.76779],[139.36593,35.76754],[139.36565,35.76728],[139.36538,35.76598],[139.36461,35.76508],[139.36437,35.76462],[139.36453,35.76395],[139.36392,35.76372],[139.36358,35.76349],[139.36278,35.76236],[139.36269,35.76214],[139.36277,35.76191],[139.36325,35.76147],[139.36333,35.76124],[139.36322,35.76101],[139.36265,35.76084],[139.36209,35.76091],[139.36182,35.76087],[139.36179,35.76078],[139.3622,35.76033],[139.36222,35.76011],[139.3621,35.75997],[139.36182,35.7599],[139.36099,35.76],[139.36068,35.75988],[139.36044,35.75963],[139.36015,35.75875],[139.35907,35.75794],[139.35886,35.75717],[139.3584,35.75649],[139.35825,35.75607],[139.35745,35.75558],[139.35741,35.75536],[139.3576,35.75513],[139.35854,35.75466],[139.35873,35.75446],[139.35878,35.75424],[139.35854,35.7537],[139.3578,35.75333],[139.35765,35.75311],[139.35768,35.75266],[139.35809,35.75108],[139.35802,35.75063],[139.35773,35.75032],[139.35746,35.75026],[139.3569,35.75037],[139.35663,35.75031],[139.35648,35.75017],[139.35592,35.74882],[139.35547,35.74814],[139.35543,35.74791],[139.35554,35.74754],[139.35631,35.74702],[139.3564,35.74679],[139.35635,35.74657],[139.3561,35.74627],[139.35555,35.74595],[139.355,35.74576],[139.35444,35.74576],[139.35223,35.74649],[139.35056,35.74724],[139.35029,35.74728],[139.35021,35.74722],[139.35014,35.74699],[139.3502,35.74609],[139.35058,35.74497],[139.351,35.74452],[139.3529,35.74295],[139.35312,35.7425],[139.3529,35.74205],[139.35226,35.74156],[139.35198,35.74151],[139.3517,35.74157]],[[139.32322,35.78665],[139.3235,35.78699],[139.32346,35.78767],[139.32266,35.78869],[139.32238,35.78886],[139.3221,35.78888],[139.32201,35.78856],[139.32259,35.78699],[139.32275,35.78676],[139.32295,35.78664],[139.32322,35.78665]]]]}},{"type":"Feature","properties":{"no":44},"geometry":{"type":"MultiPolygon","coordinates":[[[[139.38595,35.5989],[139.3853,35.5993],[139.38459,35.6002],[139.38288,35.6011],[139.38266,35.60132],[139.38259,35.60155],[139.38263,35.60177],[139.38344,35.60289],[139.38372,35.603],[139.3862,35.60332],[139.38656,35.60359],[139.38702,35.60433],[139.38729,35.60446],[139.38785,35.60402],[139.38815,35.6036],[139.38825,35.60315],[139.38823,35.6027],[139.3879,35.60179],[139.38727,35.60066],[139.38701,35.59999],[139.38677,35.59879],[139.3865,35.59867],[139.38595,35.5989]]],[[[139.38788,35.60562],[139.38814,35.60607],[139.38838,35.60693],[139.38866,35.6072],[139.38949,35.6074],[139.38976,35.60757],[139.3904,35.60834],[139.39126,35.60879],[139.39188,35.60947],[139.39265,35.60992],[139.39333,35.61057],[139.39361,35.61064],[139.39443,35.61065],[139.39481,35.61083],[139.39553,35.61145],[139.39581,35.61136],[139.39582,35.61084],[139.39554,35.61015],[139.39417,35.60888],[139.39362,35.60807],[139.39255,35.60722],[139.3917,35.60691],[139.39059,35.60692],[139.39004,35.6068],[139.38939,35.6063],[139.38894,35.60559],[139.38867,35.60549],[139.38784,35.60536],[139.38788,35.60562]]],[[[139.3969,35.61312],[139.39718,35.61334],[139.39746,35.61325],[139.39757,35.61309],[139.39751,35.61287],[139.39718,35.61273],[139.39691,35.61283],[139.3969,35.61312]]]]}},{"type":"Feature","properties":{"no":45},"geometry":{"type":"Polygon","coordinates":[[[139.30908,35.6044],[139.30948,35.60431],[139.31114,35.60431],[139.31279,35.60465],[139.3139,35.6046],[139.31417,35.60464],[139.31472,35.60517],[139.315,35.60533],[139.31555,35.60541],[139.31585,35.60556],[139.31631,35.60646],[139.31683,35.60692],[139.31698,35.60714],[139.3173,35.6085],[139.31709,35.60917],[139.3169,35.60942],[139.3161,35.61007],[139.31602,35.61052],[139.31634,35.61087],[139.31661,35.61098],[139.31744,35.61114],[139.3186,35.61166],[139.31894,35.61188],[139.31898,35.61211],[139.31879,35.61256],[139.31882,35.61278],[139.31908,35.61314],[139.31991,35.61338],[139.32001,35.61347],[139.32009,35.61414],[139.32068,35.61505],[139.32045,35.61519],[139.31935,35.61516],[139.31824,35.61533],[139.31769,35.61523],[139.31742,35.61501],[139.31636,35.61345],[139.31605,35.61317],[139.31577,35.61306],[139.3155,35.61307],[139.31522,35.61321],[139.31439,35.61398],[139.31328,35.61457],[139.31135,35.61508],[139.30996,35.61578],[139.30941,35.61592],[139.30858,35.61596],[139.30775,35.61613],[139.3072,35.61613],[139.30637,35.61596],[139.30554,35.61588],[139.30334,35.61526],[139.30251,35.61533],[139.30141,35.61555],[139.30003,35.61594],[139.29837,35.616],[139.29782,35.61592],[139.29672,35.61554],[139.29561,35.6156],[139.29479,35.6154],[139.29437,35.61538],[139.29399,35.61561],[139.29398,35.61583],[139.2945,35.61651],[139.29459,35.61673],[139.29458,35.61719],[139.29435,35.61763],[139.29367,35.61853],[139.29345,35.61988],[139.29346,35.62034],[139.29341,35.62056],[139.29321,35.62078],[139.29282,35.62095],[139.29226,35.62099],[139.29144,35.62079],[139.29061,35.62076],[139.28951,35.6204],[139.28911,35.62054],[139.28834,35.62144],[139.28784,35.62171],[139.28729,35.62186],[139.28701,35.62182],[139.28674,35.62167],[139.28628,35.6212],[139.28592,35.62099],[139.28564,35.62094],[139.28481,35.62101],[139.28454,35.62096],[139.28371,35.62057],[139.28288,35.62061],[139.28261,35.62053],[139.28206,35.62009],[139.28178,35.61998],[139.28095,35.6201],[139.28013,35.61999],[139.2798,35.61982],[139.27931,35.61914],[139.27903,35.61903],[139.2782,35.61927],[139.27792,35.61931],[139.27765,35.61924],[139.27725,35.61891],[139.27697,35.61846],[139.27673,35.61778],[139.27659,35.61688],[139.27633,35.61643],[139.27556,35.61552],[139.27466,35.61484],[139.27427,35.61416],[139.27387,35.61394],[139.27355,35.61386],[139.273,35.61383],[139.27189,35.61396],[139.27161,35.61391],[139.27052,35.61321],[139.26926,35.61256],[139.26903,35.61234],[139.26896,35.61211],[139.26905,35.60986],[139.26916,35.60963],[139.26944,35.60953],[139.27109,35.60987],[139.27192,35.61032],[139.27302,35.61053],[139.27412,35.61097],[139.2755,35.6109],[139.27633,35.61095],[139.2777,35.61154],[139.27908,35.61139],[139.27963,35.61146],[139.28014,35.61171],[139.28089,35.61239],[139.28128,35.61265],[139.28183,35.61287],[139.28293,35.6131],[139.28514,35.61319],[139.28542,35.61311],[139.28625,35.61259],[139.28735,35.6125],[139.28929,35.61207],[139.28956,35.61209],[139.29012,35.61227],[139.29067,35.61228],[139.29205,35.61191],[139.29231,35.61177],[139.29261,35.61124],[139.29288,35.61098],[139.29344,35.61086],[139.29426,35.61094],[139.29454,35.61089],[139.29537,35.61038],[139.2962,35.61016],[139.29648,35.60999],[139.29674,35.60953],[139.29677,35.60886],[139.29706,35.60818],[139.29737,35.60796],[139.29815,35.60776],[139.29865,35.60751],[139.2991,35.60707],[139.29954,35.60639],[139.29981,35.60625],[139.30009,35.60619],[139.30092,35.60621],[139.30202,35.60578],[139.30396,35.60479],[139.30451,35.60482],[139.30644,35.60534],[139.30699,35.60533],[139.30817,35.60508],[139.30908,35.6044]]]}},{"type":"Feature","properties":{"no":46},"geometry":{"type":"Polygon","coordinates":[[[139.29966,35.73258],[139.2998,35.73239],[139.30008,35.73241],[139.30035,35.73259],[139.30087,35.73326],[139.30138,35.73372],[139.30162,35.73417],[139.30172,35.73498],[139.30199,35.73527],[139.30255,35.73539],[139.30365,35.73526],[139.30393,35.73528],[139.30503,35.73548],[139.3055,35.73576],[139.30622,35.73644],[139.30635,35.73667],[139.30632,35.73757],[139.30649,35.73802],[139.30667,35.73825],[139.30695,35.73838],[139.30778,35.73855],[139.30916,35.73838],[139.30999,35.73838],[139.31082,35.73848],[139.31137,35.73866],[139.31245,35.7394],[139.31262,35.73962],[139.31305,35.74053],[139.31309,35.74098],[139.3132,35.7412],[139.31439,35.74183],[139.31494,35.74181],[139.31633,35.74141],[139.3166,35.74138],[139.31696,35.74145],[139.3171,35.74167],[139.31691,35.74235],[139.31554,35.74482],[139.3152,35.74531],[139.31395,35.74662],[139.31273,35.74864],[139.31185,35.74939],[139.3113,35.74961],[139.31074,35.74963],[139.31028,35.74953],[139.31002,35.7493],[139.30999,35.74908],[139.31009,35.74885],[139.31113,35.74728],[139.31124,35.74705],[139.3112,35.74683],[139.31104,35.74672],[139.31021,35.74659],[139.30911,35.7462],[139.30883,35.74622],[139.30861,35.74637],[139.30847,35.74659],[139.30831,35.74727],[139.30799,35.74782],[139.30771,35.74802],[139.30661,35.74839],[139.30631,35.74861],[139.30622,35.74884],[139.30625,35.74906],[139.30641,35.74951],[139.3065,35.75019],[139.30681,35.75087],[139.3068,35.75109],[139.30667,35.75132],[139.30547,35.7523],[139.30431,35.75288],[139.30371,35.75333],[139.30344,35.75378],[139.30325,35.75467],[139.30297,35.75497],[139.30242,35.75516],[139.30104,35.75479],[139.29965,35.75479],[139.29827,35.75495],[139.29689,35.75461],[139.29634,35.75474],[139.29523,35.75534],[139.29417,35.75554],[139.29384,35.75576],[139.2937,35.75599],[139.29352,35.75689],[139.29328,35.75713],[139.2925,35.75756],[139.29189,35.7582],[139.29124,35.75868],[139.29068,35.75958],[139.29035,35.75981],[139.28994,35.75994],[139.28884,35.75978],[139.28828,35.75983],[139.28801,35.76007],[139.28768,35.7607],[139.28745,35.76085],[139.28717,35.7609],[139.28634,35.76084],[139.2844,35.7612],[139.2833,35.7612],[139.28247,35.76134],[139.28081,35.76124],[139.2797,35.76142],[139.2786,35.76147],[139.27777,35.76163],[139.27694,35.76166],[139.27611,35.76155],[139.27508,35.76109],[139.27445,35.76098],[139.27307,35.76107],[139.27197,35.76097],[139.27086,35.7611],[139.26948,35.76113],[139.26727,35.76015],[139.26672,35.76005],[139.26617,35.76007],[139.26451,35.76035],[139.26423,35.76032],[139.2634,35.76006],[139.26119,35.75996],[139.25953,35.76019],[139.25787,35.76025],[139.25676,35.76048],[139.25621,35.76032],[139.25596,35.7601],[139.25587,35.75965],[139.25595,35.75942],[139.25622,35.75912],[139.25761,35.75839],[139.26205,35.75562],[139.26371,35.75538],[139.26482,35.75537],[139.26565,35.75511],[139.26759,35.75477],[139.26864,35.7543],[139.26925,35.7537],[139.26981,35.75353],[139.27229,35.75354],[139.27367,35.75386],[139.27506,35.75368],[139.27561,35.75345],[139.27645,35.75276],[139.27728,35.75238],[139.27756,35.75209],[139.27868,35.74995],[139.27996,35.74894],[139.28039,35.74804],[139.28073,35.74692],[139.28077,35.74579],[139.2804,35.74421],[139.28013,35.74376],[139.27949,35.74308],[139.27947,35.74241],[139.27975,35.74196],[139.28088,35.74129],[139.28234,35.74058],[139.28317,35.74033],[139.28427,35.74049],[139.28538,35.74022],[139.28565,35.74029],[139.28638,35.74109],[139.28675,35.74127],[139.28703,35.74129],[139.28758,35.74111],[139.28814,35.74072],[139.28842,35.74063],[139.28952,35.74068],[139.29035,35.74093],[139.2909,35.74076],[139.29142,35.74043],[139.29201,35.73987],[139.29312,35.73964],[139.2934,35.7395],[139.29473,35.73842],[139.29535,35.7376],[139.29618,35.73734],[139.29645,35.73714],[139.29702,35.73561],[139.29791,35.73483],[139.29814,35.73415],[139.29841,35.73379],[139.29924,35.73346],[139.29949,35.73326],[139.2996,35.73303],[139.29966,35.73258]]]}},{"type":"Feature","properties":{"no":47},"geometry":{"type":"Polygon","coordinates":[[[139.29658,35.75488],[139.29689,35.75466],[139.29717,35.75466],[139.29827,35.75495],[139.29965,35.75479],[139.30131,35.75482],[139.30269,35.75526],[139.30287,35.75536],[139.30297,35.75558],[139.30285,35.75581],[139.30254,35.75603],[139.30237,35.75648],[139.30216,35.7567],[139.30157,35.75692],[139.30132,35.75715],[139.30121,35.75738],[139.30095,35.7585],[139.30117,35.7594],[139.30114,35.75963],[139.30067,35.7603],[139.30052,35.76098],[139.30017,35.76143],[139.30001,35.76188],[139.29999,35.76233],[139.30027,35.76301],[139.30021,35.76323],[139.29968,35.7639],[139.29931,35.76412],[139.29821,35.76428],[139.29769,35.76457],[139.29742,35.76502],[139.29742,35.76615],[139.29712,35.7666],[139.29681,35.76685],[139.29663,35.76659],[139.29671,35.76592],[139.29705,35.76502],[139.2971,35.76454],[139.29764,35.76344],[139.29754,35.76254],[139.29755,35.76142],[139.29801,35.76007],[139.29796,35.7598],[139.29738,35.75916],[139.29705,35.75758],[139.29697,35.75668],[139.29652,35.75533],[139.29658,35.75488]]]}},{"type":"Feature","properties":{"no":48},"geometry":{"type":"MultiPolygon","coordinates":[[[[139.32267,35.78685],[139.32201,35.78856],[139.3221,35.78888],[139.32238,35.78886],[139.32266,35.78869],[139.32346,35.78767],[139.32353,35.78722],[139.32338,35.78677],[139.32322,35.78665],[139.32295,35.78664],[139.32267,35.78685]]],[[[139.32052,35.77712],[139.31858,35.77817],[139.31802,35.77817],[139.3172,35.77786],[139.31683,35.77795],[139.31676,35.77817],[139.31682,35.77863],[139.31741,35.77953],[139.3173,35.78043],[139.31739,35.78111],[139.31727,35.78133],[139.3169,35.78168],[139.31634,35.78199],[139.31523,35.78243],[139.31468,35.78279],[139.31384,35.78305],[139.31301,35.78377],[139.31189,35.78551],[139.31131,35.78694],[139.31105,35.7872],[139.3105,35.78754],[139.31022,35.7876],[139.30911,35.78744],[139.30818,35.7876],[139.30801,35.7877],[139.30755,35.78827],[139.30717,35.78858],[139.30662,35.7888],[139.30579,35.78895],[139.30384,35.79029],[139.30329,35.79052],[139.30273,35.79036],[139.30136,35.78928],[139.30026,35.78869],[139.2997,35.78863],[139.29887,35.7888],[139.29832,35.78882],[139.29808,35.78891],[139.29658,35.79003],[139.29645,35.79025],[139.29646,35.79116],[139.29609,35.79175],[139.2947,35.79281],[139.29359,35.79349],[139.29334,35.79385],[139.29319,35.7943],[139.29219,35.79523],[139.29191,35.7954],[139.2908,35.79581],[139.28997,35.79591],[139.2897,35.79601],[139.28914,35.79635],[139.28582,35.7969],[139.28498,35.79771],[139.28332,35.79818],[139.28318,35.79831],[139.28283,35.79898],[139.28219,35.79943],[139.28193,35.7995],[139.28138,35.79948],[139.28055,35.79913],[139.28027,35.79908],[139.27944,35.79925],[139.27889,35.79926],[139.27641,35.79825],[139.27558,35.79807],[139.27475,35.79776],[139.27447,35.79771],[139.2742,35.79776],[139.27397,35.79804],[139.27449,35.79894],[139.27455,35.79917],[139.27449,35.79962],[139.27418,35.80012],[139.27323,35.80051],[139.27303,35.80096],[139.27299,35.80186],[139.27279,35.80209],[139.27223,35.80217],[139.27112,35.80209],[139.26947,35.80163],[139.26891,35.80164],[139.26857,35.80184],[139.26841,35.80207],[139.2684,35.80297],[139.26807,35.80328],[139.2678,35.80328],[139.26752,35.80319],[139.26727,35.80296],[139.26697,35.80243],[139.2667,35.80221],[139.26614,35.80203],[139.26504,35.80222],[139.26449,35.80193],[139.26355,35.80114],[139.26252,35.80001],[139.262,35.79911],[139.26204,35.79866],[139.26261,35.79798],[139.26268,35.79776],[139.26258,35.79752],[139.26231,35.79732],[139.26203,35.79725],[139.26148,35.79728],[139.26037,35.79756],[139.25954,35.79768],[139.25815,35.79759],[139.2576,35.79769],[139.25723,35.79796],[139.25676,35.79855],[139.25621,35.79908],[139.25574,35.79975],[139.25517,35.8002],[139.2548,35.80065],[139.25454,35.80084],[139.25426,35.80091],[139.25371,35.8008],[139.25316,35.80045],[139.25162,35.79861],[139.25041,35.79762],[139.25013,35.79747],[139.24903,35.79718],[139.24793,35.79672],[139.24655,35.79589],[139.24627,35.79584],[139.24544,35.79591],[139.24489,35.7957],[139.24467,35.79542],[139.24465,35.79452],[139.24435,35.79426],[139.24324,35.79418],[139.24158,35.79447],[139.24126,35.79473],[139.24099,35.79563],[139.24074,35.79583],[139.24047,35.79592],[139.2388,35.79606],[139.23687,35.79585],[139.23654,35.79606],[139.236,35.79718],[139.23575,35.79807],[139.23555,35.7983],[139.23519,35.79852],[139.23408,35.79885],[139.23376,35.7992],[139.2338,35.79965],[139.23489,35.80107],[139.23511,35.80146],[139.23521,35.80191],[139.23512,35.80213],[139.23489,35.80234],[139.23461,35.80246],[139.23295,35.8028],[139.23255,35.80302],[139.23211,35.80346],[139.23131,35.80527],[139.23064,35.80617],[139.23058,35.80639],[139.23076,35.80684],[139.23153,35.80741],[139.23159,35.80775],[139.23151,35.80797],[139.23125,35.80822],[139.23097,35.80832],[139.23014,35.80838],[139.22986,35.80854],[139.22971,35.80887],[139.22983,35.80954],[139.22957,35.80978],[139.22902,35.80989],[139.22874,35.81004],[139.22816,35.81111],[139.2279,35.8113],[139.22763,35.81137],[139.2268,35.81134],[139.22652,35.81141],[139.22541,35.81196],[139.22503,35.81222],[139.22404,35.81334],[139.22374,35.81355],[139.22318,35.81363],[139.22235,35.81345],[139.22208,35.81356],[139.22208,35.81424],[139.22162,35.81491],[139.22095,35.81539],[139.22012,35.81564],[139.21957,35.81556],[139.21902,35.81523],[139.21874,35.81516],[139.21764,35.81522],[139.21681,35.8151],[139.21653,35.81495],[139.21626,35.81466],[139.21602,35.81375],[139.21563,35.81308],[139.21497,35.81262],[139.21434,35.81196],[139.21379,35.81184],[139.21351,35.81191],[139.21326,35.81216],[139.21323,35.81239],[139.21387,35.81329],[139.21399,35.81509],[139.21419,35.81532],[139.21484,35.81578],[139.21495,35.816],[139.21498,35.81645],[139.21486,35.81685],[139.21453,35.81713],[139.21375,35.81727],[139.21319,35.81722],[139.21237,35.81687],[139.21091,35.81711],[139.21066,35.81733],[139.21046,35.81801],[139.20987,35.81935],[139.20949,35.8198],[139.20902,35.82007],[139.20847,35.82008],[139.20681,35.81941],[139.20654,35.81911],[139.20627,35.8184],[139.20599,35.81828],[139.20515,35.81865],[139.20433,35.81875],[139.20378,35.81864],[139.20342,35.81842],[139.20324,35.81819],[139.20317,35.81774],[139.20335,35.81707],[139.20296,35.81616],[139.20295,35.81594],[139.20307,35.81571],[139.20356,35.81527],[139.20464,35.81397],[139.20495,35.81347],[139.20519,35.81167],[139.20547,35.81099],[139.20522,35.81079],[139.20467,35.81098],[139.20383,35.81144],[139.20245,35.81185],[139.20189,35.81208],[139.19994,35.81344],[139.19884,35.81364],[139.19634,35.81447],[139.19579,35.81449],[139.19551,35.81433],[139.19469,35.81352],[139.19414,35.81314],[139.19358,35.81314],[139.19275,35.81337],[139.19109,35.81404],[139.1897,35.8149],[139.18859,35.8152],[139.18829,35.81541],[139.18771,35.81631],[139.18747,35.81646],[139.18719,35.81648],[139.18637,35.81627],[139.18594,35.81607],[139.18576,35.81585],[139.18561,35.81517],[139.18527,35.81482],[139.18472,35.81467],[139.18389,35.81479],[139.18334,35.81477],[139.18306,35.81468],[139.1828,35.81448],[139.18232,35.81358],[139.18203,35.81335],[139.18169,35.81329],[139.18086,35.81346],[139.18045,35.81334],[139.18026,35.81311],[139.18014,35.81244],[139.17969,35.81176],[139.17949,35.81151],[139.17921,35.81132],[139.17866,35.81108],[139.17843,35.81085],[139.17812,35.81017],[139.17729,35.80925],[139.17674,35.80897],[139.17591,35.80894],[139.17551,35.80903],[139.1752,35.80926],[139.17498,35.8097],[139.17469,35.81083],[139.17461,35.81173],[139.17429,35.81286],[139.17437,35.81331],[139.1749,35.81489],[139.17524,35.81557],[139.17587,35.81647],[139.17644,35.8176],[139.1767,35.81828],[139.17691,35.81918],[139.1773,35.82008],[139.17729,35.82053],[139.17676,35.82143],[139.17673,35.82278],[139.17603,35.82436],[139.17588,35.82526],[139.17546,35.82638],[139.17538,35.82683],[139.17549,35.82728],[139.17566,35.82751],[139.17783,35.83],[139.17806,35.83045],[139.17758,35.83135],[139.17747,35.83248],[139.17705,35.83338],[139.17722,35.83428],[139.17724,35.83495],[139.17708,35.83524],[139.17652,35.83571],[139.17624,35.83585],[139.17541,35.83607],[139.17486,35.83643],[139.17458,35.83675],[139.17429,35.83771],[139.17307,35.83854],[139.17206,35.83976],[139.17178,35.83992],[139.17095,35.8401],[139.16973,35.84055],[139.16915,35.84099],[139.16845,35.84136],[139.1664,35.84278],[139.16614,35.84323],[139.1663,35.84436],[139.16566,35.84571],[139.16457,35.84728],[139.16294,35.84885],[139.16279,35.84907],[139.16275,35.84952],[139.16306,35.8502],[139.16339,35.85057],[139.16367,35.85069],[139.16394,35.85071],[139.16422,35.85065],[139.16533,35.85018],[139.16644,35.84991],[139.16755,35.84989],[139.16893,35.84996],[139.16921,35.84985],[139.17032,35.84908],[139.17116,35.84866],[139.17171,35.84857],[139.1731,35.84853],[139.17393,35.84834],[139.17448,35.84809],[139.1756,35.84719],[139.17754,35.84648],[139.17921,35.84559],[139.18004,35.84503],[139.18115,35.84459],[139.1817,35.84399],[139.18199,35.84379],[139.18227,35.8437],[139.18338,35.8436],[139.18365,35.84347],[139.18421,35.84296],[139.18449,35.84283],[139.18504,35.84278],[139.18643,35.84293],[139.1867,35.84288],[139.18754,35.84229],[139.18837,35.842],[139.18948,35.84133],[139.19059,35.84105],[139.19198,35.84044],[139.19392,35.84015],[139.19586,35.84013],[139.19669,35.84022],[139.19724,35.84044],[139.19807,35.84093],[139.19917,35.84124],[139.20028,35.84127],[139.20166,35.84107],[139.20249,35.84109],[139.20284,35.84118],[139.20332,35.84139],[139.2036,35.84161],[139.20469,35.84299],[139.20481,35.84344],[139.20487,35.84434],[139.20523,35.84495],[139.20574,35.84547],[139.20683,35.84615],[139.20743,35.84637],[139.20854,35.84628],[139.2102,35.84629],[139.21075,35.84632],[139.21158,35.84648],[139.21214,35.8465],[139.21241,35.84645],[139.21269,35.8463],[139.21304,35.84596],[139.21353,35.84565],[139.21408,35.84553],[139.21463,35.8456],[139.21491,35.84556],[139.21519,35.8454],[139.21547,35.84507],[139.21585,35.8444],[139.21719,35.84373],[139.21825,35.84285],[139.21909,35.84261],[139.21936,35.84246],[139.21968,35.84216],[139.22018,35.84149],[139.22048,35.84125],[139.22159,35.8408],[139.22297,35.84068],[139.22436,35.84047],[139.22519,35.8402],[139.22755,35.83905],[139.22825,35.83828],[139.22912,35.83771],[139.22989,35.83703],[139.23075,35.83673],[139.23186,35.83665],[139.23269,35.83682],[139.23407,35.83777],[139.23512,35.83796],[139.23545,35.83812],[139.23576,35.83841],[139.2368,35.83977],[139.23709,35.84002],[139.23764,35.84025],[139.23903,35.84045],[139.24041,35.84027],[139.24109,35.84002],[139.2413,35.83979],[139.24149,35.83889],[139.24205,35.83754],[139.24237,35.83706],[139.24265,35.83681],[139.24293,35.83669],[139.24321,35.83666],[139.24459,35.8368],[139.24542,35.83697],[139.2468,35.83704],[139.24846,35.8376],[139.24901,35.8376],[139.24984,35.83748],[139.25067,35.83751],[139.25205,35.83812],[139.25399,35.83816],[139.25593,35.83779],[139.25635,35.83761],[139.25704,35.83718],[139.25842,35.83717],[139.2587,35.83701],[139.25901,35.8365],[139.25926,35.8363],[139.26009,35.83613],[139.26064,35.83621],[139.26202,35.8369],[139.26285,35.83722],[139.26423,35.83735],[139.26534,35.83757],[139.26672,35.83819],[139.26838,35.83832],[139.26948,35.83875],[139.27114,35.83951],[139.27197,35.8396],[139.27446,35.83961],[139.27639,35.83941],[139.2775,35.8396],[139.27805,35.83962],[139.27944,35.8394],[139.27989,35.83953],[139.28006,35.83975],[139.28026,35.84032],[139.28054,35.84046],[139.28109,35.84029],[139.28166,35.83976],[139.28245,35.83796],[139.28303,35.83706],[139.28389,35.8365],[139.28472,35.83616],[139.28527,35.8362],[139.2861,35.83687],[139.28665,35.8371],[139.28803,35.83729],[139.28969,35.83785],[139.29052,35.83788],[139.29135,35.83771],[139.29203,35.83733],[139.2943,35.83509],[139.29525,35.83429],[139.29552,35.83414],[139.2958,35.83415],[139.29608,35.83441],[139.29635,35.83505],[139.29662,35.8353],[139.29718,35.83542],[139.29801,35.83535],[139.29939,35.83488],[139.29967,35.83486],[139.3005,35.835],[139.30133,35.83481],[139.30159,35.83467],[139.30176,35.83444],[139.30176,35.83422],[139.3014,35.83354],[139.30126,35.83309],[139.30131,35.83264],[139.30167,35.83174],[139.30175,35.83129],[139.30132,35.82971],[139.30202,35.82836],[139.30212,35.82723],[139.30259,35.82611],[139.30265,35.82476],[139.30278,35.82443],[139.30306,35.8243],[139.30389,35.82414],[139.30457,35.82386],[139.30478,35.82364],[139.30501,35.82283],[139.30529,35.82267],[139.30584,35.82272],[139.30639,35.82292],[139.30832,35.82372],[139.30943,35.82427],[139.31025,35.82455],[139.31163,35.82525],[139.31219,35.82535],[139.31385,35.82536],[139.3144,35.82528],[139.31468,35.82516],[139.31495,35.82495],[139.31602,35.82369],[139.31595,35.82256],[139.31646,35.82099],[139.31646,35.81941],[139.31519,35.81693],[139.31504,35.81557],[139.31474,35.81519],[139.31419,35.81488],[139.31397,35.81467],[139.3139,35.81444],[139.31399,35.81422],[139.3142,35.81405],[139.31487,35.81377],[139.31497,35.81354],[139.31492,35.81332],[139.31432,35.81242],[139.31314,35.81151],[139.31299,35.81128],[139.31298,35.81106],[139.31332,35.81038],[139.31331,35.81016],[139.31269,35.80948],[139.3126,35.80925],[139.31263,35.80903],[139.31277,35.8088],[139.31333,35.80835],[139.31358,35.80791],[139.3135,35.807],[139.31358,35.80633],[139.31339,35.80565],[139.31346,35.80543],[139.3137,35.80517],[139.31426,35.80481],[139.31453,35.8047],[139.31536,35.80461],[139.31592,35.80437],[139.31614,35.80409],[139.31625,35.80341],[139.31639,35.80319],[139.31815,35.80169],[139.31898,35.80132],[139.32036,35.80126],[139.32069,35.80118],[139.32091,35.80095],[139.32092,35.80073],[139.32071,35.80005],[139.32079,35.79982],[139.32176,35.79894],[139.32255,35.79871],[139.32287,35.7985],[139.32395,35.79691],[139.32499,35.79579],[139.32538,35.79548],[139.32566,35.79533],[139.32649,35.79508],[139.32954,35.79447],[139.32999,35.79423],[139.33015,35.79401],[139.33022,35.79355],[139.33009,35.7931],[139.32955,35.7925],[139.32893,35.79197],[139.32885,35.79175],[139.32894,35.79152],[139.32964,35.79085],[139.32977,35.79062],[139.32977,35.7904],[139.32956,35.79009],[139.32835,35.78904],[139.32775,35.78836],[139.32654,35.78739],[139.32626,35.78728],[139.32599,35.78728],[139.32571,35.78738],[139.32349,35.78885],[139.3221,35.78955],[139.32127,35.78938],[139.32044,35.78974],[139.31989,35.78979],[139.31906,35.78968],[139.31864,35.78945],[139.31866,35.78922],[139.31936,35.78878],[139.31989,35.78853],[139.32045,35.78838],[139.32077,35.78811],[139.32092,35.78676],[139.32065,35.78585],[139.32061,35.78495],[139.32065,35.7845],[139.32097,35.78338],[139.32131,35.78311],[139.32242,35.78257],[139.32339,35.78181],[139.32381,35.78136],[139.32393,35.78091],[139.32384,35.78046],[139.32359,35.78001],[139.32115,35.77729],[139.3208,35.77712],[139.32052,35.77712]],[[139.31145,35.80159],[139.31131,35.80181],[139.31123,35.80186],[139.31107,35.80181],[139.31107,35.80159],[139.31124,35.80146],[139.31145,35.80159]]]]}},{"type":"Feature","properties":{"no":49},"geometry":{"type":"Polygon","coordinates":[[[139.39941,35.70617],[139.39971,35.70602],[139.40082,35.70646],[139.40248,35.7063],[139.40301,35.70641],[139.4033,35.70657],[139.40357,35.70686],[139.40367,35.70708],[139.40372,35.70889],[139.40387,35.70934],[139.40412,35.70954],[139.40439,35.70963],[139.40522,35.70971],[139.4054,35.70979],[139.40557,35.71002],[139.40563,35.7107],[139.40558,35.71903],[139.40544,35.71955],[139.40517,35.71977],[139.40489,35.71985],[139.40295,35.71998],[139.40185,35.72023],[139.40102,35.72022],[139.40047,35.72007],[139.39936,35.71955],[139.39909,35.71948],[139.39826,35.71948],[139.39743,35.71906],[139.3966,35.71909],[139.39633,35.71901],[139.3959,35.71877],[139.39549,35.71832],[139.39507,35.71809],[139.39467,35.7181],[139.39412,35.71827],[139.39384,35.71827],[139.39274,35.71774],[139.39247,35.71771],[139.39164,35.71785],[139.39081,35.71742],[139.39053,35.71744],[139.3897,35.71782],[139.38935,35.71762],[139.38975,35.71672],[139.38944,35.71605],[139.38936,35.7156],[139.38946,35.71537],[139.38986,35.71515],[139.39027,35.71509],[139.39165,35.71518],[139.39248,35.71534],[139.39276,35.71533],[139.39359,35.71503],[139.39414,35.71501],[139.39497,35.71474],[139.39635,35.71451],[139.39663,35.7146],[139.39706,35.71495],[139.39745,35.71509],[139.39856,35.7151],[139.39884,35.71506],[139.39911,35.71488],[139.39938,35.71428],[139.39928,35.71338],[139.3994,35.71225],[139.39929,35.71112],[139.39935,35.71045],[139.39928,35.70932],[139.39932,35.70662],[139.39941,35.70617]]]}},{"type":"Feature","properties":{"no":50},"geometry":{"type":"MultiPolygon","coordinates":[[[[139.29606,35.75506],[139.29523,35.75534],[139.29417,35.75554],[139.29384,35.75576],[139.2937,35.75599],[139.29352,35.75689],[139.29328,35.75713],[139.2925,35.75756],[139.29189,35.7582],[139.29124,35.75868],[139.29078,35.75947],[139.2905,35.75973],[139.28994,35.75994],[139.28884,35.75978],[139.28828,35.75983],[139.28801,35.76007],[139.28768,35.7607],[139.28745,35.76085],[139.28717,35.7609],[139.28634,35.76084],[139.2844,35.7612],[139.2833,35.7612],[139.28247,35.76134],[139.28081,35.76124],[139.2797,35.76142],[139.2786,35.76147],[139.27777,35.76163],[139.27694,35.76166],[139.27611,35.76155],[139.27508,35.76109],[139.27445,35.76098],[139.27307,35.76107],[139.27197,35.76097],[139.27086,35.7611],[139.26948,35.76113],[139.26727,35.76015],[139.26672,35.76005],[139.26617,35.76007],[139.26451,35.76035],[139.26423,35.76032],[139.2634,35.76006],[139.26147,35.75995],[139.26036,35.76004],[139.25953,35.76019],[139.25787,35.76025],[139.25755,35.76033],[139.25714,35.76055],[139.25676,35.76123],[139.25648,35.76154],[139.25594,35.7619],[139.25537,35.76213],[139.25512,35.76235],[139.25479,35.76302],[139.25397,35.76388],[139.25298,35.76414],[139.25201,35.76458],[139.25167,35.76481],[139.25092,35.76578],[139.25036,35.76609],[139.24953,35.76641],[139.24842,35.76668],[139.24759,35.76674],[139.24621,35.76728],[139.24565,35.76736],[139.24482,35.76733],[139.24372,35.767],[139.24289,35.76691],[139.24179,35.76691],[139.24068,35.76709],[139.23874,35.76719],[139.23842,35.76745],[139.23827,35.76812],[139.23815,35.76835],[139.2379,35.76856],[139.23569,35.76925],[139.23513,35.76925],[139.23348,35.76873],[139.2321,35.76881],[139.23174,35.76899],[139.23107,35.76966],[139.23072,35.76989],[139.23015,35.7701],[139.22932,35.77056],[139.22849,35.77079],[139.22737,35.77181],[139.22709,35.77191],[139.22599,35.77188],[139.22543,35.77208],[139.22432,35.77272],[139.22405,35.77279],[139.22294,35.77249],[139.22239,35.77256],[139.22183,35.77289],[139.221,35.77363],[139.22072,35.77374],[139.22045,35.77372],[139.21962,35.77341],[139.21879,35.77328],[139.21796,35.77298],[139.21741,35.77287],[139.21686,35.77289],[139.21548,35.77319],[139.21464,35.77379],[139.21408,35.77396],[139.21298,35.77393],[139.21187,35.77354],[139.21105,35.77338],[139.21073,35.77339],[139.21021,35.77369],[139.20948,35.77451],[139.20938,35.77496],[139.20942,35.77564],[139.20927,35.77586],[139.20785,35.77676],[139.20659,35.77808],[139.20575,35.77837],[139.20548,35.77854],[139.20481,35.77967],[139.2038,35.78013],[139.20355,35.78034],[139.20324,35.78101],[139.20216,35.78236],[139.20157,35.78276],[139.20021,35.78393],[139.19918,35.78437],[139.1989,35.7846],[139.19864,35.78505],[139.19858,35.78595],[139.19847,35.78617],[139.1982,35.7864],[139.19767,35.78657],[139.19711,35.78669],[139.19573,35.78681],[139.19462,35.78724],[139.19351,35.78787],[139.19274,35.78884],[139.19239,35.78901],[139.19212,35.78902],[139.19129,35.78876],[139.19074,35.78873],[139.19018,35.78881],[139.18935,35.78906],[139.1888,35.78906],[139.18797,35.78876],[139.18687,35.78811],[139.18632,35.78789],[139.18577,35.7878],[139.18411,35.78775],[139.18328,35.78759],[139.1819,35.78751],[139.18135,35.78737],[139.18052,35.78701],[139.17914,35.78614],[139.17556,35.78478],[139.17446,35.7841],[139.17238,35.78243],[139.17171,35.78204],[139.17061,35.78171],[139.16812,35.78131],[139.16647,35.78081],[139.16618,35.78059],[139.16565,35.7797],[139.16539,35.77946],[139.16427,35.77901],[139.16344,35.77858],[139.16191,35.77741],[139.16152,35.77719],[139.16124,35.77712],[139.16069,35.77716],[139.1593,35.77766],[139.15875,35.7777],[139.15842,35.77739],[139.15836,35.77649],[139.15812,35.77581],[139.15812,35.77536],[139.15832,35.77469],[139.15832,35.77424],[139.1581,35.77378],[139.15795,35.77364],[139.15768,35.77354],[139.15685,35.77365],[139.1563,35.77362],[139.15547,35.77332],[139.15492,35.77322],[139.15436,35.77329],[139.15375,35.77353],[139.15314,35.77398],[139.15278,35.77443],[139.15234,35.77578],[139.152,35.77623],[139.14962,35.77835],[139.14906,35.77867],[139.14879,35.77867],[139.14851,35.77846],[139.14834,35.77801],[139.14834,35.77711],[139.1482,35.77643],[139.1483,35.77576],[139.14821,35.77553],[139.14799,35.77533],[139.14743,35.77521],[139.14683,35.7753],[139.14641,35.77552],[139.14577,35.77621],[139.14493,35.77671],[139.14466,35.7768],[139.14438,35.77679],[139.143,35.7761],[139.14273,35.77578],[139.14218,35.7748],[139.14108,35.7741],[139.14015,35.77323],[139.13944,35.77231],[139.1391,35.7721],[139.13861,35.77203],[139.13806,35.77225],[139.13779,35.77254],[139.13769,35.77277],[139.13761,35.77434],[139.13735,35.77547],[139.13727,35.77795],[139.13752,35.7784],[139.13828,35.77879],[139.13883,35.77894],[139.14021,35.77904],[139.14049,35.77914],[139.14162,35.77977],[139.14189,35.78],[139.14239,35.78068],[139.14268,35.78089],[139.14296,35.78098],[139.14434,35.78111],[139.14572,35.78148],[139.146,35.78148],[139.14628,35.78135],[139.14765,35.78003],[139.14795,35.77983],[139.1485,35.77975],[139.14933,35.78004],[139.1496,35.78005],[139.14988,35.77993],[139.15089,35.77915],[139.15127,35.77897],[139.15155,35.77895],[139.1521,35.77905],[139.15265,35.7793],[139.1532,35.77966],[139.15403,35.77988],[139.15431,35.78001],[139.15457,35.7803],[139.15466,35.78052],[139.15466,35.78143],[139.15485,35.78161],[139.15568,35.78153],[139.15623,35.78162],[139.15681,35.78189],[139.1576,35.78255],[139.15843,35.78275],[139.15871,35.78288],[139.159,35.78325],[139.15903,35.7837],[139.15886,35.78393],[139.1587,35.78401],[139.15759,35.78407],[139.15675,35.78437],[139.1562,35.78477],[139.15543,35.78571],[139.15543,35.78594],[139.15555,35.78616],[139.1565,35.78707],[139.15789,35.78888],[139.15794,35.78911],[139.15785,35.78933],[139.15735,35.78978],[139.15726,35.79],[139.15761,35.79091],[139.15753,35.79133],[139.15724,35.79181],[139.15739,35.79203],[139.15835,35.79227],[139.16049,35.79385],[139.16193,35.79457],[139.16248,35.79474],[139.16276,35.79464],[139.16331,35.79395],[139.16415,35.79369],[139.16442,35.79348],[139.16454,35.7932],[139.16458,35.79252],[139.16471,35.79208],[139.16491,35.79185],[139.16527,35.79163],[139.16582,35.79155],[139.16776,35.79157],[139.16831,35.79178],[139.16914,35.79232],[139.16969,35.79242],[139.17024,35.79233],[139.17128,35.79166],[139.17163,35.79153],[139.17191,35.79152],[139.17246,35.79166],[139.17301,35.79208],[139.17331,35.79257],[139.17347,35.79347],[139.17345,35.79392],[139.17289,35.79527],[139.17273,35.7964],[139.17179,35.79774],[139.17158,35.79819],[139.17159,35.79842],[139.1718,35.79865],[139.17213,35.79873],[139.17277,35.79865],[139.17304,35.79843],[139.17313,35.7982],[139.17327,35.7973],[139.17352,35.79708],[139.1738,35.79698],[139.17408,35.79697],[139.17435,35.79707],[139.17456,35.79731],[139.17458,35.79776],[139.17446,35.79844],[139.17398,35.79911],[139.17394,35.79933],[139.17406,35.79948],[139.17438,35.79934],[139.17449,35.79889],[139.17481,35.79844],[139.17666,35.79732],[139.17673,35.7971],[139.17658,35.79687],[139.17604,35.79642],[139.17589,35.79619],[139.17593,35.79574],[139.17753,35.79417],[139.17826,35.79331],[139.17884,35.79283],[139.17993,35.7915],[139.18049,35.79054],[139.18077,35.79029],[139.18132,35.79011],[139.18243,35.7904],[139.1827,35.79036],[139.18354,35.79004],[139.18381,35.79003],[139.18436,35.79028],[139.18546,35.79124],[139.18679,35.79332],[139.18792,35.7946],[139.1882,35.79466],[139.18986,35.79465],[139.19069,35.79425],[139.19097,35.79418],[139.19149,35.79425],[139.1918,35.79442],[139.19202,35.7947],[139.19205,35.79493],[139.19195,35.7956],[139.19203,35.79605],[139.19257,35.79696],[139.1931,35.79741],[139.19398,35.79783],[139.19453,35.79821],[139.19618,35.79958],[139.19701,35.80042],[139.19728,35.80054],[139.19783,35.80051],[139.19867,35.80018],[139.1995,35.7997],[139.20005,35.79964],[139.20061,35.79983],[139.20111,35.80016],[139.20169,35.80083],[139.20198,35.80103],[139.20253,35.80108],[139.20392,35.80085],[139.20447,35.80056],[139.20625,35.79906],[139.20701,35.79816],[139.20714,35.79771],[139.20695,35.79703],[139.20712,35.79636],[139.20684,35.79523],[139.20701,35.79486],[139.20728,35.79472],[139.20784,35.79467],[139.2095,35.7949],[139.2106,35.79487],[139.21116,35.79466],[139.21237,35.79368],[139.21264,35.79323],[139.21277,35.7921],[139.21298,35.79143],[139.21318,35.79121],[139.21395,35.79067],[139.21475,35.79031],[139.21477,35.79009],[139.21434,35.78941],[139.2143,35.78896],[139.21468,35.78851],[139.2154,35.78806],[139.21561,35.78784],[139.2156,35.78761],[139.21538,35.78739],[139.2146,35.78693],[139.21441,35.7867],[139.21424,35.78603],[139.21443,35.78535],[139.21457,35.78513],[139.21483,35.78493],[139.21566,35.7847],[139.21606,35.78446],[139.21616,35.78424],[139.21623,35.78356],[139.21678,35.78292],[139.21733,35.78261],[139.21817,35.78237],[139.21872,35.78242],[139.21927,35.78257],[139.21982,35.78253],[139.22016,35.78223],[139.22032,35.78178],[139.22049,35.78155],[139.22094,35.78132],[139.22232,35.78106],[139.22315,35.78115],[139.22348,35.78112],[139.22399,35.78084],[139.22482,35.78016],[139.2251,35.78004],[139.22593,35.78003],[139.2262,35.77988],[139.22642,35.77933],[139.22676,35.77899],[139.22732,35.7789],[139.22815,35.77906],[139.22837,35.77889],[139.22874,35.77822],[139.22926,35.77782],[139.22954,35.77772],[139.23009,35.77777],[139.23064,35.7785],[139.23106,35.77845],[139.23175,35.77794],[139.2323,35.77775],[139.23313,35.77789],[139.23396,35.77776],[139.23424,35.77782],[139.23451,35.77799],[139.23583,35.77915],[139.23619,35.78028],[139.23585,35.78095],[139.23585,35.78118],[139.2364,35.78208],[139.23669,35.78233],[139.23862,35.78336],[139.23972,35.78425],[139.2405,35.78526],[139.24115,35.78594],[139.24148,35.78662],[139.24224,35.78752],[139.24269,35.78775],[139.24301,35.78783],[139.24384,35.78786],[139.24467,35.78769],[139.24532,35.78731],[139.24627,35.78574],[139.24644,35.78529],[139.24635,35.78505],[139.245,35.78461],[139.24473,35.78438],[139.24462,35.78393],[139.24495,35.78303],[139.24527,35.78262],[139.24605,35.78213],[139.24666,35.7816],[139.24749,35.78122],[139.24776,35.78117],[139.24832,35.78121],[139.24915,35.78148],[139.24997,35.78199],[139.25025,35.78202],[139.25052,35.78197],[139.25192,35.78075],[139.25219,35.78062],[139.25358,35.78027],[139.25441,35.78034],[139.25468,35.78015],[139.25493,35.77947],[139.25525,35.77926],[139.25635,35.77908],[139.25746,35.77926],[139.25778,35.77948],[139.25822,35.78016],[139.25928,35.78107],[139.25965,35.7813],[139.25993,35.78134],[139.26104,35.78103],[139.26187,35.78053],[139.26298,35.78003],[139.26367,35.77951],[139.26492,35.77916],[139.2652,35.77924],[139.26579,35.77975],[139.26624,35.78043],[139.26713,35.78066],[139.2674,35.7808],[139.26778,35.78111],[139.26836,35.78179],[139.26878,35.78188],[139.26933,35.78182],[139.26961,35.78177],[139.26997,35.78157],[139.27043,35.78112],[139.2705,35.7809],[139.27042,35.78067],[139.26999,35.78022],[139.26991,35.77999],[139.27003,35.77909],[139.26997,35.77842],[139.27012,35.77819],[139.27046,35.77796],[139.27185,35.77748],[139.2724,35.77738],[139.27268,35.77741],[139.27323,35.77765],[139.27433,35.77843],[139.27461,35.77854],[139.27544,35.77877],[139.27654,35.77891],[139.27736,35.78021],[139.27764,35.78051],[139.27791,35.7805],[139.27847,35.7802],[139.27892,35.77981],[139.28038,35.77734],[139.28115,35.77644],[139.28181,35.77594],[139.28209,35.77584],[139.28237,35.77584],[139.28292,35.77615],[139.2832,35.77612],[139.28375,35.77572],[139.28431,35.7756],[139.28458,35.77564],[139.28541,35.77599],[139.28707,35.776],[139.28762,35.77593],[139.28901,35.7755],[139.29011,35.77567],[139.29067,35.77555],[139.29179,35.77491],[139.29199,35.77469],[139.29203,35.77446],[139.29178,35.77418],[139.29068,35.77389],[139.29026,35.77355],[139.29016,35.77333],[139.29009,35.77265],[139.28917,35.77174],[139.28909,35.77152],[139.28932,35.77086],[139.28959,35.7706],[139.2907,35.76994],[139.29126,35.76973],[139.29209,35.76929],[139.29302,35.76906],[139.29404,35.76816],[139.29423,35.76771],[139.29431,35.76703],[139.29448,35.76681],[139.29487,35.76664],[139.2957,35.76671],[139.29598,35.76665],[139.29626,35.76638],[139.29633,35.76614],[139.29615,35.76524],[139.29617,35.76434],[139.29652,35.76299],[139.29716,35.76119],[139.29746,35.76006],[139.29692,35.75646],[139.29633,35.75516],[139.29606,35.75506]]],[[[139.17851,35.79649],[139.17738,35.79732],[139.17754,35.79755],[139.17808,35.79778],[139.17849,35.7979],[139.17905,35.7979],[139.1796,35.79765],[139.1802,35.79711],[139.18027,35.79689],[139.1802,35.79666],[139.17989,35.79637],[139.17961,35.79625],[139.17906,35.79627],[139.17851,35.79649]]]]}},{"type":"Feature","properties":{"no":51},"geometry":{"type":"Polygon","coordinates":[[[139.76668,35.59291],[139.76698,35.59282],[139.76726,35.59285],[139.76974,35.594],[139.77272,35.59561],[139.77286,35.59584],[139.77283,35.59607],[139.77226,35.59697],[139.77061,35.59922],[139.76969,35.60035],[139.76401,35.608],[139.76378,35.60845],[139.76369,35.60936],[139.76342,35.61026],[139.76222,35.61386],[139.762,35.61429],[139.76172,35.61453],[139.76144,35.61462],[139.76117,35.6146],[139.76034,35.61376],[139.75907,35.61273],[139.75884,35.61228],[139.75877,35.61183],[139.75891,35.61138],[139.75948,35.61025],[139.76004,35.60935],[139.76044,35.60823],[139.76047,35.60778],[139.76028,35.6071],[139.76031,35.60688],[139.7606,35.60665],[139.76169,35.6062],[139.76185,35.60597],[139.76186,35.60575],[139.76152,35.60507],[139.76092,35.60417],[139.76063,35.60398],[139.76035,35.60392],[139.76007,35.60397],[139.75972,35.60417],[139.75901,35.6053],[139.75842,35.60583],[139.75814,35.60598],[139.75787,35.60599],[139.75761,35.60575],[139.75746,35.60485],[139.75744,35.60372],[139.75731,35.60327],[139.7569,35.60282],[139.75575,35.60191],[139.75554,35.60146],[139.75552,35.59921],[139.75533,35.59831],[139.75555,35.59696],[139.75562,35.59673],[139.75587,35.59651],[139.75622,35.59643],[139.75677,35.59651],[139.75732,35.59677],[139.7576,35.59682],[139.75787,35.59676],[139.75925,35.59596],[139.75981,35.5958],[139.76036,35.59599],[139.76091,35.59651],[139.76118,35.59665],[139.76146,35.59665],[139.76174,35.59645],[139.76209,35.59583],[139.76312,35.59548],[139.76418,35.59471],[139.76505,35.59454],[139.76533,35.59441],[139.76588,35.59386],[139.7664,35.59313],[139.76668,35.59291]]]}},{"type":"Feature","properties":{"no":52},"geometry":{"type":"Polygon","coordinates":[[[139.24515,35.73706],[139.2456,35.73684],[139.24588,35.73688],[139.24605,35.73706],[139.24626,35.73774],[139.2468,35.73842],[139.24724,35.73924],[139.24834,35.74004],[139.24917,35.74037],[139.24972,35.74031],[139.25055,35.73997],[139.25083,35.74007],[139.25138,35.74068],[139.2522,35.74205],[139.25357,35.74331],[139.25412,35.74359],[139.25495,35.74374],[139.2555,35.74372],[139.25716,35.7433],[139.25772,35.74291],[139.25807,35.74208],[139.25843,35.74186],[139.25911,35.7416],[139.26022,35.7417],[139.26132,35.74156],[139.26243,35.74188],[139.2627,35.74183],[139.26326,35.74133],[139.26354,35.74118],[139.26381,35.74115],[139.26464,35.74125],[139.26547,35.74103],[139.26602,35.74111],[139.26685,35.74148],[139.26713,35.74168],[139.26767,35.7424],[139.26795,35.74253],[139.26822,35.74256],[139.26905,35.74247],[139.26933,35.74253],[139.26972,35.74281],[139.27015,35.74334],[139.27043,35.74346],[139.27071,35.74344],[139.27177,35.74305],[139.27303,35.74215],[139.27403,35.74179],[139.27514,35.74126],[139.27636,35.74036],[139.27785,35.73902],[139.27846,35.73834],[139.27904,35.73815],[139.27959,35.73826],[139.28041,35.73873],[139.28068,35.73903],[139.28096,35.73966],[139.28123,35.7399],[139.28151,35.73997],[139.28262,35.73984],[139.28295,35.73994],[139.28302,35.74017],[139.28012,35.7417],[139.27957,35.74218],[139.27944,35.74263],[139.27949,35.74308],[139.28013,35.74376],[139.28038,35.74416],[139.28074,35.74557],[139.28073,35.74692],[139.28039,35.74804],[139.27996,35.74894],[139.27868,35.74995],[139.27756,35.75209],[139.27728,35.75238],[139.27645,35.75276],[139.27561,35.75345],[139.27506,35.75368],[139.27367,35.75386],[139.27229,35.75354],[139.26981,35.75353],[139.26925,35.7537],[139.26864,35.7543],[139.26759,35.75477],[139.26565,35.75511],[139.26482,35.75537],[139.26371,35.75538],[139.26205,35.75562],[139.2585,35.75786],[139.25613,35.7592],[139.25594,35.75944],[139.25587,35.75987],[139.25596,35.7601],[139.25672,35.76078],[139.25679,35.761],[139.25658,35.76145],[139.2562,35.76176],[139.25537,35.76213],[139.25512,35.76235],[139.25479,35.76302],[139.25397,35.76388],[139.25298,35.76414],[139.25201,35.76458],[139.25167,35.76481],[139.25092,35.76578],[139.25036,35.76609],[139.24953,35.76641],[139.24842,35.76668],[139.24759,35.76674],[139.24621,35.76728],[139.24565,35.76736],[139.24482,35.76733],[139.24372,35.767],[139.24289,35.76691],[139.24179,35.76691],[139.24068,35.76709],[139.23874,35.76719],[139.23842,35.76745],[139.23827,35.76812],[139.23815,35.76835],[139.2379,35.76856],[139.23569,35.76925],[139.23513,35.76925],[139.23348,35.76873],[139.2321,35.76881],[139.23174,35.76899],[139.23107,35.76966],[139.23072,35.76989],[139.23015,35.7701],[139.22932,35.77056],[139.22849,35.77079],[139.22737,35.77181],[139.22709,35.77191],[139.22599,35.77188],[139.22543,35.77208],[139.22432,35.77272],[139.22405,35.77279],[139.22294,35.77249],[139.22239,35.77256],[139.22183,35.77289],[139.221,35.77363],[139.22072,35.77374],[139.22045,35.77372],[139.21962,35.77341],[139.21879,35.77328],[139.21796,35.77298],[139.21741,35.77287],[139.21686,35.77289],[139.21548,35.77319],[139.21464,35.77379],[139.21408,35.77396],[139.21298,35.77393],[139.21187,35.77354],[139.21105,35.77338],[139.21077,35.77338],[139.21049,35.77347],[139.20982,35.77406],[139.20948,35.77451],[139.20938,35.77496],[139.20942,35.77564],[139.20927,35.77586],[139.20785,35.77676],[139.20659,35.77808],[139.20575,35.77837],[139.20548,35.77854],[139.20481,35.77967],[139.2038,35.78013],[139.20355,35.78034],[139.20324,35.78101],[139.20216,35.78236],[139.20157,35.78276],[139.20021,35.78393],[139.19918,35.78437],[139.1989,35.7846],[139.19864,35.78505],[139.19858,35.78595],[139.19847,35.78617],[139.1982,35.7864],[139.19767,35.78657],[139.19711,35.78669],[139.19573,35.78681],[139.19462,35.78724],[139.19351,35.78787],[139.19274,35.78884],[139.19239,35.78901],[139.19212,35.78902],[139.19129,35.78876],[139.19074,35.78873],[139.19018,35.78881],[139.18935,35.78906],[139.1888,35.78906],[139.18797,35.78876],[139.18687,35.78811],[139.18632,35.78789],[139.18577,35.7878],[139.18411,35.78775],[139.18328,35.78759],[139.1819,35.78751],[139.18135,35.78737],[139.18052,35.78701],[139.17914,35.78614],[139.17556,35.78478],[139.17446,35.7841],[139.17238,35.78243],[139.17171,35.78204],[139.17061,35.78171],[139.16812,35.78131],[139.16647,35.78081],[139.16618,35.78059],[139.16565,35.7797],[139.16539,35.77946],[139.16425,35.779],[139.16349,35.77855],[139.16337,35.77832],[139.16342,35.77809],[139.16361,35.77787],[139.16617,35.77586],[139.16651,35.77576],[139.16706,35.77583],[139.16762,35.77573],[139.17123,35.77389],[139.17678,35.77092],[139.17733,35.77071],[139.17851,35.77052],[139.179,35.77031],[139.17927,35.7701],[139.1805,35.76872],[139.18077,35.76828],[139.18098,35.7676],[139.18098,35.76715],[139.18039,35.76579],[139.18033,35.76534],[139.18068,35.76399],[139.18099,35.76349],[139.18155,35.76294],[139.1821,35.76278],[139.18404,35.76274],[139.18542,35.76247],[139.18603,35.76222],[139.18732,35.76132],[139.18764,35.76126],[139.18792,35.76137],[139.18874,35.76205],[139.18929,35.76213],[139.1904,35.76183],[139.19373,35.76072],[139.19428,35.7605],[139.19539,35.75988],[139.1979,35.75796],[139.19845,35.75787],[139.19928,35.75804],[139.19983,35.75806],[139.20122,35.75755],[139.20195,35.7569],[139.20261,35.75667],[139.20419,35.75578],[139.20449,35.75533],[139.20481,35.75443],[139.20512,35.75407],[139.20539,35.75393],[139.20622,35.75376],[139.2065,35.75362],[139.20789,35.75261],[139.20928,35.75217],[139.21066,35.75196],[139.21121,35.752],[139.21204,35.75225],[139.21232,35.7522],[139.21259,35.75205],[139.21282,35.75177],[139.21286,35.75154],[139.21271,35.74974],[139.2125,35.74884],[139.21257,35.74839],[139.21276,35.74816],[139.21459,35.74682],[139.21495,35.74615],[139.21505,35.74502],[139.21517,35.7448],[139.21542,35.7446],[139.21597,35.74448],[139.21735,35.74451],[139.21873,35.74436],[139.21913,35.74414],[139.22012,35.74339],[139.22068,35.74318],[139.22261,35.74333],[139.22372,35.74301],[139.22455,35.74293],[139.22538,35.74297],[139.22613,35.74327],[139.22651,35.7435],[139.22722,35.74441],[139.22758,35.74462],[139.22813,35.74466],[139.22979,35.74437],[139.23069,35.74442],[139.23182,35.74398],[139.23205,35.74376],[139.23213,35.74353],[139.23215,35.74285],[139.23154,35.74218],[139.23148,35.74195],[139.23159,35.7415],[139.23175,35.74131],[139.23203,35.74117],[139.23369,35.74061],[139.23397,35.74045],[139.23423,35.74016],[139.23432,35.73949],[139.23451,35.73926],[139.23536,35.73931],[139.23619,35.73927],[139.23784,35.73955],[139.23867,35.73946],[139.23923,35.73954],[139.2395,35.73953],[139.24033,35.73922],[139.24199,35.73915],[139.2431,35.73894],[139.24365,35.73877],[139.24393,35.73859],[139.24472,35.73751],[139.24515,35.73706]],[[139.24568,35.76363],[139.24568,35.76366],[139.24571,35.76365],[139.24568,35.76363]],[[139.25624,35.75671],[139.25582,35.75694],[139.25577,35.75717],[139.25596,35.75734],[139.25623,35.75726],[139.25674,35.75695],[139.25652,35.75672],[139.25624,35.75671]]]}},{"type":"Feature","properties":{"no":53},"geometry":{"type":"Polygon","coordinates":[[[139.34647,35.72489],[139.34683,35.72468],[139.34711,35.7247],[139.34904,35.72542],[139.35078,35.72626],[139.3511,35.72649],[139.35117,35.72672],[139.35101,35.72694],[139.35041,35.72718],[139.35016,35.72739],[139.35005,35.72761],[139.35003,35.72806],[139.3504,35.72947],[139.35067,35.72967],[139.35178,35.72965],[139.35205,35.72983],[139.35225,35.73055],[139.35266,35.73123],[139.35272,35.73168],[139.35259,35.73258],[139.35278,35.73281],[139.35317,35.73303],[139.35333,35.73326],[139.35323,35.73439],[139.353,35.73529],[139.35312,35.73584],[139.3536,35.73619],[139.3545,35.73645],[139.35781,35.73707],[139.35871,35.73734],[139.35891,35.73756],[139.35882,35.73824],[139.35888,35.73869],[139.35946,35.73959],[139.35942,35.73982],[139.35879,35.74027],[139.35862,35.74048],[139.35857,35.74094],[139.35834,35.74127],[139.35557,35.74246],[139.35517,35.74273],[139.35508,35.74296],[139.35512,35.74318],[139.3556,35.74408],[139.3558,35.74476],[139.35575,35.74499],[139.35556,35.74521],[139.35389,35.74594],[139.3525,35.74639],[139.35056,35.74724],[139.35029,35.74728],[139.35014,35.74699],[139.35017,35.74632],[139.35058,35.74497],[139.351,35.74452],[139.3529,35.74295],[139.35312,35.7425],[139.3529,35.74205],[139.35253,35.74172],[139.35226,35.74156],[139.35198,35.74151],[139.3517,35.74157],[139.35087,35.74236],[139.3492,35.74373],[139.34847,35.74451],[139.34809,35.74479],[139.34781,35.74489],[139.34754,35.74481],[139.34733,35.7445],[139.34717,35.74405],[139.34711,35.74315],[139.34765,35.74202],[139.34766,35.74045],[139.34745,35.74],[139.34654,35.73932],[139.34614,35.73886],[139.34606,35.73864],[139.34611,35.73841],[139.34636,35.73819],[139.3473,35.73781],[139.34805,35.73707],[139.34869,35.7369],[139.34913,35.73662],[139.34961,35.73572],[139.35039,35.7346],[139.35042,35.73347],[139.35092,35.7328],[139.35104,35.73235],[139.35094,35.7319],[139.35052,35.73122],[139.35037,35.73099],[139.35005,35.73077],[139.34928,35.73068],[139.34707,35.73103],[139.34693,35.73098],[139.34673,35.73075],[139.34653,35.7285],[139.34633,35.72827],[139.34543,35.72805],[139.34432,35.72821],[139.34397,35.72804],[139.3436,35.72759],[139.34356,35.72714],[139.34369,35.72691],[139.34489,35.72544],[139.34517,35.72537],[139.34572,35.72547],[139.346,35.72538],[139.34647,35.72489]]]}},{"type":"Feature","properties":{"no":54},"geometry":{"type":"Polygon","coordinates":[[[139.23756,35.73297],[139.23817,35.73287],[139.23927,35.73289],[139.24121,35.73344],[139.24153,35.73366],[139.24165,35.73389],[139.24137,35.73479],[139.2415,35.73524],[139.24177,35.73547],[139.2434,35.73614],[139.24395,35.73614],[139.24506,35.73556],[139.24561,35.73544],[139.24699,35.73571],[139.24716,35.73594],[139.24714,35.73617],[139.24699,35.73639],[139.24671,35.7366],[139.2456,35.73679],[139.24533,35.73691],[139.24477,35.73745],[139.24393,35.73859],[139.24338,35.73888],[139.24199,35.73915],[139.24033,35.73922],[139.2395,35.73953],[139.23867,35.73946],[139.23784,35.73955],[139.23702,35.73939],[139.23671,35.73927],[139.23654,35.73905],[139.23654,35.73837],[139.23679,35.73747],[139.23672,35.73724],[139.23616,35.73657],[139.23614,35.73566],[139.23594,35.73544],[139.23566,35.73528],[139.23484,35.73498],[139.23481,35.73476],[139.23508,35.73453],[139.23623,35.73395],[139.23706,35.73323],[139.23756,35.73297]]]}},{"type":"Feature","properties":{"no":55},"geometry":{"type":"Polygon","coordinates":[[[139.18851,35.68797],[139.18962,35.68769],[139.18989,35.68767],[139.19127,35.68781],[139.19182,35.68803],[139.19292,35.68882],[139.19347,35.68896],[139.19458,35.68888],[139.19569,35.68852],[139.19679,35.68867],[139.19734,35.68867],[139.19762,35.68859],[139.19845,35.68811],[139.19873,35.68808],[139.19898,35.68815],[139.1993,35.68838],[139.19986,35.68928],[139.20022,35.69041],[139.20021,35.69447],[139.20059,35.6965],[139.20022,35.69807],[139.20028,35.69852],[139.20058,35.69889],[139.20085,35.69903],[139.20223,35.69929],[139.20334,35.69928],[139.20389,35.6994],[139.20446,35.69967],[139.20481,35.70013],[139.20508,35.70103],[139.20512,35.70238],[139.20522,35.70306],[139.20519,35.70328],[139.20464,35.70418],[139.20437,35.70486],[139.20438,35.70531],[139.20472,35.70621],[139.20458,35.70711],[139.20538,35.70847],[139.20545,35.70869],[139.20544,35.70959],[139.20563,35.71027],[139.2061,35.71117],[139.20624,35.71185],[139.20645,35.7123],[139.20664,35.71253],[139.2071,35.71278],[139.20792,35.71298],[139.20875,35.71332],[139.21013,35.71365],[139.21068,35.71388],[139.21178,35.71489],[139.21206,35.71504],[139.21288,35.71527],[139.21316,35.71543],[139.21372,35.71617],[139.21398,35.71638],[139.2148,35.71664],[139.21563,35.71739],[139.217,35.71831],[139.21728,35.71831],[139.21867,35.71713],[139.21922,35.71685],[139.22199,35.7163],[139.22365,35.71652],[139.22586,35.71594],[139.22641,35.71599],[139.22752,35.71632],[139.22862,35.71632],[139.2289,35.71625],[139.22973,35.71572],[139.23029,35.71551],[139.23112,35.71543],[139.23195,35.71518],[139.23305,35.71526],[139.2336,35.71508],[139.23471,35.71453],[139.23554,35.71458],[139.23582,35.71451],[139.23693,35.71364],[139.23749,35.71337],[139.23804,35.71338],[139.23914,35.71393],[139.23969,35.71412],[139.24024,35.71415],[139.2408,35.71408],[139.24218,35.71353],[139.24246,35.71334],[139.24302,35.71274],[139.24329,35.7126],[139.24412,35.71264],[139.24495,35.71291],[139.24523,35.7128],[139.24551,35.71236],[139.2459,35.71138],[139.24634,35.71102],[139.2469,35.71086],[139.24828,35.71101],[139.24939,35.71072],[139.24966,35.71072],[139.24994,35.71084],[139.25104,35.71179],[139.25159,35.71203],[139.25241,35.71219],[139.25407,35.71224],[139.25517,35.71262],[139.256,35.71265],[139.25656,35.71256],[139.25739,35.71226],[139.25849,35.71204],[139.26099,35.7105],[139.26265,35.71025],[139.26431,35.71019],[139.26514,35.70989],[139.26569,35.7098],[139.26625,35.70989],[139.26707,35.7102],[139.26873,35.71009],[139.2696,35.71059],[139.27094,35.71084],[139.27123,35.71105],[139.27161,35.7115],[139.27207,35.7124],[139.27212,35.71308],[139.27192,35.71398],[139.27202,35.71426],[139.27229,35.71448],[139.27395,35.71491],[139.2745,35.71491],[139.2756,35.71467],[139.27644,35.71414],[139.27699,35.71393],[139.2792,35.71387],[139.28059,35.71355],[139.28169,35.71353],[139.2828,35.71297],[139.28335,35.71284],[139.28391,35.71288],[139.28501,35.71322],[139.28639,35.71336],[139.28805,35.71306],[139.28943,35.71331],[139.29026,35.71333],[139.29136,35.71352],[139.29219,35.71332],[139.2933,35.71319],[139.29413,35.71327],[139.2944,35.7132],[139.29471,35.71296],[139.29523,35.71206],[139.29552,35.71177],[139.29581,35.71161],[139.29635,35.71151],[139.2969,35.71153],[139.29773,35.71171],[139.29856,35.71173],[139.29939,35.71195],[139.30022,35.71193],[139.30104,35.71182],[139.30132,35.71187],[139.30242,35.71232],[139.30325,35.71301],[139.30351,35.71277],[139.30361,35.71232],[139.3039,35.71187],[139.30435,35.71165],[139.30464,35.71161],[139.30491,35.71166],[139.30539,35.71188],[139.30602,35.71224],[139.30629,35.7125],[139.30666,35.71346],[139.30797,35.71459],[139.30862,35.71572],[139.30867,35.71595],[139.30838,35.71617],[139.30765,35.71642],[139.30543,35.7168],[139.30156,35.71769],[139.30073,35.71796],[139.29962,35.71814],[139.29851,35.71874],[139.29796,35.71885],[139.29575,35.71871],[139.29465,35.71829],[139.29327,35.71823],[139.29271,35.71813],[139.29174,35.71767],[139.29106,35.71714],[139.29024,35.71683],[139.28886,35.71655],[139.28693,35.71574],[139.2861,35.71554],[139.28494,35.71539],[139.28483,35.71516],[139.28486,35.71471],[139.28472,35.71456],[139.28445,35.71444],[139.28394,35.71448],[139.28362,35.71464],[139.28334,35.71493],[139.28282,35.71583],[139.28236,35.71628],[139.28173,35.71673],[139.27974,35.71785],[139.27834,35.71832],[139.27558,35.71903],[139.27336,35.71902],[139.27199,35.71866],[139.27143,35.71842],[139.27061,35.71778],[139.2687,35.71667],[139.26813,35.71649],[139.26758,35.71644],[139.26647,35.71673],[139.26519,35.71733],[139.26397,35.71844],[139.26183,35.71934],[139.26157,35.71956],[139.26152,35.71979],[139.2616,35.72001],[139.26193,35.72047],[139.26225,35.72114],[139.26281,35.7216],[139.26296,35.72182],[139.26294,35.72205],[139.26276,35.72227],[139.26234,35.7225],[139.26201,35.72257],[139.25814,35.72322],[139.25758,35.72317],[139.25731,35.72307],[139.25706,35.72292],[139.25694,35.7227],[139.25704,35.72239],[139.25765,35.7218],[139.25788,35.72112],[139.25843,35.72045],[139.25852,35.72022],[139.25853,35.71977],[139.25835,35.7191],[139.25833,35.71842],[139.25802,35.71797],[139.25746,35.71752],[139.25707,35.71734],[139.2568,35.71734],[139.25652,35.71744],[139.25402,35.71905],[139.25287,35.7202],[139.25264,35.72065],[139.25258,35.7211],[139.25235,35.72142],[139.25207,35.72154],[139.25179,35.72156],[139.25097,35.72122],[139.25041,35.72122],[139.25014,35.72137],[139.24958,35.72207],[139.24933,35.72221],[139.24847,35.72235],[139.2478,35.72265],[139.24762,35.72288],[139.24761,35.7231],[139.24792,35.72355],[139.24795,35.72378],[139.24776,35.724],[139.2468,35.7246],[139.24654,35.7249],[139.24648,35.72512],[139.24663,35.7258],[139.24656,35.72603],[139.24632,35.72625],[139.24596,35.72636],[139.24485,35.72637],[139.24374,35.72651],[139.24292,35.72625],[139.24264,35.72624],[139.24181,35.72645],[139.24098,35.7269],[139.2407,35.72697],[139.24015,35.72696],[139.23987,35.72687],[139.23963,35.72667],[139.23953,35.72644],[139.2396,35.72599],[139.23988,35.72554],[139.24001,35.72509],[139.23998,35.72464],[139.2397,35.72419],[139.23934,35.72397],[139.23907,35.72389],[139.23796,35.72387],[139.23701,35.7235],[139.23681,35.72327],[139.23656,35.7226],[139.23631,35.72238],[139.23576,35.72208],[139.23521,35.72161],[139.23439,35.72112],[139.23377,35.72033],[139.23302,35.71965],[139.23272,35.7192],[139.23247,35.71903],[139.23219,35.71895],[139.23164,35.71894],[139.23026,35.71907],[139.22943,35.71952],[139.22832,35.71962],[139.22722,35.71956],[139.22666,35.71977],[139.22636,35.72007],[139.22618,35.72052],[139.22666,35.72277],[139.22657,35.723],[139.22608,35.72306],[139.22526,35.72285],[139.22443,35.72229],[139.22388,35.72207],[139.22333,35.72206],[139.2225,35.72221],[139.22139,35.72212],[139.22056,35.72248],[139.2202,35.72274],[139.21996,35.72319],[139.22001,35.72386],[139.21988,35.72409],[139.21955,35.72431],[139.21889,35.72459],[139.21833,35.72473],[139.21806,35.72472],[139.21751,35.72456],[139.21668,35.72449],[139.21585,35.72425],[139.21474,35.7244],[139.21405,35.72496],[139.21262,35.72563],[139.21247,35.72585],[139.21238,35.7263],[139.21199,35.72675],[139.21189,35.72698],[139.21198,35.72743],[139.21251,35.72792],[139.2128,35.72833],[139.21302,35.72946],[139.21365,35.73059],[139.21361,35.73104],[139.2133,35.73172],[139.21322,35.73217],[139.21373,35.73352],[139.21364,35.73375],[139.21323,35.7342],[139.21316,35.73465],[139.21328,35.7351],[139.21382,35.73578],[139.2139,35.736],[139.21389,35.73668],[139.21398,35.73713],[139.21411,35.73735],[139.21437,35.73757],[139.21492,35.73777],[139.21574,35.73791],[139.21713,35.73778],[139.2174,35.73784],[139.21817,35.73828],[139.21835,35.7385],[139.21821,35.73873],[139.21769,35.73918],[139.21758,35.7394],[139.2173,35.74053],[139.21741,35.74098],[139.21771,35.7412],[139.21876,35.74142],[139.21903,35.74153],[139.21986,35.74232],[139.22013,35.74242],[139.22096,35.74253],[139.22135,35.7428],[139.22128,35.74303],[139.2204,35.74324],[139.22012,35.74338],[139.21874,35.74436],[139.21735,35.74451],[139.21569,35.74451],[139.21542,35.7446],[139.21517,35.7448],[139.21501,35.74525],[139.21495,35.74615],[139.21476,35.7466],[139.21433,35.74705],[139.21374,35.74741],[139.21276,35.74816],[139.21257,35.74839],[139.2125,35.74884],[139.21271,35.74974],[139.21286,35.75154],[139.21282,35.75177],[139.21259,35.75205],[139.21232,35.7522],[139.21204,35.75225],[139.21121,35.752],[139.21066,35.75196],[139.20928,35.75217],[139.20789,35.75261],[139.2065,35.75362],[139.20622,35.75376],[139.20539,35.75393],[139.20512,35.75407],[139.20481,35.75443],[139.20449,35.75533],[139.20419,35.75578],[139.20261,35.75667],[139.20195,35.7569],[139.20122,35.75755],[139.19983,35.75806],[139.19928,35.75804],[139.19845,35.75787],[139.1979,35.75796],[139.19539,35.75988],[139.19428,35.7605],[139.19373,35.76072],[139.1904,35.76183],[139.18929,35.76213],[139.18874,35.76205],[139.18792,35.76137],[139.18764,35.76126],[139.18732,35.76132],[139.18603,35.76222],[139.18542,35.76247],[139.18404,35.76274],[139.1821,35.76278],[139.18155,35.76294],[139.18099,35.76349],[139.18068,35.76399],[139.18033,35.76534],[139.18039,35.76579],[139.18098,35.76715],[139.18098,35.7676],[139.18077,35.76828],[139.1805,35.76872],[139.17927,35.7701],[139.179,35.77031],[139.17851,35.77052],[139.17733,35.77071],[139.17678,35.77092],[139.17123,35.77389],[139.16762,35.77573],[139.16734,35.77582],[139.16651,35.77576],[139.16623,35.77582],[139.16345,35.77794],[139.16317,35.77804],[139.1629,35.77804],[139.16262,35.77793],[139.1618,35.77733],[139.16124,35.77712],[139.16069,35.77716],[139.15903,35.77772],[139.15875,35.7777],[139.15859,35.77762],[139.15842,35.77739],[139.15836,35.77649],[139.15812,35.77581],[139.15812,35.77536],[139.15834,35.77446],[139.15825,35.77401],[139.1581,35.77378],[139.15795,35.77364],[139.15768,35.77354],[139.15685,35.77365],[139.1563,35.77362],[139.15547,35.77332],[139.15492,35.77322],[139.15409,35.77338],[139.15325,35.77388],[139.15269,35.77459],[139.15234,35.77578],[139.152,35.77623],[139.14962,35.77835],[139.14906,35.77867],[139.14879,35.77867],[139.14851,35.77846],[139.14834,35.77801],[139.14834,35.77711],[139.1482,35.77643],[139.1483,35.77576],[139.14821,35.77553],[139.14799,35.77533],[139.14743,35.77521],[139.14683,35.7753],[139.14641,35.77552],[139.14577,35.77621],[139.14493,35.77671],[139.14466,35.7768],[139.14438,35.77679],[139.143,35.7761],[139.14273,35.77578],[139.14221,35.77482],[139.14108,35.7741],[139.14015,35.77323],[139.13946,35.77233],[139.13917,35.77212],[139.13861,35.77203],[139.13778,35.77219],[139.13751,35.77212],[139.13723,35.77194],[139.13695,35.77163],[139.13628,35.7705],[139.13637,35.77005],[139.1367,35.76972],[139.13915,35.76804],[139.13976,35.76779],[139.14142,35.76731],[139.14364,35.76612],[139.14452,35.76514],[139.14522,35.76402],[139.14616,35.76318],[139.14692,35.76223],[139.14691,35.762],[139.14672,35.76176],[139.14452,35.76019],[139.14397,35.76008],[139.14286,35.76005],[139.14231,35.75995],[139.14094,35.75929],[139.14057,35.75904],[139.14026,35.75858],[139.13999,35.75768],[139.14003,35.75701],[139.14031,35.75611],[139.14044,35.75588],[139.14069,35.75568],[139.14097,35.75559],[139.14235,35.75566],[139.14373,35.75548],[139.14456,35.75526],[139.14512,35.75504],[139.14595,35.75453],[139.14706,35.75409],[139.14762,35.75405],[139.14872,35.75422],[139.14927,35.75411],[139.15133,35.75234],[139.15206,35.75142],[139.15355,35.75032],[139.15382,35.74987],[139.15392,35.74897],[139.15411,35.74852],[139.15447,35.74807],[139.15541,35.74737],[139.15576,35.74696],[139.15607,35.74628],[139.15617,35.74538],[139.15645,35.74493],[139.15682,35.74468],[139.1582,35.74407],[139.15904,35.74359],[139.1607,35.74318],[139.16125,35.74295],[139.16231,35.74203],[139.16376,35.74135],[139.16401,35.74114],[139.16412,35.74092],[139.16422,35.74002],[139.16445,35.73912],[139.16453,35.73777],[139.16479,35.73732],[139.16549,35.73664],[139.16579,35.73597],[139.16524,35.73394],[139.16494,35.73326],[139.16443,35.73258],[139.1644,35.73236],[139.16495,35.73056],[139.16589,35.72966],[139.16614,35.72921],[139.1661,35.72876],[139.16549,35.72741],[139.16541,35.72695],[139.16545,35.72312],[139.16557,35.72284],[139.16585,35.72265],[139.16668,35.72262],[139.16695,35.72249],[139.16715,35.72201],[139.16678,35.72065],[139.16658,35.7202],[139.16656,35.71952],[139.16606,35.71885],[139.1659,35.71839],[139.16601,35.71772],[139.16608,35.71637],[139.16631,35.71547],[139.16632,35.71366],[139.1662,35.71315],[139.16536,35.71163],[139.16504,35.71005],[139.16519,35.70915],[139.16508,35.70847],[139.16527,35.70757],[139.16531,35.70667],[139.16538,35.70645],[139.16558,35.70622],[139.16636,35.70578],[139.16782,35.70421],[139.16821,35.70398],[139.17013,35.70332],[139.17042,35.7031],[139.1709,35.70242],[139.17182,35.70183],[139.17211,35.70153],[139.17242,35.70085],[139.17251,35.7004],[139.17252,35.6995],[139.17229,35.69837],[139.17254,35.69702],[139.17203,35.69522],[139.17206,35.69454],[139.17225,35.69387],[139.17219,35.69342],[139.17182,35.69274],[139.17146,35.69229],[139.16998,35.69102],[139.16971,35.6907],[139.1696,35.69025],[139.16971,35.68992],[139.17082,35.68905],[139.17138,35.68883],[139.17248,35.68883],[139.17414,35.68919],[139.17552,35.68904],[139.17662,35.6891],[139.17773,35.68906],[139.17883,35.68916],[139.17939,35.68898],[139.18077,35.68835],[139.18133,35.6882],[139.18188,35.68818],[139.18243,35.68824],[139.18353,35.6888],[139.18436,35.68902],[139.18519,35.68881],[139.18657,35.68809],[139.18685,35.68802],[139.18851,35.68797]]]}},{"type":"Feature","properties":{"no":56},"geometry":{"type":"Polygon","coordinates":[[[139.34454,35.69241],[139.3462,35.69209],[139.34675,35.69206],[139.34869,35.69233],[139.35172,35.69239],[139.35393,35.69313],[139.35476,35.69349],[139.35614,35.69344],[139.35697,35.69353],[139.35724,35.69364],[139.35743,35.69384],[139.35745,35.69407],[139.35724,35.69433],[139.35668,35.69454],[139.35558,35.69465],[139.35419,35.69493],[139.35364,35.69474],[139.35337,35.69476],[139.35254,35.69503],[139.34949,35.69559],[139.34728,35.69644],[139.34617,35.69676],[139.34507,35.69682],[139.34396,35.69669],[139.34341,35.69677],[139.3432,35.69694],[139.34352,35.69716],[139.34357,35.69739],[139.34332,35.69761],[139.34051,35.69873],[139.3398,35.69915],[139.33712,35.70232],[139.33591,35.70394],[139.33413,35.70546],[139.33313,35.70649],[139.33285,35.70659],[139.33275,35.70636],[139.33278,35.70591],[139.33308,35.70478],[139.33323,35.70456],[139.33637,35.70209],[139.33672,35.70164],[139.33666,35.70119],[139.33568,35.69916],[139.33576,35.69871],[139.33625,35.69759],[139.33628,35.69736],[139.33612,35.69646],[139.33625,35.69601],[139.33651,35.69577],[139.33762,35.69511],[139.33845,35.69494],[139.33873,35.69482],[139.33956,35.69413],[139.34011,35.69384],[139.34067,35.69372],[139.3415,35.69371],[139.34232,35.69355],[139.34338,35.69288],[139.34399,35.6926],[139.34454,35.69241]]]}},{"type":"Feature","properties":{"no":57},"geometry":{"type":"Polygon","coordinates":[[[139.15312,35.66627],[139.15389,35.66613],[139.15582,35.66658],[139.15693,35.66655],[139.15995,35.66768],[139.16161,35.66801],[139.16216,35.66826],[139.16329,35.66903],[139.16462,35.67039],[139.16489,35.67135],[139.16574,35.67265],[139.16607,35.674],[139.16612,35.67491],[139.16624,35.67536],[139.16792,35.67694],[139.16819,35.6774],[139.16843,35.67807],[139.16971,35.67966],[139.16989,35.68011],[139.16997,35.68124],[139.17042,35.68214],[139.17065,35.68304],[139.17094,35.68349],[139.1715,35.68395],[139.17173,35.6844],[139.17128,35.68598],[139.17136,35.68643],[139.17176,35.68756],[139.17168,35.68823],[139.17133,35.68868],[139.1698,35.6898],[139.1696,35.69025],[139.1697,35.69069],[139.16988,35.69093],[139.17146,35.69229],[139.17182,35.69274],[139.17219,35.69342],[139.17225,35.69387],[139.17206,35.69454],[139.17203,35.69522],[139.17254,35.69702],[139.17229,35.69837],[139.17252,35.6995],[139.17251,35.7004],[139.17242,35.70085],[139.17211,35.70153],[139.17182,35.70183],[139.1709,35.70242],[139.17042,35.7031],[139.17013,35.70332],[139.16821,35.70398],[139.16782,35.70421],[139.16636,35.70578],[139.16558,35.70622],[139.16538,35.70645],[139.16531,35.70667],[139.16527,35.70757],[139.16508,35.70847],[139.16519,35.70915],[139.16504,35.71005],[139.16536,35.71163],[139.1662,35.71315],[139.16632,35.71366],[139.16631,35.71547],[139.16608,35.71637],[139.16601,35.71772],[139.1659,35.71839],[139.16606,35.71885],[139.16656,35.71952],[139.16658,35.7202],[139.16678,35.72065],[139.16715,35.72201],[139.16695,35.72249],[139.16668,35.72262],[139.16585,35.72265],[139.16557,35.72284],[139.16545,35.72312],[139.16541,35.72695],[139.16549,35.72741],[139.1661,35.72876],[139.16614,35.72921],[139.16589,35.72966],[139.16495,35.73056],[139.1644,35.73236],[139.16443,35.73258],[139.16494,35.73326],[139.16524,35.73394],[139.16579,35.73597],[139.16549,35.73664],[139.16479,35.73732],[139.16453,35.73777],[139.16445,35.73912],[139.16422,35.74002],[139.16412,35.74092],[139.16401,35.74114],[139.16376,35.74135],[139.16231,35.74203],[139.16125,35.74295],[139.1607,35.74318],[139.15904,35.74359],[139.1582,35.74407],[139.15682,35.74468],[139.15645,35.74493],[139.15617,35.74538],[139.15607,35.74628],[139.15576,35.74696],[139.15541,35.74737],[139.15447,35.74807],[139.15411,35.74852],[139.15392,35.74897],[139.15382,35.74987],[139.15355,35.75032],[139.15206,35.75142],[139.15133,35.75234],[139.14927,35.75411],[139.14872,35.75422],[139.14762,35.75405],[139.14706,35.75409],[139.14595,35.75453],[139.14512,35.75504],[139.14429,35.75534],[139.14346,35.75553],[139.14235,35.75566],[139.14097,35.75559],[139.14069,35.75568],[139.14044,35.75588],[139.14003,35.75701],[139.13999,35.75768],[139.14026,35.75858],[139.14057,35.75904],[139.14094,35.75929],[139.14231,35.75995],[139.14286,35.76005],[139.14397,35.76008],[139.14452,35.76019],[139.14646,35.76155],[139.14691,35.762],[139.14692,35.76223],[139.1468,35.76245],[139.14599,35.76335],[139.14522,35.76402],[139.14452,35.76514],[139.14392,35.76586],[139.14336,35.7663],[139.1417,35.76719],[139.1392,35.76801],[139.1367,35.7697],[139.13642,35.76985],[139.13614,35.76989],[139.13587,35.76979],[139.13566,35.7696],[139.1345,35.76821],[139.1333,35.76733],[139.13275,35.76643],[139.13253,35.7662],[139.13093,35.7653],[139.13038,35.76528],[139.12955,35.76565],[139.12871,35.7665],[139.12815,35.76685],[139.12649,35.76732],[139.12538,35.76753],[139.12509,35.76773],[139.1245,35.76841],[139.12315,35.76933],[139.1226,35.76955],[139.12149,35.76966],[139.12094,35.76981],[139.11983,35.77037],[139.11871,35.77111],[139.11816,35.77132],[139.11705,35.77152],[139.11538,35.77237],[139.11502,35.77263],[139.11435,35.77353],[139.114,35.77375],[139.11288,35.77417],[139.11177,35.77487],[139.10983,35.77552],[139.10849,35.77642],[139.10757,35.77687],[139.1073,35.77709],[139.10653,35.77821],[139.10589,35.77889],[139.10565,35.77899],[139.10537,35.77902],[139.10427,35.77875],[139.10261,35.7785],[139.10206,35.77827],[139.10123,35.77764],[139.10054,35.77728],[139.09986,35.77701],[139.09793,35.77652],[139.0971,35.77616],[139.09673,35.7759],[139.0961,35.77522],[139.09554,35.77477],[139.09539,35.77454],[139.0953,35.77251],[139.09467,35.77116],[139.09384,35.77029],[139.09329,35.77],[139.09246,35.76992],[139.09135,35.77025],[139.09024,35.77007],[139.08886,35.77015],[139.08831,35.77034],[139.08692,35.77111],[139.08636,35.7712],[139.08581,35.7711],[139.08471,35.77049],[139.08306,35.76993],[139.0825,35.76985],[139.08167,35.76987],[139.08001,35.77014],[139.07946,35.77036],[139.07862,35.77083],[139.07752,35.77112],[139.07613,35.77175],[139.0753,35.77191],[139.07502,35.77187],[139.07475,35.77167],[139.07369,35.77013],[139.07338,35.76983],[139.07173,35.76898],[139.07063,35.76855],[139.06926,35.76715],[139.06898,35.76696],[139.06788,35.76657],[139.06706,35.76594],[139.06651,35.76564],[139.06568,35.76546],[139.06485,35.76548],[139.06402,35.76559],[139.06382,35.76556],[139.06154,35.76438],[139.06099,35.76416],[139.06044,35.76408],[139.05989,35.7641],[139.05878,35.76438],[139.0585,35.76438],[139.05795,35.7642],[139.0574,35.76389],[139.05685,35.76351],[139.05651,35.76303],[139.056,35.76213],[139.05569,35.76122],[139.05526,35.76054],[139.05495,35.76024],[139.0544,35.75993],[139.05357,35.75975],[139.05164,35.75973],[139.05081,35.75976],[139.04942,35.75999],[139.04859,35.75993],[139.04774,35.75959],[139.04667,35.75858],[139.04585,35.75807],[139.04309,35.75751],[139.04285,35.75731],[139.04274,35.75708],[139.04291,35.75596],[139.0426,35.75505],[139.04206,35.75415],[139.04101,35.75279],[139.04049,35.75166],[139.04,35.75098],[139.03982,35.75053],[139.03979,35.7503],[139.03993,35.74985],[139.041,35.74806],[139.04125,35.74603],[139.04103,35.74558],[139.04072,35.74525],[139.0399,35.74458],[139.03921,35.74421],[139.03825,35.74382],[139.03726,35.74353],[139.0355,35.74261],[139.03494,35.74252],[139.03439,35.7426],[139.03411,35.74273],[139.03188,35.74417],[139.02995,35.74445],[139.02912,35.74438],[139.02829,35.7444],[139.02802,35.74433],[139.02774,35.74415],[139.02756,35.74391],[139.02737,35.74346],[139.02729,35.74278],[139.0272,35.74256],[139.02693,35.74226],[139.02638,35.742],[139.0239,35.74124],[139.02198,35.74027],[139.02142,35.74016],[139.02004,35.74011],[139.01784,35.73965],[139.01674,35.7392],[139.01591,35.73901],[139.01481,35.73863],[139.01425,35.73867],[139.0137,35.73897],[139.01342,35.73904],[139.01287,35.73892],[139.0126,35.73869],[139.01251,35.73818],[139.01286,35.73705],[139.01348,35.73593],[139.01371,35.73526],[139.01398,35.73481],[139.01458,35.73415],[139.01486,35.73363],[139.01514,35.73331],[139.01597,35.73282],[139.01653,35.73224],[139.01775,35.73123],[139.01793,35.731],[139.01818,35.73033],[139.01845,35.72988],[139.01961,35.72848],[139.02056,35.72764],[139.02092,35.72719],[139.02161,35.72584],[139.02195,35.72495],[139.02202,35.72314],[139.02213,35.72269],[139.02272,35.72187],[139.02365,35.72113],[139.02509,35.71956],[139.02638,35.71867],[139.02714,35.718],[139.02857,35.71701],[139.02912,35.71672],[139.02995,35.71641],[139.03189,35.7163],[139.03272,35.71604],[139.03378,35.71534],[139.03495,35.71475],[139.03606,35.71366],[139.03745,35.71275],[139.03829,35.71172],[139.03884,35.71131],[139.04079,35.71081],[139.04328,35.70966],[139.04384,35.70947],[139.04633,35.70944],[139.04716,35.70927],[139.0477,35.70889],[139.04827,35.70815],[139.04855,35.70799],[139.05048,35.70733],[139.05077,35.70713],[139.05153,35.70621],[139.05211,35.70509],[139.05236,35.70487],[139.05328,35.70453],[139.05578,35.70325],[139.05772,35.70258],[139.05911,35.70195],[139.0616,35.70125],[139.06271,35.70069],[139.06355,35.70003],[139.06493,35.69819],[139.06522,35.69798],[139.06578,35.69791],[139.06688,35.69827],[139.06771,35.69828],[139.07048,35.69754],[139.07078,35.69732],[139.07117,35.69688],[139.07199,35.69575],[139.07243,35.69548],[139.07326,35.69543],[139.07464,35.6955],[139.07547,35.6951],[139.07602,35.695],[139.07685,35.69509],[139.07795,35.69557],[139.0785,35.69567],[139.08016,35.69568],[139.08182,35.69544],[139.08238,35.69521],[139.08349,35.69433],[139.08431,35.69335],[139.08461,35.69315],[139.08599,35.69291],[139.08732,35.69202],[139.08821,35.69164],[139.09181,35.69072],[139.09209,35.69074],[139.09236,35.69086],[139.09291,35.69129],[139.09318,35.69139],[139.0954,35.69118],[139.09567,35.69121],[139.09595,35.69133],[139.09694,35.69208],[139.09732,35.69226],[139.09815,35.69226],[139.09898,35.69236],[139.10091,35.69184],[139.10285,35.69147],[139.10451,35.69098],[139.1059,35.69085],[139.10756,35.69015],[139.10812,35.68977],[139.10895,35.68889],[139.11045,35.68765],[139.11136,35.68631],[139.11247,35.68519],[139.11313,35.68466],[139.11369,35.68444],[139.11452,35.6843],[139.11507,35.68407],[139.11618,35.68385],[139.11673,35.68352],[139.11879,35.68162],[139.11952,35.68047],[139.12091,35.67951],[139.12233,35.67871],[139.12314,35.67781],[139.12341,35.67765],[139.12369,35.67761],[139.12452,35.67767],[139.12487,35.6776],[139.12674,35.67687],[139.12742,35.67649],[139.12873,35.67537],[139.12928,35.6747],[139.1298,35.67379],[139.13091,35.67245],[139.13119,35.67229],[139.13175,35.67231],[139.13285,35.67271],[139.13368,35.67279],[139.13423,35.67273],[139.13534,35.67245],[139.13671,35.67226],[139.13807,35.67137],[139.13884,35.67069],[139.13922,35.67052],[139.1406,35.67056],[139.14171,35.6703],[139.14246,35.67004],[139.14271,35.66982],[139.14309,35.66914],[139.14337,35.66893],[139.14448,35.66849],[139.1456,35.66749],[139.1467,35.66697],[139.14753,35.66681],[139.15112,35.66679],[139.15312,35.66627]]]}},{"type":"Feature","properties":{"no":58},"geometry":{"type":"MultiPolygon","coordinates":[[[[139.01937,35.779],[139.01951,35.77878],[139.01937,35.7787],[139.01931,35.77878],[139.01937,35.779]]],[[[139.01425,35.73867],[139.0137,35.73898],[139.01342,35.73904],[139.01232,35.73892],[139.01202,35.73907],[139.01147,35.74042],[139.01091,35.74109],[139.01055,35.74199],[139.00999,35.74289],[139.00891,35.74401],[139.00802,35.74558],[139.00699,35.74643],[139.00608,35.7476],[139.00527,35.74894],[139.0051,35.75007],[139.00498,35.75029],[139.00473,35.75049],[139.00418,35.75061],[139.00363,35.75059],[139.00253,35.75025],[139.0017,35.75019],[139.00059,35.75046],[138.99865,35.75122],[138.9967,35.75239],[138.99586,35.75343],[138.9953,35.75392],[138.99413,35.7545],[138.99272,35.75539],[138.99253,35.75584],[138.99264,35.75652],[138.99259,35.75764],[138.99232,35.75809],[138.99161,35.75876],[138.99109,35.75943],[138.98999,35.76213],[138.9894,35.76331],[138.98907,35.7637],[138.98734,35.76504],[138.98679,35.76594],[138.98642,35.76639],[138.98536,35.76706],[138.98455,35.76773],[138.98428,35.76818],[138.98411,35.76885],[138.98382,35.76952],[138.98392,35.77088],[138.98369,35.77223],[138.984,35.77291],[138.98496,35.77381],[138.98522,35.77427],[138.98549,35.77562],[138.98566,35.77787],[138.98619,35.77924],[138.98646,35.77934],[138.98674,35.77916],[138.9874,35.77766],[138.98815,35.77676],[138.98843,35.77609],[138.98871,35.77572],[138.98979,35.77475],[138.99066,35.77428],[138.99177,35.77403],[138.99288,35.77401],[138.99398,35.77429],[138.99563,35.77506],[138.99618,35.77518],[138.99701,35.77503],[138.99785,35.77458],[138.99845,35.77436],[138.99861,35.77413],[138.99851,35.77391],[138.99782,35.77323],[138.99759,35.77283],[138.99729,35.77187],[138.99724,35.77142],[138.99742,35.77097],[138.9981,35.76985],[138.99877,35.7685],[138.99882,35.76805],[138.99873,35.76783],[138.99847,35.76756],[138.99792,35.76733],[138.99765,35.7673],[138.99654,35.76745],[138.99599,35.76744],[138.99433,35.76708],[138.99406,35.76682],[138.99382,35.76599],[138.99315,35.76508],[138.99307,35.76463],[138.99326,35.76415],[138.99336,35.76486],[138.99517,35.76664],[138.99544,35.76677],[138.99572,35.7668],[138.9971,35.76657],[138.99766,35.76657],[138.99931,35.76713],[138.99991,35.76761],[139.00004,35.76806],[138.99999,35.76896],[138.99929,35.77031],[138.9988,35.77098],[138.99862,35.77143],[138.99862,35.77188],[138.99898,35.77246],[138.99925,35.77267],[138.99953,35.77274],[139.00119,35.77268],[139.00257,35.77251],[139.00312,35.77266],[139.00422,35.7733],[139.0045,35.77335],[139.00533,35.77308],[139.00543,35.77373],[139.00555,35.77396],[139.00587,35.77422],[139.00697,35.77488],[139.00727,35.77532],[139.00765,35.77668],[139.00805,35.77692],[139.00923,35.77691],[139.00971,35.77683],[139.01111,35.77602],[139.01305,35.77545],[139.01498,35.77559],[139.01554,35.77552],[139.01673,35.77493],[139.01776,35.77414],[139.01804,35.77382],[139.01828,35.77314],[139.01852,35.77292],[139.02138,35.77207],[139.02193,35.77183],[139.02205,35.77159],[139.02194,35.77141],[139.02122,35.77091],[139.02102,35.77046],[139.02134,35.76888],[139.02148,35.76866],[139.02169,35.76853],[139.02197,35.76853],[139.02217,35.76866],[139.0223,35.76889],[139.02231,35.76911],[139.02203,35.77001],[139.02223,35.77024],[139.0225,35.77031],[139.02305,35.77024],[139.02389,35.76979],[139.02444,35.7696],[139.02469,35.76981],[139.02435,35.7707],[139.02442,35.77116],[139.0247,35.77148],[139.02525,35.77164],[139.02563,35.77184],[139.02574,35.77207],[139.02577,35.77274],[139.02604,35.77387],[139.02675,35.77433],[139.02681,35.77455],[139.02644,35.775],[139.02622,35.77545],[139.02619,35.7759],[139.02637,35.7768],[139.02576,35.77792],[139.02575,35.77838],[139.02628,35.77899],[139.02738,35.77951],[139.02776,35.77952],[139.02801,35.77929],[139.02848,35.77772],[139.02875,35.77727],[139.02935,35.77672],[139.0299,35.77643],[139.03018,35.77643],[139.03128,35.77691],[139.03211,35.77693],[139.03258,35.77707],[139.03348,35.77847],[139.03375,35.77874],[139.03403,35.77879],[139.03437,35.77866],[139.03514,35.77797],[139.03653,35.77732],[139.03709,35.77723],[139.03819,35.7774],[139.03874,35.77729],[139.03902,35.77731],[139.03929,35.77757],[139.03974,35.77892],[139.03991,35.77915],[139.04011,35.77925],[139.04038,35.77928],[139.04149,35.77909],[139.0426,35.77922],[139.04287,35.77914],[139.04315,35.77896],[139.04365,35.77849],[139.04399,35.77842],[139.04509,35.77863],[139.04564,35.77863],[139.04596,35.77851],[139.04629,35.77806],[139.04629,35.77716],[139.04656,35.77626],[139.04642,35.77513],[139.04646,35.77491],[139.04706,35.77484],[139.04734,35.77473],[139.0479,35.77422],[139.04985,35.77314],[139.0501,35.77335],[139.05005,35.77358],[139.0484,35.77537],[139.04812,35.77582],[139.04796,35.77627],[139.04795,35.77695],[139.0485,35.77808],[139.04841,35.77853],[139.04803,35.7792],[139.04787,35.77987],[139.04791,35.7801],[139.04839,35.78063],[139.04894,35.78146],[139.04921,35.78161],[139.04949,35.78161],[139.04976,35.78146],[139.05032,35.78057],[139.05094,35.77989],[139.05105,35.77967],[139.05115,35.77899],[139.05157,35.7781],[139.0523,35.77714],[139.05257,35.77696],[139.05262,35.7772],[139.05242,35.77765],[139.05222,35.77878],[139.05229,35.779],[139.0528,35.77968],[139.05286,35.77991],[139.0528,35.78013],[139.05219,35.78103],[139.05204,35.78148],[139.05212,35.7817],[139.05261,35.78216],[139.05272,35.78238],[139.05257,35.78261],[139.05196,35.78284],[139.05168,35.78304],[139.0513,35.78373],[139.05119,35.7844],[139.05144,35.78553],[139.05126,35.78621],[139.05116,35.78643],[139.05091,35.78665],[139.05026,35.78687],[139.04999,35.78706],[139.04987,35.78732],[139.04998,35.78803],[139.05052,35.78861],[139.05063,35.78891],[139.05069,35.78981],[139.0509,35.79071],[139.05077,35.79135],[139.05051,35.79161],[139.05022,35.79176],[139.04911,35.79213],[139.04855,35.79219],[139.04745,35.79192],[139.04662,35.79158],[139.04552,35.79128],[139.04442,35.79069],[139.04417,35.79044],[139.04403,35.78999],[139.04409,35.78954],[139.04424,35.78931],[139.04559,35.7882],[139.04569,35.78797],[139.04566,35.78775],[139.04528,35.78737],[139.04354,35.78638],[139.04347,35.78615],[139.04419,35.78548],[139.04477,35.78436],[139.04504,35.78412],[139.04587,35.78373],[139.04607,35.78347],[139.04592,35.78279],[139.04561,35.78257],[139.04505,35.78264],[139.04394,35.78324],[139.04227,35.78392],[139.03978,35.78411],[139.0373,35.78369],[139.03683,35.78341],[139.03593,35.78243],[139.03565,35.78229],[139.0351,35.78225],[139.03482,35.78232],[139.03461,35.78249],[139.03398,35.78429],[139.0337,35.78439],[139.03337,35.78406],[139.03326,35.78316],[139.03299,35.78225],[139.03289,35.78201],[139.03262,35.78173],[139.03234,35.78169],[139.03206,35.78181],[139.03122,35.78278],[139.03095,35.78267],[139.0309,35.78224],[139.03133,35.78044],[139.03125,35.78003],[139.03098,35.77988],[139.0307,35.77994],[139.03042,35.78011],[139.02988,35.78066],[139.0298,35.78156],[139.02966,35.78178],[139.02929,35.78208],[139.02874,35.78226],[139.02819,35.78216],[139.02653,35.78154],[139.02571,35.78137],[139.02378,35.78052],[139.02323,35.7805],[139.02295,35.78061],[139.02239,35.78111],[139.02211,35.78116],[139.02184,35.78111],[139.02115,35.7806],[139.02019,35.78018],[139.01964,35.77973],[139.01936,35.7798],[139.01853,35.78041],[139.01797,35.78055],[139.01714,35.78039],[139.01604,35.77994],[139.01577,35.78007],[139.01549,35.78056],[139.01488,35.78123],[139.01481,35.78146],[139.01522,35.78236],[139.01521,35.78304],[139.01551,35.78371],[139.01555,35.78462],[139.01545,35.78507],[139.01516,35.78546],[139.01488,35.7856],[139.0146,35.78558],[139.0145,35.78551],[139.01445,35.78528],[139.01474,35.78438],[139.01489,35.78303],[139.01484,35.78281],[139.01436,35.78243],[139.01369,35.78212],[139.0135,35.7819],[139.01347,35.78167],[139.01399,35.78055],[139.01386,35.77942],[139.01391,35.7792],[139.01412,35.77897],[139.0146,35.77875],[139.0155,35.77865],[139.01633,35.77869],[139.01661,35.77878],[139.01716,35.77914],[139.01743,35.77924],[139.01771,35.77923],[139.01798,35.779],[139.01791,35.77832],[139.018,35.77787],[139.01828,35.77756],[139.01883,35.77734],[139.01966,35.77733],[139.02022,35.77744],[139.02057,35.77766],[139.02104,35.77835],[139.02131,35.77856],[139.02159,35.77859],[139.02186,35.77851],[139.02213,35.77835],[139.02226,35.77813],[139.02232,35.77677],[139.0218,35.77587],[139.02162,35.77497],[139.02135,35.77482],[139.02107,35.77484],[139.02052,35.7751],[139.01884,35.77639],[139.01773,35.77699],[139.01552,35.77737],[139.0133,35.77789],[139.01136,35.77854],[139.00858,35.7792],[139.00831,35.7792],[139.00748,35.7789],[139.00583,35.77851],[139.005,35.77824],[139.00491,35.77801],[139.00495,35.77733],[139.00482,35.77711],[139.00391,35.77635],[139.00314,35.77597],[139.00256,35.77484],[139.00227,35.77464],[139.002,35.77458],[139.00144,35.77473],[139.00048,35.77527],[138.99966,35.77594],[138.99848,35.77729],[138.99837,35.77738],[138.9981,35.77744],[138.99727,35.77721],[138.99616,35.77713],[138.99561,35.77697],[138.99506,35.77668],[138.99396,35.77587],[138.99314,35.7756],[138.99231,35.77563],[138.9912,35.77593],[138.99092,35.7761],[138.99064,35.7765],[138.99035,35.77723],[138.99018,35.77746],[138.98891,35.77857],[138.98835,35.77924],[138.98766,35.78037],[138.987,35.78106],[138.98637,35.78148],[138.98623,35.78171],[138.98613,35.78238],[138.98476,35.78373],[138.98467,35.78418],[138.98491,35.78508],[138.98489,35.7853],[138.98474,35.78556],[138.98444,35.78575],[138.98335,35.78609],[138.98196,35.78694],[138.9814,35.78719],[138.98085,35.78729],[138.98002,35.78712],[138.97974,35.78714],[138.97946,35.78729],[138.97868,35.78796],[138.97751,35.78854],[138.97692,35.78908],[138.97664,35.78953],[138.97602,35.79133],[138.97613,35.79178],[138.97677,35.79223],[138.97695,35.79246],[138.9769,35.79291],[138.97603,35.7938],[138.97553,35.79448],[138.97468,35.79506],[138.97414,35.79649],[138.97355,35.79762],[138.97326,35.79792],[138.97205,35.79873],[138.97186,35.79896],[138.97155,35.79963],[138.97116,35.80143],[138.97118,35.80211],[138.97137,35.80278],[138.97137,35.80323],[138.97103,35.80391],[138.97043,35.80458],[138.97034,35.80503],[138.97051,35.80571],[138.97058,35.80683],[138.97104,35.80819],[138.97103,35.80864],[138.97087,35.80932],[138.97091,35.80954],[138.97118,35.80999],[138.97202,35.81071],[138.97214,35.81113],[138.97213,35.81225],[138.972,35.81293],[138.97201,35.81383],[138.97171,35.8145],[138.97126,35.81495],[138.97003,35.81575],[138.96976,35.81607],[138.96967,35.81629],[138.96979,35.81719],[138.9696,35.81809],[138.96959,35.81922],[138.9701,35.8208],[138.96968,35.82305],[138.96984,35.8244],[138.97045,35.82734],[138.97026,35.82891],[138.96962,35.83094],[138.96931,35.83115],[138.96876,35.83109],[138.96683,35.83024],[138.96572,35.83003],[138.96462,35.82954],[138.96379,35.8293],[138.96324,35.82929],[138.9624,35.82953],[138.96205,35.82976],[138.96156,35.83043],[138.96129,35.83067],[138.9599,35.83116],[138.95934,35.83147],[138.95906,35.83176],[138.95869,35.83244],[138.95832,35.83288],[138.95726,35.83355],[138.95599,35.83453],[138.95503,35.83511],[138.95432,35.83581],[138.95309,35.83668],[138.95219,35.8378],[138.95068,35.83894],[138.94918,35.84048],[138.94848,35.8416],[138.94784,35.84227],[138.94757,35.84272],[138.94749,35.8434],[138.94798,35.84498],[138.94794,35.84588],[138.9477,35.84678],[138.94773,35.84723],[138.94791,35.84768],[138.94845,35.84858],[138.94844,35.84971],[138.94779,35.85106],[138.94613,35.85375],[138.94553,35.85423],[138.94442,35.85459],[138.94409,35.85486],[138.94389,35.85554],[138.94326,35.85666],[138.94316,35.85711],[138.94305,35.86026],[138.94402,35.86117],[138.94436,35.86162],[138.94512,35.86298],[138.94609,35.86389],[138.94639,35.86434],[138.9464,35.86479],[138.946,35.86592],[138.9453,35.86726],[138.94527,35.86771],[138.94548,35.86817],[138.94593,35.86845],[138.94648,35.86865],[138.94841,35.86883],[138.94924,35.86909],[138.94964,35.86932],[138.95045,35.87001],[138.95112,35.87091],[138.95214,35.87205],[138.9539,35.87364],[138.95425,35.87409],[138.95455,35.87477],[138.95499,35.87513],[138.95609,35.87552],[138.95692,35.87591],[138.95968,35.87664],[138.96106,35.87689],[138.96189,35.87678],[138.96245,35.87683],[138.96382,35.87734],[138.96465,35.87754],[138.96493,35.87769],[138.96634,35.87891],[138.96667,35.87959],[138.96674,35.88049],[138.96691,35.88094],[138.96738,35.88166],[138.96794,35.88208],[138.96848,35.88217],[138.96959,35.88201],[138.97042,35.88198],[138.97236,35.882],[138.97291,35.88209],[138.97429,35.88273],[138.97594,35.88332],[138.97814,35.88466],[138.97897,35.88493],[138.97952,35.88486],[138.98147,35.88372],[138.98287,35.88312],[138.98342,35.88273],[138.98415,35.88197],[138.9847,35.88152],[138.9851,35.8813],[138.98565,35.88121],[138.98676,35.88138],[138.98815,35.88122],[138.98898,35.8813],[138.99146,35.88219],[138.99311,35.88294],[138.99448,35.88339],[138.99531,35.88414],[138.99587,35.88437],[138.99642,35.88438],[138.99753,35.88421],[138.99947,35.8842],[139.00058,35.88407],[139.00085,35.88413],[139.0014,35.88452],[139.00291,35.88615],[139.00381,35.88683],[139.00497,35.88744],[139.00584,35.88843],[139.00662,35.88978],[139.00666,35.89001],[139.00647,35.89113],[139.00668,35.89204],[139.00672,35.89316],[139.00684,35.89362],[139.00757,35.89452],[139.00849,35.89518],[139.01002,35.89679],[139.01041,35.89703],[139.01151,35.89742],[139.01289,35.89809],[139.01344,35.89825],[139.01455,35.89828],[139.01566,35.89819],[139.01649,35.89829],[139.01843,35.8983],[139.01926,35.89814],[139.02038,35.89746],[139.02093,35.89724],[139.02232,35.89722],[139.02342,35.89732],[139.02398,35.89717],[139.02429,35.89689],[139.02482,35.89617],[139.02538,35.89566],[139.02649,35.89497],[139.02789,35.89389],[139.0295,35.89287],[139.03095,35.89215],[139.03318,35.89135],[139.03568,35.88995],[139.03707,35.88935],[139.03802,35.88864],[139.03875,35.88769],[139.03931,35.88711],[139.04015,35.88654],[139.04098,35.88616],[139.04209,35.8859],[139.04287,35.88552],[139.04365,35.88462],[139.04433,35.88401],[139.04544,35.88354],[139.04581,35.88329],[139.04712,35.8817],[139.04832,35.88105],[139.04871,35.8806],[139.04974,35.87903],[139.05019,35.87867],[139.05103,35.87834],[139.05241,35.87818],[139.05519,35.87754],[139.05574,35.8775],[139.05685,35.87761],[139.05768,35.8775],[139.05796,35.87735],[139.05824,35.87706],[139.05895,35.87549],[139.05928,35.87504],[139.05964,35.87478],[139.06053,35.87437],[139.06131,35.87384],[139.06187,35.8736],[139.06381,35.87314],[139.06492,35.87275],[139.06603,35.87274],[139.06714,35.87236],[139.06908,35.87197],[139.06992,35.8717],[139.07047,35.87163],[139.07186,35.87164],[139.07241,35.87174],[139.07309,35.8722],[139.07389,35.87288],[139.07515,35.87432],[139.0757,35.87463],[139.07681,35.87508],[139.07763,35.87526],[139.07957,35.87528],[139.08151,35.87504],[139.08252,35.87473],[139.08346,35.87387],[139.08402,35.87351],[139.08458,35.87324],[139.08596,35.87276],[139.0893,35.87097],[139.09056,35.86983],[139.09114,35.86938],[139.09153,35.86917],[139.09209,35.86914],[139.0943,35.86948],[139.09513,35.86951],[139.09568,35.86944],[139.09874,35.86868],[139.09929,35.8683],[139.09975,35.86763],[139.10045,35.86696],[139.10097,35.86623],[139.10125,35.86602],[139.10153,35.86601],[139.10208,35.86631],[139.10263,35.86645],[139.10485,35.86639],[139.10679,35.86579],[139.10845,35.86566],[139.10956,35.86567],[139.11012,35.86547],[139.11123,35.86489],[139.11178,35.86474],[139.11206,35.86476],[139.11372,35.86526],[139.11427,35.8653],[139.11455,35.86524],[139.11538,35.86471],[139.11594,35.8645],[139.1176,35.86451],[139.11926,35.86427],[139.11982,35.86434],[139.12202,35.86492],[139.1259,35.865],[139.12645,35.86516],[139.12728,35.86554],[139.12783,35.86565],[139.12894,35.86558],[139.13005,35.86514],[139.13089,35.86465],[139.13199,35.8644],[139.1331,35.86464],[139.13476,35.86524],[139.13559,35.86526],[139.13808,35.86441],[139.1392,35.86393],[139.14058,35.86362],[139.14142,35.86335],[139.14197,35.86328],[139.14308,35.86337],[139.14447,35.86286],[139.14668,35.86283],[139.14751,35.86266],[139.14862,35.86215],[139.15002,35.86108],[139.15146,35.8605],[139.1528,35.85957],[139.15419,35.85909],[139.15669,35.85799],[139.15863,35.85742],[139.1592,35.85716],[139.15946,35.85691],[139.15971,35.85626],[139.16011,35.85559],[139.16106,35.85447],[139.1614,35.85357],[139.16208,35.85222],[139.16244,35.85177],[139.16316,35.8511],[139.16325,35.85065],[139.16282,35.84975],[139.16274,35.8493],[139.16279,35.84907],[139.16294,35.84885],[139.16457,35.84728],[139.16566,35.84571],[139.1663,35.84436],[139.16614,35.84323],[139.1664,35.84278],[139.16845,35.84136],[139.16915,35.84099],[139.16973,35.84055],[139.17095,35.8401],[139.17178,35.83992],[139.17206,35.83976],[139.17307,35.83854],[139.17429,35.83771],[139.17458,35.83675],[139.17486,35.83643],[139.17541,35.83607],[139.17624,35.83585],[139.17652,35.83571],[139.17708,35.83524],[139.17724,35.83495],[139.17722,35.83428],[139.17705,35.83338],[139.17747,35.83248],[139.17758,35.83135],[139.17806,35.83045],[139.17783,35.83],[139.17566,35.82751],[139.17549,35.82728],[139.17538,35.82683],[139.17546,35.82638],[139.17588,35.82526],[139.17603,35.82436],[139.17673,35.82278],[139.17676,35.82143],[139.17729,35.82053],[139.1773,35.82008],[139.17691,35.81918],[139.1767,35.81828],[139.17644,35.8176],[139.17587,35.81647],[139.17499,35.81511],[139.17437,35.81331],[139.17432,35.81263],[139.17461,35.81173],[139.17469,35.81083],[139.17493,35.80993],[139.17491,35.80948],[139.17468,35.80925],[139.17425,35.80918],[139.17314,35.80938],[139.17259,35.80956],[139.17231,35.80974],[139.172,35.81014],[139.17143,35.81126],[139.17063,35.81306],[139.17001,35.81373],[139.16989,35.81396],[139.16979,35.81463],[139.16998,35.81509],[139.17033,35.81534],[139.17155,35.816],[139.17202,35.81645],[139.17228,35.8169],[139.17237,35.81735],[139.17237,35.81848],[139.17215,35.81915],[139.17178,35.8196],[139.1714,35.81991],[139.17084,35.82021],[139.17001,35.82052],[139.1689,35.82059],[139.16835,35.82052],[139.16697,35.82014],[139.16669,35.82014],[139.16657,35.82025],[139.16663,35.8207],[139.16754,35.82251],[139.16762,35.82296],[139.16761,35.82363],[139.16754,35.82386],[139.16731,35.82408],[139.16682,35.82431],[139.16657,35.82453],[139.1661,35.82543],[139.1659,35.82565],[139.16554,35.82587],[139.16498,35.82597],[139.16415,35.82589],[139.16333,35.8254],[139.16222,35.82518],[139.1614,35.82472],[139.16112,35.82474],[139.16029,35.82522],[139.16001,35.82529],[139.15973,35.82522],[139.15863,35.82439],[139.1576,35.8238],[139.15735,35.82335],[139.15744,35.82268],[139.15809,35.82155],[139.15894,35.82075],[139.15903,35.82021],[139.15895,35.82003],[139.15867,35.81996],[139.15756,35.82022],[139.15701,35.82017],[139.15672,35.81997],[139.15591,35.81898],[139.15564,35.81881],[139.15536,35.81875],[139.15508,35.8188],[139.15425,35.81921],[139.15342,35.81949],[139.15079,35.82061],[139.15036,35.82082],[139.15011,35.82106],[139.14995,35.82151],[139.14993,35.82354],[139.15011,35.82466],[139.14986,35.82556],[139.14974,35.82579],[139.14949,35.82598],[139.14893,35.82608],[139.1481,35.82596],[139.14644,35.82615],[139.14589,35.82611],[139.14524,35.82576],[139.14397,35.82418],[139.1436,35.82305],[139.14354,35.82215],[139.14344,35.82188],[139.14316,35.8217],[139.14288,35.82169],[139.14178,35.82193],[139.14122,35.82188],[139.14093,35.82168],[139.14013,35.82071],[139.13984,35.82055],[139.1388,35.82032],[139.13849,35.82009],[139.13816,35.81941],[139.13799,35.81874],[139.13766,35.81838],[139.136,35.81779],[139.1349,35.81755],[139.13434,35.81773],[139.13351,35.81835],[139.13255,35.81893],[139.131,35.82014],[139.12989,35.82076],[139.12958,35.82117],[139.12936,35.82207],[139.12889,35.82296],[139.12748,35.82453],[139.12653,35.82529],[139.12458,35.8261],[139.12375,35.82635],[139.12237,35.82657],[139.12181,35.82645],[139.12118,35.82607],[139.12088,35.82562],[139.1208,35.82517],[139.12085,35.82494],[139.12126,35.82427],[139.12131,35.82405],[139.12125,35.82382],[139.12048,35.82314],[139.12038,35.82291],[139.12038,35.82179],[139.11979,35.81998],[139.11966,35.8198],[139.11911,35.8198],[139.11717,35.82023],[139.11606,35.81989],[139.11496,35.8198],[139.11468,35.8197],[139.11444,35.8195],[139.11428,35.81905],[139.11424,35.81814],[139.11446,35.81747],[139.11451,35.81702],[139.11443,35.81676],[139.11416,35.81643],[139.11361,35.81624],[139.1125,35.81619],[139.11215,35.8161],[139.11162,35.81588],[139.11057,35.81519],[139.10864,35.81454],[139.10809,35.8141],[139.10736,35.81315],[139.10718,35.81269],[139.10715,35.81224],[139.10725,35.81179],[139.10753,35.81112],[139.10802,35.81045],[139.10937,35.80933],[139.10953,35.8091],[139.10952,35.80888],[139.10906,35.8082],[139.10888,35.80775],[139.10885,35.80572],[139.10875,35.80527],[139.10845,35.80486],[139.10818,35.80474],[139.10735,35.80485],[139.10597,35.80458],[139.10513,35.80479],[139.10454,35.80524],[139.10427,35.80569],[139.10349,35.80771],[139.1029,35.80884],[139.10229,35.80974],[139.10196,35.81086],[139.10093,35.81243],[139.10089,35.81288],[139.10147,35.81514],[139.10143,35.81559],[139.10091,35.81626],[139.10064,35.81649],[139.09866,35.81749],[139.09781,35.81866],[139.09754,35.81895],[139.09726,35.81911],[139.09698,35.81915],[139.09505,35.81896],[139.09367,35.81851],[139.09284,35.8185],[139.09256,35.81844],[139.09201,35.81812],[139.09173,35.81806],[139.09118,35.8182],[139.09034,35.81869],[139.08979,35.81879],[139.08951,35.81872],[139.08869,35.81825],[139.08759,35.81737],[139.08704,35.81707],[139.08649,35.8169],[139.08617,35.81662],[139.0861,35.81617],[139.08619,35.81572],[139.08669,35.81505],[139.08706,35.81482],[139.08817,35.81449],[139.08873,35.81425],[139.08952,35.81371],[139.08991,35.81326],[139.09015,35.81282],[139.09025,35.81237],[139.09025,35.81056],[139.09092,35.80944],[139.09083,35.80921],[139.08988,35.80931],[139.08933,35.80921],[139.08905,35.80908],[139.08854,35.80875],[139.08725,35.80762],[139.08658,35.80731],[139.08575,35.80736],[139.08464,35.80781],[139.08436,35.80784],[139.08408,35.80776],[139.08391,35.80759],[139.08387,35.80737],[139.08398,35.80692],[139.08388,35.80602],[139.08425,35.80557],[139.08494,35.80512],[139.0866,35.80493],[139.0871,35.80468],[139.08724,35.80446],[139.087,35.80378],[139.0869,35.80289],[139.08635,35.8022],[139.08627,35.80198],[139.08642,35.80108],[139.08637,35.8004],[139.08665,35.79972],[139.08693,35.79947],[139.08748,35.79932],[139.08887,35.79923],[139.08997,35.79935],[139.09025,35.79918],[139.09053,35.79873],[139.09081,35.79846],[139.09192,35.79764],[139.09276,35.79728],[139.09309,35.79729],[139.09358,35.79751],[139.09413,35.79794],[139.09468,35.79853],[139.09496,35.79871],[139.09523,35.79877],[139.09634,35.7988],[139.09717,35.79897],[139.09772,35.79898],[139.09811,35.79889],[139.09883,35.79847],[139.09966,35.7982],[139.10022,35.79814],[139.10049,35.79818],[139.10092,35.79846],[139.10131,35.79913],[139.10157,35.79937],[139.10269,35.79997],[139.10324,35.80058],[139.10351,35.80071],[139.10379,35.80067],[139.104,35.80051],[139.10409,35.80028],[139.10371,35.79938],[139.10372,35.79893],[139.10381,35.79873],[139.10409,35.79845],[139.10464,35.79834],[139.10542,35.79849],[139.10572,35.79872],[139.10637,35.8003],[139.10682,35.80075],[139.10711,35.80087],[139.10766,35.80088],[139.10877,35.80053],[139.10905,35.80053],[139.10987,35.80088],[139.11098,35.80088],[139.11209,35.80074],[139.11236,35.80077],[139.11291,35.80098],[139.1135,35.80147],[139.1137,35.80192],[139.11366,35.80214],[139.11346,35.80237],[139.11286,35.80281],[139.1128,35.80304],[139.11285,35.80326],[139.11351,35.80462],[139.11406,35.80553],[139.11577,35.80734],[139.1181,35.80924],[139.11892,35.80963],[139.12003,35.80972],[139.12224,35.80932],[139.12335,35.80931],[139.12418,35.80948],[139.12611,35.81027],[139.12639,35.81011],[139.12615,35.8092],[139.1262,35.80898],[139.1264,35.80875],[139.12723,35.80827],[139.12834,35.80783],[139.12945,35.80752],[139.13062,35.80743],[139.13084,35.80727],[139.13114,35.80675],[139.13138,35.80653],[139.13266,35.80586],[139.13306,35.80581],[139.13334,35.80587],[139.13417,35.80638],[139.13499,35.8065],[139.1358,35.80678],[139.13637,35.80689],[139.13692,35.80715],[139.13761,35.80769],[139.13846,35.8086],[139.13931,35.80928],[139.13946,35.80951],[139.13952,35.80996],[139.13948,35.81108],[139.13886,35.81221],[139.13875,35.81333],[139.139,35.81401],[139.13935,35.81422],[139.13963,35.81419],[139.13991,35.81403],[139.14074,35.81325],[139.14241,35.81232],[139.14347,35.81156],[139.14491,35.81092],[139.14631,35.81],[139.14686,35.8099],[139.14741,35.80992],[139.14963,35.81069],[139.15017,35.81073],[139.15045,35.81061],[139.15073,35.81032],[139.15088,35.81002],[139.15093,35.80912],[139.15126,35.80845],[139.15186,35.80791],[139.15287,35.80733],[139.15327,35.80665],[139.15351,35.80643],[139.15438,35.80599],[139.15462,35.80576],[139.15495,35.80509],[139.15526,35.80486],[139.15576,35.80476],[139.15659,35.80477],[139.15769,35.80492],[139.15852,35.80484],[139.16018,35.80507],[139.16073,35.80505],[139.16094,35.8049],[139.16106,35.80467],[139.16113,35.80399],[139.1613,35.80353],[139.16158,35.80322],[139.16185,35.80317],[139.16274,35.80355],[139.16433,35.80472],[139.16543,35.80516],[139.16599,35.80512],[139.16628,35.80492],[139.16682,35.80433],[139.1671,35.8042],[139.16848,35.80413],[139.16876,35.80407],[139.16904,35.80387],[139.16917,35.80336],[139.16905,35.80284],[139.16767,35.80192],[139.16712,35.8017],[139.16602,35.80155],[139.16519,35.80158],[139.16491,35.80152],[139.16271,35.80029],[139.16161,35.7998],[139.16051,35.799],[139.1594,35.79854],[139.1583,35.7983],[139.15636,35.79855],[139.15553,35.79827],[139.15443,35.79764],[139.15388,35.79751],[139.15333,35.79758],[139.15221,35.79825],[139.15138,35.79827],[139.15055,35.79853],[139.15,35.79859],[139.14945,35.79838],[139.14847,35.79761],[139.14807,35.7974],[139.14724,35.79731],[139.14669,35.79713],[139.14532,35.79633],[139.14364,35.79511],[139.1432,35.79443],[139.14303,35.79398],[139.14304,35.79263],[139.14323,35.79218],[139.14371,35.7915],[139.14462,35.78993],[139.14548,35.78903],[139.14575,35.78859],[139.14575,35.78813],[139.14564,35.78791],[139.1451,35.78745],[139.14492,35.78723],[139.14487,35.787],[139.14509,35.7861],[139.14569,35.78453],[139.14561,35.78385],[139.14567,35.7834],[139.14589,35.78273],[139.14639,35.78205],[139.14643,35.78183],[139.1461,35.7816],[139.14434,35.78111],[139.14296,35.78098],[139.14268,35.78089],[139.14239,35.78068],[139.14189,35.78],[139.14162,35.77977],[139.14049,35.77914],[139.13994,35.77899],[139.13855,35.77888],[139.13789,35.77863],[139.13745,35.77833],[139.13733,35.77817],[139.13727,35.77772],[139.13735,35.77547],[139.13763,35.77412],[139.13763,35.77277],[139.1375,35.77232],[139.13695,35.77163],[139.13564,35.7696],[139.1351,35.76892],[139.1345,35.76821],[139.1333,35.76733],[139.13275,35.76643],[139.13253,35.7662],[139.13093,35.7653],[139.13065,35.76525],[139.1301,35.76536],[139.12955,35.76565],[139.12871,35.7665],[139.12815,35.76685],[139.12649,35.76732],[139.12538,35.76753],[139.12509,35.76773],[139.1245,35.76841],[139.12315,35.76933],[139.1226,35.76955],[139.12149,35.76966],[139.12094,35.76981],[139.11983,35.77037],[139.11871,35.77111],[139.11816,35.77132],[139.11705,35.77152],[139.11538,35.77237],[139.11502,35.77263],[139.11435,35.77353],[139.114,35.77375],[139.11288,35.77417],[139.11177,35.77487],[139.10983,35.77552],[139.10849,35.77642],[139.10757,35.77687],[139.1073,35.77709],[139.10653,35.77821],[139.10589,35.77889],[139.10565,35.77899],[139.10537,35.77902],[139.10427,35.77875],[139.10261,35.7785],[139.10206,35.77827],[139.10123,35.77764],[139.10054,35.77728],[139.09986,35.77701],[139.09793,35.77652],[139.0971,35.77616],[139.09673,35.7759],[139.0961,35.77522],[139.09554,35.77477],[139.09539,35.77454],[139.0953,35.77251],[139.09467,35.77116],[139.09384,35.77029],[139.09329,35.77],[139.09246,35.76992],[139.09135,35.77025],[139.09024,35.77007],[139.08886,35.77015],[139.08831,35.77034],[139.08692,35.77111],[139.08636,35.7712],[139.08581,35.7711],[139.08471,35.77049],[139.08306,35.76993],[139.0825,35.76985],[139.08167,35.76987],[139.08001,35.77014],[139.07946,35.77036],[139.07862,35.77083],[139.07752,35.77112],[139.07613,35.77175],[139.0753,35.77191],[139.07502,35.77187],[139.07475,35.77167],[139.07369,35.77013],[139.07338,35.76983],[139.07173,35.76898],[139.07063,35.76855],[139.06926,35.76715],[139.06898,35.76696],[139.06788,35.76657],[139.06706,35.76594],[139.06651,35.76564],[139.06568,35.76546],[139.06485,35.76548],[139.06402,35.76559],[139.06382,35.76556],[139.06154,35.76438],[139.06099,35.76416],[139.06044,35.76408],[139.05989,35.7641],[139.05878,35.76438],[139.0585,35.76438],[139.05795,35.7642],[139.0574,35.76389],[139.05685,35.76351],[139.05651,35.76303],[139.056,35.76213],[139.05569,35.76122],[139.05526,35.76054],[139.05495,35.76024],[139.0544,35.75993],[139.05357,35.75975],[139.05136,35.75973],[139.04915,35.76],[139.04859,35.75993],[139.04804,35.75975],[139.04749,35.75939],[139.0468,35.75869],[139.04612,35.7582],[139.04557,35.75798],[139.04336,35.75761],[139.04309,35.75751],[139.04285,35.75731],[139.04273,35.75686],[139.04291,35.75596],[139.0426,35.75505],[139.04206,35.75415],[139.04101,35.75279],[139.04049,35.75166],[139.04,35.75098],[139.03982,35.75053],[139.03979,35.7503],[139.03993,35.74985],[139.041,35.74806],[139.04126,35.74626],[139.04117,35.7458],[139.041,35.74554],[139.04045,35.74501],[139.03968,35.74444],[139.03825,35.74382],[139.03726,35.74353],[139.0355,35.74261],[139.03494,35.74252],[139.03439,35.7426],[139.03411,35.74273],[139.03188,35.74417],[139.02995,35.74445],[139.02912,35.74438],[139.02829,35.7444],[139.02802,35.74433],[139.02774,35.74415],[139.02756,35.74391],[139.02737,35.74346],[139.0272,35.74256],[139.02701,35.74233],[139.02666,35.7421],[139.0239,35.74124],[139.02198,35.74027],[139.02142,35.74016],[139.01977,35.74006],[139.01784,35.73965],[139.01674,35.7392],[139.01591,35.73901],[139.01481,35.73863],[139.01425,35.73867]],[[139.10851,35.79844],[139.10858,35.79873],[139.10823,35.79899],[139.10807,35.79873],[139.10823,35.79847],[139.10851,35.79844]],[[138.99437,35.76318],[138.99448,35.76329],[138.99448,35.76351],[138.99416,35.76374],[138.99381,35.76378],[138.9938,35.76351],[138.99397,35.76329],[138.9941,35.76316],[138.99437,35.76318]]]]}},{"type":"Feature","properties":{"no":59},"geometry":{"type":"Polygon","coordinates":[[[139.82526,35.63259],[139.82547,35.63248],[139.82574,35.63244],[139.8274,35.63248],[139.8285,35.63267],[139.83016,35.63273],[139.83099,35.63289],[139.83264,35.63296],[139.83347,35.63312],[139.83513,35.63318],[139.83706,35.63357],[139.83954,35.63385],[139.83989,35.63394],[139.84014,35.63416],[139.84021,35.63439],[139.84027,35.63507],[139.8405,35.63597],[139.84052,35.63822],[139.84078,35.63935],[139.8408,35.64183],[139.84105,35.64295],[139.84106,35.6443],[139.84093,35.64481],[139.84065,35.64494],[139.84037,35.64489],[139.84008,35.64475],[139.83982,35.64449],[139.83944,35.64318],[139.83927,35.64228],[139.83925,35.6416],[139.83882,35.64092],[139.83816,35.64044],[139.83655,35.63957],[139.8354,35.63865],[139.83513,35.6385],[139.8343,35.63844],[139.83399,35.63822],[139.83389,35.63777],[139.83385,35.63574],[139.83347,35.63477],[139.8332,35.63458],[139.83292,35.63452],[139.83154,35.63447],[139.83071,35.63431],[139.82933,35.63424],[139.82823,35.63406],[139.82685,35.63402],[139.82519,35.63378],[139.82491,35.63367],[139.82474,35.63349],[139.82471,35.63326],[139.82482,35.63304],[139.82526,35.63259]]]}},{"type":"Feature","properties":{"no":60},"geometry":{"type":"Polygon","coordinates":[[[139.81338,35.58999],[139.81361,35.5899],[139.81388,35.58989],[139.81499,35.5904],[139.82575,35.59627],[139.82637,35.59676],[139.82657,35.5971],[139.82658,35.59766],[139.82634,35.59811],[139.82568,35.59901],[139.82374,35.60216],[139.82292,35.60329],[139.82098,35.60645],[139.82061,35.6069],[139.82023,35.60713],[139.81995,35.60714],[139.8194,35.60693],[139.80691,35.60013],[139.80616,35.59969],[139.80596,35.59946],[139.80592,35.59923],[139.80616,35.59873],[139.81273,35.59067],[139.81338,35.58999]],[[139.81057,35.5972],[139.81023,35.59766],[139.81006,35.59811],[139.8101,35.59833],[139.81029,35.59855],[139.81112,35.59885],[139.81195,35.59937],[139.8125,35.5994],[139.81278,35.59924],[139.81326,35.59856],[139.81324,35.59833],[139.81305,35.59811],[139.81223,35.59772],[139.8114,35.59712],[139.81112,35.59704],[139.81085,35.59705],[139.81057,35.5972]]]}},{"type":"Feature","properties":{"no":61},"geometry":{"type":"Polygon","coordinates":[[[139.7913,35.59427],[139.79154,35.59417],[139.79181,35.59417],[139.79291,35.59468],[139.80416,35.60081],[139.80505,35.60123],[139.80809,35.60298],[139.80919,35.60348],[139.81747,35.60798],[139.81832,35.60847],[139.81853,35.6087],[139.81855,35.60892],[139.81829,35.60918],[139.81581,35.61054],[139.81139,35.61279],[139.81084,35.61299],[139.81057,35.61302],[139.81029,35.61297],[139.80946,35.61257],[139.79953,35.6071],[139.79843,35.60678],[139.79756,35.60577],[139.79612,35.60374],[139.79573,35.60284],[139.79491,35.60148],[139.79374,35.60062],[139.7915,35.59765],[139.79104,35.59652],[139.79048,35.59562],[139.79046,35.5954],[139.79067,35.59495],[139.7913,35.59427]]]}},{"type":"Feature","properties":{"no":62},"geometry":{"type":"Polygon","coordinates":[[[139.83567,35.61276],[139.83623,35.61288],[139.83806,35.61388],[139.83844,35.61423],[139.83856,35.61456],[139.83862,35.61523],[139.83884,35.61614],[139.83886,35.61816],[139.83912,35.61929],[139.83914,35.62154],[139.83939,35.62267],[139.83942,35.62492],[139.83967,35.62605],[139.83969,35.62808],[139.83995,35.62921],[139.83995,35.63101],[139.83982,35.63168],[139.83954,35.63182],[139.83927,35.63171],[139.8388,35.63123],[139.83844,35.63114],[139.83761,35.63116],[139.83734,35.63125],[139.83678,35.6316],[139.83651,35.6317],[139.83623,35.6317],[139.8354,35.63158],[139.83402,35.63154],[139.8332,35.63138],[139.83182,35.63131],[139.83099,35.63115],[139.82961,35.63109],[139.82878,35.63093],[139.82712,35.63086],[139.82657,35.63073],[139.82618,35.63056],[139.82602,35.6304],[139.82593,35.62988],[139.82612,35.62921],[139.8262,35.62785],[139.82639,35.62718],[139.82647,35.62605],[139.82667,35.62538],[139.82675,35.62402],[139.82695,35.62335],[139.82703,35.62222],[139.82722,35.62154],[139.82736,35.62019],[139.82768,35.61993],[139.82823,35.61986],[139.82878,35.61989],[139.82974,35.62019],[139.83126,35.62095],[139.83154,35.62101],[139.83182,35.62097],[139.83209,35.62077],[139.83256,35.62019],[139.83267,35.61997],[139.83266,35.61974],[139.83237,35.61943],[139.83103,35.61862],[139.8309,35.61839],[139.83093,35.61816],[139.83122,35.61771],[139.83186,35.61704],[139.83246,35.61614],[139.83314,35.61546],[139.83499,35.61321],[139.8354,35.61284],[139.83567,35.61276]],[[139.83402,35.62375],[139.83394,35.62402],[139.83402,35.62416],[139.83431,35.62402],[139.83419,35.6238],[139.83402,35.62375]]]}},{"type":"Feature","properties":{"no":63},"geometry":{"type":"Polygon","coordinates":[[[139.83927,35.65059],[139.84093,35.64974],[139.8412,35.64973],[139.84148,35.6499],[139.84179,35.65084],[139.84196,35.65287],[139.84241,35.65354],[139.84258,35.65399],[139.84259,35.65467],[139.84298,35.6567],[139.84301,35.65873],[139.84322,35.65963],[139.84316,35.66008],[139.84286,35.66025],[139.84203,35.6602],[139.8412,35.66054],[139.84093,35.66051],[139.84038,35.65985],[139.8401,35.65964],[139.83927,35.6594],[139.83899,35.65924],[139.83835,35.6585],[139.83747,35.65805],[139.83678,35.65756],[139.83651,35.65752],[139.83568,35.6576],[139.8343,35.6576],[139.83399,35.65737],[139.83375,35.65686],[139.83357,35.6567],[139.83292,35.6564],[139.83247,35.6558],[139.83248,35.65557],[139.83274,35.65535],[139.8332,35.65525],[139.83375,35.65523],[139.83706,35.65524],[139.83761,35.65537],[139.83817,35.65585],[139.83844,35.65596],[139.83872,35.65595],[139.83927,35.65578],[139.83952,35.65557],[139.83963,35.65535],[139.83963,35.65399],[139.83954,35.65377],[139.83863,35.65264],[139.83787,35.65197],[139.8378,35.65174],[139.83789,35.65152],[139.83872,35.65112],[139.83927,35.65059]]]}},{"type":"Feature","properties":{"no":64},"geometry":{"type":"Polygon","coordinates":[[[139.76119,35.58617],[139.76175,35.58621],[139.76202,35.58639],[139.7623,35.5867],[139.76242,35.58705],[139.76245,35.58907],[139.7628,35.58998],[139.76271,35.59088],[139.7627,35.59268],[139.76257,35.59355],[139.76229,35.59368],[139.76205,35.59336],[139.76174,35.5932],[139.76146,35.59319],[139.76119,35.5933],[139.76036,35.59393],[139.75981,35.59398],[139.75926,35.59368],[139.7587,35.59312],[139.75843,35.59298],[139.75815,35.59296],[139.7578,35.59313],[139.75677,35.59411],[139.75622,35.5943],[139.75594,35.59428],[139.75567,35.59409],[139.75555,35.5938],[139.75537,35.59313],[139.75544,35.59268],[139.75567,35.59247],[139.7565,35.59209],[139.7576,35.59141],[139.75853,35.59065],[139.75884,35.5902],[139.75908,35.58952],[139.75914,35.58817],[139.75926,35.58772],[139.75954,35.5874],[139.76064,35.58649],[139.76119,35.58617]]]}},{"type":"Feature","properties":{"no":65},"geometry":{"type":"Polygon","coordinates":[[[139.81069,35.52847],[139.81114,35.52849],[139.81142,35.52862],[139.81238,35.52938],[139.81335,35.53038],[139.81566,35.53231],[139.81638,35.53308],[139.81886,35.53513],[139.81969,35.53601],[139.82203,35.53794],[139.82299,35.53894],[139.82548,35.54106],[139.82568,35.54155],[139.82561,35.54177],[139.82333,35.54357],[139.82299,35.54367],[139.82272,35.54363],[139.82024,35.54261],[139.81956,35.54222],[139.81902,35.54177],[139.81831,35.54099],[139.8161,35.53917],[139.81527,35.53829],[139.81279,35.53624],[139.81197,35.53536],[139.80949,35.53331],[139.80877,35.53253],[139.80756,35.53145],[139.80745,35.53118],[139.80752,35.53095],[139.80771,35.53073],[139.81004,35.52882],[139.81069,35.52847]]]}},{"type":"Feature","properties":{"no":66},"geometry":{"type":"Polygon","coordinates":[[[139.79451,35.5323],[139.79488,35.53226],[139.79543,35.53237],[139.80039,35.53479],[139.80232,35.53552],[139.80324,35.53613],[139.8059,35.53737],[139.80645,35.53756],[139.80728,35.53769],[139.80783,35.5379],[139.80868,35.53839],[139.80893,35.53866],[139.80902,35.53907],[139.80858,35.53997],[139.80765,35.54087],[139.80696,35.54177],[139.80428,35.5456],[139.80275,35.54695],[139.80149,35.54822],[139.80006,35.54988],[139.79932,35.55101],[139.79813,35.55258],[139.79761,35.55348],[139.79687,35.55439],[139.79463,35.55777],[139.79384,35.55867],[139.79278,35.56047],[139.79204,35.56137],[139.79144,35.5625],[139.7907,35.56317],[139.78962,35.56476],[139.78875,35.56565],[139.7878,35.56723],[139.78654,35.5688],[139.78604,35.56971],[139.78567,35.57016],[139.7852,35.57043],[139.7841,35.57046],[139.78134,35.57007],[139.78024,35.57001],[139.77941,35.56985],[139.77831,35.56978],[139.77748,35.56962],[139.7761,35.56956],[139.77528,35.5694],[139.7739,35.56933],[139.77307,35.56917],[139.77197,35.5691],[139.77141,35.56895],[139.77086,35.5686],[139.7702,35.5679],[139.7687,35.56609],[139.76508,35.56198],[139.76405,35.56091],[139.7637,35.56074],[139.76342,35.56074],[139.76287,35.56104],[139.76115,35.56293],[139.76066,35.56332],[139.76011,35.56364],[139.75873,35.56423],[139.75846,35.56423],[139.75818,35.56413],[139.75773,35.56383],[139.7575,35.56361],[139.75742,35.56338],[139.75747,35.56316],[139.75804,35.56226],[139.75828,35.56158],[139.75831,35.56045],[139.75819,35.55955],[139.75846,35.55929],[139.75984,35.55888],[139.76039,35.55853],[139.76123,35.55775],[139.76159,35.55685],[139.76162,35.5564],[139.76153,35.55595],[139.76099,35.55505],[139.76012,35.55428],[139.75902,35.55371],[139.75875,35.55347],[139.75817,35.55211],[139.75819,35.55172],[139.75837,35.55144],[139.75913,35.55076],[139.75985,35.54996],[139.76012,35.54976],[139.7604,35.54972],[139.76178,35.5502],[139.76288,35.55041],[139.76426,35.55017],[139.76481,35.55019],[139.76564,35.55051],[139.76839,35.55183],[139.76977,35.55237],[139.77032,35.55245],[139.77143,35.55245],[139.77225,35.55228],[139.77281,35.55199],[139.77347,35.55145],[139.77382,35.551],[139.77401,35.55055],[139.77405,35.54942],[139.77394,35.54874],[139.77368,35.54829],[139.77268,35.54717],[139.77276,35.54671],[139.77332,35.54581],[139.77395,35.54514],[139.77445,35.54446],[139.77474,35.54426],[139.77502,35.54418],[139.77667,35.5441],[139.77722,35.54394],[139.77778,35.54365],[139.7786,35.54293],[139.77943,35.54185],[139.77971,35.54165],[139.77998,35.54159],[139.78026,35.54163],[139.78136,35.54209],[139.78338,35.54266],[139.78361,35.54289],[139.78402,35.54402],[139.78406,35.54447],[139.78276,35.54627],[139.78246,35.54651],[139.78163,35.54692],[139.78136,35.54714],[139.78079,35.54784],[139.78049,35.54852],[139.78028,35.54965],[139.7794,35.55122],[139.77925,35.55213],[139.77863,35.55415],[139.77832,35.55465],[139.77733,35.55573],[139.77656,35.55641],[139.77629,35.55686],[139.77581,35.55866],[139.77581,35.55911],[139.7761,35.55979],[139.77694,35.56101],[139.77726,35.56136],[139.77804,35.56175],[139.77859,35.56189],[139.77942,35.56193],[139.77997,35.5619],[139.78135,35.56159],[139.78245,35.56096],[139.78383,35.56102],[139.78438,35.56094],[139.78521,35.56063],[139.78588,35.56024],[139.78635,35.55979],[139.78703,35.55889],[139.78797,35.55806],[139.78852,35.55789],[139.78962,35.55779],[139.79045,35.55747],[139.791,35.55712],[139.79157,35.55641],[139.79193,35.55551],[139.79193,35.55506],[139.79174,35.55438],[139.79174,35.55393],[139.79274,35.55236],[139.79312,35.55191],[139.79349,35.55168],[139.79459,35.55138],[139.79526,35.55101],[139.79573,35.55055],[139.79628,35.54965],[139.79638,35.54898],[139.79628,35.5483],[139.79573,35.5474],[139.79514,35.54672],[139.79516,35.5465],[139.79571,35.54582],[139.79592,35.54537],[139.79607,35.54492],[139.79625,35.54379],[139.79731,35.54222],[139.7985,35.54064],[139.79904,35.53974],[139.79922,35.53884],[139.79901,35.53794],[139.79873,35.53749],[139.79837,35.53658],[139.79791,35.53615],[139.79695,35.53591],[139.79598,35.5352],[139.79487,35.53476],[139.79432,35.53468],[139.79294,35.53467],[139.79157,35.53471],[139.79101,35.53498],[139.78936,35.53711],[139.78908,35.53736],[139.78881,35.53743],[139.78853,35.53742],[139.78605,35.53695],[139.78522,35.53693],[139.78467,35.53705],[139.78384,35.53779],[139.78329,35.53812],[139.78302,35.53814],[139.78284,35.53793],[139.78297,35.53748],[139.78326,35.53703],[139.78408,35.5359],[139.78467,35.53538],[139.78522,35.53525],[139.78633,35.5356],[139.7866,35.53555],[139.78701,35.53523],[139.78754,35.53455],[139.78798,35.53424],[139.78991,35.53362],[139.79451,35.5323]]]}},{"type":"Feature","properties":{"no":67},"geometry":{"type":"Polygon","coordinates":[[[139.76505,35.56519],[139.76535,35.56511],[139.76563,35.56515],[139.76602,35.56541],[139.77166,35.57218],[139.77254,35.57285],[139.77359,35.57421],[139.7736,35.57443],[139.77334,35.57472],[139.77251,35.57496],[139.77169,35.57499],[139.76507,35.57499],[139.76451,35.57492],[139.76424,35.57476],[139.7641,35.57443],[139.76419,35.5742],[139.76572,35.57285],[139.76587,35.57263],[139.7659,35.57229],[139.76566,35.57195],[139.76489,35.57127],[139.76397,35.57078],[139.76274,35.56924],[139.76251,35.56879],[139.76257,35.56789],[139.76249,35.56767],[139.76199,35.56699],[139.76204,35.56676],[139.76231,35.56652],[139.76505,35.56519]]]}},{"type":"Feature","properties":{"no":68},"geometry":{"type":"Polygon","coordinates":[[[139.7692,35.57724],[139.77086,35.57702],[139.78244,35.57703],[139.78437,35.57727],[139.78465,35.57733],[139.78492,35.57749],[139.78589,35.57894],[139.7863,35.57942],[139.78692,35.57985],[139.78704,35.58007],[139.78701,35.5803],[139.78667,35.58075],[139.78562,35.58142],[139.78409,35.58266],[139.78354,35.58315],[139.7831,35.58368],[139.78244,35.58394],[139.78161,35.58452],[139.78078,35.58494],[139.77913,35.58622],[139.77885,35.58632],[139.7783,35.58624],[139.77719,35.58554],[139.77637,35.5856],[139.77554,35.58544],[139.77526,35.58547],[139.77444,35.58589],[139.77351,35.5866],[139.7733,35.58705],[139.77337,35.58728],[139.77358,35.5875],[139.77443,35.58808],[139.77515,35.58886],[139.77636,35.5899],[139.77657,35.59021],[139.77658,35.59043],[139.77586,35.59156],[139.77365,35.59449],[139.77305,35.59522],[139.77277,35.59537],[139.7725,35.59538],[139.77195,35.5952],[139.76974,35.594],[139.76726,35.59285],[139.76698,35.59282],[139.76668,35.59291],[139.7664,35.59313],[139.7656,35.59418],[139.76505,35.59453],[139.7645,35.59459],[139.76395,35.59454],[139.76289,35.59403],[139.76276,35.59381],[139.76271,35.59336],[139.76271,35.59088],[139.7628,35.58998],[139.7625,35.5893],[139.76244,35.58885],[139.76251,35.58705],[139.76266,35.58682],[139.7634,35.58621],[139.76382,35.58569],[139.76478,35.58517],[139.76548,35.58434],[139.76552,35.58389],[139.76533,35.58353],[139.76506,35.58335],[139.76451,35.58348],[139.76423,35.58346],[139.76403,35.58277],[139.76382,35.58254],[139.7634,35.5823],[139.76258,35.58202],[139.76175,35.58126],[139.7612,35.58109],[139.76037,35.58104],[139.7601,35.58094],[139.75996,35.58073],[139.76016,35.58028],[139.76148,35.57859],[139.76145,35.57826],[139.76093,35.57757],[139.76108,35.57736],[139.7612,35.57731],[139.76231,35.57728],[139.76286,35.5775],[139.7641,35.57826],[139.76487,35.57916],[139.76503,35.57961],[139.76492,35.58006],[139.76498,35.58096],[139.76518,35.58186],[139.76534,35.58215],[139.76589,35.58247],[139.76644,35.58263],[139.76696,35.58254],[139.76726,35.58232],[139.76733,35.58209],[139.76727,35.58161],[139.76754,35.58165],[139.76837,35.58205],[139.76865,35.58206],[139.76975,35.58145],[139.77003,35.58121],[139.77013,35.58097],[139.77006,35.58074],[139.7681,35.57901],[139.76705,35.57871],[139.76675,35.57849],[139.76663,35.57826],[139.76661,35.57781],[139.76672,35.57752],[139.76699,35.57732],[139.76727,35.57727],[139.7692,35.57724]]]}},{"type":"Feature","properties":{"no":69},"geometry":{"type":"Polygon","coordinates":[[[139.80546,35.58571],[139.80588,35.58561],[139.80616,35.58565],[139.80671,35.5859],[139.81092,35.58819],[139.8114,35.58862],[139.81142,35.58887],[139.81117,35.58932],[139.8051,35.59675],[139.80466,35.5972],[139.80423,35.59737],[139.80361,35.5972],[139.79623,35.59319],[139.79535,35.59269],[139.79507,35.59247],[139.79496,35.59224],[139.79512,35.59189],[139.79589,35.59134],[139.80313,35.58703],[139.80546,35.58571]]]}},{"type":"Feature","properties":{"no":70},"geometry":{"type":"Polygon","coordinates":[[[139.5757,35.75918],[139.57609,35.75903],[139.57636,35.75906],[139.57691,35.75947],[139.5778,35.75986],[139.57924,35.76099],[139.57942,35.76121],[139.57946,35.76144],[139.57929,35.76166],[139.57892,35.76189],[139.57871,35.76211],[139.57858,35.76279],[139.57828,35.76317],[139.57801,35.76325],[139.57745,35.76325],[139.57718,35.76342],[139.57696,35.76414],[139.5768,35.76436],[139.57645,35.76459],[139.57587,35.76481],[139.57468,35.76501],[139.57413,35.76522],[139.57342,35.76571],[139.5732,35.76616],[139.57302,35.76633],[139.57274,35.76634],[139.57192,35.76577],[139.57053,35.76545],[139.57026,35.76525],[139.57025,35.7648],[139.57087,35.7639],[139.57082,35.76353],[139.57054,35.76326],[139.57027,35.76319],[139.56999,35.76321],[139.56916,35.76346],[139.56861,35.76346],[139.56805,35.76313],[139.56723,35.76288],[139.56688,35.76254],[139.56678,35.76209],[139.56683,35.76186],[139.56708,35.76164],[139.56806,35.76142],[139.57,35.76083],[139.57055,35.76083],[139.57083,35.7609],[139.57165,35.76137],[139.57248,35.76136],[139.57359,35.76116],[139.57483,35.7603],[139.57511,35.75963],[139.5757,35.75918]]]}}]}