{"type":"FeatureCollection","features":[{"type":"Feature","properties":{"name":"お台場海浜公園","planned":false},"geometry":{"type":"Point","coordinates":[139.77853,35.62981]}},{"type":"Feature","properties":{"name":"東京国際クルーズターミナル","planned":false},"geometry":{"type":"Point","coordinates":[139.7731,35.62136]}},{"type":"Feature","properties":{"name":"テレコムセンター","planned":false},"geometry":{"type":"Point","coordinates":[139.77967,35.61773]}},{"type":"Feature","properties":{"name":"汐留","planned":false},"geometry":{"type":"Point","coordinates":[139.76008,35.66298]}},{"type":"Feature","properties":{"name":"台場","planned":false},"geometry":{"type":"Point","coordinates":[139.77137,35.62587]}},{"type":"Feature","properties":{"name":"有明","planned":false},"geometry":{"type":"Point","coordinates":[139.79334,35.63455]}},{"type":"Feature","properties":{"name":"東京ビッグサイト","planned":false},"geometry":{"type":"Point","coordinates":[139.7913,35.63021]}},{"type":"Feature","properties":{"name":"新橋","planned":false},"geometry":{"type":"Point","coordinates":[139.75977,35.66539]}},{"type":"Feature","properties":{"name":"竹芝","planned":false},"geometry":{"type":"Point","coordinates":[139.76201,35.65407]}},{"type":"Feature","properties":{"name":"芝浦ふ頭","planned":false},"geometry":{"type":"Point","coordinates":[139.75787,35.64222]}},{"type":"Feature","properties":{"name":"日の出","planned":false},"geometry":{"type":"Point","coordinates":[139.75916,35.64926]}},{"type":"Feature","properties":{"name":"青海","planned":false},"geometry":{"type":"Point","coordinates":[139.78132,35.6248]}},{"type":"Feature","properties":{"name":"新豊洲","planned":false},"geometry":{"type":"Point","coordinates":[139.79012,35.64871]}},{"type":"Feature","properties":{"name":"市場前","planned":false},"geometry":{"type":"Point","coordinates":[139.78565,35.64569]}},{"type":"Feature","properties":{"name":"有明テニスの森","planned":false},"geometry":{"type":"Point","coordinates":[139.78889,35.63998]}},{"type":"Feature","properties":{"name":"豊洲","planned":false},"geometry":{"type":"Point","coordinates":[139.79543,35.65371]}},{"type":"Feature","properties":{"name":"仲町台","planned":false},"geometry":{"type":"Point","coordinates":[139.58952,35.53531]}},{"type":"Feature","properties":{"name":"北新横浜","planned":false},"geometry":{"type":"Point","coordinates":[139.61285,35.51922]}},{"type":"Feature","properties":{"name":"三ツ沢上町","planned":false},"geometry":{"type":"Point","coordinates":[139.60546,35.47642]}},{"type":"Feature","properties":{"name":"新羽","planned":false},"geometry":{"type":"Point","coordinates":[139.61204,35.52732]}},{"type":"Feature","properties":{"name":"岸根公園","planned":false},"geometry":{"type":"Point","coordinates":[139.61655,35.49551]}},{"type":"Feature","properties":{"name":"片倉町","planned":false},"geometry":{"type":"Point","coordinates":[139.60643,35.49]}},{"type":"Feature","properties":{"name":"三ツ沢下町","planned":false},"geometry":{"type":"Point","coordinates":[139.61521,35.47648]}},{"type":"Feature","properties":{"name":"センター北","planned":false},"geometry":{"type":"Point","coordinates":[139.57822,35.5532]}},{"type":"Feature","properties":{"name":"新横浜","planned":false},"geometry":{"type":"Point","coordinates":[139.61724,35.50906]}},{"type":"Feature","properties":{"name":"センター南","planned":false},"geometry":{"type":"Point","coordinates":[139.5743,35.54533]}},{"type":"Feature","properties":{"name":"あざみ野","planned":false},"geometry":{"type":"Point","coordinates":[139.55415,35.56795]}},{"type":"Feature","properties":{"name":"中川","planned":false},"geometry":{"type":"Point","coordinates":[139.56968,35.56309]}},{"type":"Feature","properties":{"name":"井の頭公園","planned":false},"geometry":{"type":"Point","coordinates":[139.58312,35.69729]}},{"type":"Feature","properties":{"name":"吉祥寺","planned":false},"geometry":{"type":"Point","coordinates":[139.58031,35.70229]}},{"type":"Feature","properties":{"name":"三鷹台","planned":false},"geometry":{"type":"Point","coordinates":[139.58929,35.69205]}},{"type":"Feature","properties":{"name":"駒場東大前","planned":false},"geometry":{"type":"Point","coordinates":[139.68408,35.65867]}},{"type":"Feature","properties":{"name":"神泉","planned":false},"geometry":{"type":"Point","coordinates":[139.69313,35.65717]}},{"type":"Feature","properties":{"name":"明大前","planned":false},"geometry":{"type":"Point","coordinates":[139.65038,35.66908]}},{"type":"Feature","properties":{"name":"渋谷","planned":false},"geometry":{"type":"Point","coordinates":[139.69975,35.65853]}},{"type":"Feature","properties":{"name":"永福町","planned":false},"geometry":{"type":"Point","coordinates":[139.64267,35.67623]}},{"type":"Feature","properties":{"name":"東松原","planned":false},"geometry":{"type":"Point","coordinates":[139.65569,35.66263]}},{"type":"Feature","properties":{"name":"浜田山","planned":false},"geometry":{"type":"Point","coordinates":[139.62758,35.68158]}},{"type":"Feature","properties":{"name":"新代田","planned":false},"geometry":{"type":"Point","coordinates":[139.66139,35.66249]}},{"type":"Feature","properties":{"name":"高井戸","planned":false},"geometry":{"type":"Point","coordinates":[139.61523,35.68326]}},{"type":"Feature","properties":{"name":"久我山","planned":false},"geometry":{"type":"Point","coordinates":[139.59933,35.68814]}},{"type":"Feature","properties":{"name":"富士見ヶ丘","planned":false},"geometry":{"type":"Point","coordinates":[139.60719,35.68481]}},{"type":"Feature","properties":{"name":"下北沢","planned":false},"geometry":{"type":"Point","coordinates":[139.66657,35.6616]}},{"type":"Feature","properties":{"name":"池ノ上","planned":false},"geometry":{"type":"Point","coordinates":[139.67345,35.66037]}},{"type":"Feature","properties":{"name":"西永福","planned":false},"geometry":{"type":"Point","coordinates":[139.63515,35.67888]}},{"type":"Feature","properties":{"name":"仙川","planned":false},"geometry":{"type":"Point","coordinates":[139.58524,35.66238]}},{"type":"Feature","properties":{"name":"代田橋","planned":false},"geometry":{"type":"Point","coordinates":[139.6594,35.67108]}},{"type":"Feature","properties":{"name":"笹塚","planned":false},"geometry":{"type":"Point","coordinates":[139.66717,35.67366]}},{"type":"Feature","properties":{"name":"幡ヶ谷","planned":false},"geometry":{"type":"Point","coordinates":[139.67772,35.67676]}},{"type":"Feature","properties":{"name":"桜上水","planned":false},"geometry":{"type":"Point","coordinates":[139.63146,35.66764]}},{"type":"Feature","properties":{"name":"八幡山","planned":false},"geometry":{"type":"Point","coordinates":[139.61448,35.67007]}},{"type":"Feature","properties":{"name":"芦花公園","planned":false},"geometry":{"type":"Point","coordinates":[139.60825,35.67054]}},{"type":"Feature","properties":{"name":"新宿","planned":false},"geometry":{"type":"Point","coordinates":[139.69921,35.68999]}},{"type":"Feature","properties":{"name":"下高井戸","planned":false},"geometry":{"type":"Point","coordinates":[139.64203,35.66608]}},{"type":"Feature","properties":{"name":"上北沢","planned":false},"geometry":{"type":"Point","coordinates":[139.62341,35.66885]}},{"type":"Feature","properties":{"name":"初台","planned":false},"geometry":{"type":"Point","coordinates":[139.68827,35.68142]}},{"type":"Feature","properties":{"name":"千歳烏山","planned":false},"geometry":{"type":"Point","coordinates":[139.60037,35.66783]}},{"type":"Feature","properties":{"name":"調布","planned":false},"geometry":{"type":"Point","coordinates":[139.54474,35.65177]}},{"type":"Feature","properties":{"name":"高幡不動","planned":false},"geometry":{"type":"Point","coordinates":[139.4131,35.66227]}},{"type":"Feature","properties":{"name":"北野","planned":false},"geometry":{"type":"Point","coordinates":[139.35418,35.64449]}},{"type":"Feature","properties":{"name":"飛田給","planned":false},"geometry":{"type":"Point","coordinates":[139.52366,35.65998]}},{"type":"Feature","properties":{"name":"長沼","planned":false},"geometry":{"type":"Point","coordinates":[139.36588,35.64278]}},{"type":"Feature","properties":{"name":"つつじヶ丘","planned":false},"geometry":{"type":"Point","coordinates":[139.57519,35.658]}},{"type":"Feature","properties":{"name":"柴崎","planned":false},"geometry":{"type":"Point","coordinates":[139.56662,35.65399]}},{"type":"Feature","properties":{"name":"中河原","planned":false},"geometry":{"type":"Point","coordinates":[139.45769,35.65954]}},{"type":"Feature","properties":{"name":"東府中","planned":false},"geometry":{"type":"Point","coordinates":[139.4954,35.66877]}},{"type":"Feature","properties":{"name":"武蔵野台","planned":false},"geometry":{"type":"Point","coordinates":[139.5113,35.66414]}},{"type":"Feature","properties":{"name":"百草園","planned":false},"geometry":{"type":"Point","coordinates":[139.43138,35.65738]}},{"type":"Feature","properties":{"name":"布田","planned":false},"geometry":{"type":"Point","coordinates":[139.55172,35.64986]}},{"type":"Feature","properties":{"name":"平山城址公園","planned":false},"geometry":{"type":"Point","coordinates":[139.3799,35.64731]}},{"type":"Feature","properties":{"name":"多磨霊園","planned":false},"geometry":{"type":"Point","coordinates":[139.50212,35.66636]}},{"type":"Feature","properties":{"name":"国領","planned":false},"geometry":{"type":"Point","coordinates":[139.55843,35.65019]}},{"type":"Feature","properties":{"name":"京王八王子","planned":false},"geometry":{"type":"Point","coordinates":[139.34302,35.65798]}},{"type":"Feature","properties":{"name":"分倍河原","planned":false},"geometry":{"type":"Point","coordinates":[139.46837,35.6681]}},{"type":"Feature","properties":{"name":"西調布","planned":false},"geometry":{"type":"Point","coordinates":[139.52951,35.65732]}},{"type":"Feature","properties":{"name":"南平","planned":false},"geometry":{"type":"Point","coordinates":[139.39258,35.65514]}},{"type":"Feature","properties":{"name":"聖蹟桜ヶ丘","planned":false},"geometry":{"type":"Point","coordinates":[139.44696,35.6508]}},{"type":"Feature","properties":{"name":"府中","planned":false},"geometry":{"type":"Point","coordinates":[139.4801,35.67219]}},{"type":"Feature","properties":{"name":"府中競馬正門前","planned":false},"geometry":{"type":"Point","coordinates":[139.48516,35.66835]}},{"type":"Feature","properties":{"name":"高尾","planned":false},"geometry":{"type":"Point","coordinates":[139.28171,35.64166]}},{"type":"Feature","properties":{"name":"山田","planned":false},"geometry":{"type":"Point","coordinates":[139.32075,35.64435]}},{"type":"Feature","properties":{"name":"めじろ台","planned":false},"geometry":{"type":"Point","coordinates":[139.30846,35.64363]}},{"type":"Feature","properties":{"name":"京王片倉","planned":false},"geometry":{"type":"Point","coordinates":[139.33696,35.64436]}},{"type":"Feature","properties":{"name":"高尾山口","planned":false},"geometry":{"type":"Point","coordinates":[139.26981,35.63238]}},{"type":"Feature","properties":{"name":"狭間","planned":false},"geometry":{"type":"Point","coordinates":[139.29364,35.64059]}},{"type":"Feature","properties":{"name":"京王よみうりランド","planned":false},"geometry":{"type":"Point","coordinates":[139.51729,35.63296]}},{"type":"Feature","properties":{"name":"橋本","planned":false},"geometry":{"type":"Point","coordinates":[139.34354,35.59521]}},{"type":"Feature","properties":{"name":"京王堀之内","planned":false},"geometry":{"type":"Point","coordinates":[139.40033,35.62448]}},{"type":"Feature","properties":{"name":"南大沢","planned":false},"geometry":{"type":"Point","coordinates":[139.37983,35.61408]}},{"type":"Feature","properties":{"name":"京王多摩センター","planned":false},"geometry":{"type":"Point","coordinates":[139.42417,35.62523]}},{"type":"Feature","properties":{"name":"多摩境","planned":false},"geometry":{"type":"Point","coordinates":[139.36693,35.60174]}},{"type":"Feature","properties":{"name":"若葉台","planned":false},"geometry":{"type":"Point","coordinates":[139.47234,35.61937]}},{"type":"Feature","properties":{"name":"京王永山","planned":false},"geometry":{"type":"Point","coordinates":[139.44821,35.63024]}},{"type":"Feature","properties":{"name":"稲城","planned":false},"geometry":{"type":"Point","coordinates":[139.50015,35.63616]}},{"type":"Feature","properties":{"name":"京王稲田堤","planned":false},"geometry":{"type":"Point","coordinates":[139.53198,35.63413]}},{"type":"Feature","properties":{"name":"京王多摩川","planned":false},"geometry":{"type":"Point","coordinates":[139.53631,35.64413]}},{"type":"Feature","properties":{"name":"多摩動物公園","planned":false},"geometry":{"type":"Point","coordinates":[139.40551,35.64954]}},{"type":"Feature","properties":{"name":"青砥","planned":false},"geometry":{"type":"Point","coordinates":[139.85627,35.74587]}},{"type":"Feature","properties":{"name":"京成曳舟","planned":false},"geometry":{"type":"Point","coordinates":[139.82028,35.71864]}},{"type":"Feature","properties":{"name":"押上","planned":false},"geometry":{"type":"Point","coordinates":[139.81241,35.71022]}},{"type":"Feature","properties":{"name":"八広","planned":false},"geometry":{"type":"Point","coordinates":[139.8283,35.72723]}},{"type":"Feature","properties":{"name":"四ツ木","planned":false},"geometry":{"type":"Point","coordinates":[139.83465,35.73172]}},{"type":"Feature","properties":{"name":"京成立石","planned":false},"geometry":{"type":"Point","coordinates":[139.84816,35.73819]}},{"type":"Feature","properties":{"name":"京成高砂","planned":false},"geometry":{"type":"Point","coordinates":[139.86659,35.75087]}},{"type":"Feature","properties":{"name":"京成金町","planned":false},"geometry":{"type":"Point","coordinates":[139.87035,35.76845]}},{"type":"Feature","properties":{"name":"柴又","planned":false},"geometry":{"type":"Point","coordinates":[139.8753,35.75642]}},{"type":"Feature","properties":{"name":"京成西船","planned":false},"geometry":{"type":"Point","coordinates":[139.95884,35.71169]}},{"type":"Feature","properties":{"name":"大神宮下","planned":false},"geometry":{"type":"Point","coordinates":[139.99137,35.69397]}},{"type":"Feature","properties":{"name":"京成八幡","planned":false},"geometry":{"type":"Point","coordinates":[139.92817,35.72386]}},{"type":"Feature","properties":{"name":"船橋競馬場","planned":false},"geometry":{"type":"Point","coordinates":[139.99807,35.68957]}},{"type":"Feature","properties":{"name":"海神","planned":false},"geometry":{"type":"Point","coordinates":[139.97179,35.70592]}},{"type":"Feature","properties":{"name":"東中山","planned":false},"geometry":{"type":"Point","coordinates":[139.95263,35.71442]}},{"type":"Feature","properties":{"name":"鬼越","planned":false},"geometry":{"type":"Point","coordinates":[139.93786,35.71976]}},{"type":"Feature","properties":{"name":"京成中山","planned":false},"geometry":{"type":"Point","coordinates":[139.94438,35.71695]}},{"type":"Feature","properties":{"name":"京成船橋","planned":false},"geometry":{"type":"Point","coordinates":[139.98518,35.70003]}},{"type":"Feature","properties":{"name":"京成関屋","planned":false},"geometry":{"type":"Point","coordinates":[139.81185,35.74397]}},{"type":"Feature","properties":{"name":"堀切菖蒲園","planned":false},"geometry":{"type":"Point","coordinates":[139.82754,35.74765]}},{"type":"Feature","properties":{"name":"菅野","planned":false},"geometry":{"type":"Point","coordinates":[139.9194,35.72827]}},{"type":"Feature","properties":{"name":"千住大橋","planned":false},"geometry":{"type":"Point","coordinates":[139.79705,35.74241]}},{"type":"Feature","properties":{"name":"京成上野","planned":false},"geometry":{"type":"Point","coordinates":[139.77351,35.71131]}},{"type":"Feature","properties":{"name":"江戸川","planned":false},"geometry":{"type":"Point","coordinates":[139.89576,35.73786]}},{"type":"Feature","properties":{"name":"日暮里","planned":false},"geometry":{"type":"Point","coordinates":[139.7715,35.72801]}},{"type":"Feature","properties":{"name":"新三河島","planned":false},"geometry":{"type":"Point","coordinates":[139.77405,35.73727]}},{"type":"Feature","properties":{"name":"国府台","planned":false},"geometry":{"type":"Point","coordinates":[139.90354,35.73631]}},{"type":"Feature","properties":{"name":"町屋","planned":false},"geometry":{"type":"Point","coordinates":[139.78152,35.74231]}},{"type":"Feature","properties":{"name":"京成小岩","planned":false},"geometry":{"type":"Point","coordinates":[139.88361,35.74222]}},{"type":"Feature","properties":{"name":"市川真間","planned":false},"geometry":{"type":"Point","coordinates":[139.91176,35.73126]}},{"type":"Feature","properties":{"name":"お花茶屋","planned":false},"geometry":{"type":"Point","coordinates":[139.83988,35.74761]}},{"type":"Feature","properties":{"name":"京急蒲田","planned":false},"geometry":{"type":"Point","coordinates":[139.72434,35.56168]}},{"type":"Feature","properties":{"name":"穴守稲荷","planned":false},"geometry":{"type":"Point","coordinates":[139.74669,35.55034]}},{"type":"Feature","properties":{"name":"糀谷","planned":false},"geometry":{"type":"Point","coordinates":[139.72959,35.55445]}},{"type":"Feature","properties":{"name":"大鳥居","planned":false},"geometry":{"type":"Point","coordinates":[139.74023,35.55232]}},{"type":"Feature","properties":{"name":"天空橋","planned":false},"geometry":{"type":"Point","coordinates":[139.75453,35.54821]}},{"type":"Feature","properties":{"name":"羽田空港第1・第2ターミナル","planned":false},"geometry":{"type":"Point","coordinates":[139.78586,35.54972]}},{"type":"Feature","properties":{"name":"京急川崎","planned":false},"geometry":{"type":"Point","coordinates":[139.70094,35.53301]}},{"type":"Feature","properties":{"name":"鈴木町","planned":false},"geometry":{"type":"Point","coordinates":[139.72066,35.53538]}},{"type":"Feature","properties":{"name":"小島新田","planned":false},"geometry":{"type":"Point","coordinates":[139.74756,35.53464]}},{"type":"Feature","properties":{"name":"東門前","planned":false},"geometry":{"type":"Point","coordinates":[139.73433,35.53659]}},{"type":"Feature","properties":{"name":"港町","planned":false},"geometry":{"type":"Point","coordinates":[139.71262,35.53507]}},{"type":"Feature","properties":{"name":"大師橋","planned":false},"geometry":{"type":"Point","coordinates":[139.74044,35.53661]}},{"type":"Feature","properties":{"name":"川崎大師","planned":false},"geometry":{"type":"Point","coordinates":[139.726,35.53577]}},{"type":"Feature","properties":{"name":"大森海岸","planned":false},"geometry":{"type":"Point","coordinates":[139.73534,35.58758]}},{"type":"Feature","properties":{"name":"立会川","planned":false},"geometry":{"type":"Point","coordinates":[139.73895,35.59851]}},{"type":"Feature","properties":{"name":"青物横丁","planned":false},"geometry":{"type":"Point","coordinates":[139.74313,35.60919]}},{"type":"Feature","properties":{"name":"北品川","planned":false},"geometry":{"type":"Point","coordinates":[139.73928,35.62244]}},{"type":"Feature","properties":{"name":"品川","planned":false},"geometry":{"type":"Point","coordinates":[139.73798,35.62768]}},{"type":"Feature","properties":{"name":"新馬場","planned":false},"geometry":{"type":"Point","coordinates":[139.74151,35.61658]}},{"type":"Feature","properties":{"name":"鮫洲","planned":false},"geometry":{"type":"Point","coordinates":[139.74245,35.60507]}},{"type":"Feature","properties":{"name":"泉岳寺","planned":false},"geometry":{"type":"Point","coordinates":[139.73973,35.63813]}},{"type":"Feature","properties":{"name":"京急鶴見","planned":false},"geometry":{"type":"Point","coordinates":[139.67757,35.50667]}},{"type":"Feature","properties":{"name":"大森町","planned":false},"geometry":{"type":"Point","coordinates":[139.73201,35.5725]}},{"type":"Feature","properties":{"name":"京急新子安","planned":false},"geometry":{"type":"Point","coordinates":[139.65585,35.48722]}},{"type":"Feature","properties":{"name":"八丁畷","planned":false},"geometry":{"type":"Point","coordinates":[139.69145,35.52303]}},{"type":"Feature","properties":{"name":"雑色","planned":false},"geometry":{"type":"Point","coordinates":[139.71504,35.54977]}},{"type":"Feature","properties":{"name":"生麦","planned":false},"geometry":{"type":"Point","coordinates":[139.66733,35.4956]}},{"type":"Feature","properties":{"name":"花月総持寺","planned":false},"geometry":{"type":"Point","coordinates":[139.67286,35.50033]}},{"type":"Feature","properties":{"name":"神奈川","planned":false},"geometry":{"type":"Point","coordinates":[139.62742,35.47125]}},{"type":"Feature","properties":{"name":"京急東神奈川","planned":false},"geometry":{"type":"Point","coordinates":[139.63493,35.47755]}},{"type":"Feature","properties":{"name":"鶴見市場","planned":false},"geometry":{"type":"Point","coordinates":[139.68649,35.51759]}},{"type":"Feature","properties":{"name":"子安","planned":false},"geometry":{"type":"Point","coordinates":[139.64502,35.48459]}},{"type":"Feature","properties":{"name":"神奈川新町","planned":false},"geometry":{"type":"Point","coordinates":[139.64017,35.48152]}},{"type":"Feature","properties":{"name":"梅屋敷","planned":false},"geometry":{"type":"Point","coordinates":[139.72817,35.56678]}},{"type":"Feature","properties":{"name":"六郷土手","planned":false},"geometry":{"type":"Point","coordinates":[139.70756,35.54053]}},{"type":"Feature","properties":{"name":"平和島","planned":false},"geometry":{"type":"Point","coordinates":[139.73497,35.57868]}},{"type":"Feature","properties":{"name":"御岳山","planned":false},"geometry":{"type":"Point","coordinates":[139.15376,35.78963]}},{"type":"Feature","properties":{"name":"滝本","planned":false},"geometry":{"type":"Point","coordinates":[139.16155,35.79603]}},{"type":"Feature","properties":{"name":"高尾山","planned":false},"geometry":{"type":"Point","coordinates":[139.25608,35.63107]}},{"type":"Feature","properties":{"name":"清滝","planned":false},"geometry":{"type":"Point","coordinates":[139.2667,35.63108]}},{"type":"Feature","properties":{"name":"戸塚安行","planned":false},"geometry":{"type":"Point","coordinates":[139.75378,35.85907]}},{"type":"Feature","properties":{"name":"東川口","planned":false},"geometry":{"type":"Point","coordinates":[139.74367,35.87662]}},{"type":"Feature","properties":{"name":"南鳩ヶ谷","planned":false},"geometry":{"type":"Point","coordinates":[139.7361,35.81608]}},{"type":"Feature","properties":{"name":"鳩ヶ谷","planned":false},"geometry":{"type":"Point","coordinates":[139.73616,35.8308]}},{"type":"Feature","properties":{"name":"浦和美園","planned":false},"geometry":{"type":"Point","coordinates":[139.72782,35.89368]}},{"type":"Feature","properties":{"name":"赤羽岩淵","planned":false},"geometry":{"type":"Point","coordinates":[139.72211,35.78336]}},{"type":"Feature","properties":{"name":"川口元郷","planned":false},"geometry":{"type":"Point","coordinates":[139.72996,35.80008]}},{"type":"Feature","properties":{"name":"新井宿","planned":false},"geometry":{"type":"Point","coordinates":[139.73811,35.84295]}},{"type":"Feature","properties":{"name":"大宮","planned":false},"geometry":{"type":"Point","coordinates":[139.62225,35.9078]}},{"type":"Feature","properties":{"name":"鉄道博物館","planned":false},"geometry":{"type":"Point","coordinates":[139.61783,35.92027]}},{"type":"Feature","properties":{"name":"柏たなか","planned":false},"geometry":{"type":"Point","coordinates":[139.95752,35.91086]}},{"type":"Feature","properties":{"name":"流山おおたかの森","planned":false},"geometry":{"type":"Point","coordinates":[139.92496,35.87176]}},{"type":"Feature","properties":{"name":"柏の葉キャンパス","planned":false},"geometry":{"type":"Point","coordinates":[139.95253,35.89332]}},{"type":"Feature","properties":{"name":"北千住","planned":false},"geometry":{"type":"Point","coordinates":[139.80518,35.74986]}},{"type":"Feature","properties":{"name":"三郷中央","planned":false},"geometry":{"type":"Point","coordinates":[139.87837,35.82448]}},{"type":"Feature","properties":{"name":"六町","planned":false},"geometry":{"type":"Point","coordinates":[139.8218,35.78478]}},{"type":"Feature","properties":{"name":"浅草","planned":false},"geometry":{"type":"Point","coordinates":[139.79246,35.71393]}},{"type":"Feature","properties":{"name":"八潮","planned":false},"geometry":{"type":"Point","coordinates":[139.84474,35.80777]}},{"type":"Feature","properties":{"name":"南流山","planned":false},"geometry":{"type":"Point","coordinates":[139.90279,35.83843]}},{"type":"Feature","properties":{"name":"青井","planned":false},"geometry":{"type":"Point","coordinates":[139.82024,35.772]}},{"type":"Feature","properties":{"name":"秋葉原","planned":false},"geometry":{"type":"Point","coordinates":[139.77438,35.69904]}},{"type":"Feature","properties":{"name":"南千住","planned":false},"geometry":{"type":"Point","coordinates":[139.79895,35.73298]}},{"type":"Feature","properties":{"name":"流山セントラルパーク","planned":false},"geometry":{"type":"Point","coordinates":[139.91518,35.85459]}},{"type":"Feature","properties":{"name":"新御徒町","planned":false},"geometry":{"type":"Point","coordinates":[139.78234,35.70688]}},{"type":"Feature","properties":{"name":"相模大野","planned":false},"geometry":{"type":"Point","coordinates":[139.43788,35.5322]}},{"type":"Feature","properties":{"name":"鶴間","planned":false},"geometry":{"type":"Point","coordinates":[139.45064,35.49057]}},{"type":"Feature","properties":{"name":"中央林間","planned":false},"geometry":{"type":"Point","coordinates":[139.4441,35.508]}},{"type":"Feature","properties":{"name":"東林間","planned":false},"geometry":{"type":"Point","coordinates":[139.43912,35.52002]}},{"type":"Feature","properties":{"name":"南林間","planned":false},"geometry":{"type":"Point","coordinates":[139.448,35.4956]}},{"type":"Feature","properties":{"name":"大和","planned":false},"geometry":{"type":"Point","coordinates":[139.46149,35.46979]}},{"type":"Feature","properties":{"name":"代々木八幡","planned":false},"geometry":{"type":"Point","coordinates":[139.68907,35.66969]}},{"type":"Feature","properties":{"name":"喜多見","planned":false},"geometry":{"type":"Point","coordinates":[139.58678,35.6365]}},{"type":"Feature","properties":{"name":"豪徳寺","planned":false},"geometry":{"type":"Point","coordinates":[139.64711,35.65372]}},{"type":"Feature","properties":{"name":"南新宿","planned":false},"geometry":{"type":"Point","coordinates":[139.69865,35.68356]}},{"type":"Feature","properties":{"name":"千歳船橋","planned":false},"geometry":{"type":"Point","coordinates":[139.62453,35.64768]}},{"type":"Feature","properties":{"name":"参宮橋","planned":false},"geometry":{"type":"Point","coordinates":[139.69358,35.67861]}},{"type":"Feature","properties":{"name":"祖師ヶ谷大蔵","planned":false},"geometry":{"type":"Point","coordinates":[139.60979,35.64326]}},{"type":"Feature","properties":{"name":"梅ヶ丘","planned":false},"geometry":{"type":"Point","coordinates":[139.65355,35.65602]}},{"type":"Feature","properties":{"name":"世田谷代田","planned":false},"geometry":{"type":"Point","coordinates":[139.6616,35.65836]}},{"type":"Feature","properties":{"name":"東北沢","planned":false},"geometry":{"type":"Point","coordinates":[139.67304,35.66544]}},{"type":"Feature","properties":{"name":"経堂","planned":false},"geometry":{"type":"Point","coordinates":[139.63667,35.65119]}},{"type":"Feature","properties":{"name":"成城学園前","planned":false},"geometry":{"type":"Point","coordinates":[139.59908,35.64014]}},{"type":"Feature","properties":{"name":"代々木上原","planned":false},"geometry":{"type":"Point","coordinates":[139.67988,35.66902]}},{"type":"Feature","properties":{"name":"町田","planned":false},"geometry":{"type":"Point","coordinates":[139.44506,35.54394]}},{"type":"Feature","properties":{"name":"狛江","planned":false},"geometry":{"type":"Point","coordinates":[139.57736,35.63225]}},{"type":"Feature","properties":{"name":"読売ランド前","planned":false},"geometry":{"type":"Point","coordinates":[139.52804,35.61473]}},{"type":"Feature","properties":{"name":"生田","planned":false},"geometry":{"type":"Point","coordinates":[139.5418,35.61494]}},{"type":"Feature","properties":{"name":"和泉多摩川","planned":false},"geometry":{"type":"Point","coordinates":[139.57372,35.62741]}},{"type":"Feature","properties":{"name":"百合ヶ丘","planned":false},"geometry":{"type":"Point","coordinates":[139.51608,35.60903]}},{"type":"Feature","properties":{"name":"柿生","planned":false},"geometry":{"type":"Point","coordinates":[139.49755,35.58957]}},{"type":"Feature","properties":{"name":"玉川学園前","planned":false},"geometry":{"type":"Point","coordinates":[139.46344,35.56351]}},{"type":"Feature","properties":{"name":"小田急相模原","planned":false},"geometry":{"type":"Point","coordinates":[139.42302,35.51555]}},{"type":"Feature","properties":{"name":"登戸","planned":false},"geometry":{"type":"Point","coordinates":[139.56927,35.62071]}},{"type":"Feature","properties":{"name":"相武台前","planned":false},"geometry":{"type":"Point","coordinates":[139.40855,35.49936]}},{"type":"Feature","properties":{"name":"向ヶ丘遊園","planned":false},"geometry":{"type":"Point","coordinates":[139.56461,35.61728]}},{"type":"Feature","properties":{"name":"鶴川","planned":false},"geometry":{"type":"Point","coordinates":[139.48183,35.58311]}},{"type":"Feature","properties":{"name":"新百合ヶ丘","planned":false},"geometry":{"type":"Point","coordinates":[139.50747,35.6037]}},{"type":"Feature","properties":{"name":"座間","planned":false},"geometry":{"type":"Point","coordinates":[139.39988,35.48099]}},{"type":"Feature","properties":{"name":"五月台","planned":false},"geometry":{"type":"Point","coordinates":[139.49338,35.60023]}},{"type":"Feature","properties":{"name":"唐木田","planned":false},"geometry":{"type":"Point","coordinates":[139.41168,35.61657]}},{"type":"Feature","properties":{"name":"小田急多摩センター","planned":false},"geometry":{"type":"Point","coordinates":[139.42437,35.62493]}},{"type":"Feature","properties":{"name":"黒川","planned":false},"geometry":{"type":"Point","coordinates":[139.47074,35.61314]}},{"type":"Feature","properties":{"name":"栗平","planned":false},"geometry":{"type":"Point","coordinates":[139.48129,35.60575]}},{"type":"Feature","properties":{"name":"はるひ野","planned":false},"geometry":{"type":"Point","coordinates":[139.46499,35.61841]}},{"type":"Feature","properties":{"name":"小田急永山","planned":false},"geometry":{"type":"Point","coordinates":[139.44806,35.62992]}},{"type":"Feature","properties":{"name":"新鎌ヶ谷","planned":false},"geometry":{"type":"Point","coordinates":[139.99865,35.77924]}},{"type":"Feature","properties":{"name":"みのり台","planned":false},"geometry":{"type":"Point","coordinates":[139.92879,35.78934]}},{"type":"Feature","properties":{"name":"北初富","planned":false},"geometry":{"type":"Point","coordinates":[139.9898,35.77656]}},{"type":"Feature","properties":{"name":"元山","planned":false},"geometry":{"type":"Point","coordinates":[139.97567,35.79032]}},{"type":"Feature","properties":{"name":"くぬぎ山","planned":false},"geometry":{"type":"Point","coordinates":[139.97567,35.78233]}},{"type":"Feature","properties":{"name":"松戸新田","planned":false},"geometry":{"type":"Point","coordinates":[139.92233,35.79066]}},{"type":"Feature","properties":{"name":"八柱","planned":false},"geometry":{"type":"Point","coordinates":[139.93755,35.79143]}},{"type":"Feature","properties":{"name":"五香","planned":false},"geometry":{"type":"Point","coordinates":[139.96577,35.79729]}},{"type":"Feature","properties":{"name":"常盤平","planned":false},"geometry":{"type":"Point","coordinates":[139.94943,35.80315]}},{"type":"Feature","properties":{"name":"松戸","planned":false},"geometry":{"type":"Point","coordinates":[139.90083,35.78435]}},{"type":"Feature","properties":{"name":"上本郷","planned":false},"geometry":{"type":"Point","coordinates":[139.91584,35.78938]}},{"type":"Feature","properties":{"name":"西所沢","planned":false},"geometry":{"type":"Point","coordinates":[139.45615,35.78884]}},{"type":"Feature","properties":{"name":"下山口","planned":false},"geometry":{"type":"Point","coordinates":[139.44117,35.77944]}},{"type":"Feature","properties":{"name":"西武球場前","planned":false},"geometry":{"type":"Point","coordinates":[139.42044,35.77157]}},{"type":"Feature","properties":{"name":"東村山","planned":false},"geometry":{"type":"Point","coordinates":[139.46586,35.75997]}},{"type":"Feature","properties":{"name":"小川","planned":false},"geometry":{"type":"Point","coordinates":[139.4635,35.73757]}},{"type":"Feature","properties":{"name":"鷹の台","planned":false},"geometry":{"type":"Point","coordinates":[139.46106,35.72301]}},{"type":"Feature","properties":{"name":"国分寺","planned":false},"geometry":{"type":"Point","coordinates":[139.48086,35.70013]}},{"type":"Feature","properties":{"name":"恋ヶ窪","planned":false},"geometry":{"type":"Point","coordinates":[139.46389,35.71135]}},{"type":"Feature","properties":{"name":"多摩湖","planned":false},"geometry":{"type":"Point","coordinates":[139.44272,35.76579]}},{"type":"Feature","properties":{"name":"西武園ゆうえんち","planned":false},"geometry":{"type":"Point","coordinates":[139.44019,35.76903]}},{"type":"Feature","properties":{"name":"下井草","planned":false},"geometry":{"type":"Point","coordinates":[139.62473,35.72387]}},{"type":"Feature","properties":{"name":"下落合","planned":false},"geometry":{"type":"Point","coordinates":[139.6953,35.71569]}},{"type":"Feature","properties":{"name":"高田馬場","planned":false},"geometry":{"type":"Point","coordinates":[139.70396,35.71245]}},{"type":"Feature","properties":{"name":"野方","planned":false},"geometry":{"type":"Point","coordinates":[139.65352,35.71958]}},{"type":"Feature","properties":{"name":"鷺ノ宮","planned":false},"geometry":{"type":"Point","coordinates":[139.63984,35.72262]}},{"type":"Feature","properties":{"name":"上井草","planned":false},"geometry":{"type":"Point","coordinates":[139.60296,35.72525]}},{"type":"Feature","properties":{"name":"中井","planned":false},"geometry":{"type":"Point","coordinates":[139.68664,35.71507]}},{"type":"Feature","properties":{"name":"都立家政","planned":false},"geometry":{"type":"Point","coordinates":[139.64543,35.72219]}},{"type":"Feature","properties":{"name":"新井薬師前","planned":false},"geometry":{"type":"Point","coordinates":[139.67259,35.71576]}},{"type":"Feature","properties":{"name":"井荻","planned":false},"geometry":{"type":"Point","coordinates":[139.61562,35.72466]}},{"type":"Feature","properties":{"name":"上石神井","planned":false},"geometry":{"type":"Point","coordinates":[139.59229,35.7262]}},{"type":"Feature","properties":{"name":"沼袋","planned":false},"geometry":{"type":"Point","coordinates":[139.66484,35.71916]}},{"type":"Feature","properties":{"name":"西武新宿","planned":false},"geometry":{"type":"Point","coordinates":[139.70005,35.69617]}},{"type":"Feature","properties":{"name":"小平","planned":false},"geometry":{"type":"Point","coordinates":[139.48845,35.73691]}},{"type":"Feature","properties":{"name":"狭山市","planned":false},"geometry":{"type":"Point","coordinates":[139.41334,35.85728]}},{"type":"Feature","properties":{"name":"入曽","planned":false},"geometry":{"type":"Point","coordinates":[139.42719,35.83239]}},{"type":"Feature","properties":{"name":"南大塚","planned":false},"geometry":{"type":"Point","coordinates":[139.45419,35.8897]}},{"type":"Feature","properties":{"name":"航空公園","planned":false},"geometry":{"type":"Point","coordinates":[139.46559,35.79834]}},{"type":"Feature","properties":{"name":"本川越","planned":false},"geometry":{"type":"Point","coordinates":[139.48113,35.91367]}},{"type":"Feature","properties":{"name":"新狭山","planned":false},"geometry":{"type":"Point","coordinates":[139.43379,35.87416]}},{"type":"Feature","properties":{"name":"新所沢","planned":false},"geometry":{"type":"Point","coordinates":[139.45717,35.8058]}},{"type":"Feature","properties":{"name":"所沢","planned":false},"geometry":{"type":"Point","coordinates":[139.47328,35.78682]}},{"type":"Feature","properties":{"name":"久米川","planned":false},"geometry":{"type":"Point","coordinates":[139.47269,35.74953]}},{"type":"Feature","properties":{"name":"武蔵関","planned":false},"geometry":{"type":"Point","coordinates":[139.57637,35.72762]}},{"type":"Feature","properties":{"name":"田無","planned":false},"geometry":{"type":"Point","coordinates":[139.53898,35.7272]}},{"type":"Feature","properties":{"name":"花小金井","planned":false},"geometry":{"type":"Point","coordinates":[139.51332,35.72615]}},{"type":"Feature","properties":{"name":"西武柳沢","planned":false},"geometry":{"type":"Point","coordinates":[139.5524,35.72858]}},{"type":"Feature","properties":{"name":"東伏見","planned":false},"geometry":{"type":"Point","coordinates":[139.56358,35.72875]}},{"type":"Feature","properties":{"name":"西武園","planned":false},"geometry":{"type":"Point","coordinates":[139.44889,35.76774]}},{"type":"Feature","properties":{"name":"吾野","planned":false},"geometry":{"type":"Point","coordinates":[139.2259,35.90829]}},{"type":"Feature","properties":{"name":"西吾野","planned":false},"geometry":{"type":"Point","coordinates":[139.20242,35.927]}},{"type":"Feature","properties":{"name":"小竹向原","planned":false},"geometry":{"type":"Point","coordinates":[139.67952,35.74339]}},{"type":"Feature","properties":{"name":"練馬","planned":false},"geometry":{"type":"Point","coordinates":[139.65444,35.73794]}},{"type":"Feature","properties":{"name":"新桜台","planned":false},"geometry":{"type":"Point","coordinates":[139.66866,35.74102]}},{"type":"Feature","properties":{"name":"八坂","planned":false},"geometry":{"type":"Point","coordinates":[139.46775,35.74489]}},{"type":"Feature","properties":{"name":"一橋学園","planned":false},"geometry":{"type":"Point","coordinates":[139.48006,35.7221]}},{"type":"Feature","properties":{"name":"萩山","planned":false},"geometry":{"type":"Point","coordinates":[139.47684,35.7408]}},{"type":"Feature","properties":{"name":"武蔵大和","planned":false},"geometry":{"type":"Point","coordinates":[139.44404,35.75643]}},{"type":"Feature","properties":{"name":"青梅街道","planned":false},"geometry":{"type":"Point","coordinates":[139.47657,35.73099]}},{"type":"Feature","properties":{"name":"武蔵境","planned":false},"geometry":{"type":"Point","coordinates":[139.54426,35.70191]}},{"type":"Feature","properties":{"name":"新小金井","planned":false},"geometry":{"type":"Point","coordinates":[139.52675,35.69592]}},{"type":"Feature","properties":{"name":"競艇場前","planned":false},"geometry":{"type":"Point","coordinates":[139.49966,35.65621]}},{"type":"Feature","properties":{"name":"多磨","planned":false},"geometry":{"type":"Point","coordinates":[139.51715,35.67683]}},{"type":"Feature","properties":{"name":"白糸台","planned":false},"geometry":{"type":"Point","coordinates":[139.50952,35.66631]}},{"type":"Feature","properties":{"name":"是政","planned":false},"geometry":{"type":"Point","coordinates":[139.48864,35.65619]}},{"type":"Feature","properties":{"name":"池袋","planned":false},"geometry":{"type":"Point","coordinates":[139.71083,35.72766]}},{"type":"Feature","properties":{"name":"石神井公園","planned":false},"geometry":{"type":"Point","coordinates":[139.60656,35.74364]}},{"type":"Feature","properties":{"name":"江古田","planned":false},"geometry":{"type":"Point","coordinates":[139.67279,35.73747]}},{"type":"Feature","properties":{"name":"富士見台","planned":false},"geometry":{"type":"Point","coordinates":[139.62982,35.73585]}},{"type":"Feature","properties":{"name":"中村橋","planned":false},"geometry":{"type":"Point","coordinates":[139.63717,35.73667]}},{"type":"Feature","properties":{"name":"桜台","planned":false},"geometry":{"type":"Point","coordinates":[139.6624,35.73875]}},{"type":"Feature","properties":{"name":"東長崎","planned":false},"geometry":{"type":"Point","coordinates":[139.68318,35.72997]}},{"type":"Feature","properties":{"name":"練馬高野台","planned":false},"geometry":{"type":"Point","coordinates":[139.61684,35.74062]}},{"type":"Feature","properties":{"name":"椎名町","planned":false},"geometry":{"type":"Point","coordinates":[139.69432,35.72649]}},{"type":"Feature","properties":{"name":"大泉学園","planned":false},"geometry":{"type":"Point","coordinates":[139.5868,35.74935]}},{"type":"Feature","properties":{"name":"小手指","planned":false},"geometry":{"type":"Point","coordinates":[139.43804,35.80058]}},{"type":"Feature","properties":{"name":"東吾野","planned":false},"geometry":{"type":"Point","coordinates":[139.26027,35.89247]}},{"type":"Feature","properties":{"name":"元加治","planned":false},"geometry":{"type":"Point","coordinates":[139.34537,35.84056]}},{"type":"Feature","properties":{"name":"清瀬","planned":false},"geometry":{"type":"Point","coordinates":[139.51989,35.77196]}},{"type":"Feature","properties":{"name":"仏子","planned":false},"geometry":{"type":"Point","coordinates":[139.36019,35.83768]}},{"type":"Feature","properties":{"name":"狭山ヶ丘","planned":false},"geometry":{"type":"Point","coordinates":[139.41702,35.81041]}},{"type":"Feature","properties":{"name":"飯能","planned":false},"geometry":{"type":"Point","coordinates":[139.31882,35.85119]}},{"type":"Feature","properties":{"name":"秋津","planned":false},"geometry":{"type":"Point","coordinates":[139.4969,35.77848]}},{"type":"Feature","properties":{"name":"東久留米","planned":false},"geometry":{"type":"Point","coordinates":[139.53375,35.76045]}},{"type":"Feature","properties":{"name":"武蔵横手","planned":false},"geometry":{"type":"Point","coordinates":[139.28068,35.88526]}},{"type":"Feature","properties":{"name":"武蔵藤沢","planned":false},"geometry":{"type":"Point","coordinates":[139.41276,35.82085]}},{"type":"Feature","properties":{"name":"高麗","planned":false},"geometry":{"type":"Point","coordinates":[139.30439,35.88206]}},{"type":"Feature","properties":{"name":"東飯能","planned":false},"geometry":{"type":"Point","coordinates":[139.32598,35.85302]}},{"type":"Feature","properties":{"name":"稲荷山公園","planned":false},"geometry":{"type":"Point","coordinates":[139.39941,35.84471]}},{"type":"Feature","properties":{"name":"入間市","planned":false},"geometry":{"type":"Point","coordinates":[139.39026,35.84281]}},{"type":"Feature","properties":{"name":"ひばりヶ丘","planned":false},"geometry":{"type":"Point","coordinates":[139.54577,35.75143]}},{"type":"Feature","properties":{"name":"保谷","planned":false},"geometry":{"type":"Point","coordinates":[139.56803,35.74824]}},{"type":"Feature","properties":{"name":"拝島","planned":false},"geometry":{"type":"Point","coordinates":[139.3442,35.72107]}},{"type":"Feature","properties":{"name":"東大和市","planned":false},"geometry":{"type":"Point","coordinates":[139.43429,35.73291]}},{"type":"Feature","properties":{"name":"西武立川","planned":false},"geometry":{"type":"Point","coordinates":[139.36965,35.72618]}},{"type":"Feature","properties":{"name":"武蔵砂川","planned":false},"geometry":{"type":"Point","coordinates":[139.39234,35.72883]}},{"type":"Feature","properties":{"name":"玉川上水","planned":false},"geometry":{"type":"Point","coordinates":[139.41878,35.73171]}},{"type":"Feature","properties":{"name":"豊島園","planned":false},"geometry":{"type":"Point","coordinates":[139.64802,35.74204]}},{"type":"Feature","properties":{"name":"相模大塚","planned":false},"geometry":{"type":"Point","coordinates":[139.44115,35.47054]}},{"type":"Feature","properties":{"name":"鶴ヶ峰","planned":false},"geometry":{"type":"Point","coordinates":[139.54998,35.47509]}},{"type":"Feature","properties":{"name":"西谷","planned":false},"geometry":{"type":"Point","coordinates":[139.56552,35.47806]}},{"type":"Feature","properties":{"name":"瀬谷","planned":false},"geometry":{"type":"Point","coordinates":[139.48259,35.4704]}},{"type":"Feature","properties":{"name":"さがみ野","planned":false},"geometry":{"type":"Point","coordinates":[139.42904,35.4715]}},{"type":"Feature","properties":{"name":"幸谷","planned":false},"geometry":{"type":"Point","coordinates":[139.92006,35.82704]}},{"type":"Feature","properties":{"name":"鰭ヶ崎","planned":false},"geometry":{"type":"Point","coordinates":[139.91111,35.84097]}},{"type":"Feature","properties":{"name":"馬橋","planned":false},"geometry":{"type":"Point","coordinates":[139.91703,35.81209]}},{"type":"Feature","properties":{"name":"流山","planned":false},"geometry":{"type":"Point","coordinates":[139.90183,35.8558]}},{"type":"Feature","properties":{"name":"小金城趾","planned":false},"geometry":{"type":"Point","coordinates":[139.91688,35.83602]}},{"type":"Feature","properties":{"name":"平和台","planned":false},"geometry":{"type":"Point","coordinates":[139.90123,35.85112]}},{"type":"Feature","properties":{"name":"立川北","planned":false},"geometry":{"type":"Point","coordinates":[139.41267,35.69953]}},{"type":"Feature","properties":{"name":"松が谷","planned":false},"geometry":{"type":"Point","coordinates":[139.42203,35.63179]}},{"type":"Feature","properties":{"name":"程久保","planned":false},"geometry":{"type":"Point","coordinates":[139.41075,35.65523]}},{"type":"Feature","properties":{"name":"桜街道","planned":false},"geometry":{"type":"Point","coordinates":[139.41656,35.73904]}},{"type":"Feature","properties":{"name":"泉体育館","planned":false},"geometry":{"type":"Point","coordinates":[139.41957,35.71885]}},{"type":"Feature","properties":{"name":"多摩センター","planned":false},"geometry":{"type":"Point","coordinates":[139.42279,35.62385]}},{"type":"Feature","properties":{"name":"高松","planned":false},"geometry":{"type":"Point","coordinates":[139.41327,35.71005]}},{"type":"Feature","properties":{"name":"上北台","planned":false},"geometry":{"type":"Point","coordinates":[139.41586,35.74576]}},{"type":"Feature","properties":{"name":"甲州街道","planned":false},"geometry":{"type":"Point","coordinates":[139.40915,35.67825]}},{"type":"Feature","properties":{"name":"中央大学・明星大学","planned":false},"geometry":{"type":"Point","coordinates":[139.40873,35.64189]}},{"type":"Feature","properties":{"name":"立飛","planned":false},"geometry":{"type":"Point","coordinates":[139.41707,35.71427]}},{"type":"Feature","properties":{"name":"立川南","planned":false},"geometry":{"type":"Point","coordinates":[139.41258,35.69617]}},{"type":"Feature","properties":{"name":"砂川七番","planned":false},"geometry":{"type":"Point","coordinates":[139.41811,35.72339]}},{"type":"Feature","properties":{"name":"万願寺","planned":false},"geometry":{"type":"Point","coordinates":[139.41986,35.67131]}},{"type":"Feature","properties":{"name":"柴崎体育館","planned":false},"geometry":{"type":"Point","coordinates":[139.40928,35.6898]}},{"type":"Feature","properties":{"name":"大塚・帝京大学","planned":false},"geometry":{"type":"Point","coordinates":[139.41645,35.63686]}},{"type":"Feature","properties":{"name":"東京","planned":false},"geometry":{"type":"Point","coordinates":[139.76811,35.6811]}},{"type":"Feature","properties":{"name":"天王洲アイル","planned":false},"geometry":{"type":"Point","coordinates":[139.7509,35.62287]}},{"type":"Feature","properties":{"name":"大井競馬場前","planned":false},"geometry":{"type":"Point","coordinates":[139.7472,35.59503]}},{"type":"Feature","properties":{"name":"モノレール浜松町","planned":false},"geometry":{"type":"Point","coordinates":[139.75667,35.65575]}},{"type":"Feature","properties":{"name":"羽田空港第1ターミナル","planned":false},"geometry":{"type":"Point","coordinates":[139.78465,35.54909]}},{"type":"Feature","properties":{"name":"整備場","planned":false},"geometry":{"type":"Point","coordinates":[139.75336,35.5551]}},{"type":"Feature","properties":{"name":"羽田空港第2ターミナル","planned":false},"geometry":{"type":"Point","coordinates":[139.7882,35.5508]}},{"type":"Feature","properties":{"name":"流通センター","planned":false},"geometry":{"type":"Point","coordinates":[139.74919,35.58145]}},{"type":"Feature","properties":{"name":"昭和島","planned":false},"geometry":{"type":"Point","coordinates":[139.74991,35.57062]}},{"type":"Feature","properties":{"name":"新整備場","planned":false},"geometry":{"type":"Point","coordinates":[139.78683,35.54282]}},{"type":"Feature","properties":{"name":"こどもの国","planned":false},"geometry":{"type":"Point","coordinates":[139.48667,35.558]}},{"type":"Feature","properties":{"name":"恩田","planned":false},"geometry":{"type":"Point","coordinates":[139.49216,35.5456]}},{"type":"Feature","properties":{"name":"長津田","planned":false},"geometry":{"type":"Point","coordinates":[139.4941,35.53193]}},{"type":"Feature","properties":{"name":"若林","planned":false},"geometry":{"type":"Point","coordinates":[139.65991,35.64593]}},{"type":"Feature","properties":{"name":"宮の坂","planned":false},"geometry":{"type":"Point","coordinates":[139.64492,35.64755]}},{"type":"Feature","properties":{"name":"山下","planned":false},"geometry":{"type":"Point","coordinates":[139.64646,35.6542]}},{"type":"Feature","properties":{"name":"世田谷","planned":false},"geometry":{"type":"Point","coordinates":[139.65084,35.6435]}},{"type":"Feature","properties":{"name":"松原","planned":false},"geometry":{"type":"Point","coordinates":[139.64189,35.6602]}},{"type":"Feature","properties":{"name":"松陰神社前","planned":false},"geometry":{"type":"Point","coordinates":[139.65499,35.64388]}},{"type":"Feature","properties":{"name":"三軒茶屋","planned":false},"geometry":{"type":"Point","coordinates":[139.66918,35.6441]}},{"type":"Feature","properties":{"name":"上町","planned":false},"geometry":{"type":"Point","coordinates":[139.64637,35.64356]}},{"type":"Feature","properties":{"name":"西太子堂","planned":false},"geometry":{"type":"Point","coordinates":[139.66635,35.64452]}},{"type":"Feature","properties":{"name":"大井町","planned":false},"geometry":{"type":"Point","coordinates":[139.73415,35.6077]}},{"type":"Feature","properties":{"name":"戸越公園","planned":false},"geometry":{"type":"Point","coordinates":[139.71839,35.60893]}},{"type":"Feature","properties":{"name":"下神明","planned":false},"geometry":{"type":"Point","coordinates":[139.72631,35.60871]}},{"type":"Feature","properties":{"name":"二子玉川","planned":false},"geometry":{"type":"Point","coordinates":[139.62634,35.61139]}},{"type":"Feature","properties":{"name":"北千束","planned":false},"geometry":{"type":"Point","coordinates":[139.69327,35.60628]}},{"type":"Feature","properties":{"name":"上野毛","planned":false},"geometry":{"type":"Point","coordinates":[139.63893,35.61198]}},{"type":"Feature","properties":{"name":"旗の台","planned":false},"geometry":{"type":"Point","coordinates":[139.70221,35.60493]}},{"type":"Feature","properties":{"name":"等々力","planned":false},"geometry":{"type":"Point","coordinates":[139.64796,35.60837]}},{"type":"Feature","properties":{"name":"緑が丘","planned":false},"geometry":{"type":"Point","coordinates":[139.67915,35.60648]}},{"type":"Feature","properties":{"name":"九品仏","planned":false},"geometry":{"type":"Point","coordinates":[139.66101,35.60538]}},{"type":"Feature","properties":{"name":"大岡山","planned":false},"geometry":{"type":"Point","coordinates":[139.68477,35.60705]}},{"type":"Feature","properties":{"name":"自由が丘","planned":false},"geometry":{"type":"Point","coordinates":[139.66897,35.60739]}},{"type":"Feature","properties":{"name":"中延","planned":false},"geometry":{"type":"Point","coordinates":[139.71255,35.60572]}},{"type":"Feature","properties":{"name":"尾山台","planned":false},"geometry":{"type":"Point","coordinates":[139.65412,35.60694]}},{"type":"Feature","properties":{"name":"荏原町","planned":false},"geometry":{"type":"Point","coordinates":[139.70755,35.60381]}},{"type":"Feature","properties":{"name":"大崎広小路","planned":false},"geometry":{"type":"Point","coordinates":[139.72235,35.6223]}},{"type":"Feature","properties":{"name":"五反田","planned":false},"geometry":{"type":"Point","coordinates":[139.72404,35.625]}},{"type":"Feature","properties":{"name":"戸越銀座","planned":false},"geometry":{"type":"Point","coordinates":[139.715,35.61601]}},{"type":"Feature","properties":{"name":"荏原中延","planned":false},"geometry":{"type":"Point","coordinates":[139.71203,35.6099]}},{"type":"Feature","properties":{"name":"雪が谷大塚","planned":false},"geometry":{"type":"Point","coordinates":[139.68113,35.59197]}},{"type":"Feature","properties":{"name":"石川台","planned":false},"geometry":{"type":"Point","coordinates":[139.68509,35.59686]}},{"type":"Feature","properties":{"name":"御嶽山","planned":false},"geometry":{"type":"Point","coordinates":[139.68238,35.58522]}},{"type":"Feature","properties":{"name":"長原","planned":false},"geometry":{"type":"Point","coordinates":[139.69797,35.60223]}},{"type":"Feature","properties":{"name":"洗足池","planned":false},"geometry":{"type":"Point","coordinates":[139.69092,35.59968]}},{"type":"Feature","properties":{"name":"蓮沼","planned":false},"geometry":{"type":"Point","coordinates":[139.7086,35.56396]}},{"type":"Feature","properties":{"name":"久が原","planned":false},"geometry":{"type":"Point","coordinates":[139.68567,35.57945]}},{"type":"Feature","properties":{"name":"池上","planned":false},"geometry":{"type":"Point","coordinates":[139.70282,35.57195]}},{"type":"Feature","properties":{"name":"蒲田","planned":false},"geometry":{"type":"Point","coordinates":[139.71459,35.56177]}},{"type":"Feature","properties":{"name":"千鳥町","planned":false},"geometry":{"type":"Point","coordinates":[139.69142,35.573]}},{"type":"Feature","properties":{"name":"二子新地","planned":false},"geometry":{"type":"Point","coordinates":[139.62271,35.60733]}},{"type":"Feature","properties":{"name":"駒沢大学","planned":false},"geometry":{"type":"Point","coordinates":[139.66096,35.63303]}},{"type":"Feature","properties":{"name":"梶が谷","planned":false},"geometry":{"type":"Point","coordinates":[139.60567,35.59373]}},{"type":"Feature","properties":{"name":"高津","planned":false},"geometry":{"type":"Point","coordinates":[139.61766,35.60346]}},{"type":"Feature","properties":{"name":"用賀","planned":false},"geometry":{"type":"Point","coordinates":[139.63417,35.62668]}},{"type":"Feature","properties":{"name":"宮崎台","planned":false},"geometry":{"type":"Point","coordinates":[139.59093,35.58713]}},{"type":"Feature","properties":{"name":"池尻大橋","planned":false},"geometry":{"type":"Point","coordinates":[139.68476,35.65074]}},{"type":"Feature","properties":{"name":"宮前平","planned":false},"geometry":{"type":"Point","coordinates":[139.58249,35.58502]}},{"type":"Feature","properties":{"name":"桜新町","planned":false},"geometry":{"type":"Point","coordinates":[139.64547,35.63173]}},{"type":"Feature","properties":{"name":"溝の口","planned":false},"geometry":{"type":"Point","coordinates":[139.61053,35.5998]}},{"type":"Feature","properties":{"name":"青葉台","planned":false},"geometry":{"type":"Point","coordinates":[139.5173,35.54286]}},{"type":"Feature","properties":{"name":"つきみ野","planned":false},"geometry":{"type":"Point","coordinates":[139.45872,35.51056]}},{"type":"Feature","properties":{"name":"市が尾","planned":false},"geometry":{"type":"Point","coordinates":[139.54126,35.55127]}},{"type":"Feature","properties":{"name":"たまプラーザ","planned":false},"geometry":{"type":"Point","coordinates":[139.55865,35.57745]}},{"type":"Feature","properties":{"name":"すずかけ台","planned":false},"geometry":{"type":"Point","coordinates":[139.48181,35.51714]}},{"type":"Feature","properties":{"name":"田奈","planned":false},"geometry":{"type":"Point","coordinates":[139.50454,35.53589]}},{"type":"Feature","properties":{"name":"藤が丘","planned":false},"geometry":{"type":"Point","coordinates":[139.52758,35.5434]}},{"type":"Feature","properties":{"name":"鷺沼","planned":false},"geometry":{"type":"Point","coordinates":[139.57316,35.57972]}},{"type":"Feature","properties":{"name":"江田","planned":false},"geometry":{"type":"Point","coordinates":[139.55141,35.55853]}},{"type":"Feature","properties":{"name":"つくし野","planned":false},"geometry":{"type":"Point","coordinates":[139.48494,35.52707]}},{"type":"Feature","properties":{"name":"南町田グランベリーパーク","planned":false},"geometry":{"type":"Point","coordinates":[139.47044,35.51152]}},{"type":"Feature","properties":{"name":"多摩川","planned":false},"geometry":{"type":"Point","coordinates":[139.6687,35.58965]}},{"type":"Feature","properties":{"name":"代官山","planned":false},"geometry":{"type":"Point","coordinates":[139.70349,35.64825]}},{"type":"Feature","properties":{"name":"中目黒","planned":false},"geometry":{"type":"Point","coordinates":[139.69883,35.64411]}},{"type":"Feature","properties":{"name":"祐天寺","planned":false},"geometry":{"type":"Point","coordinates":[139.69075,35.63717]}},{"type":"Feature","properties":{"name":"学芸大学","planned":false},"geometry":{"type":"Point","coordinates":[139.68524,35.62877]}},{"type":"Feature","properties":{"name":"都立大学","planned":false},"geometry":{"type":"Point","coordinates":[139.67644,35.61785]}},{"type":"Feature","properties":{"name":"田園調布","planned":false},"geometry":{"type":"Point","coordinates":[139.66728,35.59729]}},{"type":"Feature","properties":{"name":"反町","planned":false},"geometry":{"type":"Point","coordinates":[139.62532,35.47415]}},{"type":"Feature","properties":{"name":"綱島","planned":false},"geometry":{"type":"Point","coordinates":[139.63479,35.53682]}},{"type":"Feature","properties":{"name":"元住吉","planned":false},"geometry":{"type":"Point","coordinates":[139.65472,35.5657]}},{"type":"Feature","properties":{"name":"大倉山","planned":false},"geometry":{"type":"Point","coordinates":[139.62981,35.52242]}},{"type":"Feature","properties":{"name":"武蔵小杉","planned":false},"geometry":{"type":"Point","coordinates":[139.65958,35.57563]}},{"type":"Feature","properties":{"name":"日吉","planned":false},"geometry":{"type":"Point","coordinates":[139.64703,35.55399]}},{"type":"Feature","properties":{"name":"菊名","planned":false},"geometry":{"type":"Point","coordinates":[139.6313,35.51049]}},{"type":"Feature","properties":{"name":"新丸子","planned":false},"geometry":{"type":"Point","coordinates":[139.66194,35.58046]}},{"type":"Feature","properties":{"name":"東白楽","planned":false},"geometry":{"type":"Point","coordinates":[139.62953,35.4834]}},{"type":"Feature","properties":{"name":"白楽","planned":false},"geometry":{"type":"Point","coordinates":[139.6279,35.48954]}},{"type":"Feature","properties":{"name":"妙蓮寺","planned":false},"geometry":{"type":"Point","coordinates":[139.63331,35.49878]}},{"type":"Feature","properties":{"name":"沼部","planned":false},"geometry":{"type":"Point","coordinates":[139.67317,35.58249]}},{"type":"Feature","properties":{"name":"武蔵新田","planned":false},"geometry":{"type":"Point","coordinates":[139.69243,35.56776]}},{"type":"Feature","properties":{"name":"矢口渡","planned":false},"geometry":{"type":"Point","coordinates":[139.70034,35.56245]}},{"type":"Feature","properties":{"name":"鵜の木","planned":false},"geometry":{"type":"Point","coordinates":[139.68055,35.57538]}},{"type":"Feature","properties":{"name":"下丸子","planned":false},"geometry":{"type":"Point","coordinates":[139.68549,35.57133]}},{"type":"Feature","properties":{"name":"目黒","planned":false},"geometry":{"type":"Point","coordinates":[139.71566,35.63249]}},{"type":"Feature","properties":{"name":"不動前","planned":false},"geometry":{"type":"Point","coordinates":[139.71321,35.62545]}},{"type":"Feature","properties":{"name":"洗足","planned":false},"geometry":{"type":"Point","coordinates":[139.6941,35.61009]}},{"type":"Feature","properties":{"name":"奥沢","planned":false},"geometry":{"type":"Point","coordinates":[139.67241,35.60394]}},{"type":"Feature","properties":{"name":"西小山","planned":false},"geometry":{"type":"Point","coordinates":[139.69871,35.61544]}},{"type":"Feature","properties":{"name":"武蔵小山","planned":false},"geometry":{"type":"Point","coordinates":[139.70447,35.62051]}},{"type":"Feature","properties":{"name":"仲御徒町","planned":false},"geometry":{"type":"Point","coordinates":[139.77619,35.70665]}},{"type":"Feature","properties":{"name":"入谷","planned":false},"geometry":{"type":"Point","coordinates":[139.78447,35.72056]}},{"type":"Feature","properties":{"name":"上野","planned":false},"geometry":{"type":"Point","coordinates":[139.77702,35.7116]}},{"type":"Feature","properties":{"name":"三ノ輪","planned":false},"geometry":{"type":"Point","coordinates":[139.79117,35.72929]}},{"type":"Feature","properties":{"name":"神谷町","planned":false},"geometry":{"type":"Point","coordinates":[139.74473,35.66262]}},{"type":"Feature","properties":{"name":"銀座","planned":false},"geometry":{"type":"Point","coordinates":[139.76401,35.67198]}},{"type":"Feature","properties":{"name":"広尾","planned":false},"geometry":{"type":"Point","coordinates":[139.72221,35.6515]}},{"type":"Feature","properties":{"name":"東銀座","planned":false},"geometry":{"type":"Point","coordinates":[139.76763,35.66913]}},{"type":"Feature","properties":{"name":"霞ヶ関","planned":false},"geometry":{"type":"Point","coordinates":[139.75106,35.67387]}},{"type":"Feature","properties":{"name":"人形町","planned":false},"geometry":{"type":"Point","coordinates":[139.78234,35.68626]}},{"type":"Feature","properties":{"name":"茅場町","planned":false},"geometry":{"type":"Point","coordinates":[139.77962,35.67908]}},{"type":"Feature","properties":{"name":"六本木","planned":false},"geometry":{"type":"Point","coordinates":[139.73116,35.6628]}},{"type":"Feature","properties":{"name":"小伝馬町","planned":false},"geometry":{"type":"Point","coordinates":[139.77876,35.69042]}},{"type":"Feature","properties":{"name":"八丁堀","planned":false},"geometry":{"type":"Point","coordinates":[139.77733,35.67537]}},{"type":"Feature","properties":{"name":"築地","planned":false},"geometry":{"type":"Point","coordinates":[139.77247,35.66793]}},{"type":"Feature","properties":{"name":"日比谷","planned":false},"geometry":{"type":"Point","coordinates":[139.7606,35.67427]}},{"type":"Feature","properties":{"name":"恵比寿","planned":false},"geometry":{"type":"Point","coordinates":[139.70873,35.64701]}},{"type":"Feature","properties":{"name":"浅草","planned":false},"geometry":{"type":"Point","coordinates":[139.79777,35.71075]}},{"type":"Feature","properties":{"name":"末広町","planned":false},"geometry":{"type":"Point","coordinates":[139.77176,35.70278]}},{"type":"Feature","properties":{"name":"稲荷町","planned":false},"geometry":{"type":"Point","coordinates":[139.78221,35.71139]}},{"type":"Feature","properties":{"name":"田原町","planned":false},"geometry":{"type":"Point","coordinates":[139.79031,35.70992]}},{"type":"Feature","properties":{"name":"上野広小路","planned":false},"geometry":{"type":"Point","coordinates":[139.77301,35.70777]}},{"type":"Feature","properties":{"name":"虎ノ門","planned":false},"geometry":{"type":"Point","coordinates":[139.75012,35.67016]}},{"type":"Feature","properties":{"name":"外苑前","planned":false},"geometry":{"type":"Point","coordinates":[139.71783,35.67037]}},{"type":"Feature","properties":{"name":"日本橋","planned":false},"geometry":{"type":"Point","coordinates":[139.77334,35.68188]}},{"type":"Feature","properties":{"name":"溜池山王","planned":false},"geometry":{"type":"Point","coordinates":[139.74194,35.67151]}},{"type":"Feature","properties":{"name":"青山一丁目","planned":false},"geometry":{"type":"Point","coordinates":[139.72415,35.67279]}},{"type":"Feature","properties":{"name":"京橋","planned":false},"geometry":{"type":"Point","coordinates":[139.7701,35.67671]}},{"type":"Feature","properties":{"name":"神田","planned":false},"geometry":{"type":"Point","coordinates":[139.77089,35.69371]}},{"type":"Feature","properties":{"name":"赤坂見附","planned":false},"geometry":{"type":"Point","coordinates":[139.73733,35.67683]}},{"type":"Feature","properties":{"name":"三越前","planned":false},"geometry":{"type":"Point","coordinates":[139.77358,35.68717]}},{"type":"Feature","properties":{"name":"表参道","planned":false},"geometry":{"type":"Point","coordinates":[139.71247,35.66504]}},{"type":"Feature","properties":{"name":"後楽園","planned":false},"geometry":{"type":"Point","coordinates":[139.75086,35.70731]}},{"type":"Feature","properties":{"name":"御茶ノ水","planned":false},"geometry":{"type":"Point","coordinates":[139.76441,35.70043]}},{"type":"Feature","properties":{"name":"本郷三丁目","planned":false},"geometry":{"type":"Point","coordinates":[139.76017,35.70674]}},{"type":"Feature","properties":{"name":"新高円寺","planned":false},"geometry":{"type":"Point","coordinates":[139.64851,35.69786]}},{"type":"Feature","properties":{"name":"南阿佐ヶ谷","planned":false},"geometry":{"type":"Point","coordinates":[139.63557,35.69946]}},{"type":"Feature","properties":{"name":"荻窪","planned":false},"geometry":{"type":"Point","coordinates":[139.61976,35.70417]}},{"type":"Feature","properties":{"name":"茗荷谷","planned":false},"geometry":{"type":"Point","coordinates":[139.7369,35.7172]}},{"type":"Feature","properties":{"name":"新中野","planned":false},"geometry":{"type":"Point","coordinates":[139.66951,35.69747]}},{"type":"Feature","properties":{"name":"東高円寺","planned":false},"geometry":{"type":"Point","coordinates":[139.6583,35.69796]}},{"type":"Feature","properties":{"name":"新大塚","planned":false},"geometry":{"type":"Point","coordinates":[139.72935,35.72613]}},{"type":"Feature","properties":{"name":"中野坂上","planned":false},"geometry":{"type":"Point","coordinates":[139.68221,35.69709]}},{"type":"Feature","properties":{"name":"国会議事堂前","planned":false},"geometry":{"type":"Point","coordinates":[139.74552,35.67487]}},{"type":"Feature","properties":{"name":"淡路町","planned":false},"geometry":{"type":"Point","coordinates":[139.76745,35.69487]}},{"type":"Feature","properties":{"name":"四谷三丁目","planned":false},"geometry":{"type":"Point","coordinates":[139.71932,35.68783]}},{"type":"Feature","properties":{"name":"四ツ谷","planned":false},"geometry":{"type":"Point","coordinates":[139.73008,35.6842]}},{"type":"Feature","properties":{"name":"大手町","planned":false},"geometry":{"type":"Point","coordinates":[139.7662,35.68688]}},{"type":"Feature","properties":{"name":"西新宿","planned":false},"geometry":{"type":"Point","coordinates":[139.69256,35.69451]}},{"type":"Feature","properties":{"name":"新宿三丁目","planned":false},"geometry":{"type":"Point","coordinates":[139.70421,35.69118]}},{"type":"Feature","properties":{"name":"新宿御苑前","planned":false},"geometry":{"type":"Point","coordinates":[139.71091,35.68852]}},{"type":"Feature","properties":{"name":"中野新橋","planned":false},"geometry":{"type":"Point","coordinates":[139.67401,35.69167]}},{"type":"Feature","properties":{"name":"方南町","planned":false},"geometry":{"type":"Point","coordinates":[139.65794,35.68351]}},{"type":"Feature","properties":{"name":"中野富士見町","planned":false},"geometry":{"type":"Point","coordinates":[139.66816,35.69082]}},{"type":"Feature","properties":{"name":"原木中山","planned":false},"geometry":{"type":"Point","coordinates":[139.94191,35.7033]}},{"type":"Feature","properties":{"name":"妙典","planned":false},"geometry":{"type":"Point","coordinates":[139.92428,35.69102]}},{"type":"Feature","properties":{"name":"飯田橋","planned":false},"geometry":{"type":"Point","coordinates":[139.74651,35.70137]}},{"type":"Feature","properties":{"name":"中野","planned":false},"geometry":{"type":"Point","coordinates":[139.6656,35.70574]}},{"type":"Feature","properties":{"name":"落合","planned":false},"geometry":{"type":"Point","coordinates":[139.68597,35.71063]}},{"type":"Feature","properties":{"name":"神楽坂","planned":false},"geometry":{"type":"Point","coordinates":[139.73452,35.70387]}},{"type":"Feature","properties":{"name":"早稲田","planned":false},"geometry":{"type":"Point","coordinates":[139.72219,35.70568]}},{"type":"Feature","properties":{"name":"門前仲町","planned":false},"geometry":{"type":"Point","coordinates":[139.7961,35.67189]}},{"type":"Feature","properties":{"name":"木場","planned":false},"geometry":{"type":"Point","coordinates":[139.80712,35.66936]}},{"type":"Feature","properties":{"name":"浦安","planned":false},"geometry":{"type":"Point","coordinates":[139.89324,35.6659]}},{"type":"Feature","properties":{"name":"九段下","planned":false},"geometry":{"type":"Point","coordinates":[139.75127,35.69609]}},{"type":"Feature","properties":{"name":"竹橋","planned":false},"geometry":{"type":"Point","coordinates":[139.75767,35.69044]}},{"type":"Feature","properties":{"name":"葛西","planned":false},"geometry":{"type":"Point","coordinates":[139.87253,35.66362]}},{"type":"Feature","properties":{"name":"南砂町","planned":false},"geometry":{"type":"Point","coordinates":[139.83169,35.66841]}},{"type":"Feature","properties":{"name":"行徳","planned":false},"geometry":{"type":"Point","coordinates":[139.91419,35.68262]}},{"type":"Feature","properties":{"name":"南行徳","planned":false},"geometry":{"type":"Point","coordinates":[139.90227,35.67273]}},{"type":"Feature","properties":{"name":"西葛西","planned":false},"geometry":{"type":"Point","coordinates":[139.8596,35.66456]}},{"type":"Feature","properties":{"name":"東陽町","planned":false},"geometry":{"type":"Point","coordinates":[139.81768,35.66959]}},{"type":"Feature","properties":{"name":"西船橋","planned":false},"geometry":{"type":"Point","coordinates":[139.95883,35.70726]}},{"type":"Feature","properties":{"name":"本駒込","planned":false},"geometry":{"type":"Point","coordinates":[139.75381,35.72436]}},{"type":"Feature","properties":{"name":"西ヶ原","planned":false},"geometry":{"type":"Point","coordinates":[139.74226,35.74594]}},{"type":"Feature","properties":{"name":"駒込","planned":false},"geometry":{"type":"Point","coordinates":[139.74691,35.73592]}},{"type":"Feature","properties":{"name":"東大前","planned":false},"geometry":{"type":"Point","coordinates":[139.75792,35.71803]}},{"type":"Feature","properties":{"name":"王子","planned":false},"geometry":{"type":"Point","coordinates":[139.7373,35.75445]}},{"type":"Feature","properties":{"name":"志茂","planned":false},"geometry":{"type":"Point","coordinates":[139.7325,35.77802]}},{"type":"Feature","properties":{"name":"王子神谷","planned":false},"geometry":{"type":"Point","coordinates":[139.73564,35.76529]}},{"type":"Feature","properties":{"name":"永田町","planned":false},"geometry":{"type":"Point","coordinates":[139.73931,35.67838]}},{"type":"Feature","properties":{"name":"麻布十番","planned":false},"geometry":{"type":"Point","coordinates":[139.73705,35.65481]}},{"type":"Feature","properties":{"name":"市ヶ谷","planned":false},"geometry":{"type":"Point","coordinates":[139.73634,35.69288]}},{"type":"Feature","properties":{"name":"六本木一丁目","planned":false},"geometry":{"type":"Point","coordinates":[139.7389,35.66508]}},{"type":"Feature","properties":{"name":"白金高輪","planned":false},"geometry":{"type":"Point","coordinates":[139.73428,35.64315]}},{"type":"Feature","properties":{"name":"池袋","planned":false},"geometry":{"type":"Point","coordinates":[139.70772,35.73148]}},{"type":"Feature","properties":{"name":"千川","planned":false},"geometry":{"type":"Point","coordinates":[139.6894,35.73817]}},{"type":"Feature","properties":{"name":"地下鉄成増","planned":false},"geometry":{"type":"Point","coordinates":[139.63117,35.77674]}},{"type":"Feature","properties":{"name":"東池袋","planned":false},"geometry":{"type":"Point","coordinates":[139.71886,35.72595]}},{"type":"Feature","properties":{"name":"江戸川橋","planned":false},"geometry":{"type":"Point","coordinates":[139.73413,35.70929]}},{"type":"Feature","properties":{"name":"平和台","planned":false},"geometry":{"type":"Point","coordinates":[139.6543,35.75755]}},{"type":"Feature","properties":{"name":"氷川台","planned":false},"geometry":{"type":"Point","coordinates":[139.66547,35.74962]}},{"type":"Feature","properties":{"name":"護国寺","planned":false},"geometry":{"type":"Point","coordinates":[139.72745,35.71918]}},{"type":"Feature","properties":{"name":"要町","planned":false},"geometry":{"type":"Point","coordinates":[139.69848,35.73322]}},{"type":"Feature","properties":{"name":"地下鉄赤塚","planned":false},"geometry":{"type":"Point","coordinates":[139.644,35.76998]}},{"type":"Feature","properties":{"name":"和光市","planned":false},"geometry":{"type":"Point","coordinates":[139.61286,35.78835]}},{"type":"Feature","properties":{"name":"新富町","planned":false},"geometry":{"type":"Point","coordinates":[139.77359,35.67053]}},{"type":"Feature","properties":{"name":"麹町","planned":false},"geometry":{"type":"Point","coordinates":[139.73735,35.68479]}},{"type":"Feature","properties":{"name":"有楽町","planned":false},"geometry":{"type":"Point","coordinates":[139.76229,35.67597]}},{"type":"Feature","properties":{"name":"月島","planned":false},"geometry":{"type":"Point","coordinates":[139.78441,35.66471]}},{"type":"Feature","properties":{"name":"桜田門","planned":false},"geometry":{"type":"Point","coordinates":[139.75189,35.67746]}},{"type":"Feature","properties":{"name":"銀座一丁目","planned":false},"geometry":{"type":"Point","coordinates":[139.76679,35.67452]}},{"type":"Feature","properties":{"name":"辰巳","planned":false},"geometry":{"type":"Point","coordinates":[139.81033,35.64578]}},{"type":"Feature","properties":{"name":"新木場","planned":false},"geometry":{"type":"Point","coordinates":[139.8266,35.64578]}},{"type":"Feature","properties":{"name":"西日暮里","planned":false},"geometry":{"type":"Point","coordinates":[139.76689,35.73236]}},{"type":"Feature","properties":{"name":"千駄木","planned":false},"geometry":{"type":"Point","coordinates":[139.7633,35.72575]}},{"type":"Feature","properties":{"name":"新御茶ノ水","planned":false},"geometry":{"type":"Point","coordinates":[139.76545,35.69693]}},{"type":"Feature","properties":{"name":"北綾瀬","planned":false},"geometry":{"type":"Point","coordinates":[139.83209,35.77689]}},{"type":"Feature","properties":{"name":"湯島","planned":false},"geometry":{"type":"Point","coordinates":[139.76998,35.70681]}},{"type":"Feature","properties":{"name":"根津","planned":false},"geometry":{"type":"Point","coordinates":[139.76575,35.71733]}},{"type":"Feature","properties":{"name":"綾瀬","planned":false},"geometry":{"type":"Point","coordinates":[139.82489,35.76229]}},{"type":"Feature","properties":{"name":"二重橋前","planned":false},"geometry":{"type":"Point","coordinates":[139.76178,35.6805]}},{"type":"Feature","properties":{"name":"乃木坂","planned":false},"geometry":{"type":"Point","coordinates":[139.72624,35.66658]}},{"type":"Feature","properties":{"name":"赤坂","planned":false},"geometry":{"type":"Point","coordinates":[139.7364,35.67213]}},{"type":"Feature","properties":{"name":"代々木公園","planned":false},"geometry":{"type":"Point","coordinates":[139.68979,35.66911]}},{"type":"Feature","properties":{"name":"明治神宮前","planned":false},"geometry":{"type":"Point","coordinates":[139.70394,35.66913]}},{"type":"Feature","properties":{"name":"錦糸町","planned":false},"geometry":{"type":"Point","coordinates":[139.81496,35.69744]}},{"type":"Feature","properties":{"name":"神保町","planned":false},"geometry":{"type":"Point","coordinates":[139.75775,35.69598]}},{"type":"Feature","properties":{"name":"水天宮前","planned":false},"geometry":{"type":"Point","coordinates":[139.78517,35.683]}},{"type":"Feature","properties":{"name":"住吉","planned":false},"geometry":{"type":"Point","coordinates":[139.81567,35.6887]}},{"type":"Feature","properties":{"name":"半蔵門","planned":false},"geometry":{"type":"Point","coordinates":[139.74169,35.68538]}},{"type":"Feature","properties":{"name":"清澄白河","planned":false},"geometry":{"type":"Point","coordinates":[139.79984,35.68211]}},{"type":"Feature","properties":{"name":"蔵前","planned":false},"geometry":{"type":"Point","coordinates":[139.79085,35.70315]}},{"type":"Feature","properties":{"name":"本所吾妻橋","planned":false},"geometry":{"type":"Point","coordinates":[139.80456,35.7086]}},{"type":"Feature","properties":{"name":"浅草橋","planned":false},"geometry":{"type":"Point","coordinates":[139.78645,35.6976]}},{"type":"Feature","properties":{"name":"高輪台","planned":false},"geometry":{"type":"Point","coordinates":[139.73037,35.63167]}},{"type":"Feature","properties":{"name":"三田","planned":false},"geometry":{"type":"Point","coordinates":[139.74946,35.64792]}},{"type":"Feature","properties":{"name":"戸越","planned":false},"geometry":{"type":"Point","coordinates":[139.71637,35.61442]}},{"type":"Feature","properties":{"name":"宝町","planned":false},"geometry":{"type":"Point","coordinates":[139.77209,35.67568]}},{"type":"Feature","properties":{"name":"東日本橋","planned":false},"geometry":{"type":"Point","coordinates":[139.78478,35.69178]}},{"type":"Feature","properties":{"name":"大門","planned":false},"geometry":{"type":"Point","coordinates":[139.75467,35.65665]}},{"type":"Feature","properties":{"name":"西馬込","planned":false},"geometry":{"type":"Point","coordinates":[139.70632,35.58731]}},{"type":"Feature","properties":{"name":"馬込","planned":false},"geometry":{"type":"Point","coordinates":[139.71186,35.59644]}},{"type":"Feature","properties":{"name":"水道橋","planned":false},"geometry":{"type":"Point","coordinates":[139.75512,35.70364]}},{"type":"Feature","properties":{"name":"白山","planned":false},"geometry":{"type":"Point","coordinates":[139.75221,35.72133]}},{"type":"Feature","properties":{"name":"千石","planned":false},"geometry":{"type":"Point","coordinates":[139.74474,35.72796]}},{"type":"Feature","properties":{"name":"春日","planned":false},"geometry":{"type":"Point","coordinates":[139.75324,35.70995]}},{"type":"Feature","properties":{"name":"巣鴨","planned":false},"geometry":{"type":"Point","coordinates":[139.73803,35.73378]}},{"type":"Feature","properties":{"name":"新板橋","planned":false},"geometry":{"type":"Point","coordinates":[139.71936,35.74884]}},{"type":"Feature","properties":{"name":"西高島平","planned":false},"geometry":{"type":"Point","coordinates":[139.64569,35.79189]}},{"type":"Feature","properties":{"name":"板橋区役所前","planned":false},"geometry":{"type":"Point","coordinates":[139.71006,35.75131]}},{"type":"Feature","properties":{"name":"新高島平","planned":false},"geometry":{"type":"Point","coordinates":[139.65433,35.79022]}},{"type":"Feature","properties":{"name":"本蓮沼","planned":false},"geometry":{"type":"Point","coordinates":[139.70211,35.76899]}},{"type":"Feature","properties":{"name":"西巣鴨","planned":false},"geometry":{"type":"Point","coordinates":[139.72872,35.74341]}},{"type":"Feature","properties":{"name":"高島平","planned":false},"geometry":{"type":"Point","coordinates":[139.66129,35.78893]}},{"type":"Feature","properties":{"name":"志村坂上","planned":false},"geometry":{"type":"Point","coordinates":[139.69473,35.77634]}},{"type":"Feature","properties":{"name":"板橋本町","planned":false},"geometry":{"type":"Point","coordinates":[139.7056,35.7611]}},{"type":"Feature","properties":{"name":"西台","planned":false},"geometry":{"type":"Point","coordinates":[139.67268,35.78708]}},{"type":"Feature","properties":{"name":"蓮根","planned":false},"geometry":{"type":"Point","coordinates":[139.67906,35.78405]}},{"type":"Feature","properties":{"name":"志村三丁目","planned":false},"geometry":{"type":"Point","coordinates":[139.68586,35.77746]}},{"type":"Feature","properties":{"name":"内幸町","planned":false},"geometry":{"type":"Point","coordinates":[139.75533,35.66918]}},{"type":"Feature","properties":{"name":"白金台","planned":false},"geometry":{"type":"Point","coordinates":[139.72586,35.63777]}},{"type":"Feature","properties":{"name":"御成門","planned":false},"geometry":{"type":"Point","coordinates":[139.7515,35.66098]}},{"type":"Feature","properties":{"name":"芝公園","planned":false},"geometry":{"type":"Point","coordinates":[139.74972,35.65346]}},{"type":"Feature","properties":{"name":"本八幡","planned":false},"geometry":{"type":"Point","coordinates":[139.92688,35.72335]}},{"type":"Feature","properties":{"name":"篠崎","planned":false},"geometry":{"type":"Point","coordinates":[139.90389,35.70612]}},{"type":"Feature","properties":{"name":"西大島","planned":false},"geometry":{"type":"Point","coordinates":[139.82632,35.68936]}},{"type":"Feature","properties":{"name":"曙橋","planned":false},"geometry":{"type":"Point","coordinates":[139.72258,35.69233]}},{"type":"Feature","properties":{"name":"東大島","planned":false},"geometry":{"type":"Point","coordinates":[139.84731,35.68992]}},{"type":"Feature","properties":{"name":"岩本町","planned":false},"geometry":{"type":"Point","coordinates":[139.77519,35.69558]}},{"type":"Feature","properties":{"name":"菊川","planned":false},"geometry":{"type":"Point","coordinates":[139.80613,35.68841]}},{"type":"Feature","properties":{"name":"大島","planned":false},"geometry":{"type":"Point","coordinates":[139.83436,35.68976]}},{"type":"Feature","properties":{"name":"船堀","planned":false},"geometry":{"type":"Point","coordinates":[139.86386,35.68379]}},{"type":"Feature","properties":{"name":"小川町","planned":false},"geometry":{"type":"Point","coordinates":[139.76686,35.69522]}},{"type":"Feature","properties":{"name":"瑞江","planned":false},"geometry":{"type":"Point","coordinates":[139.89781,35.69339]}},{"type":"Feature","properties":{"name":"馬喰横山","planned":false},"geometry":{"type":"Point","coordinates":[139.78292,35.69201]}},{"type":"Feature","properties":{"name":"浜町","planned":false},"geometry":{"type":"Point","coordinates":[139.78813,35.68859]}},{"type":"Feature","properties":{"name":"一之江","planned":false},"geometry":{"type":"Point","coordinates":[139.88289,35.68594]}},{"type":"Feature","properties":{"name":"森下","planned":false},"geometry":{"type":"Point","coordinates":[139.7982,35.68805]}},{"type":"Feature","properties":{"name":"両国","planned":false},"geometry":{"type":"Point","coordinates":[139.79743,35.69677]}},{"type":"Feature","properties":{"name":"上野御徒町","planned":false},"geometry":{"type":"Point","coordinates":[139.77306,35.70796]}},{"type":"Feature","properties":{"name":"東新宿","planned":false},"geometry":{"type":"Point","coordinates":[139.70769,35.6979]}},{"type":"Feature","properties":{"name":"牛込柳町","planned":false},"geometry":{"type":"Point","coordinates":[139.72519,35.69946]}},{"type":"Feature","properties":{"name":"新江古田","planned":false},"geometry":{"type":"Point","coordinates":[139.67057,35.73249]}},{"type":"Feature","properties":{"name":"落合南長崎","planned":false},"geometry":{"type":"Point","coordinates":[139.68347,35.72336]}},{"type":"Feature","properties":{"name":"牛込神楽坂","planned":false},"geometry":{"type":"Point","coordinates":[139.73604,35.70092]}},{"type":"Feature","properties":{"name":"光が丘","planned":false},"geometry":{"type":"Point","coordinates":[139.62924,35.75847]}},{"type":"Feature","properties":{"name":"東中野","planned":false},"geometry":{"type":"Point","coordinates":[139.68325,35.70737]}},{"type":"Feature","properties":{"name":"練馬春日町","planned":false},"geometry":{"type":"Point","coordinates":[139.64076,35.75136]}},{"type":"Feature","properties":{"name":"若松河田","planned":false},"geometry":{"type":"Point","coordinates":[139.71819,35.69916]}},{"type":"Feature","properties":{"name":"築地市場","planned":false},"geometry":{"type":"Point","coordinates":[139.76675,35.66496]}},{"type":"Feature","properties":{"name":"勝どき","planned":false},"geometry":{"type":"Point","coordinates":[139.77715,35.65895]}},{"type":"Feature","properties":{"name":"赤羽橋","planned":false},"geometry":{"type":"Point","coordinates":[139.74419,35.65497]}},{"type":"Feature","properties":{"name":"西新宿五丁目","planned":false},"geometry":{"type":"Point","coordinates":[139.68466,35.6899]}},{"type":"Feature","properties":{"name":"都庁前","planned":false},"geometry":{"type":"Point","coordinates":[139.69263,35.69059]}},{"type":"Feature","properties":{"name":"新宿西口","planned":false},"geometry":{"type":"Point","coordinates":[139.69916,35.69316]}},{"type":"Feature","properties":{"name":"国立競技場","planned":false},"geometry":{"type":"Point","coordinates":[139.71488,35.67986]}},{"type":"Feature","properties":{"name":"代々木","planned":false},"geometry":{"type":"Point","coordinates":[139.70153,35.68378]}},{"type":"Feature","properties":{"name":"荒川車庫前","planned":false},"geometry":{"type":"Point","coordinates":[139.7528,35.75086]}},{"type":"Feature","properties":{"name":"王子駅前","planned":false},"geometry":{"type":"Point","coordinates":[139.73823,35.75274]}},{"type":"Feature","properties":{"name":"梶原","planned":false},"geometry":{"type":"Point","coordinates":[139.7473,35.75107]}},{"type":"Feature","properties":{"name":"荒川遊園地前","planned":false},"geometry":{"type":"Point","coordinates":[139.75747,35.75065]}},{"type":"Feature","properties":{"name":"荒川七丁目","planned":false},"geometry":{"type":"Point","coordinates":[139.78404,35.742]}},{"type":"Feature","properties":{"name":"熊野前","planned":false},"geometry":{"type":"Point","coordinates":[139.76928,35.74918]}},{"type":"Feature","properties":{"name":"三ノ輪橋","planned":false},"geometry":{"type":"Point","coordinates":[139.79151,35.73222]}},{"type":"Feature","properties":{"name":"荒川二丁目","planned":false},"geometry":{"type":"Point","coordinates":[139.78469,35.7386]}},{"type":"Feature","properties":{"name":"町屋二丁目","planned":false},"geometry":{"type":"Point","coordinates":[139.77642,35.74392]}},{"type":"Feature","properties":{"name":"宮ノ前","planned":false},"geometry":{"type":"Point","coordinates":[139.76576,35.74988]}},{"type":"Feature","properties":{"name":"荒川区役所前","planned":false},"geometry":{"type":"Point","coordinates":[139.78601,35.73537]}},{"type":"Feature","properties":{"name":"小台","planned":false},"geometry":{"type":"Point","coordinates":[139.76173,35.75049]}},{"type":"Feature","properties":{"name":"東尾久三丁目","planned":false},"geometry":{"type":"Point","coordinates":[139.77385,35.74562]}},{"type":"Feature","properties":{"name":"町屋駅前","planned":false},"geometry":{"type":"Point","coordinates":[139.78078,35.74278]}},{"type":"Feature","properties":{"name":"荒川一中前","planned":false},"geometry":{"type":"Point","coordinates":[139.7888,35.73369]}},{"type":"Feature","properties":{"name":"栄町","planned":false},"geometry":{"type":"Point","coordinates":[139.74222,35.75084]}},{"type":"Feature","properties":{"name":"早稲田","planned":false},"geometry":{"type":"Point","coordinates":[139.71905,35.71187]}},{"type":"Feature","properties":{"name":"庚申塚","planned":false},"geometry":{"type":"Point","coordinates":[139.72956,35.73913]}},{"type":"Feature","properties":{"name":"滝野川一丁目","planned":false},"geometry":{"type":"Point","coordinates":[139.73541,35.7473]}},{"type":"Feature","properties":{"name":"面影橋","planned":false},"geometry":{"type":"Point","coordinates":[139.71467,35.71285]}},{"type":"Feature","properties":{"name":"西ヶ原四丁目","planned":false},"geometry":{"type":"Point","coordinates":[139.73269,35.74424]}},{"type":"Feature","properties":{"name":"学習院下","planned":false},"geometry":{"type":"Point","coordinates":[139.71231,35.71575]}},{"type":"Feature","properties":{"name":"新庚申塚","planned":false},"geometry":{"type":"Point","coordinates":[139.73035,35.74111]}},{"type":"Feature","properties":{"name":"東池袋四丁目","planned":false},"geometry":{"type":"Point","coordinates":[139.72073,35.7255]}},{"type":"Feature","properties":{"name":"向原","planned":false},"geometry":{"type":"Point","coordinates":[139.72481,35.72876]}},{"type":"Feature","properties":{"name":"飛鳥山","planned":false},"geometry":{"type":"Point","coordinates":[139.73732,35.75006]}},{"type":"Feature","properties":{"name":"大塚駅前","planned":false},"geometry":{"type":"Point","coordinates":[139.72946,35.73162]}},{"type":"Feature","properties":{"name":"巣鴨新田","planned":false},"geometry":{"type":"Point","coordinates":[139.72791,35.73516]}},{"type":"Feature","properties":{"name":"都電雑司ヶ谷","planned":false},"geometry":{"type":"Point","coordinates":[139.71782,35.72408]}},{"type":"Feature","properties":{"name":"鬼子母神前","planned":false},"geometry":{"type":"Point","coordinates":[139.71516,35.72058]}},{"type":"Feature","properties":{"name":"東京テレポート","planned":false},"geometry":{"type":"Point","coordinates":[139.77806,35.62709]}},{"type":"Feature","properties":{"name":"大崎","planned":false},"geometry":{"type":"Point","coordinates":[139.72789,35.61975]}},{"type":"Feature","properties":{"name":"東雲","planned":false},"geometry":{"type":"Point","coordinates":[139.80416,35.64082]}},{"type":"Feature","properties":{"name":"国際展示場","planned":false},"geometry":{"type":"Point","coordinates":[139.7917,35.63441]}},{"type":"Feature","properties":{"name":"品川シーサイド","planned":false},"geometry":{"type":"Point","coordinates":[139.7498,35.60979]}},{"type":"Feature","properties":{"name":"東神奈川","planned":false},"geometry":{"type":"Point","coordinates":[139.63316,35.47787]}},{"type":"Feature","properties":{"name":"小机","planned":false},"geometry":{"type":"Point","coordinates":[139.59962,35.50863]}},{"type":"Feature","properties":{"name":"大口","planned":false},"geometry":{"type":"Point","coordinates":[139.64634,35.49229]}},{"type":"Feature","properties":{"name":"中山","planned":false},"geometry":{"type":"Point","coordinates":[139.53922,35.51477]}},{"type":"Feature","properties":{"name":"成瀬","planned":false},"geometry":{"type":"Point","coordinates":[139.47291,35.53542]}},{"type":"Feature","properties":{"name":"相模原","planned":false},"geometry":{"type":"Point","coordinates":[139.37064,35.58148]}},{"type":"Feature","properties":{"name":"淵野辺","planned":false},"geometry":{"type":"Point","coordinates":[139.3956,35.56836]}},{"type":"Feature","properties":{"name":"相原","planned":false},"geometry":{"type":"Point","coordinates":[139.33168,35.60693]}},{"type":"Feature","properties":{"name":"八王子みなみ野","planned":false},"geometry":{"type":"Point","coordinates":[139.33098,35.63129]}},{"type":"Feature","properties":{"name":"十日市場","planned":false},"geometry":{"type":"Point","coordinates":[139.51649,35.52626]}},{"type":"Feature","properties":{"name":"矢部","planned":false},"geometry":{"type":"Point","coordinates":[139.38654,35.5731]}},{"type":"Feature","properties":{"name":"鴨居","planned":false},"geometry":{"type":"Point","coordinates":[139.56695,35.51085]}},{"type":"Feature","properties":{"name":"片倉","planned":false},"geometry":{"type":"Point","coordinates":[139.34116,35.63967]}},{"type":"Feature","properties":{"name":"古淵","planned":false},"geometry":{"type":"Point","coordinates":[139.41924,35.55598]}},{"type":"Feature","properties":{"name":"八王子","planned":false},"geometry":{"type":"Point","coordinates":[139.34025,35.65505]}},{"type":"Feature","properties":{"name":"市川塩浜","planned":false},"geometry":{"type":"Point","coordinates":[139.92365,35.66648]}},{"type":"Feature","properties":{"name":"南船橋","planned":false},"geometry":{"type":"Point","coordinates":[139.9957,35.68167]}},{"type":"Feature","properties":{"name":"二俣新町","planned":false},"geometry":{"type":"Point","coordinates":[139.95955,35.69132]}},{"type":"Feature","properties":{"name":"舞浜","planned":false},"geometry":{"type":"Point","coordinates":[139.88372,35.63616]}},{"type":"Feature","properties":{"name":"東京","planned":false},"geometry":{"type":"Point","coordinates":[139.76524,35.67769]}},{"type":"Feature","properties":{"name":"越中島","planned":false},"geometry":{"type":"Point","coordinates":[139.7925,35.668]}},{"type":"Feature","properties":{"name":"新浦安","planned":false},"geometry":{"type":"Point","coordinates":[139.91253,35.64952]}},{"type":"Feature","properties":{"name":"葛西臨海公園","planned":false},"geometry":{"type":"Point","coordinates":[139.86148,35.64417]}},{"type":"Feature","properties":{"name":"潮見","planned":false},"geometry":{"type":"Point","coordinates":[139.81717,35.65887]}},{"type":"Feature","properties":{"name":"武蔵引田","planned":false},"geometry":{"type":"Point","coordinates":[139.27008,35.72969]}},{"type":"Feature","properties":{"name":"武蔵五日市","planned":false},"geometry":{"type":"Point","coordinates":[139.22812,35.73215]}},{"type":"Feature","properties":{"name":"武蔵増戸","planned":false},"geometry":{"type":"Point","coordinates":[139.2563,35.73096]}},{"type":"Feature","properties":{"name":"熊川","planned":false},"geometry":{"type":"Point","coordinates":[139.33573,35.72829]}},{"type":"Feature","properties":{"name":"秋川","planned":false},"geometry":{"type":"Point","coordinates":[139.28675,35.72805]}},{"type":"Feature","properties":{"name":"東秋留","planned":false},"geometry":{"type":"Point","coordinates":[139.31167,35.72593]}},{"type":"Feature","properties":{"name":"田端","planned":false},"geometry":{"type":"Point","coordinates":[139.76157,35.73748]}},{"type":"Feature","properties":{"name":"目白","planned":false},"geometry":{"type":"Point","coordinates":[139.70628,35.72039]}},{"type":"Feature","properties":{"name":"新大久保","planned":false},"geometry":{"type":"Point","coordinates":[139.70025,35.70093]}},{"type":"Feature","properties":{"name":"大塚","planned":false},"geometry":{"type":"Point","coordinates":[139.72794,35.73179]}},{"type":"Feature","properties":{"name":"原宿","planned":false},"geometry":{"type":"Point","coordinates":[139.70269,35.67132]}},{"type":"Feature","properties":{"name":"南柏","planned":false},"geometry":{"type":"Point","coordinates":[139.95428,35.84469]}},{"type":"Feature","properties":{"name":"柏","planned":false},"geometry":{"type":"Point","coordinates":[139.97096,35.8621]}},{"type":"Feature","properties":{"name":"北柏","planned":false},"geometry":{"type":"Point","coordinates":[139.98804,35.87569]}},{"type":"Feature","properties":{"name":"新松戸","planned":false},"geometry":{"type":"Point","coordinates":[139.92116,35.82543]}},{"type":"Feature","properties":{"name":"北小金","planned":false},"geometry":{"type":"Point","coordinates":[139.93075,35.83317]}},{"type":"Feature","properties":{"name":"北松戸","planned":false},"geometry":{"type":"Point","coordinates":[139.91163,35.80036]}},{"type":"Feature","properties":{"name":"三河島","planned":false},"geometry":{"type":"Point","coordinates":[139.77707,35.73338]}},{"type":"Feature","properties":{"name":"亀有","planned":false},"geometry":{"type":"Point","coordinates":[139.84755,35.76656]}},{"type":"Feature","properties":{"name":"金町","planned":false},"geometry":{"type":"Point","coordinates":[139.87039,35.76951]}},{"type":"Feature","properties":{"name":"立川","planned":false},"geometry":{"type":"Point","coordinates":[139.41377,35.69802]}},{"type":"Feature","properties":{"name":"鳩ノ巣","planned":false},"geometry":{"type":"Point","coordinates":[139.12894,35.81511]}},{"type":"Feature","properties":{"name":"西立川","planned":false},"geometry":{"type":"Point","coordinates":[139.39316,35.70361]}},{"type":"Feature","properties":{"name":"古里","planned":false},"geometry":{"type":"Point","coordinates":[139.15114,35.81632]}},{"type":"Feature","properties":{"name":"小作","planned":false},"geometry":{"type":"Point","coordinates":[139.30228,35.77605]}},{"type":"Feature","properties":{"name":"軍畑","planned":false},"geometry":{"type":"Point","coordinates":[139.20765,35.80758]}},{"type":"Feature","properties":{"name":"白丸","planned":false},"geometry":{"type":"Point","coordinates":[139.11483,35.81172]}},{"type":"Feature","properties":{"name":"奥多摩","planned":false},"geometry":{"type":"Point","coordinates":[139.09692,35.8094]}},{"type":"Feature","properties":{"name":"沢井","planned":false},"geometry":{"type":"Point","coordinates":[139.1934,35.80595]}},{"type":"Feature","properties":{"name":"川井","planned":false},"geometry":{"type":"Point","coordinates":[139.16423,35.81377]}},{"type":"Feature","properties":{"name":"東青梅","planned":false},"geometry":{"type":"Point","coordinates":[139.27281,35.78982]}},{"type":"Feature","properties":{"name":"青梅","planned":false},"geometry":{"type":"Point","coordinates":[139.25813,35.79055]}},{"type":"Feature","properties":{"name":"河辺","planned":false},"geometry":{"type":"Point","coordinates":[139.28406,35.78477]}},{"type":"Feature","properties":{"name":"御嶽","planned":false},"geometry":{"type":"Point","coordinates":[139.18263,35.80142]}},{"type":"Feature","properties":{"name":"日向和田","planned":false},"geometry":{"type":"Point","coordinates":[139.22953,35.78865]}},{"type":"Feature","properties":{"name":"牛浜","planned":false},"geometry":{"type":"Point","coordinates":[139.33379,35.73434]}},{"type":"Feature","properties":{"name":"中神","planned":false},"geometry":{"type":"Point","coordinates":[139.37571,35.709]}},{"type":"Feature","properties":{"name":"福生","planned":false},"geometry":{"type":"Point","coordinates":[139.32774,35.74249]}},{"type":"Feature","properties":{"name":"東中神","planned":false},"geometry":{"type":"Point","coordinates":[139.38459,35.70627]}},{"type":"Feature","properties":{"name":"二俣尾","planned":false},"geometry":{"type":"Point","coordinates":[139.21614,35.80394]}},{"type":"Feature","properties":{"name":"昭島","planned":false},"geometry":{"type":"Point","coordinates":[139.36164,35.71322]}},{"type":"Feature","properties":{"name":"宮ノ平","planned":false},"geometry":{"type":"Point","coordinates":[139.23732,35.78759]}},{"type":"Feature","properties":{"name":"石神前","planned":false},"geometry":{"type":"Point","coordinates":[139.22513,35.79683]}},{"type":"Feature","properties":{"name":"羽村","planned":false},"geometry":{"type":"Point","coordinates":[139.3163,35.75794]}},{"type":"Feature","properties":{"name":"赤羽","planned":false},"geometry":{"type":"Point","coordinates":[139.72084,35.77772]}},{"type":"Feature","properties":{"name":"十条","planned":false},"geometry":{"type":"Point","coordinates":[139.72225,35.76039]}},{"type":"Feature","properties":{"name":"板橋","planned":false},"geometry":{"type":"Point","coordinates":[139.71917,35.74499]}},{"type":"Feature","properties":{"name":"指扇","planned":false},"geometry":{"type":"Point","coordinates":[139.56497,35.91696]}},{"type":"Feature","properties":{"name":"南古谷","planned":false},"geometry":{"type":"Point","coordinates":[139.51916,35.90318]}},{"type":"Feature","properties":{"name":"川越","planned":false},"geometry":{"type":"Point","coordinates":[139.4832,35.90668]}},{"type":"Feature","properties":{"name":"笠幡","planned":false},"geometry":{"type":"Point","coordinates":[139.40626,35.90758]}},{"type":"Feature","properties":{"name":"西川越","planned":false},"geometry":{"type":"Point","coordinates":[139.45994,35.91909]}},{"type":"Feature","properties":{"name":"武蔵高萩","planned":false},"geometry":{"type":"Point","coordinates":[139.37112,35.90168]}},{"type":"Feature","properties":{"name":"的場","planned":false},"geometry":{"type":"Point","coordinates":[139.43541,35.91754]}},{"type":"Feature","properties":{"name":"高麗川","planned":false},"geometry":{"type":"Point","coordinates":[139.33813,35.89637]}},{"type":"Feature","properties":{"name":"上溝","planned":false},"geometry":{"type":"Point","coordinates":[139.36313,35.55764]}},{"type":"Feature","properties":{"name":"番田","planned":false},"geometry":{"type":"Point","coordinates":[139.36313,35.54536]}},{"type":"Feature","properties":{"name":"南橋本","planned":false},"geometry":{"type":"Point","coordinates":[139.35242,35.5804]}},{"type":"Feature","properties":{"name":"原当麻","planned":false},"geometry":{"type":"Point","coordinates":[139.37536,35.52899]}},{"type":"Feature","properties":{"name":"下溝","planned":false},"geometry":{"type":"Point","coordinates":[139.38051,35.51832]}},{"type":"Feature","properties":{"name":"相武台下","planned":false},"geometry":{"type":"Point","coordinates":[139.38632,35.49278]}},{"type":"Feature","properties":{"name":"入谷","planned":false},"geometry":{"type":"Point","coordinates":[139.39187,35.47838]}},{"type":"Feature","properties":{"name":"下総中山","planned":false},"geometry":{"type":"Point","coordinates":[139.94307,35.71429]}},{"type":"Feature","properties":{"name":"船橋","planned":false},"geometry":{"type":"Point","coordinates":[139.98467,35.70173]}},{"type":"Feature","properties":{"name":"新小岩","planned":false},"geometry":{"type":"Point","coordinates":[139.85765,35.71679]}},{"type":"Feature","properties":{"name":"亀戸","planned":false},"geometry":{"type":"Point","coordinates":[139.82661,35.69734]}},{"type":"Feature","properties":{"name":"平井","planned":false},"geometry":{"type":"Point","coordinates":[139.84239,35.70645]}},{"type":"Feature","properties":{"name":"市川","planned":false},"geometry":{"type":"Point","coordinates":[139.90817,35.72887]}},{"type":"Feature","properties":{"name":"小岩","planned":false},"geometry":{"type":"Point","coordinates":[139.88185,35.73333]}},{"type":"Feature","properties":{"name":"両国","planned":false},"geometry":{"type":"Point","coordinates":[139.79335,35.69575]}},{"type":"Feature","properties":{"name":"馬喰町","planned":false},"geometry":{"type":"Point","coordinates":[139.78243,35.69338]}},{"type":"Feature","properties":{"name":"新日本橋","planned":false},"geometry":{"type":"Point","coordinates":[139.7743,35.68903]}},{"type":"Feature","properties":{"name":"西荻窪","planned":false},"geometry":{"type":"Point","coordinates":[139.59945,35.70378]}},{"type":"Feature","properties":{"name":"阿佐ヶ谷","planned":false},"geometry":{"type":"Point","coordinates":[139.63586,35.70488]}},{"type":"Feature","properties":{"name":"高円寺","planned":false},"geometry":{"type":"Point","coordinates":[139.6497,35.70532]}},{"type":"Feature","properties":{"name":"大久保","planned":false},"geometry":{"type":"Point","coordinates":[139.69745,35.70063]}},{"type":"Feature","properties":{"name":"信濃町","planned":false},"geometry":{"type":"Point","coordinates":[139.7211,35.67994]}},{"type":"Feature","properties":{"name":"千駄ヶ谷","planned":false},"geometry":{"type":"Point","coordinates":[139.71153,35.6812]}},{"type":"Feature","properties":{"name":"西国分寺","planned":false},"geometry":{"type":"Point","coordinates":[139.46593,35.69973]}},{"type":"Feature","properties":{"name":"東小金井","planned":false},"geometry":{"type":"Point","coordinates":[139.52376,35.70156]}},{"type":"Feature","properties":{"name":"鳥沢","planned":false},"geometry":{"type":"Point","coordinates":[139.00349,35.60804]}},{"type":"Feature","properties":{"name":"武蔵小金井","planned":false},"geometry":{"type":"Point","coordinates":[139.50593,35.70103]}},{"type":"Feature","properties":{"name":"上野原","planned":false},"geometry":{"type":"Point","coordinates":[139.11541,35.61844]}},{"type":"Feature","properties":{"name":"大月","planned":false},"geometry":{"type":"Point","coordinates":[138.94257,35.61325]}},{"type":"Feature","properties":{"name":"藤野","planned":false},"geometry":{"type":"Point","coordinates":[139.15133,35.61599]}},{"type":"Feature","properties":{"name":"西八王子","planned":false},"geometry":{"type":"Point","coordinates":[139.312,35.65628]}},{"type":"Feature","properties":{"name":"国立","planned":false},"geometry":{"type":"Point","coordinates":[139.44642,35.6992]}},{"type":"Feature","properties":{"name":"四方津","planned":false},"geometry":{"type":"Point","coordinates":[139.07366,35.61414]}},{"type":"Feature","properties":{"name":"豊田","planned":false},"geometry":{"type":"Point","coordinates":[139.38145,35.65945]}},{"type":"Feature","properties":{"name":"梁川","planned":false},"geometry":{"type":"Point","coordinates":[139.0373,35.60627]}},{"type":"Feature","properties":{"name":"相模湖","planned":false},"geometry":{"type":"Point","coordinates":[139.18852,35.61731]}},{"type":"Feature","properties":{"name":"猿橋","planned":false},"geometry":{"type":"Point","coordinates":[138.96838,35.61289]}},{"type":"Feature","properties":{"name":"三鷹","planned":false},"geometry":{"type":"Point","coordinates":[139.56064,35.70269]}},{"type":"Feature","properties":{"name":"日野","planned":false},"geometry":{"type":"Point","coordinates":[139.39343,35.67855]}},{"type":"Feature","properties":{"name":"鶴見","planned":false},"geometry":{"type":"Point","coordinates":[139.67579,35.50794]}},{"type":"Feature","properties":{"name":"鶴見小野","planned":false},"geometry":{"type":"Point","coordinates":[139.68127,35.49702]}},{"type":"Feature","properties":{"name":"扇町","planned":false},"geometry":{"type":"Point","coordinates":[139.72242,35.50174]}},{"type":"Feature","properties":{"name":"浜川崎","planned":false},"geometry":{"type":"Point","coordinates":[139.71353,35.50966]}},{"type":"Feature","properties":{"name":"安善","planned":false},"geometry":{"type":"Point","coordinates":[139.70125,35.49984]}},{"type":"Feature","properties":{"name":"弁天橋","planned":false},"geometry":{"type":"Point","coordinates":[139.68948,35.4958]}},{"type":"Feature","properties":{"name":"大川","planned":false},"geometry":{"type":"Point","coordinates":[139.71138,35.4954]}},{"type":"Feature","properties":{"name":"新芝浦","planned":false},"geometry":{"type":"Point","coordinates":[139.70013,35.49192]}},{"type":"Feature","properties":{"name":"昭和","planned":false},"geometry":{"type":"Point","coordinates":[139.72396,35.50686]}},{"type":"Feature","properties":{"name":"浅野","planned":false},"geometry":{"type":"Point","coordinates":[139.69567,35.49761]}},{"type":"Feature","properties":{"name":"国道","planned":false},"geometry":{"type":"Point","coordinates":[139.67571,35.50077]}},{"type":"Feature","properties":{"name":"武蔵白石","planned":false},"geometry":{"type":"Point","coordinates":[139.70653,35.50193]}},{"type":"Feature","properties":{"name":"海芝浦","planned":false},"geometry":{"type":"Point","coordinates":[139.70067,35.48613]}},{"type":"Feature","properties":{"name":"大森","planned":false},"geometry":{"type":"Point","coordinates":[139.72815,35.58892]}},{"type":"Feature","properties":{"name":"浜松町","planned":false},"geometry":{"type":"Point","coordinates":[139.75713,35.65541]}},{"type":"Feature","properties":{"name":"田町","planned":false},"geometry":{"type":"Point","coordinates":[139.74761,35.64574]}},{"type":"Feature","properties":{"name":"西大井","planned":false},"geometry":{"type":"Point","coordinates":[139.72161,35.6017]}},{"type":"Feature","properties":{"name":"川崎","planned":false},"geometry":{"type":"Point","coordinates":[139.69681,35.53136]}},{"type":"Feature","properties":{"name":"新川崎","planned":false},"geometry":{"type":"Point","coordinates":[139.67155,35.55173]}},{"type":"Feature","properties":{"name":"新子安","planned":false},"geometry":{"type":"Point","coordinates":[139.65405,35.48677]}},{"type":"Feature","properties":{"name":"尾久","planned":false},"geometry":{"type":"Point","coordinates":[139.75388,35.74682]}},{"type":"Feature","properties":{"name":"御徒町","planned":false},"geometry":{"type":"Point","coordinates":[139.77472,35.70719]}},{"type":"Feature","properties":{"name":"鶯谷","planned":false},"geometry":{"type":"Point","coordinates":[139.77803,35.72145]}},{"type":"Feature","properties":{"name":"上中里","planned":false},"geometry":{"type":"Point","coordinates":[139.74592,35.74708]}},{"type":"Feature","properties":{"name":"浦和","planned":false},"geometry":{"type":"Point","coordinates":[139.65715,35.85856]}},{"type":"Feature","properties":{"name":"南浦和","planned":false},"geometry":{"type":"Point","coordinates":[139.66861,35.84834]}},{"type":"Feature","properties":{"name":"北戸田","planned":false},"geometry":{"type":"Point","coordinates":[139.66145,35.82676]}},{"type":"Feature","properties":{"name":"北与野","planned":false},"geometry":{"type":"Point","coordinates":[139.62851,35.89068]}},{"type":"Feature","properties":{"name":"与野本町","planned":false},"geometry":{"type":"Point","coordinates":[139.626,35.88093]}},{"type":"Feature","properties":{"name":"さいたま新都心","planned":false},"geometry":{"type":"Point","coordinates":[139.6339,35.89359]}},{"type":"Feature","properties":{"name":"与野","planned":false},"geometry":{"type":"Point","coordinates":[139.63899,35.88437]}},{"type":"Feature","properties":{"name":"西川口","planned":false},"geometry":{"type":"Point","coordinates":[139.70436,35.81552]}},{"type":"Feature","properties":{"name":"北浦和","planned":false},"geometry":{"type":"Point","coordinates":[139.64575,35.8722]}},{"type":"Feature","properties":{"name":"武蔵浦和","planned":false},"geometry":{"type":"Point","coordinates":[139.64689,35.84544]}},{"type":"Feature","properties":{"name":"東十条","planned":false},"geometry":{"type":"Point","coordinates":[139.72672,35.76383]}},{"type":"Feature","properties":{"name":"川口","planned":false},"geometry":{"type":"Point","coordinates":[139.7175,35.80182]}},{"type":"Feature","properties":{"name":"戸田公園","planned":false},"geometry":{"type":"Point","coordinates":[139.67835,35.80777]}},{"type":"Feature","properties":{"name":"南与野","planned":false},"geometry":{"type":"Point","coordinates":[139.63106,35.86736]}},{"type":"Feature","properties":{"name":"浮間舟渡","planned":false},"geometry":{"type":"Point","coordinates":[139.69139,35.79126]}},{"type":"Feature","properties":{"name":"北赤羽","planned":false},"geometry":{"type":"Point","coordinates":[139.70577,35.78699]}},{"type":"Feature","properties":{"name":"戸田","planned":false},"geometry":{"type":"Point","coordinates":[139.66961,35.81759]}},{"type":"Feature","properties":{"name":"蕨","planned":false},"geometry":{"type":"Point","coordinates":[139.69042,35.82793]}},{"type":"Feature","properties":{"name":"中浦和","planned":false},"geometry":{"type":"Point","coordinates":[139.63739,35.85382]}},{"type":"Feature","properties":{"name":"津田山","planned":false},"geometry":{"type":"Point","coordinates":[139.60072,35.60365]}},{"type":"Feature","properties":{"name":"宿河原","planned":false},"geometry":{"type":"Point","coordinates":[139.57954,35.61542]}},{"type":"Feature","properties":{"name":"武蔵新城","planned":false},"geometry":{"type":"Point","coordinates":[139.62909,35.58742]}},{"type":"Feature","properties":{"name":"久地","planned":false},"geometry":{"type":"Point","coordinates":[139.59307,35.61011]}},{"type":"Feature","properties":{"name":"武蔵溝ノ口","planned":false},"geometry":{"type":"Point","coordinates":[139.61138,35.59882]}},{"type":"Feature","properties":{"name":"尻手","planned":false},"geometry":{"type":"Point","coordinates":[139.6843,35.53097]}},{"type":"Feature","properties":{"name":"平間","planned":false},"geometry":{"type":"Point","coordinates":[139.67109,35.56056]}},{"type":"Feature","properties":{"name":"矢向","planned":false},"geometry":{"type":"Point","coordinates":[139.68042,35.53936]}},{"type":"Feature","properties":{"name":"川崎新町","planned":false},"geometry":{"type":"Point","coordinates":[139.69926,35.51833]}},{"type":"Feature","properties":{"name":"向河原","planned":false},"geometry":{"type":"Point","coordinates":[139.66729,35.57218]}},{"type":"Feature","properties":{"name":"鹿島田","planned":false},"geometry":{"type":"Point","coordinates":[139.67498,35.55146]}},{"type":"Feature","properties":{"name":"武蔵中原","planned":false},"geometry":{"type":"Point","coordinates":[139.64214,35.58056]}},{"type":"Feature","properties":{"name":"矢川","planned":false},"geometry":{"type":"Point","coordinates":[139.43159,35.68507]}},{"type":"Feature","properties":{"name":"稲田堤","planned":false},"geometry":{"type":"Point","coordinates":[139.53593,35.63341]}},{"type":"Feature","properties":{"name":"矢野口","planned":false},"geometry":{"type":"Point","coordinates":[139.52043,35.64173]}},{"type":"Feature","properties":{"name":"中野島","planned":false},"geometry":{"type":"Point","coordinates":[139.55108,35.63002]}},{"type":"Feature","properties":{"name":"西国立","planned":false},"geometry":{"type":"Point","coordinates":[139.4239,35.69379]}},{"type":"Feature","properties":{"name":"府中本町","planned":false},"geometry":{"type":"Point","coordinates":[139.47728,35.66589]}},{"type":"Feature","properties":{"name":"稲城長沼","planned":false},"geometry":{"type":"Point","coordinates":[139.50261,35.64428]}},{"type":"Feature","properties":{"name":"谷保","planned":false},"geometry":{"type":"Point","coordinates":[139.44678,35.68138]}},{"type":"Feature","properties":{"name":"南多摩","planned":false},"geometry":{"type":"Point","coordinates":[139.48955,35.64921]}},{"type":"Feature","properties":{"name":"金子","planned":false},"geometry":{"type":"Point","coordinates":[139.32861,35.81082]}},{"type":"Feature","properties":{"name":"小宮","planned":false},"geometry":{"type":"Point","coordinates":[139.36844,35.68592]}},{"type":"Feature","properties":{"name":"箱根ヶ崎","planned":false},"geometry":{"type":"Point","coordinates":[139.34673,35.7717]}},{"type":"Feature","properties":{"name":"北八王子","planned":false},"geometry":{"type":"Point","coordinates":[139.3634,35.66927]}},{"type":"Feature","properties":{"name":"東福生","planned":false},"geometry":{"type":"Point","coordinates":[139.33589,35.74583]}},{"type":"Feature","properties":{"name":"東松戸","planned":false},"geometry":{"type":"Point","coordinates":[139.94386,35.77049]}},{"type":"Feature","properties":{"name":"船橋法典","planned":false},"geometry":{"type":"Point","coordinates":[139.96672,35.73047]}},{"type":"Feature","properties":{"name":"市川大野","planned":false},"geometry":{"type":"Point","coordinates":[139.95128,35.75541]}},{"type":"Feature","properties":{"name":"新八柱","planned":false},"geometry":{"type":"Point","coordinates":[139.93856,35.79129]}},{"type":"Feature","properties":{"name":"三郷","planned":false},"geometry":{"type":"Point","coordinates":[139.88684,35.84484]}},{"type":"Feature","properties":{"name":"吉川","planned":false},"geometry":{"type":"Point","coordinates":[139.84324,35.87665]}},{"type":"Feature","properties":{"name":"南越谷","planned":false},"geometry":{"type":"Point","coordinates":[139.79115,35.87605]}},{"type":"Feature","properties":{"name":"新三郷","planned":false},"geometry":{"type":"Point","coordinates":[139.86953,35.85839]}},{"type":"Feature","properties":{"name":"北朝霞","planned":false},"geometry":{"type":"Point","coordinates":[139.58723,35.81547]}},{"type":"Feature","properties":{"name":"東浦和","planned":false},"geometry":{"type":"Point","coordinates":[139.70447,35.86403]}},{"type":"Feature","properties":{"name":"西浦和","planned":false},"geometry":{"type":"Point","coordinates":[139.62777,35.84419]}},{"type":"Feature","properties":{"name":"北府中","planned":false},"geometry":{"type":"Point","coordinates":[139.47179,35.68086]}},{"type":"Feature","properties":{"name":"新秋津","planned":false},"geometry":{"type":"Point","coordinates":[139.49376,35.77831]}},{"type":"Feature","properties":{"name":"東所沢","planned":false},"geometry":{"type":"Point","coordinates":[139.51454,35.79489]}},{"type":"Feature","properties":{"name":"新小平","planned":false},"geometry":{"type":"Point","coordinates":[139.47049,35.73092]}},{"type":"Feature","properties":{"name":"新座","planned":false},"geometry":{"type":"Point","coordinates":[139.55629,35.8038]}},{"type":"Feature","properties":{"name":"大袋","planned":false},"geometry":{"type":"Point","coordinates":[139.77794,35.9246]}},{"type":"Feature","properties":{"name":"堀切","planned":false},"geometry":{"type":"Point","coordinates":[139.81738,35.74334]}},{"type":"Feature","properties":{"name":"新田","planned":false},"geometry":{"type":"Point","coordinates":[139.79542,35.85411]}},{"type":"Feature","properties":{"name":"鐘ヶ淵","planned":false},"geometry":{"type":"Point","coordinates":[139.82037,35.73376]}},{"type":"Feature","properties":{"name":"西新井","planned":false},"geometry":{"type":"Point","coordinates":[139.79037,35.77728]}},{"type":"Feature","properties":{"name":"谷塚","planned":false},"geometry":{"type":"Point","coordinates":[139.80147,35.81486]}},{"type":"Feature","properties":{"name":"竹ノ塚","planned":false},"geometry":{"type":"Point","coordinates":[139.79072,35.79437]}},{"type":"Feature","properties":{"name":"小菅","planned":false},"geometry":{"type":"Point","coordinates":[139.81265,35.75868]}},{"type":"Feature","properties":{"name":"北越谷","planned":false},"geometry":{"type":"Point","coordinates":[139.77987,35.90171]}},{"type":"Feature","properties":{"name":"曳舟","planned":false},"geometry":{"type":"Point","coordinates":[139.81664,35.71832]}},{"type":"Feature","properties":{"name":"新越谷","planned":false},"geometry":{"type":"Point","coordinates":[139.78982,35.87557]}},{"type":"Feature","properties":{"name":"草加","planned":false},"geometry":{"type":"Point","coordinates":[139.80345,35.82838]}},{"type":"Feature","properties":{"name":"蒲生","planned":false},"geometry":{"type":"Point","coordinates":[139.79176,35.86689]}},{"type":"Feature","properties":{"name":"東向島","planned":false},"geometry":{"type":"Point","coordinates":[139.81934,35.72436]}},{"type":"Feature","properties":{"name":"とうきょうスカイツリー","planned":false},"geometry":{"type":"Point","coordinates":[139.80939,35.71046]}},{"type":"Feature","properties":{"name":"五反野","planned":false},"geometry":{"type":"Point","coordinates":[139.80963,35.76591]}},{"type":"Feature","properties":{"name":"越谷","planned":false},"geometry":{"type":"Point","coordinates":[139.78623,35.88753]}},{"type":"Feature","properties":{"name":"獨協大学前","planned":false},"geometry":{"type":"Point","coordinates":[139.80068,35.8433]}},{"type":"Feature","properties":{"name":"梅島","planned":false},"geometry":{"type":"Point","coordinates":[139.79807,35.77235]}},{"type":"Feature","properties":{"name":"牛田","planned":false},"geometry":{"type":"Point","coordinates":[139.81177,35.74455]}},{"type":"Feature","properties":{"name":"東あずま","planned":false},"geometry":{"type":"Point","coordinates":[139.83159,35.70737]}},{"type":"Feature","properties":{"name":"小村井","planned":false},"geometry":{"type":"Point","coordinates":[139.82761,35.71032]}},{"type":"Feature","properties":{"name":"亀戸水神","planned":false},"geometry":{"type":"Point","coordinates":[139.83339,35.69994]}},{"type":"Feature","properties":{"name":"大師前","planned":false},"geometry":{"type":"Point","coordinates":[139.78166,35.77895]}},{"type":"Feature","properties":{"name":"大山","planned":false},"geometry":{"type":"Point","coordinates":[139.70265,35.74837]}},{"type":"Feature","properties":{"name":"北池袋","planned":false},"geometry":{"type":"Point","coordinates":[139.71639,35.74034]}},{"type":"Feature","properties":{"name":"成増","planned":false},"geometry":{"type":"Point","coordinates":[139.63295,35.77757]}},{"type":"Feature","properties":{"name":"上板橋","planned":false},"geometry":{"type":"Point","coordinates":[139.6762,35.76362]}},{"type":"Feature","properties":{"name":"下赤塚","planned":false},"geometry":{"type":"Point","coordinates":[139.64485,35.77049]}},{"type":"Feature","properties":{"name":"中板橋","planned":false},"geometry":{"type":"Point","coordinates":[139.69439,35.75628]}},{"type":"Feature","properties":{"name":"ときわ台","planned":false},"geometry":{"type":"Point","coordinates":[139.68876,35.7589]}},{"type":"Feature","properties":{"name":"朝霞台","planned":false},"geometry":{"type":"Point","coordinates":[139.5873,35.81435]}},{"type":"Feature","properties":{"name":"朝霞","planned":false},"geometry":{"type":"Point","coordinates":[139.6003,35.79677]}},{"type":"Feature","properties":{"name":"下板橋","planned":false},"geometry":{"type":"Point","coordinates":[139.71568,35.74507]}},{"type":"Feature","properties":{"name":"東武練馬","planned":false},"geometry":{"type":"Point","coordinates":[139.66254,35.76865]}},{"type":"Feature","properties":{"name":"川越市","planned":false},"geometry":{"type":"Point","coordinates":[139.47709,35.91414]}},{"type":"Feature","properties":{"name":"柳瀬川","planned":false},"geometry":{"type":"Point","coordinates":[139.56246,35.83056]}},{"type":"Feature","properties":{"name":"鶴瀬","planned":false},"geometry":{"type":"Point","coordinates":[139.53946,35.84561]}},{"type":"Feature","properties":{"name":"みずほ台","planned":false},"geometry":{"type":"Point","coordinates":[139.55078,35.8382]}},{"type":"Feature","properties":{"name":"志木","planned":false},"geometry":{"type":"Point","coordinates":[139.5753,35.82217]}},{"type":"Feature","properties":{"name":"ふじみ野","planned":false},"geometry":{"type":"Point","coordinates":[139.52309,35.86074]}},{"type":"Feature","properties":{"name":"上福岡","planned":false},"geometry":{"type":"Point","coordinates":[139.51187,35.87387]}},{"type":"Feature","properties":{"name":"霞ヶ関","planned":false},"geometry":{"type":"Point","coordinates":[139.44404,35.9254]}},{"type":"Feature","properties":{"name":"新河岸","planned":false},"geometry":{"type":"Point","coordinates":[139.4973,35.89102]}},{"type":"Feature","properties":{"name":"馬込沢","planned":false},"geometry":{"type":"Point","coordinates":[139.99221,35.74166]}},{"type":"Feature","properties":{"name":"増尾","planned":false},"geometry":{"type":"Point","coordinates":[139.97632,35.82982]}},{"type":"Feature","properties":{"name":"鎌ヶ谷","planned":false},"geometry":{"type":"Point","coordinates":[139.99731,35.76378]}},{"type":"Feature","properties":{"name":"逆井","planned":false},"geometry":{"type":"Point","coordinates":[139.98371,35.82327]}},{"type":"Feature","properties":{"name":"六実","planned":false},"geometry":{"type":"Point","coordinates":[139.99924,35.79371]}},{"type":"Feature","properties":{"name":"高柳","planned":false},"geometry":{"type":"Point","coordinates":[139.99898,35.8083]}},{"type":"Feature","properties":{"name":"塚田","planned":false},"geometry":{"type":"Point","coordinates":[139.98291,35.72212]}},{"type":"Feature","properties":{"name":"新船橋","planned":false},"geometry":{"type":"Point","coordinates":[139.97982,35.71157]}},{"type":"Feature","properties":{"name":"新柏","planned":false},"geometry":{"type":"Point","coordinates":[139.96704,35.8381]}},{"type":"Feature","properties":{"name":"豊四季","planned":false},"geometry":{"type":"Point","coordinates":[139.93928,35.86653]}},{"type":"Feature","properties":{"name":"運河","planned":false},"geometry":{"type":"Point","coordinates":[139.90604,35.91437]}},{"type":"Feature","properties":{"name":"初石","planned":false},"geometry":{"type":"Point","coordinates":[139.91791,35.88384]}},{"type":"Feature","properties":{"name":"江戸川台","planned":false},"geometry":{"type":"Point","coordinates":[139.91053,35.89723]}},{"type":"Feature","properties":{"name":"大和田","planned":false},"geometry":{"type":"Point","coordinates":[139.65102,35.92935]}},{"type":"Feature","properties":{"name":"北大宮","planned":false},"geometry":{"type":"Point","coordinates":[139.62481,35.91794]}},{"type":"Feature","properties":{"name":"大宮公園","planned":false},"geometry":{"type":"Point","coordinates":[139.63308,35.92388]}},{"type":"Feature","properties":{"name":"東海神","planned":false},"geometry":{"type":"Point","coordinates":[139.98055,35.70596]}},{"type":"Feature","properties":{"name":"谷村町","planned":false},"geometry":{"type":"Point","coordinates":[138.90463,35.5506]}},{"type":"Feature","properties":{"name":"上大月","planned":false},"geometry":{"type":"Point","coordinates":[138.93807,35.6094]}},{"type":"Feature","properties":{"name":"禾生","planned":false},"geometry":{"type":"Point","coordinates":[138.92924,35.57519]}},{"type":"Feature","properties":{"name":"田野倉","planned":false},"geometry":{"type":"Point","coordinates":[138.93121,35.59347]}},{"type":"Feature","properties":{"name":"赤坂","planned":false},"geometry":{"type":"Point","coordinates":[138.91608,35.56605]}},{"type":"Feature","properties":{"name":"都留市","planned":false},"geometry":{"type":"Point","coordinates":[138.90745,35.5572]}},{"type":"Feature","properties":{"name":"東京ディズニーシー･ステーション","planned":false},"geometry":{"type":"Point","coordinates":[139.88949,35.62723]}},{"type":"Feature","properties":{"name":"リゾートゲートウェイ･ステーション","planned":false},"geometry":{"type":"Point","coordinates":[139.88495,35.63511]}},{"type":"Feature","properties":{"name":"東京ディズニーランド･ステーション","planned":false},"geometry":{"type":"Point","coordinates":[139.87844,35.63585]}},{"type":"Feature","properties":{"name":"ベイサイド･ステーション","planned":false},"geometry":{"type":"Point","coordinates":[139.87635,35.62785]}},{"type":"Feature","properties":{"name":"秋山","planned":false},"geometry":{"type":"Point","coordinates":[139.93134,35.76543]}},{"type":"Feature","properties":{"name":"大町","planned":false},"geometry":{"type":"Point","coordinates":[139.9734,35.77515]}},{"type":"Feature","properties":{"name":"松飛台","planned":false},"geometry":{"type":"Point","coordinates":[139.95756,35.77533]}},{"type":"Feature","properties":{"name":"北国分","planned":false},"geometry":{"type":"Point","coordinates":[139.91422,35.76286]}},{"type":"Feature","properties":{"name":"新柴又","planned":false},"geometry":{"type":"Point","coordinates":[139.87982,35.75135]}},{"type":"Feature","properties":{"name":"矢切","planned":false},"geometry":{"type":"Point","coordinates":[139.90055,35.75751]}},{"type":"Feature","properties":{"name":"北参道","planned":false},"geometry":{"type":"Point","coordinates":[139.70547,35.6785]}},{"type":"Feature","properties":{"name":"西早稲田","planned":false},"geometry":{"type":"Point","coordinates":[139.70911,35.70781]}},{"type":"Feature","properties":{"name":"雑司が谷","planned":false},"geometry":{"type":"Point","coordinates":[139.71472,35.7202]}},{"type":"Feature","properties":{"name":"日吉本町","planned":false},"geometry":{"type":"Point","coordinates":[139.63333,35.54991]}},{"type":"Feature","properties":{"name":"高田","planned":false},"geometry":{"type":"Point","coordinates":[139.62059,35.54955]}},{"type":"Feature","properties":{"name":"東山田","planned":false},"geometry":{"type":"Point","coordinates":[139.60604,35.55421]}},{"type":"Feature","properties":{"name":"北山田","planned":false},"geometry":{"type":"Point","coordinates":[139.59287,35.56107]}},{"type":"Feature","properties":{"name":"川和町","planned":false},"geometry":{"type":"Point","coordinates":[139.54897,35.52845]}},{"type":"Feature","properties":{"name":"見沼代親水公園","planned":false},"geometry":{"type":"Point","coordinates":[139.7707,35.81461]}},{"type":"Feature","properties":{"name":"舎人","planned":false},"geometry":{"type":"Point","coordinates":[139.77013,35.80572]}},{"type":"Feature","properties":{"name":"舎人公園","planned":false},"geometry":{"type":"Point","coordinates":[139.77012,35.79667]}},{"type":"Feature","properties":{"name":"西新井大師西","planned":false},"geometry":{"type":"Point","coordinates":[139.77014,35.78116]}},{"type":"Feature","properties":{"name":"江北","planned":false},"geometry":{"type":"Point","coordinates":[139.77035,35.77379]}},{"type":"Feature","properties":{"name":"高野","planned":false},"geometry":{"type":"Point","coordinates":[139.77072,35.76825]}},{"type":"Feature","properties":{"name":"足立小台","planned":false},"geometry":{"type":"Point","coordinates":[139.77021,35.75464]}},{"type":"Feature","properties":{"name":"谷在家","planned":false},"geometry":{"type":"Point","coordinates":[139.7701,35.78868]}},{"type":"Feature","properties":{"name":"扇大橋","planned":false},"geometry":{"type":"Point","coordinates":[139.77085,35.76413]}},{"type":"Feature","properties":{"name":"赤土小学校前","planned":false},"geometry":{"type":"Point","coordinates":[139.76913,35.74306]}},{"type":"Feature","properties":{"name":"西大宮","planned":false},"geometry":{"type":"Point","coordinates":[139.5789,35.92196]}},{"type":"Feature","properties":{"name":"西府","planned":false},"geometry":{"type":"Point","coordinates":[139.45739,35.67094]}},{"type":"Feature","properties":{"name":"越谷レイクタウン","planned":false},"geometry":{"type":"Point","coordinates":[139.82226,35.87611]}},{"type":"Feature","properties":{"name":"都筑ふれあいの丘","planned":false},"geometry":{"type":"Point","coordinates":[139.5613,35.53656]}},{"type":"Feature","properties":{"name":"武蔵小杉","planned":false},"geometry":{"type":"Point","coordinates":[139.66336,35.57466]}},{"type":"Feature","properties":{"name":"羽田空港第3ターミナル","planned":false},"geometry":{"type":"Point","coordinates":[139.76707,35.54498]}},{"type":"Feature","properties":{"name":"吉川美南","planned":false},"geometry":{"type":"Point","coordinates":[139.85812,35.86809]}},{"type":"Feature","properties":{"name":"小田栄","planned":false},"geometry":{"type":"Point","coordinates":[139.70508,35.51441]}},{"type":"Feature","properties":{"name":"虎ノ門ヒルズ","planned":false},"geometry":{"type":"Point","coordinates":[139.74777,35.66733]}},{"type":"Feature","properties":{"name":"羽沢横浜国大","planned":false},"geometry":{"type":"Point","coordinates":[139.58613,35.48123]}},{"type":"Feature","properties":{"name":"高輪ゲートウェイ","planned":false},"geometry":{"type":"Point","coordinates":[139.74064,35.63538]}},{"type":"Feature","properties":{"name":"新綱島","planned":false},"geometry":{"type":"Point","coordinates":[139.63613,35.5361]}},{"type":"Feature","properties":{"name":"土支田（仮称）","planned":true},"geometry":{"type":"Point","coordinates":[139.61341,35.76176]}},{"type":"Feature","properties":{"name":"大泉町（仮称）","planned":true},"geometry":{"type":"Point","coordinates":[139.59934,35.76703]}},{"type":"Feature","properties":{"name":"大泉学園町（仮称）","planned":true},"geometry":{"type":"Point","coordinates":[139.58802,35.77055]}}]}