{"type":"FeatureCollection","features":[{"type":"Feature","properties":{"tier":"bus"},"geometry":{"type":"MultiPolygon","coordinates":[[[[139.40933,35.47049],[139.41045,35.47185],[139.40971,35.47275],[139.41282,35.47434],[139.41317,35.47479],[139.41335,35.47569],[139.4139,35.47578],[139.41437,35.47434],[139.41414,35.47366],[139.4145,35.47209],[139.41426,35.47119],[139.41461,35.46938],[139.40897,35.46936],[139.40933,35.47049]]],[[[139.41246,35.48734],[139.41292,35.48718],[139.41247,35.48699],[139.41246,35.48734]]],[[[139.41465,35.47817],[139.41546,35.47908],[139.41479,35.4802],[139.41512,35.48246],[139.41422,35.48426],[139.41435,35.48538],[139.41335,35.48696],[139.41412,35.48741],[139.41494,35.48852],[139.41604,35.48866],[139.41654,35.48967],[139.41769,35.48986],[139.41853,35.49148],[139.41868,35.49283],[139.41905,35.49334],[139.4196,35.4935],[139.4218,35.49341],[139.42235,35.49385],[139.42249,35.49578],[139.4216,35.4969],[139.42151,35.49735],[139.42288,35.49816],[139.42346,35.49894],[139.42356,35.49961],[139.42292,35.50051],[139.42315,35.50119],[139.42479,35.50224],[139.42815,35.50211],[139.42843,35.50233],[139.42842,35.50323],[139.42891,35.50351],[139.42931,35.50346],[139.43,35.50234],[139.43129,35.50167],[139.43242,35.50032],[139.4328,35.49942],[139.43389,35.49829],[139.434,35.49604],[139.43334,35.49446],[139.43292,35.49243],[139.43226,35.49153],[139.43207,35.49018],[139.43367,35.48871],[139.43514,35.48838],[139.43491,35.48771],[139.43516,35.48703],[139.43686,35.48591],[139.43677,35.48321],[139.43805,35.48253],[139.43816,35.48208],[139.43756,35.48169],[139.43563,35.48266],[139.43463,35.48275],[139.4337,35.48391],[139.43176,35.48482],[139.43121,35.48479],[139.43039,35.48412],[139.42818,35.48571],[139.42763,35.48582],[139.42378,35.48262],[139.42296,35.48216],[139.42158,35.48187],[139.42021,35.48062],[139.41856,35.48074],[139.41723,35.48021],[139.41599,35.47908],[139.41635,35.47795],[139.41582,35.47728],[139.41525,35.47727],[139.41465,35.47817]]],[[[139.39258,35.49526],[139.39252,35.4959],[139.39313,35.49632],[139.3947,35.49568],[139.39495,35.49523],[139.39453,35.49433],[139.39397,35.49419],[139.39258,35.49526]]],[[[139.38714,35.51571],[139.38668,35.5155],[139.38641,35.5157],[139.38643,35.51616],[139.38689,35.51616],[139.38714,35.51571]]],[[[139.39219,35.5004],[139.39167,35.50468],[139.38894,35.50573],[139.38862,35.50602],[139.38862,35.50647],[139.38962,35.50783],[139.39107,35.50829],[139.39123,35.50896],[139.39216,35.51032],[139.39168,35.51144],[139.39214,35.51257],[139.39116,35.51369],[139.3909,35.5155],[139.39219,35.51671],[139.39357,35.51667],[139.39494,35.51831],[139.39604,35.51876],[139.3963,35.51935],[139.39598,35.52002],[139.39409,35.52178],[139.39354,35.52178],[139.39244,35.52108],[139.39185,35.52136],[139.39197,35.52271],[139.39105,35.52333],[139.39096,35.52383],[139.39265,35.52564],[139.39186,35.52662],[139.38962,35.52743],[139.38959,35.52789],[139.39034,35.52856],[139.39029,35.52901],[139.38928,35.52991],[139.38909,35.53126],[139.3877,35.53165],[139.38737,35.53193],[139.38785,35.53306],[139.38782,35.53396],[139.38861,35.53509],[139.38794,35.5368],[139.38601,35.53759],[139.38491,35.53758],[139.38436,35.53733],[139.38414,35.53688],[139.3852,35.53504],[139.38492,35.5349],[139.38382,35.53533],[139.38272,35.53518],[139.3825,35.53575],[139.38304,35.53688],[139.38239,35.538],[139.38214,35.53942],[139.38159,35.53971],[139.38021,35.53986],[139.37911,35.53976],[139.378,35.5403],[139.3769,35.53995],[139.37551,35.54109],[139.37546,35.54203],[139.37614,35.54293],[139.37658,35.54451],[139.37546,35.54631],[139.37529,35.54766],[139.37474,35.54856],[139.37639,35.55172],[139.37742,35.55285],[139.37883,35.55624],[139.3803,35.55895],[139.38026,35.5594],[139.37982,35.55983],[139.37784,35.56097],[139.37768,35.56142],[139.37788,35.56179],[139.37981,35.56123],[139.38091,35.56182],[139.38146,35.56178],[139.38189,35.56143],[139.38204,35.56031],[139.38246,35.55986],[139.3859,35.55835],[139.387,35.55761],[139.38866,35.55747],[139.3903,35.55909],[139.39088,35.55854],[139.39104,35.55741],[139.39169,35.55709],[139.3928,35.55716],[139.39355,35.55787],[139.39389,35.55793],[139.395,35.55691],[139.39666,35.5572],[139.39749,35.55672],[139.39887,35.55651],[139.40162,35.55653],[139.40277,35.55723],[139.40362,35.55723],[139.40394,35.55678],[139.40424,35.5543],[139.40409,35.55363],[139.405,35.55273],[139.40494,35.55138],[139.40616,35.548],[139.40754,35.54733],[139.40858,35.54538],[139.41023,35.54465],[139.41093,35.54396],[139.413,35.54295],[139.41686,35.54354],[139.41824,35.54324],[139.41961,35.54374],[139.42099,35.54372],[139.42347,35.54419],[139.42513,35.54415],[139.42651,35.54371],[139.42844,35.54413],[139.42898,35.54448],[139.42953,35.54425],[139.42858,35.5438],[139.42766,35.54177],[139.4267,35.54109],[139.42625,35.53913],[139.42501,35.5386],[139.42461,35.53724],[139.42253,35.53521],[139.42285,35.53409],[139.42092,35.53295],[139.42098,35.52957],[139.42227,35.52755],[139.42179,35.5262],[139.41724,35.52307],[139.41338,35.52368],[139.41227,35.52442],[139.41095,35.52413],[139.41038,35.523],[139.40925,35.52232],[139.40896,35.52097],[139.40714,35.51893],[139.408,35.51781],[139.40743,35.51623],[139.40795,35.51443],[139.40857,35.51376],[139.40878,35.51241],[139.40862,35.51218],[139.40792,35.51215],[139.40627,35.51259],[139.40517,35.51206],[139.40297,35.51185],[139.40214,35.51197],[139.40159,35.51178],[139.40009,35.5108],[139.39983,35.51035],[139.3998,35.50899],[139.40015,35.50787],[139.39959,35.50651],[139.3994,35.50268],[139.39888,35.50239],[139.39695,35.5023],[139.39503,35.50181],[139.3945,35.50131],[139.39441,35.50019],[139.39394,35.49975],[139.3925,35.49995],[139.39219,35.5004]],[[139.40114,35.54317],[139.40005,35.54505],[139.39754,35.5469],[139.39616,35.54705],[139.39419,35.54593],[139.39377,35.54548],[139.39397,35.54525],[139.39534,35.54521],[139.39672,35.54484],[139.39871,35.54324],[139.40114,35.54317]]],[[[139.37483,35.56524],[139.37365,35.56794],[139.3737,35.56888],[139.37482,35.56704],[139.37515,35.56591],[139.37483,35.56524]]],[[[139.3568,35.56855],[139.35688,35.5688],[139.35738,35.56878],[139.35716,35.56849],[139.3568,35.56855]]],[[[139.36509,35.56903],[139.36515,35.56911],[139.36518,35.56903],[139.36509,35.56903]]],[[[139.36069,35.57059],[139.3599,35.57038],[139.35967,35.57059],[139.36045,35.57095],[139.36077,35.57082],[139.36069,35.57059]]],[[[139.43264,35.55463],[139.43288,35.55643],[139.43399,35.55801],[139.43378,35.55891],[139.43413,35.56072],[139.43348,35.56364],[139.43137,35.56431],[139.42943,35.56566],[139.42833,35.56574],[139.42722,35.56683],[139.42667,35.56691],[139.42556,35.56656],[139.42391,35.56668],[139.42308,35.56787],[139.42142,35.56833],[139.41507,35.56871],[139.41425,35.56803],[139.41232,35.568],[139.41122,35.56672],[139.40984,35.56698],[139.40959,35.56739],[139.40973,35.56829],[139.41056,35.5701],[139.41024,35.57213],[139.41087,35.57348],[139.40998,35.57438],[139.41019,35.57528],[139.40976,35.57686],[139.40924,35.57712],[139.40758,35.57718],[139.40721,35.57753],[139.40699,35.57888],[139.40536,35.57955],[139.40343,35.5797],[139.40206,35.57896],[139.40178,35.57906],[139.4015,35.57998],[139.40094,35.58065],[139.39901,35.58155],[139.39735,35.58199],[139.39532,35.58402],[139.39485,35.58484],[139.3943,35.58501],[139.39292,35.58498],[139.38989,35.58438],[139.38934,35.58375],[139.38824,35.58327],[139.38801,35.58264],[139.38823,35.58219],[139.3888,35.58187],[139.39018,35.58167],[139.39074,35.58038],[139.39069,35.57994],[139.39019,35.57974],[139.38734,35.58016],[139.38483,35.58173],[139.38408,35.58307],[139.38305,35.58397],[139.38218,35.58532],[139.381,35.58599],[139.3824,35.5869],[139.3827,35.58791],[139.38357,35.58871],[139.38327,35.59006],[139.38296,35.59037],[139.38213,35.59053],[139.38139,35.5914],[139.38102,35.5925],[139.3794,35.5932],[139.3788,35.59431],[139.37801,35.595],[139.37907,35.59568],[139.37981,35.59771],[139.38264,35.59808],[139.38323,35.59839],[139.38325,35.59975],[139.38295,35.60042],[139.38152,35.60083],[139.38124,35.60113],[139.38234,35.60153],[139.38346,35.6029],[139.38647,35.60349],[139.38866,35.6072],[139.38976,35.60758],[139.3904,35.60834],[139.39126,35.60879],[139.39333,35.61057],[139.39443,35.61065],[139.39553,35.61145],[139.39584,35.61129],[139.39587,35.61038],[139.39637,35.60998],[139.3972,35.61006],[139.39885,35.61072],[139.3994,35.61052],[139.3999,35.6095],[139.39929,35.60792],[139.3997,35.60698],[139.40218,35.60707],[139.40301,35.60634],[139.40439,35.60585],[139.4055,35.60625],[139.40605,35.60618],[139.40799,35.60368],[139.40964,35.60436],[139.41047,35.60525],[139.41086,35.60503],[139.41129,35.60413],[139.41213,35.60365],[139.41296,35.60345],[139.41351,35.60369],[139.41414,35.60437],[139.41401,35.60617],[139.41543,35.60673],[139.41575,35.6082],[139.41652,35.6089],[139.4179,35.60912],[139.41845,35.60902],[139.41882,35.60844],[139.41869,35.60709],[139.41929,35.60663],[139.41984,35.60665],[139.42122,35.60733],[139.42287,35.60733],[139.42452,35.60846],[139.42461,35.60913],[139.42424,35.61018],[139.42562,35.61028],[139.42616,35.61143],[139.42751,35.61207],[139.42765,35.61297],[139.42836,35.61349],[139.42891,35.61438],[139.42946,35.61466],[139.43084,35.61452],[139.43125,35.61479],[139.43127,35.61592],[139.43067,35.61682],[139.43083,35.617],[139.43138,35.61691],[139.43231,35.61592],[139.43332,35.6157],[139.4337,35.61615],[139.43368,35.61818],[139.43551,35.61814],[139.4368,35.61909],[139.43716,35.62028],[139.4385,35.6209],[139.43859,35.62135],[139.43826,35.62161],[139.43632,35.62181],[139.43605,35.62224],[139.43615,35.62247],[139.4366,35.62257],[139.43798,35.62222],[139.43908,35.62234],[139.43936,35.62158],[139.44035,35.6209],[139.44092,35.62],[139.44241,35.61904],[139.44296,35.61895],[139.44379,35.61922],[139.446,35.61909],[139.44888,35.61823],[139.44942,35.61688],[139.45082,35.61666],[139.45131,35.61531],[139.45243,35.61508],[139.45319,35.61438],[139.45436,35.61396],[139.45451,35.61284],[139.45524,35.61171],[139.45506,35.60923],[139.4565,35.60766],[139.45709,35.60759],[139.45847,35.60838],[139.45957,35.60745],[139.46123,35.6074],[139.46147,35.6061],[139.46233,35.60542],[139.4629,35.60457],[139.464,35.60447],[139.46478,35.60363],[139.46787,35.60264],[139.46817,35.60229],[139.46813,35.60161],[139.46915,35.60116],[139.46927,35.60026],[139.47082,35.59801],[139.47163,35.59734],[139.47286,35.59719],[139.47345,35.5969],[139.47469,35.59442],[139.47453,35.59383],[139.47379,35.59329],[139.47356,35.59261],[139.47261,35.59217],[139.47188,35.59126],[139.46793,35.58991],[139.46552,35.58831],[139.46567,35.58741],[139.4653,35.58673],[139.46512,35.58538],[139.46575,35.58448],[139.46613,35.58268],[139.46579,35.58132],[139.46684,35.57975],[139.46777,35.57908],[139.46866,35.5766],[139.46855,35.57619],[139.46662,35.576],[139.46551,35.57641],[139.46468,35.57618],[139.46248,35.57625],[139.46082,35.57662],[139.4592,35.57635],[139.45869,35.57589],[139.45822,35.57477],[139.45697,35.57484],[139.45532,35.57286],[139.45346,35.57205],[139.45196,35.57024],[139.45202,35.56934],[139.45257,35.56821],[139.45248,35.56776],[139.45204,35.56748],[139.45066,35.56769],[139.4496,35.56595],[139.44893,35.56234],[139.44916,35.56144],[139.44902,35.56076],[139.44987,35.5585],[139.44849,35.55845],[139.44574,35.55735],[139.44464,35.55743],[139.44326,35.55684],[139.44161,35.55709],[139.43968,35.55649],[139.43555,35.55602],[139.43335,35.55352],[139.43264,35.55463]],[[139.40417,35.5964],[139.40438,35.59644],[139.40417,35.59648],[139.40417,35.5964]],[[139.41661,35.58567],[139.41667,35.58567],[139.41664,35.58571],[139.41661,35.58567]],[[139.4323,35.57198],[139.43266,35.57153],[139.43271,35.57138],[139.43271,35.57198],[139.43243,35.57225],[139.4323,35.57198]],[[139.43299,35.57128],[139.43299,35.57137],[139.43286,35.5713],[139.43299,35.57128]]],[[[139.1505,35.57786],[139.14776,35.57903],[139.14752,35.58038],[139.14606,35.58083],[139.14586,35.5824],[139.14494,35.58322],[139.14466,35.58379],[139.1434,35.58419],[139.14394,35.58577],[139.14354,35.5878],[139.1437,35.5887],[139.14296,35.58937],[139.14152,35.59162],[139.14347,35.59332],[139.1436,35.59411],[139.14336,35.59478],[139.14097,35.59552],[139.14043,35.59425],[139.13768,35.59322],[139.13409,35.59371],[139.13079,35.59269],[139.12996,35.5928],[139.12945,35.59312],[139.12936,35.5947],[139.13014,35.59673],[139.13047,35.59709],[139.13185,35.59764],[139.13171,35.59787],[139.13046,35.59816],[139.13036,35.59876],[139.1319,35.60283],[139.1317,35.60463],[139.13279,35.60621],[139.13307,35.60712],[139.1324,35.60891],[139.13017,35.61116],[139.12867,35.61205],[139.12843,35.61272],[139.12868,35.61313],[139.13032,35.61434],[139.13362,35.61552],[139.13637,35.61723],[139.13719,35.6173],[139.13792,35.61571],[139.13749,35.61545],[139.13556,35.61531],[139.13505,35.61479],[139.13557,35.61338],[139.13714,35.61255],[139.13683,35.61164],[139.13697,35.61142],[139.13891,35.61069],[139.14277,35.61093],[139.14292,35.61055],[139.14252,35.60942],[139.1428,35.60875],[139.14334,35.60846],[139.14472,35.60845],[139.14665,35.60901],[139.14858,35.60858],[139.15031,35.60789],[139.15008,35.60699],[139.15115,35.60609],[139.14941,35.60225],[139.14942,35.60158],[139.14975,35.60116],[139.15006,35.60135],[139.15023,35.60316],[139.15084,35.60406],[139.1523,35.60497],[139.15247,35.60605],[139.1529,35.60588],[139.15364,35.60453],[139.15469,35.60384],[139.15552,35.60383],[139.15745,35.60432],[139.16047,35.60647],[139.16212,35.6069],[139.16349,35.60838],[139.16458,35.609],[139.16506,35.61],[139.16477,35.61135],[139.16594,35.61189],[139.16815,35.61204],[139.1698,35.61191],[139.17146,35.61149],[139.17268,35.61207],[139.17393,35.61329],[139.17448,35.61343],[139.17918,35.61226],[139.1814,35.61108],[139.18242,35.6101],[139.18241,35.60942],[139.18083,35.60806],[139.17949,35.60778],[139.17811,35.6079],[139.17746,35.60692],[139.17742,35.60669],[139.17785,35.60666],[139.17849,35.60737],[139.17895,35.60748],[139.18011,35.6067],[139.18006,35.60623],[139.17813,35.60593],[139.17702,35.60621],[139.17427,35.60612],[139.1704,35.60664],[139.16847,35.60572],[139.16682,35.60559],[139.16636,35.60528],[139.16681,35.60325],[139.16834,35.60033],[139.16848,35.5965],[139.16827,35.59334],[139.16914,35.59241],[139.16969,35.59247],[139.17079,35.5932],[139.17189,35.59334],[139.17237,35.59314],[139.17239,35.59247],[139.17166,35.59111],[139.17184,35.59066],[139.17269,35.58999],[139.17262,35.58954],[139.17137,35.58913],[139.16981,35.58817],[139.16918,35.58677],[139.16759,35.58568],[139.16616,35.58519],[139.16533,35.5852],[139.16478,35.58556],[139.1644,35.58634],[139.16312,35.58656],[139.16263,35.587],[139.1631,35.58858],[139.16391,35.58949],[139.164,35.58994],[139.16337,35.59309],[139.16249,35.59516],[139.16194,35.59556],[139.16111,35.59559],[139.15973,35.59513],[139.15836,35.59426],[139.15671,35.59388],[139.15538,35.5926],[139.15369,35.59187],[139.15345,35.59146],[139.15384,35.58988],[139.15387,35.58628],[139.15362,35.58515],[139.15502,35.58448],[139.15552,35.58313],[139.15543,35.58255],[139.15461,35.58149],[139.15323,35.58113],[139.1522,35.58041],[139.15246,35.57906],[139.15188,35.57834],[139.1505,35.57786]],[[139.15695,35.60117],[139.15804,35.60253],[139.15801,35.60315],[139.15598,35.60184],[139.1555,35.60116],[139.15548,35.60071],[139.1561,35.60068],[139.15695,35.60117]],[[139.14442,35.60155],[139.14409,35.6011],[139.14451,35.60086],[139.14505,35.60133],[139.14478,35.60164],[139.14442,35.60155]]],[[[139.39751,35.61287],[139.39691,35.61283],[139.3969,35.61312],[139.39718,35.61334],[139.39746,35.61325],[139.39751,35.61287]]],[[[139.40421,35.61898],[139.40391,35.61965],[139.40413,35.62101],[139.40501,35.62168],[139.40624,35.62194],[139.40627,35.62034],[139.40782,35.61922],[139.40814,35.61877],[139.408,35.61854],[139.40626,35.61846],[139.40421,35.61898]]],[[[139.34838,35.60652],[139.347,35.60631],[139.34642,35.60659],[139.3455,35.60884],[139.3445,35.60929],[139.34258,35.61086],[139.34104,35.614],[139.3406,35.61417],[139.3395,35.61404],[139.33839,35.6146],[139.33729,35.61468],[139.33697,35.61489],[139.33698,35.61556],[139.33792,35.61692],[139.33795,35.61782],[139.33782,35.61833],[139.33674,35.61894],[139.33662,35.61962],[139.33698,35.62009],[139.33836,35.62039],[139.33887,35.62076],[139.33892,35.62121],[139.33844,35.62233],[139.33862,35.62273],[139.33917,35.62288],[139.34028,35.62257],[139.34064,35.62279],[139.341,35.62437],[139.34015,35.62549],[139.34108,35.62661],[139.34329,35.62685],[139.34467,35.6266],[139.34797,35.62735],[139.3488,35.62846],[139.34994,35.62936],[139.35052,35.63072],[139.35143,35.6314],[139.35201,35.63253],[139.35236,35.63274],[139.35485,35.63207],[139.35622,35.63241],[139.35788,35.6322],[139.35898,35.63289],[139.36036,35.63316],[139.36119,35.63296],[139.36202,35.63309],[139.3629,35.63257],[139.36478,35.63215],[139.36726,35.63266],[139.37003,35.63196],[139.37094,35.6326],[139.37105,35.63373],[139.3714,35.63413],[139.37195,35.63411],[139.37444,35.63289],[139.3755,35.63329],[139.3772,35.63555],[139.37718,35.63604],[139.37651,35.63713],[139.37939,35.63672],[139.38215,35.63548],[139.38276,35.63557],[139.38325,35.63638],[139.38408,35.63636],[139.38491,35.63678],[139.38573,35.63828],[139.38904,35.63723],[139.38956,35.63785],[139.38896,35.6392],[139.38923,35.64011],[139.38902,35.64191],[139.38958,35.64304],[139.39009,35.64326],[139.39089,35.64304],[139.39218,35.64192],[139.39246,35.64102],[139.39213,35.63989],[139.39235,35.63944],[139.394,35.63898],[139.39511,35.63934],[139.39566,35.6393],[139.39761,35.63788],[139.39793,35.63721],[139.3976,35.63671],[139.39595,35.63673],[139.39375,35.63573],[139.39154,35.6359],[139.39007,35.63538],[139.38927,35.63402],[139.38968,35.63312],[139.38962,35.63254],[139.38844,35.63199],[139.3849,35.6277],[139.38484,35.62724],[139.3858,35.62612],[139.38477,35.62477],[139.38398,35.62476],[139.38342,35.62544],[139.38276,35.62568],[139.38221,35.62563],[139.38138,35.62511],[139.38056,35.62512],[139.37834,35.6261],[139.37669,35.62525],[139.37476,35.62548],[139.37228,35.62443],[139.37176,35.62404],[139.37146,35.62327],[139.37036,35.62312],[139.3692,35.62245],[139.36701,35.62042],[139.36674,35.61906],[139.36569,35.61793],[139.36463,35.61568],[139.36406,35.615],[139.36388,35.61319],[139.36269,35.61278],[139.36187,35.61116],[139.35994,35.61065],[139.35911,35.61065],[139.35774,35.61001],[139.35691,35.60992],[139.35609,35.60892],[139.35471,35.60872],[139.35306,35.60764],[139.35223,35.60761],[139.35113,35.60802],[139.34975,35.60767],[139.34935,35.60728],[139.34976,35.60638],[139.34921,35.60589],[139.34838,35.60652]]],[[[139.40166,35.63542],[139.40148,35.63528],[139.40117,35.63542],[139.40147,35.63597],[139.40166,35.63542]]],[[[139.4357,35.63667],[139.43433,35.63801],[139.43375,35.63893],[139.43085,35.64138],[139.43091,35.64273],[139.43145,35.64363],[139.43106,35.64408],[139.42875,35.64523],[139.426,35.64474],[139.42515,35.64519],[139.42351,35.64545],[139.42241,35.64489],[139.42202,35.64495],[139.42165,35.64585],[139.42074,35.64653],[139.42034,35.64833],[139.41907,35.64858],[139.41904,35.64923],[139.41962,35.65041],[139.41992,35.65058],[139.42146,35.65059],[139.42294,35.64799],[139.42405,35.64772],[139.42516,35.64715],[139.42706,35.64722],[139.42792,35.64664],[139.42847,35.64655],[139.42928,35.64701],[139.42949,35.64768],[139.42929,35.64814],[139.42788,35.64926],[139.42788,35.65083],[139.42817,35.6512],[139.42872,35.65135],[139.43066,35.6508],[139.43175,35.64859],[139.43129,35.64769],[139.43239,35.64567],[139.43345,35.64506],[139.434,35.64412],[139.43539,35.64387],[139.4376,35.64193],[139.43898,35.64201],[139.43967,35.64096],[139.4396,35.64051],[139.43913,35.64005],[139.43747,35.63915],[139.43656,35.63779],[139.43633,35.63666],[139.4357,35.63667]]],[[[139.36465,35.65457],[139.36244,35.65494],[139.36106,35.65436],[139.36023,35.65463],[139.35941,35.65422],[139.35803,35.6543],[139.35707,35.65531],[139.3569,35.65598],[139.35743,35.65666],[139.35829,35.65699],[139.35967,35.65661],[139.36077,35.65699],[139.36188,35.65636],[139.36492,35.65633],[139.3665,35.65512],[139.36669,35.65399],[139.36631,35.65377],[139.36576,35.65386],[139.36465,35.65457]]],[[[139.36339,35.4692],[139.36373,35.47213],[139.36312,35.4737],[139.36267,35.47413],[139.36212,35.47399],[139.3613,35.4729],[139.35911,35.47131],[139.35828,35.47129],[139.35717,35.47201],[139.35607,35.47205],[139.35516,35.47254],[139.35469,35.47329],[139.35386,35.47345],[139.35275,35.47417],[139.3511,35.47458],[139.35026,35.47604],[139.34722,35.4776],[139.34674,35.47859],[139.34473,35.48063],[139.3433,35.48061],[139.34204,35.48173],[139.34199,35.48218],[139.34272,35.48376],[139.34167,35.48511],[139.34249,35.48602],[139.34335,35.48624],[139.34351,35.48647],[139.34317,35.48737],[139.34466,35.49121],[139.34603,35.4926],[139.34796,35.49286],[139.3492,35.4928],[139.34841,35.4946],[139.34646,35.49707],[139.3465,35.49775],[139.34759,35.49888],[139.34685,35.49978],[139.34649,35.50113],[139.3477,35.50451],[139.34706,35.50498],[139.34623,35.50495],[139.34458,35.5027],[139.34377,35.50248],[139.34292,35.50292],[139.34238,35.50365],[139.34154,35.50404],[139.341,35.50494],[139.33917,35.50583],[139.33905,35.50628],[139.33936,35.50718],[139.33906,35.50763],[139.33546,35.50928],[139.33558,35.51032],[139.33444,35.51122],[139.33422,35.51167],[139.33473,35.51393],[139.33445,35.5173],[139.33488,35.51888],[139.3354,35.51915],[139.3365,35.51923],[139.33683,35.51957],[139.33705,35.52092],[139.33675,35.52227],[139.33701,35.5234],[139.33672,35.52452],[139.33818,35.52543],[139.338,35.52678],[139.33749,35.52768],[139.33742,35.52881],[139.33688,35.52971],[139.33693,35.53129],[139.33745,35.53196],[139.33751,35.53331],[139.33668,35.53382],[139.33577,35.53331],[139.33531,35.53259],[139.33449,35.53237],[139.3331,35.53316],[139.33283,35.53306],[139.33229,35.53194],[139.33173,35.53179],[139.33035,35.53239],[139.32952,35.53312],[139.32842,35.53276],[139.32732,35.53273],[139.32649,35.53235],[139.32568,35.53237],[139.32401,35.53332],[139.32262,35.53471],[139.32069,35.53479],[139.32072,35.53527],[139.32215,35.53596],[139.32292,35.53709],[139.32334,35.54047],[139.3224,35.54249],[139.32152,35.54316],[139.32005,35.54383],[139.32065,35.54564],[139.32117,35.54591],[139.32287,35.5461],[139.32337,35.54686],[139.32369,35.5461],[139.32363,35.54498],[139.32421,35.5439],[139.3256,35.54307],[139.32726,35.54153],[139.33005,35.53982],[139.33445,35.53815],[139.33744,35.53625],[139.33971,35.53513],[139.34275,35.53432],[139.34966,35.53047],[139.35221,35.52954],[139.35326,35.52842],[139.35396,35.52843],[139.35409,35.52888],[139.35214,35.5307],[139.34938,35.53174],[139.34247,35.53515],[139.33998,35.53593],[139.33555,35.53865],[139.32975,35.54061],[139.32847,35.54207],[139.32604,35.54409],[139.32499,35.54656],[139.32474,35.54814],[139.32529,35.55084],[139.32553,35.55422],[139.32499,35.55422],[139.32478,35.55399],[139.32522,35.55332],[139.32504,35.55287],[139.32471,35.55282],[139.32441,35.55354],[139.32466,35.55422],[139.32327,35.55782],[139.32357,35.55797],[139.32496,35.55749],[139.32506,35.55783],[139.32329,35.56097],[139.32245,35.56139],[139.32209,35.56119],[139.32329,35.5594],[139.32302,35.55897],[139.32274,35.55899],[139.31915,35.56344],[139.31783,35.56456],[139.31568,35.5686],[139.3155,35.56968],[139.31494,35.57058],[139.31467,35.57054],[139.31465,35.57018],[139.31518,35.5686],[139.31496,35.5683],[139.31191,35.57152],[139.3119,35.57191],[139.31218,35.57214],[139.31411,35.57204],[139.31408,35.57243],[139.31328,35.57271],[139.31217,35.57245],[139.31107,35.57264],[139.30951,35.57444],[139.30802,35.57564],[139.30774,35.5758],[139.30746,35.57552],[139.30711,35.57555],[139.30719,35.57593],[139.30761,35.57601],[139.3075,35.57646],[139.30579,35.57915],[139.30523,35.57964],[139.30564,35.5778],[139.30497,35.57756],[139.30392,35.57802],[139.30345,35.57892],[139.30343,35.57959],[139.30368,35.58004],[139.30454,35.5805],[139.30401,35.58185],[139.30356,35.58233],[139.3019,35.58297],[139.30134,35.5834],[139.29939,35.58695],[139.29856,35.58739],[139.29903,35.58476],[139.2989,35.5843],[139.29831,35.58397],[139.29527,35.58381],[139.29185,35.58517],[139.29172,35.58562],[139.29221,35.58608],[139.29415,35.58684],[139.2958,35.58799],[139.29726,35.58813],[139.29715,35.58835],[139.29662,35.58858],[139.29552,35.58835],[139.29386,35.58908],[139.29248,35.58911],[139.29135,35.58878],[139.29045,35.58765],[139.29001,35.58759],[139.28945,35.58785],[139.28834,35.58929],[139.28751,35.58981],[139.28719,35.59056],[139.28706,35.59146],[139.28757,35.59237],[139.28729,35.59417],[139.28553,35.59645],[139.28471,35.59629],[139.28415,35.59661],[139.2839,35.59798],[139.28324,35.59911],[139.28316,35.60001],[139.28111,35.60113],[139.28117,35.60225],[139.28024,35.60301],[139.27969,35.60326],[139.27859,35.60321],[139.27748,35.60369],[139.27527,35.60382],[139.27388,35.60525],[139.27259,35.60447],[139.27307,35.60357],[139.27252,35.60237],[139.2717,35.60198],[139.27032,35.60228],[139.26943,35.60107],[139.26928,35.60039],[139.27038,35.59905],[139.26982,35.59814],[139.26787,35.59699],[139.26649,35.59782],[139.26511,35.59742],[139.26428,35.59745],[139.26345,35.59807],[139.26261,35.59936],[139.25846,35.60089],[139.25735,35.60261],[139.25596,35.60289],[139.25544,35.60326],[139.25532,35.60371],[139.25568,35.60484],[139.25665,35.60574],[139.25814,35.60665],[139.25909,35.60823],[139.25868,35.60853],[139.25648,35.60846],[139.25588,35.60912],[139.25508,35.61096],[139.25369,35.61151],[139.25276,35.61226],[139.25247,35.61293],[139.25307,35.61406],[139.2529,35.61474],[139.25229,35.61527],[139.25035,35.61599],[139.24972,35.61675],[139.24979,35.6172],[139.25063,35.61833],[139.25033,35.61893],[139.24978,35.6191],[139.24729,35.61907],[139.24509,35.61806],[139.24316,35.61777],[139.24193,35.61829],[139.23964,35.62053],[139.239,35.6208],[139.23845,35.6206],[139.2379,35.61974],[139.23708,35.61925],[139.23625,35.61949],[139.23487,35.61937],[139.23442,35.61961],[139.23404,35.62028],[139.23348,35.62039],[139.23303,35.62005],[139.23309,35.61915],[139.23259,35.61824],[139.23158,35.61801],[139.23075,35.61753],[139.22771,35.6177],[139.22735,35.61799],[139.22737,35.61867],[139.22687,35.61944],[139.22631,35.61966],[139.22494,35.61954],[139.22462,35.61978],[139.22463,35.62113],[139.22506,35.62181],[139.22521,35.62271],[139.22574,35.62308],[139.22684,35.62325],[139.22714,35.62363],[139.22647,35.62475],[139.22647,35.62588],[139.22488,35.62687],[139.22405,35.62704],[139.22362,35.62676],[139.22326,35.62586],[139.22439,35.62496],[139.22415,35.62429],[139.22187,35.62315],[139.21982,35.62291],[139.21933,35.62246],[139.21899,35.62156],[139.22123,35.61909],[139.22328,35.6197],[139.22427,35.61933],[139.22466,35.61866],[139.22449,35.61798],[139.22353,35.61707],[139.22398,35.61572],[139.22322,35.61437],[139.22335,35.61279],[139.22583,35.61053],[139.22666,35.61056],[139.22831,35.61149],[139.22898,35.61124],[139.22967,35.61057],[139.22968,35.61012],[139.22799,35.60763],[139.22779,35.60673],[139.22724,35.60626],[139.22669,35.60612],[139.22448,35.6068],[139.22346,35.60783],[139.22299,35.60941],[139.22225,35.61007],[139.22142,35.6101],[139.21839,35.60941],[139.21479,35.61109],[139.21465,35.61094],[139.21562,35.61027],[139.21802,35.60893],[139.21922,35.6088],[139.22087,35.60922],[139.2217,35.60916],[139.22282,35.60762],[139.22448,35.60604],[139.22452,35.60558],[139.22344,35.604],[139.22197,35.60287],[139.22193,35.60219],[139.22257,35.60107],[139.22248,35.60062],[139.2215,35.60013],[139.22012,35.59987],[139.21848,35.59809],[139.21572,35.59715],[139.21427,35.59472],[139.21414,35.59359],[139.21451,35.59269],[139.21443,35.59179],[139.21329,35.59075],[139.21218,35.59042],[139.21173,35.58975],[139.21082,35.5894],[139.20917,35.58791],[139.20835,35.58762],[139.20752,35.58762],[139.20586,35.58821],[139.20503,35.58827],[139.20145,35.58737],[139.20071,35.58789],[139.20003,35.58968],[139.19828,35.59058],[139.19603,35.59011],[139.19511,35.58876],[139.19455,35.5885],[139.19261,35.5895],[139.19218,35.59054],[139.19133,35.59122],[139.19116,35.59167],[139.19245,35.5937],[139.19173,35.59572],[139.19146,35.59585],[139.19111,35.5955],[139.19108,35.59414],[139.19057,35.59301],[139.18955,35.59222],[139.18845,35.59183],[139.18541,35.59301],[139.18375,35.59318],[139.18209,35.59374],[139.18127,35.59352],[139.18071,35.59363],[139.17955,35.59521],[139.17997,35.59611],[139.18069,35.59658],[139.18152,35.59659],[139.18345,35.59596],[139.18401,35.59636],[139.18316,35.59758],[139.18139,35.59815],[139.18159,35.5995],[139.18037,35.60017],[139.18002,35.60084],[139.18011,35.60242],[139.18053,35.6031],[139.18284,35.60421],[139.18421,35.60518],[139.18641,35.60571],[139.1889,35.605],[139.19014,35.60405],[139.19095,35.60226],[139.19192,35.60181],[139.19251,35.60181],[139.19294,35.60204],[139.19289,35.60249],[139.19162,35.60384],[139.19083,35.60532],[139.18999,35.60609],[139.18999,35.60667],[139.19054,35.60692],[139.19114,35.60654],[139.19138,35.60577],[139.19251,35.60542],[139.19332,35.60407],[139.19435,35.6034],[139.19471,35.60276],[139.19497,35.60295],[139.19494,35.60385],[139.19228,35.60767],[139.19213,35.60835],[139.19328,35.60918],[139.19493,35.60957],[139.19659,35.60957],[139.19796,35.61015],[139.19849,35.61063],[139.19839,35.61131],[139.1971,35.61243],[139.19711,35.61319],[139.19739,35.61338],[139.19877,35.61313],[139.19984,35.6138],[139.19994,35.61425],[139.19926,35.61582],[139.20192,35.61719],[139.20192,35.61764],[139.20131,35.61808],[139.20114,35.61853],[139.20175,35.61938],[139.2023,35.61965],[139.20286,35.61958],[139.20342,35.61876],[139.20369,35.61858],[139.20382,35.61877],[139.20341,35.61959],[139.20222,35.62012],[139.20285,35.62102],[139.20252,35.62192],[139.20264,35.62282],[139.20227,35.6234],[139.20062,35.62363],[139.19896,35.62352],[139.19731,35.62299],[139.19621,35.62291],[139.19399,35.6237],[139.19179,35.62368],[139.19012,35.62426],[139.18902,35.62437],[139.18781,35.62522],[139.18652,35.62574],[139.18432,35.62511],[139.18396,35.62543],[139.18387,35.62701],[139.1832,35.62768],[139.18181,35.6281],[139.18016,35.62735],[139.17906,35.62715],[139.17851,35.62737],[139.17838,35.6281],[139.17864,35.62991],[139.17776,35.6317],[139.17599,35.63147],[139.17378,35.63162],[139.1733,35.63123],[139.17273,35.62987],[139.17144,35.62874],[139.17142,35.62806],[139.17216,35.62702],[139.17493,35.62654],[139.17687,35.62516],[139.17704,35.62471],[139.1766,35.62442],[139.1744,35.62385],[139.17365,35.62334],[139.17405,35.62177],[139.17486,35.62087],[139.17496,35.62042],[139.1747,35.62017],[139.17277,35.61981],[139.17223,35.61938],[139.17138,35.61815],[139.17122,35.61702],[139.17083,35.61634],[139.17089,35.61589],[139.17227,35.61404],[139.17144,35.61361],[139.16924,35.6133],[139.16841,35.61347],[139.16789,35.6143],[139.16674,35.61502],[139.16509,35.61514],[139.16425,35.61601],[139.16287,35.61637],[139.16093,35.61742],[139.15844,35.61783],[139.15776,35.6183],[139.15786,35.61875],[139.15882,35.61921],[139.15947,35.61989],[139.15932,35.62146],[139.1585,35.62258],[139.15661,35.6237],[139.15609,35.62437],[139.15603,35.62618],[139.15653,35.63023],[139.15625,35.63091],[139.15528,35.63191],[139.15473,35.63194],[139.15181,35.63088],[139.15265,35.62886],[139.15281,35.62706],[139.15257,35.62682],[139.14953,35.62666],[139.14897,35.62636],[139.1488,35.62568],[139.14991,35.62501],[139.15029,35.62434],[139.15013,35.62389],[139.14854,35.62208],[139.14764,35.62204],[139.14266,35.62386],[139.13907,35.62408],[139.1389,35.6236],[139.14046,35.6223],[139.14049,35.62181],[139.13992,35.62149],[139.13826,35.622],[139.13603,35.62088],[139.13541,35.61952],[139.13663,35.6184],[139.13609,35.61781],[139.13471,35.61712],[139.13416,35.6172],[139.13277,35.61804],[139.13029,35.61771],[139.13,35.61791],[139.13,35.61903],[139.1289,35.61947],[139.12806,35.62045],[139.12644,35.62105],[139.12558,35.62217],[139.12584,35.62307],[139.12533,35.62375],[139.12389,35.62393],[139.1235,35.62441],[139.12323,35.62599],[139.12385,35.62757],[139.1243,35.63095],[139.12404,35.63208],[139.12353,35.63275],[139.1237,35.6341],[139.12519,35.63636],[139.12526,35.63749],[139.12571,35.63885],[139.12704,35.63998],[139.12719,35.64156],[139.12687,35.64268],[139.12759,35.64287],[139.12842,35.64201],[139.12925,35.64193],[139.13037,35.64315],[139.13117,35.64356],[139.13191,35.64249],[139.13284,35.64177],[139.13643,35.64184],[139.13717,35.64252],[139.13798,35.64433],[139.13956,35.64524],[139.1429,35.64864],[139.14492,35.64998],[139.14527,35.64978],[139.14574,35.64888],[139.14548,35.64775],[139.14577,35.64722],[139.14715,35.64723],[139.14935,35.64781],[139.15074,35.64728],[139.151,35.64665],[139.15077,35.64575],[139.15134,35.64463],[139.15138,35.6435],[139.1516,35.64325],[139.15353,35.64321],[139.15491,35.64385],[139.15711,35.64429],[139.15794,35.64429],[139.15879,35.64399],[139.15918,35.64332],[139.15892,35.64174],[139.15689,35.63993],[139.15799,35.6383],[139.15937,35.63826],[139.16103,35.63852],[139.16258,35.63928],[139.16354,35.64041],[139.16414,35.6429],[139.16485,35.64337],[139.16595,35.64343],[139.16701,35.64269],[139.16646,35.64021],[139.1667,35.63976],[139.16792,35.63947],[139.17039,35.64052],[139.17186,35.64046],[139.17237,35.63979],[139.17227,35.63866],[139.17308,35.63776],[139.17236,35.63646],[139.1743,35.63612],[139.17512,35.63634],[139.17669,35.63778],[139.17656,35.63801],[139.17538,35.63831],[139.17497,35.63913],[139.17509,35.63998],[139.17571,35.64048],[139.17586,35.64093],[139.17551,35.64206],[139.17561,35.64341],[139.17432,35.64588],[139.17412,35.64813],[139.17529,35.64935],[139.17584,35.64953],[139.17722,35.64923],[139.17888,35.64947],[139.18028,35.64862],[139.18358,35.64814],[139.18551,35.64869],[139.18624,35.64978],[139.18637,35.6509],[139.18687,35.6512],[139.18853,35.65122],[139.18991,35.65087],[139.19075,35.64988],[139.19185,35.65048],[139.19267,35.65054],[139.19517,35.64847],[139.19531,35.64735],[139.19495,35.64622],[139.19511,35.64577],[139.196,35.64487],[139.19742,35.64405],[139.19772,35.6442],[139.19807,35.64556],[139.19708,35.64758],[139.19725,35.64871],[139.1978,35.64939],[139.19875,35.65001],[139.19985,35.65038],[139.20068,35.65034],[139.20207,35.64997],[139.20321,35.64919],[139.20487,35.6465],[139.20487,35.64488],[139.20542,35.64486],[139.20707,35.64594],[139.20817,35.64637],[139.21065,35.64632],[139.2118,35.64563],[139.21217,35.64473],[139.21209,35.64315],[139.21151,35.64211],[139.21023,35.64089],[139.2095,35.63863],[139.21099,35.63783],[139.21294,35.63636],[139.21487,35.63587],[139.21542,35.63608],[139.21622,35.63686],[139.2168,35.63699],[139.21763,35.63653],[139.21874,35.63547],[139.22123,35.63536],[139.22262,35.63413],[139.22427,35.63445],[139.22593,35.63433],[139.22813,35.63467],[139.23034,35.63453],[139.232,35.63492],[139.23447,35.63599],[139.23489,35.63651],[139.23474,35.63696],[139.22839,35.63725],[139.22619,35.63661],[139.22481,35.63659],[139.22425,35.63684],[139.22388,35.63735],[139.22176,35.6379],[139.22129,35.63824],[139.22095,35.63914],[139.22221,35.6414],[139.22404,35.64231],[139.22452,35.64299],[139.22456,35.64389],[139.22389,35.64502],[139.22392,35.64569],[139.22501,35.64663],[139.22663,35.64706],[139.2272,35.6481],[139.22803,35.64863],[139.22941,35.64845],[139.23051,35.64873],[139.23189,35.64877],[139.23355,35.64837],[139.23576,35.64829],[139.23797,35.64857],[139.23828,35.64914],[139.23796,35.64956],[139.2363,35.64982],[139.23574,35.65048],[139.23653,35.65139],[139.23931,35.65298],[139.24014,35.65298],[139.24209,35.65164],[139.24319,35.65155],[139.24539,35.65236],[139.24815,35.65277],[139.24925,35.6536],[139.25125,35.65619],[139.25133,35.6589],[139.25212,35.66003],[139.25198,35.66115],[139.25264,35.66183],[139.25283,35.66274],[139.25387,35.66339],[139.25526,35.66284],[139.25553,35.6632],[139.25543,35.66658],[139.25288,35.66837],[139.25263,35.66882],[139.25309,35.66995],[139.25327,35.67175],[139.25269,35.67265],[139.25268,35.6731],[139.25406,35.67446],[139.25543,35.6775],[139.25708,35.67837],[139.25902,35.67769],[139.26095,35.67772],[139.26206,35.67716],[139.2634,35.67811],[139.2662,35.67778],[139.26812,35.67888],[139.27033,35.67896],[139.27309,35.67956],[139.27328,35.67973],[139.2735,35.68356],[139.27382,35.68402],[139.27554,35.68418],[139.27665,35.68385],[139.28078,35.6856],[139.2863,35.68548],[139.2874,35.68705],[139.28957,35.68837],[139.29015,35.68925],[139.29097,35.68949],[139.29208,35.68915],[139.29286,35.68929],[139.29345,35.69013],[139.29573,35.69155],[139.2973,35.69321],[139.29923,35.69361],[139.29971,35.6945],[139.30039,35.69495],[139.30035,35.69563],[139.29921,35.69637],[139.2981,35.69776],[139.29671,35.69859],[139.29422,35.69886],[139.2923,35.69815],[139.2887,35.69926],[139.28817,35.69963],[139.28786,35.70053],[139.28712,35.7012],[139.28664,35.70255],[139.28425,35.70337],[139.28342,35.70327],[139.28164,35.7014],[139.28095,35.70088],[139.2804,35.70078],[139.27918,35.70207],[139.27651,35.7033],[139.27595,35.70487],[139.27457,35.70526],[139.27347,35.70453],[139.27174,35.70158],[139.27227,35.70023],[139.27296,35.70001],[139.27334,35.69956],[139.27319,35.69821],[139.27353,35.69709],[139.27307,35.69663],[139.27077,35.69549],[139.26972,35.69549],[139.26801,35.69496],[139.26607,35.6953],[139.26413,35.69658],[139.26192,35.69588],[139.25999,35.69564],[139.25963,35.69589],[139.25922,35.69724],[139.25878,35.69769],[139.25776,35.69817],[139.25666,35.698],[139.25578,35.69768],[139.25467,35.69677],[139.25457,35.69452],[139.25321,35.69316],[139.25284,35.69185],[139.25174,35.69136],[139.25063,35.69149],[139.2501,35.69179],[139.2492,35.69336],[139.24921,35.69404],[139.24972,35.69494],[139.24801,35.69854],[139.24818,35.69922],[139.24911,35.70035],[139.24901,35.70057],[139.24669,35.70138],[139.24282,35.70159],[139.24199,35.70184],[139.24023,35.70278],[139.23893,35.70462],[139.23848,35.70435],[139.23867,35.70238],[139.23745,35.70142],[139.23766,35.69939],[139.23732,35.69897],[139.23676,35.69888],[139.23538,35.69945],[139.23372,35.6995],[139.23301,35.69982],[139.23274,35.70117],[139.23371,35.70185],[139.23374,35.7023],[139.23314,35.70322],[139.23142,35.70454],[139.22926,35.70532],[139.22649,35.70582],[139.22468,35.70744],[139.22399,35.70769],[139.22288,35.70769],[139.21627,35.70619],[139.21544,35.70619],[139.21405,35.70658],[139.21185,35.70512],[139.2113,35.70505],[139.21019,35.70535],[139.20953,35.70669],[139.20848,35.70736],[139.20836,35.70803],[139.20884,35.70894],[139.21175,35.7121],[139.21168,35.71436],[139.21242,35.71594],[139.21204,35.71642],[139.20927,35.71755],[139.20872,35.71742],[139.20735,35.71614],[139.20617,35.71365],[139.20603,35.71162],[139.20441,35.70779],[139.20349,35.70665],[139.20311,35.70507],[139.20164,35.70418],[139.19998,35.70459],[139.1986,35.7042],[139.19805,35.7043],[139.19717,35.70527],[139.19682,35.70684],[139.1994,35.71272],[139.19936,35.71429],[139.20026,35.71678],[139.20056,35.71836],[139.20042,35.71878],[139.19959,35.7191],[139.19738,35.7188],[139.19517,35.71905],[139.19158,35.718],[139.18771,35.71793],[139.18606,35.71751],[139.18523,35.71767],[139.1844,35.71827],[139.18429,35.71962],[139.18352,35.72029],[139.18235,35.72074],[139.1827,35.72358],[139.18242,35.72381],[139.18131,35.72372],[139.18068,35.72411],[139.18053,35.72456],[139.18073,35.72524],[139.17981,35.72591],[139.17973,35.72636],[139.18014,35.72726],[139.18128,35.72816],[139.18147,35.72907],[139.18245,35.72975],[139.18269,35.7302],[139.18243,35.7311],[139.18149,35.73223],[139.18161,35.73335],[139.18316,35.73382],[139.18539,35.73226],[139.18649,35.73245],[139.18869,35.73437],[139.19042,35.73498],[139.19119,35.73633],[139.19142,35.73814],[139.19298,35.73972],[139.19421,35.74041],[139.19438,35.74198],[139.19271,35.74468],[139.19192,35.74648],[139.19107,35.74756],[139.18936,35.74894],[139.18871,35.75029],[139.18883,35.75125],[139.18993,35.75181],[139.19103,35.75299],[139.19268,35.75287],[139.19379,35.75245],[139.19401,35.75257],[139.19382,35.75392],[139.19284,35.75572],[139.1928,35.75775],[139.1943,35.75829],[139.19706,35.75846],[139.19856,35.75733],[139.19985,35.75561],[139.20262,35.7549],[139.20457,35.75326],[139.20706,35.75292],[139.209,35.75155],[139.2101,35.75321],[139.21278,35.75492],[139.21269,35.75515],[139.21063,35.75573],[139.20969,35.75649],[139.20896,35.75753],[139.20729,35.75819],[139.20627,35.75917],[139.20605,35.75985],[139.20619,35.76052],[139.20803,35.76166],[139.20704,35.76278],[139.20701,35.76391],[139.20337,35.7656],[139.20143,35.76546],[139.19841,35.76357],[139.19757,35.76391],[139.19536,35.76423],[139.19483,35.76452],[139.19479,35.76677],[139.19682,35.76836],[139.19835,35.7704],[139.1953,35.77124],[139.1953,35.77178],[139.19619,35.77309],[139.19584,35.77378],[139.19222,35.7751],[139.19057,35.77524],[139.19004,35.77554],[139.18905,35.77778],[139.18927,35.77846],[139.19013,35.77914],[139.18832,35.77932],[139.18672,35.7798],[139.18507,35.78317],[139.18331,35.7841],[139.18055,35.78363],[139.17917,35.78317],[139.178,35.78246],[139.17795,35.78155],[139.17891,35.78063],[139.18085,35.78014],[139.18196,35.78004],[139.18334,35.78063],[139.18444,35.78057],[139.18589,35.77957],[139.18589,35.77889],[139.18282,35.77631],[139.17999,35.77526],[139.17887,35.77457],[139.17814,35.77336],[139.17704,35.77325],[139.17677,35.77299],[139.17732,35.7725],[139.1787,35.77258],[139.17954,35.77194],[139.18203,35.77193],[139.18344,35.77054],[139.18326,35.77009],[139.18235,35.76986],[139.18218,35.76963],[139.18318,35.76761],[139.18318,35.76716],[139.18262,35.7664],[139.18152,35.7658],[139.1802,35.76579],[139.1793,35.76661],[139.17737,35.76603],[139.17682,35.76616],[139.17622,35.76667],[139.17514,35.76851],[139.17431,35.76893],[139.17395,35.76846],[139.17374,35.76688],[139.17212,35.76574],[139.17129,35.76562],[139.16963,35.76636],[139.16825,35.76574],[139.1677,35.76571],[139.16132,35.76774],[139.16021,35.76884],[139.15716,35.77004],[139.15727,35.76972],[139.15827,35.76902],[139.16077,35.76771],[139.16123,35.76682],[139.1623,35.76637],[139.16304,35.76547],[139.16323,35.7648],[139.16237,35.76389],[139.16212,35.76299],[139.16164,35.76284],[139.15998,35.76318],[139.15526,35.76501],[139.15249,35.76571],[139.15082,35.76683],[139.14889,35.76668],[139.14529,35.76714],[139.14446,35.76753],[139.14334,35.76851],[139.14057,35.7694],[139.13924,35.76917],[139.13873,35.76872],[139.13788,35.76488],[139.13726,35.76398],[139.13262,35.76147],[139.12931,35.76123],[139.12854,35.76145],[139.1282,35.76189],[139.1283,35.76235],[139.12945,35.76325],[139.12936,35.76461],[139.12841,35.76595],[139.12843,35.76657],[139.12898,35.76691],[139.13009,35.76683],[139.13061,35.76709],[139.13193,35.77003],[139.13444,35.77365],[139.134,35.77815],[139.13448,35.77951],[139.1355,35.78045],[139.13812,35.78156],[139.13826,35.78178],[139.1371,35.7829],[139.13648,35.78403],[139.13349,35.78559],[139.13045,35.78826],[139.12969,35.78714],[139.12853,35.78647],[139.12715,35.78623],[139.12557,35.78531],[139.12475,35.78418],[139.12302,35.78406],[139.12081,35.78455],[139.11803,35.78608],[139.11699,35.78707],[139.11607,35.78892],[139.11551,35.789],[139.11469,35.7885],[139.1141,35.78772],[139.11364,35.78592],[139.11283,35.78434],[139.10976,35.78259],[139.10885,35.78138],[139.10892,35.78048],[139.10997,35.77914],[139.11174,35.77799],[139.11368,35.77716],[139.11422,35.77668],[139.11416,35.77533],[139.11462,35.77421],[139.11453,35.77376],[139.11372,35.77314],[139.11206,35.77262],[139.10979,35.7735],[139.10802,35.77507],[139.1065,35.77593],[139.10403,35.77437],[139.10209,35.77427],[139.09989,35.77346],[139.09904,35.77366],[139.09795,35.77501],[139.09585,35.77567],[139.09568,35.77657],[139.0968,35.77912],[139.0979,35.77951],[139.09901,35.77945],[139.1026,35.77994],[139.10327,35.78045],[139.10354,35.78113],[139.10341,35.78186],[139.10219,35.78382],[139.10209,35.7854],[139.10134,35.7872],[139.10058,35.78836],[139.09919,35.78943],[139.09864,35.79056],[139.09723,35.79205],[139.09668,35.79199],[139.09607,35.79145],[139.09595,35.78964],[139.09923,35.78313],[139.09899,35.78245],[139.09815,35.78214],[139.09428,35.78194],[139.09332,35.78242],[139.09066,35.7846],[139.09004,35.78285],[139.08903,35.78202],[139.08497,35.78236],[139.08467,35.78281],[139.08534,35.78372],[139.08505,35.78417],[139.08264,35.78467],[139.08069,35.78625],[139.07931,35.78647],[139.07821,35.78588],[139.07765,35.78612],[139.07727,35.78682],[139.07707,35.78868],[139.07587,35.78974],[139.07512,35.79091],[139.07235,35.79043],[139.07208,35.79023],[139.07217,35.78837],[139.07156,35.78746],[139.07129,35.78588],[139.07074,35.78535],[139.06936,35.78511],[139.0677,35.78539],[139.06659,35.78583],[139.066,35.78653],[139.06489,35.78984],[139.06269,35.78936],[139.06156,35.78965],[139.06073,35.79032],[139.06044,35.79145],[139.0609,35.79235],[139.06145,35.79281],[139.06142,35.79326],[139.06071,35.79355],[139.05988,35.79349],[139.05768,35.79195],[139.05685,35.79178],[139.05679,35.79435],[139.0571,35.79478],[139.05838,35.79504],[139.0593,35.79644],[139.06012,35.79693],[139.06233,35.79701],[139.06509,35.79763],[139.06952,35.79744],[139.07091,35.79715],[139.07142,35.79738],[139.07129,35.79783],[139.07062,35.79849],[139.06868,35.79917],[139.06563,35.799],[139.06343,35.79858],[139.06149,35.79886],[139.05899,35.80013],[139.05851,35.80135],[139.05914,35.80361],[139.0595,35.80403],[139.06088,35.80418],[139.06282,35.80401],[139.06439,35.80477],[139.06401,35.80612],[139.06037,35.80902],[139.05999,35.81056],[139.05915,35.8114],[139.05877,35.81217],[139.05913,35.81352],[139.0604,35.81421],[139.06215,35.81635],[139.0627,35.81665],[139.06353,35.81677],[139.06685,35.81612],[139.06961,35.81673],[139.06818,35.81786],[139.06734,35.81921],[139.06733,35.82011],[139.06787,35.82124],[139.06873,35.82195],[139.07011,35.82241],[139.07261,35.82208],[139.07371,35.82234],[139.07391,35.82263],[139.07262,35.82397],[139.07092,35.82461],[139.06983,35.82553],[139.06982,35.82598],[139.07038,35.82689],[139.07003,35.82824],[139.0706,35.8289],[139.07143,35.82923],[139.07159,35.8296],[139.07114,35.83054],[139.06966,35.83162],[139.06942,35.83206],[139.06958,35.83297],[139.06935,35.83477],[139.06999,35.83549],[139.07132,35.83568],[139.07219,35.83618],[139.07358,35.83635],[139.07542,35.83774],[139.0766,35.8381],[139.07825,35.83914],[139.07914,35.83889],[139.0802,35.83789],[139.08159,35.83757],[139.08245,35.83643],[139.08388,35.83554],[139.08394,35.83463],[139.08306,35.83305],[139.08137,35.83165],[139.07996,35.82988],[139.07939,35.82897],[139.07942,35.82852],[139.08393,35.82457],[139.0862,35.82383],[139.08826,35.82182],[139.08921,35.82151],[139.09008,35.8225],[139.09061,35.82363],[139.09073,35.82566],[139.0912,35.82702],[139.09116,35.82972],[139.09011,35.83197],[139.09076,35.83359],[139.09186,35.83455],[139.09268,35.83494],[139.09572,35.83526],[139.09739,35.8352],[139.10155,35.83418],[139.10214,35.8343],[139.10328,35.83588],[139.10377,35.83971],[139.10366,35.84129],[139.10431,35.84265],[139.1056,35.84423],[139.1061,35.84559],[139.10862,35.84786],[139.11111,35.84802],[139.11221,35.84836],[139.11276,35.84818],[139.11332,35.84765],[139.11345,35.84698],[139.11318,35.84608],[139.11361,35.84599],[139.11515,35.84632],[139.11612,35.84542],[139.11652,35.8443],[139.11629,35.84227],[139.11729,35.84137],[139.11791,35.84025],[139.11785,35.838],[139.11868,35.83685],[139.12064,35.83531],[139.1212,35.83299],[139.12287,35.83205],[139.12486,35.83015],[139.12543,35.82903],[139.12568,35.82716],[139.12596,35.82706],[139.12705,35.82846],[139.12816,35.82907],[139.13064,35.8292],[139.1323,35.82962],[139.13451,35.82961],[139.14012,35.82821],[139.14173,35.82691],[139.14369,35.8244],[139.14379,35.82373],[139.14344,35.82188],[139.14288,35.82169],[139.14122,35.82188],[139.14013,35.82071],[139.13902,35.82045],[139.13847,35.82069],[139.1365,35.82301],[139.13575,35.82345],[139.13457,35.82358],[139.13264,35.82291],[139.13042,35.82295],[139.12814,35.82409],[139.12625,35.82551],[139.12264,35.82655],[139.12154,35.82633],[139.12082,35.82539],[139.12128,35.82394],[139.12038,35.82291],[139.12032,35.82156],[139.11966,35.82005],[139.11911,35.81985],[139.11717,35.82023],[139.11468,35.8197],[139.11428,35.81905],[139.1145,35.81702],[139.11416,35.81658],[139.1136,35.81663],[139.11166,35.81749],[139.11055,35.81754],[139.10895,35.81496],[139.10736,35.81315],[139.10718,35.81202],[139.10882,35.80752],[139.10882,35.80549],[139.10818,35.80474],[139.10735,35.80485],[139.10597,35.80458],[139.10513,35.80479],[139.10458,35.8052],[139.10229,35.80974],[139.10196,35.81086],[139.10093,35.81243],[139.10168,35.81582],[139.10372,35.81853],[139.10404,35.82101],[139.10275,35.82302],[139.10221,35.82261],[139.10149,35.82077],[139.10057,35.82006],[139.09947,35.8196],[139.09781,35.81918],[139.09505,35.81896],[139.09367,35.81851],[139.09256,35.81844],[139.09173,35.81806],[139.09007,35.81878],[139.08951,35.81872],[139.08749,35.81731],[139.0864,35.81685],[139.08612,35.81595],[139.08678,35.81498],[139.08873,35.81425],[139.08991,35.81326],[139.09025,35.81237],[139.09025,35.81056],[139.09092,35.80944],[139.09083,35.80921],[139.08932,35.80921],[139.08658,35.80731],[139.08575,35.80736],[139.08464,35.80781],[139.08408,35.80776],[139.08387,35.80737],[139.08388,35.80602],[139.08494,35.80512],[139.0866,35.80493],[139.08724,35.80446],[139.0869,35.80289],[139.08627,35.80198],[139.08665,35.79972],[139.08748,35.79932],[139.08997,35.79935],[139.09081,35.79846],[139.09248,35.79736],[139.09331,35.79735],[139.09523,35.79877],[139.09772,35.79898],[139.09966,35.7982],[139.10049,35.79818],[139.10157,35.79937],[139.10351,35.80071],[139.10409,35.80028],[139.10371,35.79938],[139.10381,35.79873],[139.10464,35.79834],[139.10572,35.79872],[139.10637,35.8003],[139.10711,35.80087],[139.10905,35.80053],[139.11015,35.80091],[139.11264,35.80086],[139.11363,35.80169],[139.11366,35.80214],[139.1128,35.80304],[139.11406,35.80553],[139.11562,35.80721],[139.1181,35.80924],[139.11892,35.80963],[139.11975,35.80972],[139.12224,35.80932],[139.12363,35.80933],[139.12611,35.81027],[139.12639,35.81011],[139.12615,35.8092],[139.1264,35.80875],[139.12834,35.80783],[139.13062,35.80743],[139.13138,35.80653],[139.13251,35.80591],[139.13331,35.80586],[139.13417,35.80638],[139.13582,35.80673],[139.13638,35.80643],[139.13679,35.80543],[139.1367,35.80408],[139.13613,35.80313],[139.13476,35.80182],[139.13487,35.80001],[139.1338,35.79798],[139.13388,35.79685],[139.13492,35.79483],[139.13496,35.79371],[139.13462,35.79235],[139.13512,35.79182],[139.13763,35.79034],[139.13901,35.78975],[139.14123,35.78949],[139.14262,35.78882],[139.14345,35.78774],[139.14457,35.78723],[139.14488,35.78678],[139.14569,35.78453],[139.14567,35.7834],[139.14657,35.78183],[139.14674,35.78093],[139.14795,35.77983],[139.1485,35.77975],[139.1496,35.78005],[139.151,35.77908],[139.15155,35.77895],[139.15438,35.78007],[139.15485,35.78161],[139.15623,35.78162],[139.1576,35.78255],[139.15886,35.78303],[139.15905,35.78348],[139.15886,35.78393],[139.15759,35.78407],[139.15648,35.78452],[139.15555,35.78549],[139.15543,35.78594],[139.15789,35.78888],[139.15785,35.78933],[139.15726,35.79],[139.15761,35.79091],[139.15722,35.79181],[139.15737,35.79203],[139.15863,35.79242],[139.16027,35.79371],[139.16193,35.79457],[139.16276,35.79464],[139.16331,35.79395],[139.16442,35.79348],[139.16471,35.79208],[139.16529,35.79162],[139.16776,35.79157],[139.16969,35.79242],[139.17024,35.79233],[139.17163,35.79153],[139.17246,35.79166],[139.17331,35.79257],[139.17345,35.79392],[139.17289,35.79527],[139.17273,35.7964],[139.17159,35.79842],[139.17213,35.79873],[139.17277,35.79865],[139.17313,35.7982],[139.17327,35.7973],[139.1738,35.79698],[139.17435,35.79707],[139.17458,35.79776],[139.17446,35.79844],[139.17398,35.79911],[139.17406,35.79948],[139.17438,35.79934],[139.17481,35.79844],[139.17666,35.79732],[139.17658,35.79687],[139.17589,35.79619],[139.17593,35.79574],[139.17884,35.79283],[139.18049,35.79054],[139.18132,35.79011],[139.18243,35.7904],[139.18381,35.79003],[139.18546,35.79124],[139.18679,35.79332],[139.18792,35.7946],[139.18986,35.79465],[139.19097,35.79418],[139.1918,35.79442],[139.19205,35.79493],[139.19203,35.79605],[139.19257,35.79696],[139.19453,35.79821],[139.19701,35.80042],[139.19783,35.80051],[139.1995,35.7997],[139.20005,35.79964],[139.20111,35.80016],[139.20198,35.80103],[139.20253,35.80107],[139.20315,35.80062],[139.20335,35.79927],[139.2045,35.79757],[139.20671,35.79767],[139.20695,35.79748],[139.20701,35.79486],[139.20784,35.79467],[139.2106,35.79487],[139.21237,35.79368],[139.21298,35.79143],[139.21475,35.79031],[139.2143,35.78896],[139.21561,35.78784],[139.21538,35.78739],[139.21441,35.7867],[139.21424,35.78603],[139.21443,35.78535],[139.21483,35.78493],[139.21606,35.78446],[139.21623,35.78356],[139.21678,35.78292],[139.21817,35.78237],[139.21982,35.78253],[139.22049,35.78155],[139.22094,35.78132],[139.22232,35.78106],[139.22348,35.78112],[139.22482,35.78016],[139.2262,35.77988],[139.22676,35.77899],[139.22815,35.77906],[139.22874,35.77822],[139.22954,35.77772],[139.23009,35.77777],[139.23064,35.7785],[139.2323,35.77775],[139.23396,35.77776],[139.23451,35.77799],[139.23583,35.77915],[139.23619,35.78028],[139.23585,35.78118],[139.2364,35.78208],[139.23862,35.78336],[139.23972,35.78425],[139.24224,35.78752],[139.24301,35.78783],[139.24384,35.78786],[139.24532,35.78731],[139.24644,35.78529],[139.24635,35.78505],[139.24473,35.78438],[139.24462,35.78393],[139.24495,35.78303],[139.24666,35.7816],[139.24749,35.78122],[139.24832,35.78121],[139.24997,35.78199],[139.25052,35.78197],[139.25192,35.78075],[139.25358,35.78027],[139.25441,35.78034],[139.25525,35.77926],[139.25635,35.77908],[139.25746,35.77926],[139.25928,35.78107],[139.25993,35.78134],[139.26104,35.78103],[139.26367,35.77951],[139.26492,35.77916],[139.26579,35.77975],[139.26624,35.78043],[139.2674,35.7808],[139.26836,35.78179],[139.26933,35.78182],[139.26997,35.78157],[139.2705,35.7809],[139.26991,35.77999],[139.26997,35.77842],[139.27046,35.77796],[139.27185,35.77748],[139.27268,35.77741],[139.27461,35.77854],[139.27654,35.77891],[139.27736,35.78021],[139.27791,35.7805],[139.27892,35.77981],[139.28076,35.77689],[139.28181,35.77594],[139.28237,35.77584],[139.2832,35.77612],[139.28431,35.7756],[139.28541,35.77599],[139.28707,35.776],[139.28901,35.7755],[139.29011,35.77567],[139.29094,35.77541],[139.29179,35.77491],[139.29203,35.77446],[139.29026,35.77355],[139.29009,35.77265],[139.28917,35.77174],[139.28919,35.77107],[139.29069,35.76995],[139.29302,35.76906],[139.29404,35.76816],[139.2946,35.76672],[139.2957,35.76676],[139.29653,35.76719],[139.29681,35.76705],[139.29745,35.76615],[139.2977,35.76457],[139.29821,35.76428],[139.29931,35.76413],[139.2999,35.76368],[139.30027,35.76301],[139.29999,35.76233],[139.30006,35.76165],[139.30114,35.75963],[139.30095,35.7585],[139.3013,35.75718],[139.30216,35.7567],[139.30296,35.75574],[139.30371,35.75333],[139.3056,35.75221],[139.3068,35.75109],[139.30631,35.74861],[139.30799,35.74782],[139.30855,35.74644],[139.30911,35.7462],[139.3112,35.74683],[139.31002,35.7493],[139.31074,35.74963],[139.31185,35.74939],[139.31273,35.74864],[139.31395,35.74662],[139.3154,35.74504],[139.31707,35.7419],[139.31688,35.7414],[139.31466,35.74186],[139.31329,35.74127],[139.31247,35.73942],[139.31109,35.73855],[139.30944,35.73837],[139.30778,35.73855],[139.30667,35.73825],[139.30632,35.73757],[139.30635,35.73667],[139.3055,35.73576],[139.30393,35.73528],[139.30199,35.73527],[139.30145,35.73381],[139.30035,35.73259],[139.2998,35.73239],[139.29949,35.73326],[139.29841,35.73379],[139.29791,35.73483],[139.29702,35.73561],[139.29645,35.73714],[139.29535,35.7376],[139.29473,35.73842],[139.2934,35.7395],[139.29201,35.73987],[139.29062,35.74088],[139.28842,35.74063],[139.28731,35.74123],[139.28675,35.74127],[139.28565,35.74029],[139.28427,35.74048],[139.28289,35.73983],[139.28123,35.73989],[139.28041,35.73873],[139.27904,35.73815],[139.27846,35.73834],[139.27514,35.74126],[139.27071,35.74344],[139.27015,35.74334],[139.26933,35.74253],[139.26767,35.7424],[139.26685,35.74148],[139.26547,35.74103],[139.26464,35.74125],[139.26354,35.74118],[139.26243,35.74188],[139.26132,35.74156],[139.25911,35.7416],[139.25807,35.74208],[139.25772,35.74291],[139.25716,35.7433],[139.2555,35.74372],[139.25467,35.74372],[139.25371,35.74341],[139.25243,35.74228],[139.25083,35.74007],[139.25055,35.73997],[139.24917,35.74037],[139.24732,35.73932],[139.24616,35.73752],[139.24631,35.73707],[139.24704,35.73639],[139.247,35.73572],[139.24534,35.73547],[139.24395,35.73614],[139.2434,35.73614],[139.2415,35.73524],[139.24137,35.73479],[139.24165,35.73389],[139.24121,35.73344],[139.23955,35.73295],[139.23817,35.73287],[139.23734,35.73305],[139.23481,35.73476],[139.23484,35.73498],[139.23614,35.73566],[139.23616,35.73657],[139.23679,35.73747],[139.23641,35.73882],[139.23563,35.73928],[139.23451,35.73926],[139.23397,35.74045],[139.23175,35.74131],[139.23154,35.74218],[139.23219,35.74308],[139.23182,35.74398],[139.23062,35.74444],[139.22979,35.74437],[139.22785,35.74467],[139.2273,35.74447],[139.22651,35.7435],[139.22566,35.74305],[139.22427,35.74294],[139.22234,35.74332],[139.22124,35.74259],[139.21986,35.74232],[139.21903,35.74153],[139.21765,35.74118],[139.2173,35.74053],[139.21767,35.73921],[139.21835,35.7385],[139.21817,35.73828],[139.21713,35.73778],[139.21519,35.73784],[139.21409,35.73733],[139.2139,35.736],[139.21316,35.73465],[139.21373,35.73352],[139.21322,35.73217],[139.21365,35.73059],[139.21302,35.72946],[139.2128,35.72833],[139.21198,35.72743],[139.21189,35.72698],[139.21262,35.72563],[139.21474,35.7244],[139.21585,35.72425],[139.21806,35.72472],[139.21889,35.72459],[139.21988,35.72409],[139.2202,35.72274],[139.22139,35.72212],[139.22388,35.72207],[139.22526,35.72285],[139.22657,35.723],[139.22618,35.72052],[139.22666,35.71977],[139.22722,35.71956],[139.22943,35.71952],[139.23026,35.71907],[139.23219,35.71895],[139.23272,35.7192],[139.23439,35.72112],[139.23656,35.7226],[139.237,35.7235],[139.2397,35.72419],[139.24001,35.72509],[139.23953,35.72644],[139.23987,35.72687],[139.2407,35.72697],[139.24264,35.72624],[139.24374,35.72651],[139.24632,35.72625],[139.24663,35.7258],[139.24654,35.7249],[139.24795,35.72378],[139.24761,35.7231],[139.2478,35.72265],[139.24933,35.72221],[139.25041,35.72122],[139.25179,35.72156],[139.25235,35.72142],[139.25287,35.7202],[139.25402,35.71905],[139.2568,35.71734],[139.25746,35.71752],[139.25833,35.71842],[139.25852,35.72022],[139.25694,35.7227],[139.25731,35.72307],[139.25814,35.72322],[139.26201,35.72257],[139.26276,35.72227],[139.26296,35.72182],[139.26225,35.72114],[139.26157,35.71956],[139.26397,35.71844],[139.26509,35.71739],[139.26675,35.71666],[139.26744,35.71666],[139.26813,35.71709],[139.26951,35.71721],[139.27171,35.71856],[139.27309,35.71897],[139.27585,35.71902],[139.27973,35.71786],[139.28236,35.71628],[139.28362,35.71464],[139.28445,35.71444],[139.28486,35.71471],[139.28475,35.71539],[139.28532,35.71652],[139.2872,35.71668],[139.28803,35.71641],[139.28968,35.71669],[139.29106,35.71714],[139.29299,35.7182],[139.29465,35.71829],[139.29575,35.71871],[139.29796,35.71885],[139.29962,35.71814],[139.30903,35.71605],[139.31299,35.71416],[139.3154,35.71374],[139.3176,35.71497],[139.31898,35.71489],[139.31949,35.71509],[139.32043,35.71645],[139.31985,35.71802],[139.32007,35.71854],[139.32043,35.71848],[139.32327,35.71556],[139.32335,35.71601],[139.32222,35.71736],[139.32222,35.71781],[139.32256,35.71816],[139.32393,35.71861],[139.32632,35.72008],[139.32614,35.7212],[139.32519,35.72188],[139.3248,35.72255],[139.32565,35.72413],[139.32557,35.72571],[139.3263,35.72639],[139.32692,35.7265],[139.32778,35.72572],[139.3274,35.72414],[139.3281,35.72121],[139.32779,35.72059],[139.32673,35.72008],[139.32667,35.71985],[139.32846,35.71851],[139.32893,35.71739],[139.32995,35.71626],[139.33059,35.71497],[139.33037,35.71626],[139.33086,35.7165],[139.33142,35.71627],[139.33281,35.71366],[139.33418,35.71245],[139.33504,35.71067],[139.33642,35.70998],[139.33652,35.70908],[139.33708,35.70795],[139.33923,35.70706],[139.34114,35.70685],[139.34583,35.7078],[139.34613,35.70754],[139.34634,35.70596],[139.34778,35.70528],[139.34862,35.70386],[139.34917,35.70372],[139.35055,35.70402],[139.35111,35.70279],[139.3536,35.70187],[139.35415,35.70186],[139.35498,35.70229],[139.35553,35.70191],[139.35636,35.70182],[139.3567,35.7015],[139.35677,35.7006],[139.3572,35.70002],[139.35997,35.70005],[139.36079,35.70045],[139.3619,35.70022],[139.36328,35.70077],[139.3641,35.70079],[139.36498,35.69928],[139.36688,35.69892],[139.36799,35.69832],[139.36937,35.6983],[139.37114,35.6975],[139.37108,35.69615],[139.37216,35.69525],[139.37233,35.6948],[139.37215,35.69456],[139.37132,35.6944],[139.36884,35.69466],[139.36635,35.69437],[139.36303,35.69506],[139.36196,35.69499],[139.36295,35.69386],[139.36161,35.69318],[139.36084,35.6922],[139.36029,35.69199],[139.35974,35.69206],[139.35914,35.69272],[139.35991,35.6934],[139.3589,35.69397],[139.35872,35.6943],[139.35973,35.6952],[139.35921,35.69565],[139.35806,35.69575],[139.3564,35.69553],[139.35281,35.69604],[139.34617,35.69758],[139.34183,35.69941],[139.34024,35.70076],[139.33795,35.70345],[139.33446,35.70659],[139.33393,35.70749],[139.33385,35.70884],[139.33255,35.71059],[139.33275,35.70929],[139.33228,35.70889],[139.33168,35.70906],[139.33079,35.70973],[139.33032,35.71086],[139.32841,35.71085],[139.33008,35.70873],[139.33257,35.70715],[139.33575,35.70412],[139.3398,35.69915],[139.34332,35.69761],[139.34357,35.69739],[139.3432,35.69694],[139.34341,35.69677],[139.34617,35.69677],[139.34949,35.69559],[139.35337,35.69476],[139.35419,35.69494],[139.35668,35.69454],[139.35746,35.69407],[139.35697,35.69339],[139.35753,35.69271],[139.35667,35.69181],[139.35737,35.69091],[139.35726,35.69046],[139.35533,35.6905],[139.35422,35.69026],[139.35355,35.68999],[139.35327,35.68932],[139.35425,35.6864],[139.35583,35.68392],[139.35756,35.68302],[139.3577,35.68257],[139.35701,35.68167],[139.35677,35.68069],[139.35543,35.67919],[139.35512,35.67832],[139.35435,35.67805],[139.35375,35.67739],[139.35126,35.67601],[139.35092,35.67511],[139.35101,35.67421],[139.35049,35.67331],[139.35073,35.67263],[139.35051,35.67218],[139.34936,35.67167],[139.34827,35.67052],[139.34524,35.66831],[139.34413,35.66933],[139.34271,35.66922],[139.3424,35.66967],[139.34249,35.67057],[139.34164,35.67083],[139.34108,35.67068],[139.33944,35.66944],[139.3375,35.6695],[139.33585,35.66848],[139.33484,35.66738],[139.33255,35.66701],[139.3318,35.6667],[139.33142,35.66624],[139.32924,35.66536],[139.3276,35.66349],[139.32622,35.66281],[139.32577,35.66307],[139.32566,35.66403],[139.32345,35.66553],[139.32316,35.66621],[139.32178,35.66691],[139.32067,35.66672],[139.32009,35.66732],[139.31791,35.66799],[139.31751,35.66889],[139.31651,35.67],[139.31486,35.66941],[139.31376,35.66839],[139.31072,35.66904],[139.30907,35.668],[139.30658,35.6677],[139.30311,35.66612],[139.30273,35.66546],[139.30188,35.66476],[139.30192,35.66283],[139.30137,35.66272],[139.30026,35.66294],[139.29971,35.66279],[139.29926,35.66227],[139.29915,35.6616],[139.29722,35.65979],[139.29693,35.65866],[139.29772,35.65731],[139.29729,35.65641],[139.29781,35.65573],[139.29722,35.6537],[139.29735,35.65145],[139.29703,35.65103],[139.29483,35.65058],[139.29347,35.65143],[139.29297,35.65233],[139.29205,35.65291],[139.28984,35.65338],[139.28763,35.65319],[139.28569,35.65385],[139.2846,35.65319],[139.28369,35.65094],[139.28323,35.65042],[139.28157,35.65077],[139.27964,35.65002],[139.27946,35.65047],[139.27995,35.65182],[139.27907,35.65284],[139.2787,35.65384],[139.27768,35.65457],[139.27575,35.65426],[139.27527,35.6536],[139.27555,35.6527],[139.27472,35.65202],[139.27484,35.65135],[139.27467,35.65112],[139.27313,35.65066],[139.27281,35.64931],[139.26999,35.64913],[139.26954,35.64884],[139.26982,35.64749],[139.26909,35.64546],[139.26892,35.64353],[139.26865,35.64333],[139.26754,35.64356],[139.26699,35.64347],[139.26442,35.64161],[139.26407,35.64071],[139.26536,35.63985],[139.26547,35.63936],[139.26516,35.63891],[139.26371,35.6387],[139.26179,35.63784],[139.26097,35.63634],[139.25959,35.63605],[139.25935,35.6364],[139.25968,35.63776],[139.25875,35.63827],[139.25819,35.6393],[139.25598,35.63965],[139.25459,35.64028],[139.25321,35.64018],[139.25258,35.63907],[139.25341,35.63727],[139.25327,35.63615],[139.25273,35.63524],[139.2515,35.63434],[139.25001,35.63253],[139.24913,35.63211],[139.24775,35.63205],[139.2462,35.63116],[139.24419,35.62867],[139.24429,35.62822],[139.24509,35.62732],[139.24606,35.62462],[139.24781,35.62444],[139.24947,35.62311],[139.2514,35.62366],[139.25263,35.6251],[139.2547,35.62521],[139.25553,35.62491],[139.25692,35.62392],[139.25802,35.62392],[139.25967,35.62464],[139.25987,35.62424],[139.25892,35.6231],[139.26024,35.62274],[139.26151,35.62154],[139.26246,35.62107],[139.26384,35.62088],[139.26659,35.62177],[139.26798,35.6211],[139.26936,35.62111],[139.27046,35.62087],[139.27101,35.62112],[139.27131,35.62159],[139.27146,35.62361],[139.27236,35.62518],[139.27264,35.62528],[139.27375,35.62469],[139.27459,35.62498],[139.275,35.62566],[139.27512,35.62701],[139.27701,35.62837],[139.27704,35.6295],[139.27784,35.6309],[139.28005,35.63075],[139.28225,35.63174],[139.28281,35.63168],[139.28364,35.63118],[139.28474,35.63152],[139.28502,35.63145],[139.28558,35.63056],[139.28613,35.6305],[139.28861,35.63098],[139.28944,35.63025],[139.29055,35.63001],[139.29193,35.62905],[139.29249,35.62894],[139.29359,35.62916],[139.2947,35.62872],[139.29525,35.62905],[139.29574,35.63049],[139.29689,35.63133],[139.29716,35.63137],[139.29772,35.63088],[139.29827,35.63075],[139.30047,35.63185],[139.30213,35.63175],[139.3035,35.6323],[139.3046,35.63306],[139.30599,35.63239],[139.30737,35.63209],[139.3082,35.63215],[139.30902,35.63277],[139.30951,35.6328],[139.31076,35.63055],[139.31125,35.63028],[139.31262,35.63057],[139.31335,35.63146],[139.31455,35.63219],[139.31593,35.63223],[139.31689,35.6317],[139.31691,35.63013],[139.31652,35.62877],[139.31736,35.62585],[139.31811,35.62495],[139.31822,35.62405],[139.32096,35.62203],[139.32255,35.61979],[139.32374,35.61948],[139.32457,35.61895],[139.32567,35.61877],[139.32816,35.61755],[139.32891,35.61778],[139.33036,35.6193],[139.33201,35.61954],[139.33233,35.61938],[139.33255,35.6187],[139.3323,35.61823],[139.33147,35.61774],[139.33037,35.61756],[139.32845,35.61628],[139.32762,35.61613],[139.32458,35.61642],[139.32064,35.61482],[139.32009,35.61414],[139.32001,35.61347],[139.31895,35.61301],[139.31894,35.61188],[139.31744,35.61114],[139.31634,35.61087],[139.31602,35.61052],[139.3161,35.61007],[139.31709,35.60917],[139.3173,35.6085],[139.31698,35.60714],[139.31617,35.60624],[139.31611,35.60556],[139.31742,35.60512],[139.31777,35.60422],[139.31727,35.60331],[139.32009,35.6013],[139.32056,35.6004],[139.32135,35.59973],[139.3215,35.59882],[139.32183,35.59838],[139.32526,35.59617],[139.32658,35.59614],[139.32643,35.59569],[139.32565,35.59501],[139.32558,35.59456],[139.32758,35.59277],[139.32881,35.5921],[139.32943,35.59148],[139.33037,35.5912],[139.33065,35.59075],[139.33064,35.58985],[139.33176,35.58783],[139.33258,35.58738],[139.33332,35.58655],[139.33443,35.58663],[139.33526,35.58563],[139.33636,35.58571],[139.33727,35.58492],[139.33748,35.58312],[139.33877,35.58177],[139.33805,35.58109],[139.33813,35.57974],[139.33887,35.57907],[139.33944,35.57807],[139.34077,35.57772],[139.3408,35.57727],[139.34028,35.57676],[139.34011,35.57614],[139.34104,35.57547],[139.34112,35.57501],[139.3419,35.57435],[139.3418,35.57322],[139.34226,35.57232],[139.34357,35.57165],[139.34446,35.57044],[139.34639,35.56936],[139.34723,35.56796],[139.34937,35.56762],[139.34944,35.56676],[139.34972,35.56646],[139.3511,35.56646],[139.35337,35.56583],[139.35331,35.5655],[139.35067,35.56469],[139.35001,35.56413],[139.34984,35.56289],[139.3489,35.56153],[139.3482,35.55792],[139.34694,35.55566],[139.34746,35.55499],[139.34913,35.5541],[139.34967,35.5532],[139.3498,35.5523],[139.34905,35.55071],[139.34989,35.54959],[139.3499,35.54892],[139.34847,35.54823],[139.34792,35.5471],[139.34846,35.54671],[139.35012,35.54646],[139.35039,35.54621],[139.35058,35.54419],[139.35102,35.54306],[139.35208,35.54169],[139.35346,35.54113],[139.35391,35.53992],[139.35496,35.53947],[139.355,35.53744],[139.35388,35.53654],[139.35369,35.53609],[139.35387,35.53564],[139.35487,35.53531],[139.35652,35.53546],[139.35763,35.53468],[139.35901,35.53459],[139.36012,35.53369],[139.36122,35.53365],[139.36205,35.53306],[139.36323,35.53274],[139.36333,35.53207],[139.36255,35.53116],[139.36232,35.53004],[139.36062,35.52913],[139.36021,35.52687],[139.36062,35.52575],[139.36249,35.5244],[139.36293,35.52345],[139.36404,35.52342],[139.36454,35.52306],[139.36543,35.52009],[139.36654,35.51928],[139.36819,35.51946],[139.36902,35.51928],[139.37482,35.51718],[139.37575,35.51657],[139.37694,35.51477],[139.37705,35.51206],[139.37642,35.5071],[139.37671,35.50643],[139.37816,35.50486],[139.37772,35.50395],[139.37772,35.5026],[139.37827,35.50148],[139.37808,35.49945],[139.37777,35.49877],[139.37604,35.49764],[139.37617,35.49606],[139.37569,35.49426],[139.37314,35.49199],[139.37341,35.49064],[139.37321,35.48906],[139.37538,35.48592],[139.37709,35.4848],[139.37907,35.48278],[139.37732,35.48097],[139.37699,35.47916],[139.37754,35.47826],[139.37856,35.47399],[139.38031,35.47264],[139.38085,35.47107],[139.38063,35.47016],[139.38123,35.46926],[139.36339,35.4692]],[[139.26235,35.64678],[139.26224,35.64791],[139.26171,35.64795],[139.2609,35.64745],[139.26078,35.647],[139.26145,35.64655],[139.262,35.64648],[139.26235,35.64678]],[[139.27453,35.67906],[139.27349,35.67928],[139.27339,35.67861],[139.27365,35.67813],[139.27393,35.67805],[139.27448,35.67836],[139.27453,35.67906]],[[139.30614,35.6943],[139.30609,35.69453],[139.30613,35.6943],[139.30614,35.6943]],[[139.31074,35.70758],[139.31113,35.7092],[139.31086,35.70987],[139.30919,35.71167],[139.30823,35.71204],[139.30765,35.71144],[139.30726,35.70986],[139.30796,35.70851],[139.30875,35.70783],[139.31019,35.70716],[139.31074,35.70758]],[[139.31195,35.69219],[139.31399,35.69276],[139.31274,35.69433],[139.3128,35.69501],[139.31335,35.69569],[139.31371,35.69704],[139.31302,35.69743],[139.31266,35.69726],[139.31248,35.69591],[139.31055,35.69515],[139.3103,35.69477],[139.31081,35.69297],[139.31135,35.6923],[139.31195,35.69219]],[[139.32784,35.7113],[139.3273,35.71149],[139.32721,35.71129],[139.32757,35.71118],[139.32784,35.7113]],[[139.33116,35.71379],[139.33106,35.71356],[139.33115,35.71347],[139.33121,35.71356],[139.33116,35.71379]],[[139.21666,35.76289],[139.21792,35.76396],[139.218,35.76487],[139.21857,35.76532],[139.2194,35.76534],[139.22079,35.76464],[139.2214,35.76488],[139.22133,35.76601],[139.2191,35.76852],[139.21883,35.76847],[139.21762,35.76689],[139.21738,35.76531],[139.21692,35.76503],[139.21581,35.76485],[139.21521,35.7644],[139.21535,35.76373],[139.2161,35.76299],[139.21666,35.76289]],[[139.23408,35.76231],[139.23438,35.7627],[139.23425,35.76292],[139.23324,35.76357],[139.23265,35.76449],[139.2329,35.76607],[139.23221,35.76787],[139.23043,35.76949],[139.22877,35.76985],[139.22722,35.76919],[139.22688,35.76852],[139.22768,35.7676],[139.22824,35.76733],[139.23045,35.76698],[139.23111,35.76651],[139.23128,35.76583],[139.23057,35.7638],[139.23148,35.76246],[139.23215,35.76198],[139.23298,35.76175],[139.23408,35.76231]],[[139.24513,35.76327],[139.24568,35.76335],[139.24601,35.76365],[139.2454,35.76424],[139.24485,35.76417],[139.24405,35.76364],[139.24375,35.76261],[139.24403,35.7625],[139.24513,35.76327]],[[139.25577,35.75717],[139.25624,35.75671],[139.25674,35.75695],[139.25596,35.75734],[139.25577,35.75717]],[[139.2626,35.75627],[139.26536,35.75627],[139.26552,35.75654],[139.26568,35.75834],[139.26549,35.75856],[139.26147,35.75892],[139.26009,35.75945],[139.25916,35.75921],[139.25916,35.75876],[139.25972,35.75786],[139.26121,35.75693],[139.2626,35.75627]],[[139.26756,35.75888],[139.26786,35.75903],[139.26783,35.75942],[139.26739,35.75925],[139.26732,35.75902],[139.26756,35.75888]],[[139.27013,35.74699],[139.27372,35.74795],[139.27439,35.75027],[139.27428,35.75072],[139.27342,35.75103],[139.27176,35.75082],[139.269,35.75092],[139.26886,35.75002],[139.26957,35.7472],[139.27013,35.74699]],[[139.29765,35.76322],[139.29689,35.76479],[139.29654,35.76518],[139.29627,35.76507],[139.29646,35.76321],[139.29712,35.76186],[139.29739,35.76196],[139.29765,35.76322]],[[139.11132,35.82388],[139.11062,35.82601],[139.11115,35.82782],[139.11101,35.8284],[139.11047,35.82916],[139.10989,35.82954],[139.10795,35.82968],[139.10871,35.82645],[139.10946,35.82488],[139.11021,35.82418],[139.11132,35.82388]],[[139.11168,35.84564],[139.11139,35.84539],[139.11157,35.84517],[139.11232,35.8454],[139.11232,35.84562],[139.11168,35.84564]],[[139.08833,35.78757],[139.08749,35.78959],[139.08865,35.79185],[139.08845,35.7923],[139.08588,35.79328],[139.08271,35.79249],[139.08249,35.79204],[139.08328,35.78934],[139.08538,35.788],[139.08815,35.78731],[139.08833,35.78757]],[[139.10695,35.78767],[139.10757,35.78949],[139.10913,35.79153],[139.10912,35.79193],[139.10746,35.79195],[139.10525,35.79245],[139.10592,35.79038],[139.10612,35.78762],[139.1064,35.78749],[139.10695,35.78767]],[[139.12728,35.80314],[139.12873,35.80516],[139.12863,35.8066],[139.12476,35.80586],[139.12442,35.80559],[139.12536,35.80379],[139.12728,35.80314]],[[139.16479,35.78348],[139.16478,35.7836],[139.16449,35.78351],[139.16479,35.78348]],[[139.16829,35.77339],[139.16706,35.77568],[139.16651,35.7758],[139.16589,35.77563],[139.16572,35.77518],[139.16682,35.77316],[139.16736,35.77287],[139.16798,35.77294],[139.16829,35.77339]],[[139.19391,35.78209],[139.19319,35.78389],[139.19248,35.78456],[139.19132,35.78507],[139.19077,35.78505],[139.19034,35.78478],[139.19175,35.78366],[139.19151,35.78185],[139.19245,35.78189],[139.19356,35.7816],[139.19391,35.78209]],[[139.2,35.77129],[139.19945,35.77115],[139.1991,35.77085],[139.20017,35.77086],[139.20034,35.77108],[139.2,35.77129]],[[139.21356,35.76552],[139.21368,35.76597],[139.21303,35.768],[139.21172,35.76957],[139.21152,35.77024],[139.21173,35.77092],[139.21106,35.77121],[139.21023,35.77113],[139.20941,35.77051],[139.20877,35.76955],[139.20878,35.7682],[139.20908,35.7673],[139.20944,35.76698],[139.2111,35.76693],[139.21103,35.76573],[139.21166,35.76508],[139.21305,35.76521],[139.21356,35.76552]],[[139.19963,35.74907],[139.19851,35.75002],[139.19768,35.74993],[139.19738,35.74966],[139.19761,35.74899],[139.19852,35.74852],[139.19959,35.74855],[139.19963,35.74907]],[[139.2409,35.7136],[139.24143,35.71496],[139.2428,35.71677],[139.2426,35.71744],[139.24187,35.71774],[139.24105,35.71753],[139.24027,35.7163],[139.23952,35.71563],[139.23757,35.71471],[139.23831,35.71356],[139.23942,35.71299],[139.24025,35.71294],[139.2409,35.7136]],[[139.24691,35.70948],[139.24994,35.71076],[139.25194,35.71118],[139.25205,35.71163],[139.25148,35.71298],[139.25157,35.71437],[139.25102,35.71439],[139.24744,35.71184],[139.24644,35.7098],[139.24691,35.70948]],[[139.25239,35.71749],[139.25238,35.71688],[139.25266,35.71676],[139.25293,35.71754],[139.25265,35.71771],[139.25239,35.71749]],[[139.29836,35.69982],[139.30028,35.70149],[139.30001,35.7019],[139.29918,35.70204],[139.29796,35.7017],[139.29721,35.70057],[139.29753,35.70006],[139.29836,35.69982]],[[139.13596,35.63255],[139.13758,35.63396],[139.13759,35.63463],[139.13626,35.63598],[139.1351,35.63657],[139.13442,35.63664],[139.13428,35.63642],[139.13493,35.63507],[139.13513,35.63304],[139.13559,35.63259],[139.13596,35.63255]],[[139.18314,35.63475],[139.18537,35.6358],[139.18599,35.63806],[139.18504,35.63845],[139.18367,35.63791],[139.18329,35.63804],[139.18279,35.63872],[139.182,35.63887],[139.18161,35.63849],[139.18138,35.63758],[139.18258,35.63524],[139.18314,35.63475]],[[139.19938,35.62957],[139.19951,35.63182],[139.19917,35.63215],[139.19558,35.63223],[139.19253,35.63366],[139.19005,35.63338],[139.18981,35.63312],[139.19006,35.63288],[139.19199,35.63248],[139.19282,35.6321],[139.19532,35.62976],[139.19753,35.62986],[139.19919,35.62939],[139.19938,35.62957]],[[139.20433,35.6172],[139.2037,35.61805],[139.20342,35.61788],[139.20339,35.61742],[139.20426,35.61685],[139.20433,35.6172]],[[139.20705,35.61609],[139.20564,35.61659],[139.20481,35.61667],[139.20465,35.61652],[139.20537,35.616],[139.20758,35.61534],[139.20803,35.61542],[139.20705,35.61609]],[[139.21024,35.62801],[139.21493,35.6292],[139.21625,35.6301],[139.21621,35.63078],[139.21546,35.63111],[139.21381,35.63069],[139.21188,35.63061],[139.21023,35.62969],[139.2082,35.62894],[139.20818,35.62826],[139.20859,35.62756],[139.20914,35.62754],[139.21024,35.62801]],[[139.21114,35.60822],[139.21106,35.60867],[139.21039,35.60897],[139.20929,35.60898],[139.20878,35.60866],[139.20918,35.60798],[139.20985,35.60765],[139.21068,35.60773],[139.21114,35.60822]],[[139.21355,35.61184],[139.21118,35.61367],[139.21063,35.61392],[139.21024,35.61385],[139.21174,35.61246],[139.2134,35.61169],[139.21355,35.61184]],[[139.21368,35.61158],[139.21368,35.61167],[139.21357,35.61161],[139.21368,35.61158]],[[139.21451,35.61111],[139.21462,35.61117],[139.21445,35.61117],[139.21451,35.61111]],[[139.24308,35.62875],[139.24286,35.62911],[139.2417,35.62953],[139.24115,35.6294],[139.24066,35.62888],[139.24088,35.6286],[139.2417,35.62836],[139.24308,35.62875]],[[139.25803,35.62263],[139.25803,35.62291],[139.25692,35.62294],[139.25618,35.62242],[139.25638,35.62213],[139.25721,35.62202],[139.25803,35.62263]],[[139.26836,35.60332],[139.2692,35.60442],[139.27002,35.60472],[139.27278,35.60501],[139.27365,35.60605],[139.27514,35.60651],[139.27538,35.60741],[139.27513,35.60876],[139.27413,35.60897],[139.27276,35.60844],[139.27166,35.60768],[139.27055,35.6083],[139.26818,35.60715],[139.2681,35.6067],[139.26946,35.60635],[139.26964,35.60603],[139.26892,35.60491],[139.26809,35.60487],[139.26754,35.60454],[139.26696,35.60354],[139.26728,35.60312],[139.26783,35.60304],[139.26836,35.60332]],[[139.2957,35.60975],[139.29629,35.60953],[139.29632,35.60976],[139.29593,35.60994],[139.2957,35.60975]],[[139.29722,35.59016],[139.29661,35.59064],[139.2964,35.59015],[139.29689,35.58976],[139.29722,35.59016]],[[139.34346,35.5082],[139.34333,35.50765],[139.34374,35.50743],[139.34404,35.50788],[139.34373,35.50822],[139.34346,35.5082]],[[139.24588,35.77433],[139.24592,35.77447],[139.24588,35.77453],[139.24577,35.77447],[139.24588,35.77433]],[[139.26466,35.76239],[139.26421,35.76268],[139.26338,35.76269],[139.26306,35.76261],[139.26288,35.76216],[139.26339,35.76186],[139.26449,35.76216],[139.26466,35.76239]],[[139.10807,35.79873],[139.10823,35.79847],[139.10858,35.79851],[139.10831,35.79896],[139.10807,35.79873]],[[139.20022,35.77942],[139.19938,35.78056],[139.19854,35.7808],[139.19792,35.78053],[139.19766,35.78008],[139.19781,35.77986],[139.19994,35.7791],[139.20022,35.77942]]],[[[139.39767,35.66718],[139.39799,35.66784],[139.39936,35.66848],[139.40019,35.66866],[139.40067,35.66854],[139.4007,35.66832],[139.39855,35.66572],[139.3978,35.66628],[139.39767,35.66718]]],[[[139.37739,35.67454],[139.37659,35.67656],[139.37695,35.67759],[139.38025,35.6759],[139.38004,35.67545],[139.37834,35.67429],[139.37739,35.67454]]],[[[139.38086,35.68357],[139.38133,35.68382],[139.38233,35.68312],[139.38233,35.68244],[139.38189,35.68203],[139.38134,35.68231],[139.38086,35.68357]]],[[[139.38352,35.68783],[139.38158,35.68788],[139.38075,35.6889],[139.37925,35.68964],[139.37899,35.69167],[139.37734,35.69279],[139.37879,35.69284],[139.37934,35.69334],[139.38045,35.69337],[139.3811,35.69326],[139.38238,35.69256],[139.38321,35.69318],[139.38376,35.69328],[139.38487,35.69178],[139.38763,35.69221],[139.38875,35.69109],[139.39013,35.69131],[139.39123,35.69116],[139.39233,35.69171],[139.39289,35.69174],[139.3951,35.69079],[139.39544,35.69038],[139.39427,35.68902],[139.39483,35.68812],[139.39484,35.68763],[139.39429,35.68736],[139.39236,35.68758],[139.39014,35.68852],[139.38654,35.69073],[139.38488,35.69141],[139.38322,35.69163],[139.38156,35.69235],[139.38142,35.69213],[139.38174,35.69191],[139.38654,35.68972],[139.38796,35.68855],[139.38784,35.6881],[139.38656,35.68672],[139.38546,35.68633],[139.38415,35.68651],[139.38352,35.68783]]],[[[139.3647,35.69414],[139.36475,35.69387],[139.36429,35.69364],[139.36376,35.69364],[139.36353,35.69386],[139.36414,35.69415],[139.3647,35.69414]]],[[[139.39944,35.70613],[139.39938,35.71428],[139.39911,35.71488],[139.39856,35.7151],[139.39745,35.71509],[139.39635,35.71446],[139.39276,35.71533],[139.39027,35.71493],[139.38972,35.71515],[139.38936,35.7156],[139.38975,35.71672],[139.38935,35.71762],[139.3897,35.71782],[139.39081,35.71742],[139.39164,35.71785],[139.39274,35.71774],[139.39384,35.71827],[139.39507,35.71809],[139.39633,35.71901],[139.39743,35.71906],[139.39826,35.71949],[139.39936,35.71955],[139.40102,35.72022],[139.40517,35.71977],[139.40558,35.71903],[139.40557,35.71002],[139.40522,35.70971],[139.40439,35.70963],[139.40387,35.70934],[139.40367,35.70708],[139.40301,35.70641],[139.40082,35.70646],[139.39971,35.70602],[139.39944,35.70613]]],[[[139.35765,35.71797],[139.35762,35.71976],[139.35819,35.72005],[139.35929,35.72001],[139.35992,35.71954],[139.3596,35.71841],[139.35903,35.71791],[139.35765,35.71797]]],[[[139.31775,35.73489],[139.31492,35.73535],[139.31506,35.73625],[139.31469,35.73715],[139.31497,35.73747],[139.3158,35.73771],[139.31774,35.73715],[139.31811,35.73672],[139.31841,35.73559],[139.31827,35.73514],[139.31775,35.73489]]],[[[139.22705,35.74082],[139.22667,35.74102],[139.22673,35.74125],[139.22733,35.74136],[139.22748,35.74103],[139.22705,35.74082]]],[[[139.33934,35.74943],[139.34005,35.74958],[139.34042,35.74943],[139.34062,35.74898],[139.34033,35.74837],[139.33978,35.74825],[139.33918,35.74852],[139.33898,35.74897],[139.33934,35.74943]]],[[[139.33529,35.74806],[139.33442,35.75211],[139.3345,35.75296],[139.33588,35.752],[139.33701,35.75077],[139.33677,35.74942],[139.33591,35.74777],[139.33563,35.74773],[139.33529,35.74806]]],[[[139.33428,35.75459],[139.33408,35.75459],[139.33421,35.75478],[139.33428,35.75459]]],[[[139.43183,35.74814],[139.42905,35.75039],[139.42607,35.75178],[139.42597,35.75268],[139.42461,35.75472],[139.42295,35.7552],[139.42211,35.75579],[139.42101,35.75599],[139.41906,35.75797],[139.41868,35.75784],[139.41771,35.75671],[139.41711,35.75671],[139.41595,35.7585],[139.41583,35.75918],[139.41601,35.75938],[139.41739,35.75935],[139.41905,35.75981],[139.42082,35.76145],[139.42153,35.76154],[139.42236,35.76109],[139.42291,35.76197],[139.42346,35.76217],[139.42429,35.76191],[139.42512,35.76194],[139.42674,35.76125],[139.42663,35.76057],[139.42581,35.75921],[139.42588,35.75899],[139.42624,35.75892],[139.42856,35.76035],[139.42833,35.76148],[139.42857,35.76193],[139.43093,35.76202],[139.43105,35.76149],[139.4301,35.76102],[139.42977,35.76058],[139.43038,35.75946],[139.42899,35.75765],[139.42928,35.75607],[139.42997,35.75495],[139.42909,35.75427],[139.42848,35.75291],[139.42904,35.75213],[139.43015,35.75186],[139.43138,35.75067],[139.43175,35.74955],[139.43238,35.74865],[139.43238,35.74815],[139.43183,35.74814]]],[[[139.41489,35.76165],[139.41448,35.76165],[139.41451,35.76211],[139.41489,35.762],[139.41489,35.76165]]],[[[139.4074,35.76674],[139.40768,35.76652],[139.40728,35.76659],[139.4074,35.76674]]],[[[139.4231,35.76912],[139.42509,35.7689],[139.42517,35.76823],[139.42426,35.76789],[139.42288,35.76816],[139.42264,35.76867],[139.4231,35.76912]]],[[[139.1542,35.79208],[139.15508,35.79179],[139.15504,35.79142],[139.15421,35.7915],[139.15385,35.79179],[139.1542,35.79208]]],[[[139.2567,35.79638],[139.25617,35.7966],[139.2565,35.79671],[139.2567,35.79638]]],[[[139.17739,35.79731],[139.17808,35.79778],[139.17905,35.7979],[139.17988,35.79744],[139.18027,35.79689],[139.17989,35.79637],[139.17906,35.79627],[139.17739,35.79731]]],[[[139.15333,35.79737],[139.15221,35.79825],[139.15028,35.79859],[139.14945,35.79838],[139.14807,35.7974],[139.14697,35.79726],[139.14614,35.79683],[139.14531,35.79691],[139.14481,35.79737],[139.14415,35.79849],[139.1439,35.80007],[139.14055,35.80338],[139.13996,35.80433],[139.13989,35.80545],[139.14033,35.80681],[139.13986,35.80793],[139.13948,35.81108],[139.13882,35.81243],[139.13878,35.81356],[139.13908,35.81409],[139.13963,35.81419],[139.14074,35.81325],[139.14658,35.8098],[139.1488,35.80958],[139.14997,35.80911],[139.15287,35.80733],[139.15327,35.80665],[139.15438,35.80599],[139.15526,35.80486],[139.15659,35.80477],[139.16073,35.80505],[139.16106,35.80467],[139.1613,35.80353],[139.16185,35.80317],[139.16274,35.80355],[139.16433,35.80472],[139.16543,35.80516],[139.16599,35.80512],[139.1671,35.8042],[139.16848,35.80413],[139.16908,35.80381],[139.16924,35.80291],[139.16989,35.80202],[139.16659,35.79959],[139.16272,35.79885],[139.16052,35.79765],[139.15914,35.79719],[139.15582,35.797],[139.15334,35.79592],[139.15305,35.79606],[139.15333,35.79737]]],[[[139.22246,35.81356],[139.22217,35.81356],[139.22235,35.81406],[139.22263,35.81384],[139.22246,35.81356]]],[[[139.34489,35.72544],[139.34356,35.72714],[139.34377,35.72785],[139.34432,35.72821],[139.34543,35.72805],[139.34633,35.72827],[139.34693,35.73098],[139.34984,35.7307],[139.35037,35.73099],[139.35102,35.73212],[139.35093,35.73279],[139.35042,35.73347],[139.35039,35.7346],[139.34913,35.73662],[139.34805,35.73707],[139.3473,35.73781],[139.34611,35.73841],[139.34614,35.73886],[139.34745,35.74],[139.34766,35.74045],[139.34769,35.74202],[139.34717,35.74315],[139.34727,35.74369],[139.34755,35.74372],[139.34866,35.74165],[139.34938,35.73865],[139.34979,35.73822],[139.35007,35.73822],[139.35104,35.73911],[139.35075,35.74159],[139.35118,35.74294],[139.34993,35.74519],[139.34991,35.74767],[139.35083,35.7491],[139.35193,35.7497],[139.35338,35.74993],[139.35366,35.75061],[139.35303,35.75113],[139.35054,35.75095],[139.34888,35.75141],[139.34777,35.75254],[139.3472,35.75442],[139.34693,35.75473],[139.34665,35.75466],[139.34583,35.75351],[139.34571,35.75261],[139.34649,35.75081],[139.34659,35.74923],[139.34706,35.74811],[139.34697,35.7473],[139.34642,35.74728],[139.34504,35.7481],[139.34398,35.74899],[139.34348,35.74989],[139.34223,35.75057],[139.34246,35.75169],[139.34169,35.75259],[139.342,35.75304],[139.34334,35.75354],[139.34389,35.75454],[139.34498,35.75553],[139.34507,35.75666],[139.34442,35.75804],[139.34358,35.75872],[139.34275,35.759],[139.34137,35.7583],[139.34055,35.75732],[139.33834,35.75694],[139.33707,35.7573],[139.33584,35.75903],[139.33446,35.75902],[139.33334,35.75954],[139.33224,35.75969],[139.33153,35.75953],[139.33059,35.75829],[139.33032,35.75823],[139.33001,35.7584],[139.32991,35.75885],[139.33109,35.76224],[139.33094,35.76449],[139.3311,35.76493],[139.33138,35.76502],[139.33332,35.76385],[139.3347,35.7639],[139.33609,35.7634],[139.33703,35.76294],[139.33739,35.76204],[139.33804,35.76151],[139.3397,35.76148],[139.34192,35.76023],[139.34247,35.76014],[139.34349,35.76094],[139.34395,35.76229],[139.34382,35.76274],[139.34283,35.76341],[139.34234,35.76521],[139.34243,35.76578],[139.34323,35.76657],[139.34381,35.76682],[139.3463,35.76706],[139.34669,35.76658],[139.34662,35.76591],[139.34629,35.765],[139.34553,35.76432],[139.34541,35.76387],[139.34577,35.76367],[139.34742,35.76414],[139.34767,35.76388],[139.34694,35.76275],[139.34696,35.7596],[139.34794,35.7587],[139.34995,35.75776],[139.35105,35.75803],[139.35448,35.75985],[139.35574,35.76009],[139.35784,35.76189],[139.35911,35.76235],[139.35946,35.7628],[139.35954,35.7637],[139.36039,35.76438],[139.36071,35.76529],[139.36151,35.76582],[139.36162,35.76619],[139.36092,35.76754],[139.36097,35.76957],[139.36067,35.77069],[139.35985,35.77159],[139.35985,35.77272],[139.35926,35.77339],[139.35993,35.77475],[139.3601,35.77587],[139.35976,35.77655],[139.35978,35.77858],[139.3581,35.78099],[139.35829,35.7824],[139.35673,35.78352],[139.35449,35.7837],[139.35366,35.78424],[139.35283,35.78401],[139.35172,35.7842],[139.35034,35.7836],[139.34915,35.78394],[139.34865,35.78462],[139.34812,35.78486],[139.34751,35.78461],[139.34675,35.78366],[139.34537,35.78375],[139.34371,35.78314],[139.33984,35.78326],[139.33874,35.78255],[139.33708,35.78286],[139.33625,35.78266],[139.33573,35.78163],[139.33442,35.78073],[139.33433,35.7792],[139.33228,35.77824],[139.3331,35.77599],[139.33239,35.77351],[139.33262,35.77216],[139.33227,35.7708],[139.33311,35.76946],[139.33192,35.76855],[139.33233,35.7672],[139.33138,35.76559],[139.3311,35.76551],[139.3301,35.76606],[139.32916,35.76683],[139.32555,35.76799],[139.32197,35.76631],[139.32157,35.76648],[139.32058,35.76785],[139.31863,35.76943],[139.3178,35.76969],[139.31504,35.76993],[139.31442,35.77028],[139.31387,35.77208],[139.31419,35.77238],[139.31502,35.77258],[139.31532,35.77299],[139.31538,35.77366],[139.31489,35.77501],[139.31516,35.77546],[139.31605,35.77592],[139.3164,35.77637],[139.31681,35.77863],[139.31741,35.77953],[139.31739,35.78111],[139.31673,35.78178],[139.31384,35.78305],[139.31301,35.78377],[139.31109,35.78716],[139.31022,35.7876],[139.30939,35.78744],[139.30818,35.7876],[139.30717,35.78858],[139.30579,35.78895],[139.30329,35.79052],[139.30273,35.79036],[139.30026,35.78869],[139.29808,35.78891],[139.29658,35.79003],[139.29646,35.79116],[139.29609,35.79175],[139.29359,35.79349],[139.29319,35.7943],[139.29219,35.79523],[139.28914,35.79635],[139.28582,35.7969],[139.28498,35.79771],[139.28332,35.79818],[139.28283,35.79898],[139.28221,35.79942],[139.28138,35.79948],[139.28027,35.79908],[139.27889,35.79926],[139.27641,35.79825],[139.2742,35.79776],[139.27397,35.79804],[139.27449,35.79894],[139.27449,35.79962],[139.27418,35.80012],[139.27323,35.80051],[139.27279,35.80209],[139.27112,35.80209],[139.26891,35.80164],[139.26841,35.80207],[139.26835,35.80307],[139.2678,35.80328],[139.2667,35.80221],[139.26614,35.80203],[139.26504,35.80222],[139.26355,35.80114],[139.262,35.79911],[139.26204,35.79866],[139.26268,35.79776],[139.26203,35.79725],[139.25954,35.79768],[139.2576,35.79769],[139.25574,35.79975],[139.25426,35.80091],[139.25316,35.80045],[139.25162,35.79861],[139.25041,35.79762],[139.24793,35.79672],[139.24655,35.79589],[139.24544,35.79591],[139.24489,35.7957],[139.24465,35.79452],[139.24435,35.79426],[139.24324,35.79418],[139.24158,35.79447],[139.24126,35.79473],[139.24099,35.79563],[139.24047,35.79592],[139.2388,35.79606],[139.23687,35.79585],[139.23654,35.79606],[139.23555,35.7983],[139.23408,35.79885],[139.23376,35.7992],[139.2338,35.79965],[139.23511,35.80146],[139.23512,35.80213],[139.23461,35.80246],[139.23295,35.8028],[139.23211,35.80346],[139.23058,35.80639],[139.23076,35.80684],[139.23153,35.80741],[139.23151,35.80797],[139.23097,35.80832],[139.22986,35.80854],[139.22983,35.80954],[139.22874,35.81004],[139.22841,35.81066],[139.22823,35.81156],[139.2296,35.81315],[139.22954,35.81428],[139.22898,35.81449],[139.22789,35.8135],[139.22706,35.81321],[139.22428,35.81432],[139.22235,35.81434],[139.22154,35.81536],[139.22178,35.81784],[139.22093,35.81895],[139.219,35.81805],[139.21817,35.81802],[139.21758,35.81827],[139.21678,35.81927],[139.21563,35.82006],[139.21552,35.82164],[139.21573,35.82231],[139.21635,35.82299],[139.21774,35.8239],[139.21757,35.8243],[139.21701,35.82445],[139.21591,35.82437],[139.2148,35.8239],[139.21367,35.82185],[139.21356,35.82118],[139.21493,35.81983],[139.21585,35.81848],[139.21911,35.81557],[139.21874,35.81518],[139.21736,35.81521],[139.21653,35.81495],[139.21582,35.8133],[139.21517,35.81281],[139.21434,35.81282],[139.21393,35.81352],[139.21399,35.81509],[139.21495,35.816],[139.21483,35.8169],[139.21375,35.81727],[139.21237,35.81687],[139.21091,35.81711],[139.20986,35.81937],[139.2093,35.81996],[139.20875,35.82011],[139.20681,35.81941],[139.20599,35.81828],[139.20433,35.81875],[139.20378,35.81864],[139.20324,35.81819],[139.20335,35.81707],[139.20295,35.81594],[139.20495,35.81347],[139.20518,35.81144],[139.20494,35.8111],[139.20217,35.81195],[139.19994,35.81344],[139.19634,35.81447],[139.19551,35.81433],[139.19414,35.81314],[139.19275,35.81337],[139.19109,35.81404],[139.1897,35.8149],[139.18859,35.8152],[139.18771,35.81631],[139.18719,35.81648],[139.18594,35.81607],[139.18527,35.81482],[139.18472,35.81467],[139.18334,35.81477],[139.1828,35.81448],[139.18203,35.81335],[139.18045,35.81334],[139.17951,35.81153],[139.17866,35.81108],[139.17795,35.80995],[139.17702,35.80906],[139.17564,35.80895],[139.17287,35.80945],[139.172,35.81014],[139.17037,35.81374],[139.17238,35.81713],[139.17241,35.81915],[139.17289,35.82051],[139.17183,35.82231],[139.17182,35.82343],[139.17237,35.82501],[139.17195,35.82704],[139.17161,35.8274],[139.17022,35.82789],[139.16967,35.82786],[139.16803,35.82612],[139.16785,35.82454],[139.16749,35.82419],[139.16666,35.82443],[139.1659,35.82565],[139.16526,35.82595],[139.16415,35.82589],[139.1614,35.82472],[139.16029,35.82522],[139.15973,35.82522],[139.1576,35.8238],[139.15735,35.82335],[139.15754,35.82245],[139.159,35.82066],[139.15895,35.82003],[139.15701,35.82017],[139.15591,35.81898],[139.15508,35.8188],[139.15011,35.82106],[139.14993,35.82354],[139.15011,35.82466],[139.14974,35.82579],[139.14921,35.82607],[139.1481,35.82596],[139.14644,35.82626],[139.14494,35.82937],[139.14336,35.83066],[139.14192,35.8325],[139.14044,35.8334],[139.1389,35.83473],[139.1364,35.83515],[139.13441,35.83584],[139.13296,35.83696],[139.13223,35.83831],[139.13139,35.83909],[139.1275,35.84095],[139.1263,35.84188],[139.12613,35.84233],[139.12635,35.84323],[139.12571,35.84458],[139.12581,35.84525],[139.12635,35.84566],[139.12745,35.84573],[139.12856,35.84639],[139.12911,35.84647],[139.12997,35.84618],[139.13106,35.84496],[139.1344,35.84237],[139.13551,35.84211],[139.13662,35.84223],[139.13911,35.84158],[139.14049,35.83993],[139.14357,35.83881],[139.14493,35.83748],[139.14674,35.83636],[139.14849,35.83434],[139.15074,35.833],[139.1514,35.83211],[139.15163,35.83053],[139.15335,35.82739],[139.15447,35.82621],[139.15612,35.82657],[139.15875,35.82629],[139.15792,35.82876],[139.15824,35.82967],[139.15924,35.83102],[139.15828,35.8335],[139.15716,35.8344],[139.15319,35.8355],[139.15206,35.83819],[139.15031,35.83954],[139.14945,35.84111],[139.14852,35.84153],[139.14742,35.84127],[139.14686,35.84139],[139.14585,35.84244],[139.14436,35.84347],[139.14411,35.84401],[139.14466,35.84491],[139.14627,35.84568],[139.14766,35.84568],[139.14932,35.84501],[139.1496,35.84513],[139.15012,35.84697],[139.15179,35.8475],[139.15317,35.84874],[139.15539,35.84816],[139.15624,35.84768],[139.15688,35.84656],[139.15698,35.84521],[139.15847,35.84401],[139.16041,35.84323],[139.16097,35.84279],[139.16271,35.84051],[139.1635,35.83893],[139.1652,35.83759],[139.16629,35.83551],[139.16684,35.83526],[139.16878,35.83506],[139.17184,35.83363],[139.17347,35.83403],[139.17362,35.83426],[139.17283,35.83583],[139.17283,35.83673],[139.1731,35.83719],[139.17429,35.83782],[139.17568,35.83773],[139.17733,35.8386],[139.17822,35.83834],[139.18011,35.83696],[139.18205,35.83687],[139.18361,35.83634],[139.18481,35.835],[139.18495,35.83455],[139.18466,35.83387],[139.18354,35.83296],[139.18361,35.83251],[139.18402,35.83224],[139.18651,35.83253],[139.18989,35.8348],[139.19175,35.83534],[139.19424,35.83505],[139.19575,35.83438],[139.19646,35.83369],[139.19702,35.83359],[139.19793,35.83416],[139.19839,35.8351],[139.20006,35.83575],[139.19865,35.83661],[139.19755,35.83666],[139.19705,35.83709],[139.19723,35.83799],[139.19685,35.83934],[139.19724,35.83996],[139.19918,35.84049],[139.20112,35.83959],[139.20389,35.8389],[139.20777,35.83874],[139.20887,35.83903],[139.21109,35.83916],[139.2114,35.83942],[139.21166,35.84055],[139.21246,35.84081],[139.21357,35.84015],[139.21495,35.84029],[139.2155,35.83989],[139.21488,35.83876],[139.21479,35.83763],[139.21419,35.83583],[139.2133,35.83447],[139.21418,35.83332],[139.21624,35.83223],[139.21768,35.83066],[139.21863,35.82998],[139.22029,35.82948],[139.22335,35.82796],[139.22557,35.82758],[139.22806,35.82666],[139.23083,35.82603],[139.23171,35.82532],[139.23253,35.82375],[139.23418,35.8228],[139.23834,35.82167],[139.24332,35.82156],[139.24524,35.82336],[139.24533,35.82404],[139.245,35.82539],[139.24534,35.82584],[139.24826,35.8268],[139.2502,35.82611],[139.25124,35.82429],[139.25245,35.82362],[139.25274,35.82318],[139.25246,35.82272],[139.24996,35.82073],[139.24938,35.81933],[139.24943,35.81768],[139.25054,35.81738],[139.2511,35.81699],[139.2514,35.81731],[139.2512,35.81844],[139.25191,35.81949],[139.25357,35.81988],[139.25521,35.82183],[139.25825,35.823],[139.25908,35.82306],[139.26102,35.82264],[139.26352,35.82137],[139.26473,35.8212],[139.26485,35.82143],[139.2637,35.82345],[139.26435,35.82458],[139.26474,35.82639],[139.26525,35.82684],[139.26735,35.82693],[139.26957,35.82611],[139.27178,35.82614],[139.2723,35.82642],[139.27238,35.82687],[139.27159,35.82777],[139.27149,35.82823],[139.27177,35.82853],[139.27315,35.82884],[139.27411,35.82846],[139.27454,35.82756],[139.27538,35.8268],[139.27898,35.82506],[139.28036,35.82533],[139.28147,35.82586],[139.28341,35.82595],[139.28479,35.8265],[139.28635,35.82671],[139.28515,35.83009],[139.28681,35.83212],[139.28718,35.83415],[139.28667,35.83443],[139.28501,35.83427],[139.28335,35.83463],[139.28058,35.83418],[139.27963,35.83502],[139.27891,35.8361],[139.27701,35.83704],[139.27694,35.83749],[139.27751,35.8387],[139.27806,35.83885],[139.27945,35.83844],[139.27961,35.83862],[139.27886,35.8402],[139.27961,35.84088],[139.27914,35.84178],[139.27918,35.84223],[139.27997,35.84266],[139.28191,35.8424],[139.28243,35.84269],[139.28254,35.84314],[139.28219,35.84404],[139.28102,35.84562],[139.28049,35.84691],[139.28022,35.84701],[139.27801,35.84598],[139.27718,35.84605],[139.27652,35.8465],[139.27592,35.84807],[139.27598,35.84897],[139.2764,35.84988],[139.27538,35.85145],[139.27561,35.85213],[139.2761,35.85258],[139.27824,35.85253],[139.28017,35.85342],[139.28024,35.85418],[139.27924,35.85552],[139.2796,35.85618],[139.28243,35.85666],[139.28292,35.85692],[139.28329,35.85757],[139.28374,35.85773],[139.28485,35.85705],[139.28532,35.856],[139.28595,35.856],[139.28706,35.85739],[139.28844,35.85849],[139.28851,35.85895],[139.28816,35.85941],[139.28677,35.86017],[139.28344,35.86079],[139.28234,35.86031],[139.28095,35.86026],[139.28077,35.85981],[139.28129,35.85824],[139.28014,35.85748],[139.27765,35.85736],[139.27599,35.85802],[139.27323,35.85704],[139.27267,35.85728],[139.27211,35.85803],[139.27156,35.85807],[139.27046,35.85593],[139.27043,35.85503],[139.26965,35.85424],[139.26882,35.85413],[139.26653,35.85569],[139.26659,35.85659],[139.26769,35.85743],[139.26778,35.85795],[139.26632,35.86042],[139.26484,35.86176],[139.26509,35.86289],[139.26488,35.86325],[139.26293,35.86465],[139.26183,35.86375],[139.25852,35.86194],[139.25741,35.86187],[139.25547,35.86225],[139.25463,35.86361],[139.25269,35.86454],[139.25276,35.86576],[139.2524,35.86643],[139.25074,35.86608],[139.24999,35.8662],[139.24972,35.86642],[139.24955,35.86732],[139.24879,35.86822],[139.25071,35.87002],[139.25237,35.87012],[139.25404,35.86956],[139.2543,35.86983],[139.25411,35.87028],[139.25042,35.87319],[139.24903,35.87285],[139.24681,35.87283],[139.24487,35.8733],[139.24348,35.87473],[139.24339,35.87518],[139.24389,35.87676],[139.24301,35.87766],[139.23903,35.87708],[139.23542,35.87818],[139.23433,35.87656],[139.23322,35.87613],[139.2323,35.87535],[139.23158,35.87387],[139.23075,35.87367],[139.22936,35.87393],[139.22826,35.87356],[139.22681,35.8742],[139.22534,35.87532],[139.22324,35.87776],[139.22048,35.87701],[139.21688,35.87722],[139.21522,35.87749],[139.21133,35.87875],[139.20909,35.88087],[139.20717,35.88491],[139.20652,35.88559],[139.20463,35.88604],[139.20407,35.88598],[139.20305,35.88467],[139.20317,35.88354],[139.20299,35.8832],[139.20175,35.88286],[139.20051,35.8821],[139.1994,35.88231],[139.198,35.88354],[139.19662,35.88371],[139.19578,35.88409],[139.19439,35.8853],[139.19415,35.88665],[139.19621,35.89004],[139.19479,35.89116],[139.19402,35.8925],[139.19438,35.89296],[139.19682,35.89337],[139.19716,35.89365],[139.19622,35.89567],[139.19709,35.89725],[139.19733,35.89844],[139.19843,35.89877],[139.20037,35.89859],[139.2012,35.8988],[139.20148,35.89908],[139.2015,35.90021],[139.20067,35.90155],[139.20007,35.90203],[139.19896,35.90232],[139.19675,35.90213],[139.1948,35.90257],[139.19445,35.9022],[139.19504,35.90107],[139.19483,35.9004],[139.19427,35.89994],[139.19344,35.89969],[139.19234,35.89853],[139.19096,35.89855],[139.18985,35.89903],[139.18819,35.89868],[139.18597,35.89881],[139.1857,35.8987],[139.1854,35.89764],[139.18432,35.8973],[139.18211,35.8974],[139.18068,35.89829],[139.1803,35.89919],[139.18007,35.90302],[139.18051,35.90663],[139.17869,35.90821],[139.17675,35.90905],[139.17536,35.90998],[139.17425,35.91028],[139.17365,35.91132],[139.17369,35.912],[139.17423,35.91245],[139.17478,35.91255],[139.17756,35.91185],[139.17894,35.91258],[139.18115,35.91308],[139.18251,35.91557],[139.18306,35.91593],[139.18417,35.91619],[139.18501,35.91747],[139.18582,35.91779],[139.18748,35.91748],[139.18832,35.91691],[139.18932,35.91456],[139.19046,35.91322],[139.19112,35.91293],[139.19167,35.9134],[139.19279,35.91593],[139.19312,35.91706],[139.19305,35.91819],[139.19412,35.91857],[139.19511,35.91955],[139.19577,35.91985],[139.1966,35.9198],[139.19722,35.91934],[139.19727,35.91821],[139.19681,35.91686],[139.19693,35.91618],[139.19913,35.9152],[139.2008,35.91505],[139.20196,35.91553],[139.20383,35.91682],[139.20687,35.91752],[139.20742,35.91834],[139.20852,35.91874],[139.20933,35.91962],[139.20894,35.92097],[139.20897,35.9221],[139.2085,35.92244],[139.20794,35.92248],[139.20601,35.92176],[139.20518,35.92175],[139.20434,35.92253],[139.20401,35.92365],[139.20433,35.9242],[139.20654,35.92614],[139.20583,35.92862],[139.20612,35.93042],[139.20674,35.93178],[139.21181,35.93181],[139.21263,35.93046],[139.21288,35.92866],[139.21372,35.9279],[139.21455,35.92755],[139.21482,35.92799],[139.21445,35.92979],[139.21533,35.93182],[139.22012,35.93185],[139.22104,35.93073],[139.22173,35.93052],[139.22256,35.93063],[139.22359,35.93187],[139.22838,35.93189],[139.22886,35.92784],[139.22924,35.92724],[139.22979,35.9271],[139.23249,35.92763],[139.23265,35.92786],[139.23195,35.92875],[139.23265,35.93033],[139.23364,35.93082],[139.23558,35.93091],[139.23638,35.93193],[139.24205,35.93196],[139.245,35.93087],[139.24563,35.93107],[139.24632,35.93198],[139.25471,35.93202],[139.25538,35.93067],[139.25514,35.92909],[139.25523,35.92729],[139.25722,35.92649],[139.26084,35.92367],[139.26168,35.92366],[139.2625,35.92469],[139.26361,35.92492],[139.26472,35.92435],[139.26562,35.92419],[139.26628,35.92306],[139.26723,35.92231],[139.26917,35.92186],[139.27029,35.92105],[139.27333,35.92063],[139.27499,35.92145],[139.27637,35.92183],[139.27747,35.92265],[139.27803,35.92276],[139.27886,35.9226],[139.27997,35.92195],[139.28108,35.92163],[139.28275,35.92059],[139.28746,35.92019],[139.2894,35.92051],[139.29094,35.91935],[139.29335,35.91891],[139.29358,35.91801],[139.29475,35.91733],[139.2953,35.91576],[139.29488,35.91373],[139.29499,35.91346],[139.29554,35.91329],[139.29665,35.9139],[139.29779,35.91397],[139.29759,35.91532],[139.29802,35.91576],[139.29857,35.91584],[139.29968,35.91543],[139.30079,35.91622],[139.30217,35.91637],[139.30281,35.91669],[139.30345,35.91782],[139.30301,35.91872],[139.30326,35.91963],[139.30408,35.92039],[139.30519,35.92096],[139.30583,35.92166],[139.30598,35.92212],[139.30573,35.92302],[139.30683,35.92391],[139.30794,35.92382],[139.30849,35.92431],[139.30904,35.92435],[139.31099,35.9226],[139.31128,35.92146],[139.31211,35.92129],[139.31266,35.92164],[139.31351,35.92305],[139.31348,35.92355],[139.3132,35.92377],[139.31071,35.92394],[139.31028,35.92439],[139.31077,35.92642],[139.3113,35.9271],[139.31134,35.928],[139.31262,35.92858],[139.31373,35.92959],[139.31285,35.93138],[139.31286,35.93229],[139.34635,35.93243],[139.34778,35.93178],[139.34909,35.93244],[139.36935,35.93252],[139.37078,35.93191],[139.37294,35.93253],[139.37415,35.93254],[139.37604,35.93178],[139.37747,35.93255],[139.38405,35.93257],[139.38602,35.93192],[139.38768,35.93211],[139.38906,35.93253],[139.39072,35.93222],[139.3916,35.9326],[139.39596,35.93262],[139.39682,35.93232],[139.39987,35.93219],[139.40148,35.93264],[139.40319,35.93246],[139.4049,35.93265],[139.40679,35.93216],[139.4084,35.93266],[139.42402,35.93272],[139.42536,35.93241],[139.42669,35.93273],[139.43117,35.93269],[139.43175,35.93229],[139.43167,35.93184],[139.42952,35.93079],[139.4292,35.92958],[139.42814,35.92951],[139.42768,35.92912],[139.42705,35.92799],[139.42716,35.92709],[139.42656,35.92574],[139.42456,35.9252],[139.42428,35.92528],[139.42412,35.92596],[139.42373,35.92613],[139.4225,35.9255],[139.42247,35.92482],[139.42295,35.9237],[139.42239,35.9219],[139.42153,35.92077],[139.42044,35.91828],[139.41879,35.9162],[139.41768,35.91663],[139.41657,35.91648],[139.41441,35.91668],[139.41269,35.91842],[139.41213,35.9184],[139.41075,35.9178],[139.4102,35.91789],[139.40934,35.91847],[139.40843,35.92004],[139.40491,35.92178],[139.40436,35.92161],[139.40325,35.92003],[139.40188,35.9189],[139.39801,35.91744],[139.39718,35.91686],[139.39607,35.9166],[139.3947,35.91518],[139.39323,35.91481],[139.39219,35.91277],[139.39132,35.90962],[139.39095,35.90691],[139.38993,35.90578],[139.38946,35.90488],[139.38977,35.90438],[139.39116,35.90411],[139.39178,35.90353],[139.39265,35.90106],[139.39258,35.89971],[139.39393,35.89881],[139.39494,35.89679],[139.39563,35.89654],[139.39673,35.8973],[139.39978,35.89749],[139.40061,35.89799],[139.40175,35.89951],[139.40226,35.89978],[139.40337,35.89924],[139.40614,35.89934],[139.40753,35.89844],[139.40787,35.89886],[139.4078,35.8998],[139.4089,35.90022],[139.4094,35.90067],[139.40929,35.90225],[139.41,35.9029],[139.41068,35.9027],[139.41035,35.9018],[139.41056,35.90148],[139.41111,35.90132],[139.41222,35.90156],[139.41333,35.90124],[139.41417,35.90033],[139.41472,35.90011],[139.41666,35.90044],[139.42024,35.90183],[139.42152,35.90296],[139.42116,35.90431],[139.4219,35.90589],[139.42189,35.90673],[139.42409,35.90885],[139.4252,35.90867],[139.42563,35.90839],[139.42602,35.90704],[139.42688,35.9061],[139.43103,35.90595],[139.43251,35.90548],[139.43245,35.90503],[139.42967,35.90322],[139.42936,35.90277],[139.42966,35.9028],[139.43325,35.90464],[139.43629,35.90591],[139.44209,35.90923],[139.44346,35.9107],[139.44263,35.91227],[139.44264,35.91295],[139.44361,35.91385],[139.44429,35.91415],[139.44512,35.91413],[139.44546,35.91386],[139.44525,35.91273],[139.44568,35.91165],[139.44602,35.91138],[139.44707,35.91135],[139.4479,35.91189],[139.449,35.91222],[139.44979,35.91207],[139.4502,35.91095],[139.44989,35.91004],[139.45008,35.90937],[139.45068,35.90911],[139.45206,35.90945],[139.45284,35.90915],[139.45298,35.90825],[139.45402,35.9067],[139.45595,35.90682],[139.4565,35.9076],[139.45761,35.90743],[139.45831,35.90759],[139.45952,35.9085],[139.45926,35.90917],[139.4596,35.90962],[139.46093,35.90973],[139.46231,35.90942],[139.46273,35.90828],[139.46426,35.90809],[139.46509,35.90764],[139.46622,35.90424],[139.46731,35.90334],[139.46794,35.90154],[139.469,35.90009],[139.46997,35.89974],[139.47062,35.89884],[139.47183,35.89884],[139.47183,35.89704],[139.47274,35.89592],[139.47539,35.89549],[139.4765,35.8956],[139.47702,35.89435],[139.479,35.89307],[139.47984,35.8932],[139.48177,35.89444],[139.48371,35.89445],[139.4843,35.89415],[139.48431,35.89257],[139.48289,35.89182],[139.4825,35.89122],[139.48272,35.89031],[139.48338,35.88964],[139.48349,35.88874],[139.48512,35.8877],[139.48565,35.88694],[139.48553,35.88649],[139.48516,35.88627],[139.48347,35.88638],[139.48283,35.88581],[139.48292,35.88469],[139.48375,35.88378],[139.48409,35.88288],[139.48459,35.88272],[139.4855,35.88289],[139.48625,35.88172],[139.48737,35.88097],[139.4882,35.87992],[139.49014,35.87939],[139.49152,35.87959],[139.49236,35.87935],[139.49374,35.88002],[139.49427,35.87976],[139.49485,35.87902],[139.49651,35.87874],[139.49754,35.87819],[139.49699,35.87548],[139.49703,35.87413],[139.49739,35.87346],[139.49702,35.87188],[139.49733,35.8712],[139.49735,35.8703],[139.49799,35.86963],[139.4976,35.86805],[139.49862,35.86738],[139.49868,35.86445],[139.49934,35.86413],[139.50128,35.86442],[139.50239,35.86423],[139.50416,35.86288],[139.5045,35.86153],[139.50517,35.86129],[139.50683,35.86117],[139.50766,35.86082],[139.50779,35.86042],[139.50732,35.85861],[139.5079,35.85771],[139.50803,35.85704],[139.50746,35.85523],[139.5088,35.85328],[139.51241,35.85113],[139.51407,35.85093],[139.51712,35.84983],[139.51822,35.84971],[139.52016,35.8491],[139.52265,35.84948],[139.52404,35.8489],[139.52572,35.84897],[139.52563,35.84852],[139.52433,35.84762],[139.52403,35.84671],[139.52334,35.84604],[139.52317,35.84423],[139.52345,35.84266],[139.52391,35.84198],[139.52384,35.83995],[139.52407,35.83961],[139.52491,35.83938],[139.5257,35.83883],[139.52602,35.83648],[139.52852,35.83564],[139.5299,35.83551],[139.53129,35.83494],[139.53702,35.83413],[139.5373,35.8339],[139.53691,35.83232],[139.53731,35.8303],[139.53823,35.82956],[139.53869,35.82827],[139.53962,35.82737],[139.541,35.8273],[139.54166,35.82648],[139.54307,35.82625],[139.54405,35.82533],[139.54544,35.82536],[139.54654,35.82471],[139.54959,35.82534],[139.55083,35.82357],[139.55062,35.82244],[139.55086,35.82199],[139.55237,35.82151],[139.55301,35.82087],[139.55332,35.81997],[139.55514,35.81872],[139.55593,35.81885],[139.55652,35.81996],[139.5568,35.82002],[139.55735,35.81955],[139.55846,35.81935],[139.55981,35.81863],[139.55969,35.81796],[139.56005,35.81728],[139.55995,35.81706],[139.5593,35.81636],[139.55737,35.81511],[139.55571,35.8157],[139.55322,35.81573],[139.55128,35.8153],[139.54879,35.81554],[139.54686,35.81497],[139.54625,35.81409],[139.54676,35.81274],[139.54626,35.81139],[139.54466,35.81038],[139.54356,35.80897],[139.54158,35.808],[139.54154,35.80687],[139.5426,35.80642],[139.54166,35.80575],[139.54142,35.80462],[139.5407,35.80372],[139.54026,35.80248],[139.53949,35.80168],[139.53966,35.80056],[139.53933,35.79921],[139.53963,35.79876],[139.54083,35.79835],[139.54194,35.79854],[139.54254,35.79831],[139.54264,35.79583],[139.54305,35.79557],[139.54444,35.7955],[139.54503,35.79516],[139.54531,35.79314],[139.54583,35.79284],[139.54694,35.79274],[139.54804,35.79286],[139.54887,35.79326],[139.5497,35.79324],[139.55053,35.79306],[139.55136,35.79224],[139.55219,35.79236],[139.55358,35.79219],[139.55546,35.79248],[139.55634,35.79303],[139.55772,35.79274],[139.55883,35.79351],[139.55993,35.79333],[139.56131,35.79375],[139.56242,35.79364],[139.5638,35.79408],[139.56435,35.79476],[139.5637,35.79611],[139.56379,35.79646],[139.56407,35.79653],[139.56498,35.79611],[139.56522,35.79566],[139.56516,35.79498],[139.56574,35.7947],[139.5674,35.79497],[139.5685,35.79549],[139.57016,35.7959],[139.57214,35.79725],[139.57231,35.79996],[139.57124,35.80176],[139.57123,35.80288],[139.5704,35.80446],[139.56985,35.80487],[139.56902,35.80498],[139.56871,35.80536],[139.56934,35.80784],[139.56892,35.80964],[139.56956,35.80982],[139.57067,35.80893],[139.57233,35.80941],[139.57343,35.80923],[139.57454,35.80853],[139.57519,35.80695],[139.57506,35.8047],[139.57539,35.80421],[139.57677,35.80399],[139.57787,35.80473],[139.57898,35.80478],[139.57987,35.80426],[139.5797,35.8029],[139.58009,35.80233],[139.58203,35.80209],[139.58314,35.80228],[139.58452,35.8022],[139.58528,35.80179],[139.5854,35.80134],[139.58497,35.80043],[139.58519,35.79931],[139.58453,35.79841],[139.58507,35.7966],[139.58439,35.7957],[139.58439,35.79503],[139.58538,35.79424],[139.58703,35.79446],[139.58747,35.79278],[139.58815,35.79141],[139.58908,35.79075],[139.58921,35.7894],[139.59121,35.78616],[139.59257,35.7858],[139.59315,35.78532],[139.59398,35.78528],[139.59563,35.78568],[139.5962,35.78513],[139.59627,35.78356],[139.59383,35.78243],[139.59315,35.78085],[139.59334,35.7804],[139.59454,35.78019],[139.59592,35.78111],[139.59731,35.78153],[139.59951,35.78281],[139.60145,35.78274],[139.60211,35.78222],[139.60159,35.78131],[139.60164,35.78064],[139.60282,35.77974],[139.60479,35.77652],[139.60783,35.77586],[139.61032,35.77658],[139.6117,35.77632],[139.61308,35.77712],[139.61391,35.77712],[139.6143,35.77661],[139.61435,35.77548],[139.61537,35.77458],[139.61516,35.773],[139.61728,35.77165],[139.61757,35.77053],[139.61924,35.76985],[139.61931,35.76895],[139.61984,35.76783],[139.61966,35.76715],[139.61768,35.76557],[139.61505,35.76427],[139.61478,35.7632],[139.61367,35.76314],[139.61229,35.76254],[139.61196,35.76218],[139.61172,35.76015],[139.61266,35.7588],[139.61286,35.7571],[139.61349,35.75655],[139.61389,35.75565],[139.61508,35.75515],[139.6158,35.75453],[139.61563,35.75415],[139.61342,35.7534],[139.61149,35.75391],[139.6101,35.75569],[139.60816,35.75749],[139.60761,35.7575],[139.6054,35.75655],[139.60401,35.75677],[139.60153,35.75613],[139.59876,35.75675],[139.59793,35.75771],[139.59655,35.75794],[139.59544,35.75908],[139.59374,35.75989],[139.59156,35.76153],[139.59111,35.76214],[139.58824,35.76325],[139.58658,35.7633],[139.58492,35.76266],[139.58354,35.76283],[139.58243,35.76212],[139.58133,35.76214],[139.58078,35.76163],[139.57963,35.76121],[139.5778,35.75986],[139.57609,35.75903],[139.57525,35.75949],[139.57483,35.7603],[139.57359,35.76116],[139.57165,35.76137],[139.57083,35.7609],[139.57,35.76083],[139.567,35.76164],[139.56585,35.76225],[139.56308,35.76099],[139.56257,35.76005],[139.56279,35.75915],[139.56116,35.75938],[139.5595,35.75899],[139.55812,35.75787],[139.55619,35.75689],[139.55591,35.75693],[139.5556,35.75733],[139.5558,35.75801],[139.55751,35.75981],[139.55705,35.76117],[139.55476,35.76229],[139.55329,35.76273],[139.55285,35.76369],[139.54925,35.76457],[139.54849,35.76498],[139.54811,35.76543],[139.54805,35.7661],[139.54749,35.76678],[139.5481,35.76836],[139.54785,35.76883],[139.54702,35.76917],[139.54508,35.76916],[139.54314,35.77063],[139.54148,35.77066],[139.5404,35.77127],[139.54001,35.77194],[139.53784,35.77329],[139.53705,35.77335],[139.53595,35.77275],[139.53457,35.77237],[139.53349,35.77328],[139.5334,35.77395],[139.53428,35.775],[139.53511,35.77547],[139.53523,35.77599],[139.53501,35.77756],[139.53455,35.77786],[139.53344,35.77802],[139.53298,35.77846],[139.53351,35.78094],[139.53333,35.78139],[139.53149,35.78186],[139.52928,35.78197],[139.52734,35.7825],[139.52623,35.78331],[139.52611,35.78453],[139.52512,35.785],[139.52373,35.78501],[139.5218,35.78535],[139.52069,35.78467],[139.51903,35.78453],[139.51822,35.78496],[139.51905,35.78586],[139.52061,35.78631],[139.52124,35.7869],[139.5229,35.78632],[139.52455,35.78749],[139.52458,35.78858],[139.52577,35.78971],[139.52547,35.79061],[139.52562,35.79128],[139.52826,35.79332],[139.52877,35.794],[139.52971,35.79738],[139.52931,35.79828],[139.53011,35.79986],[139.53016,35.80144],[139.52975,35.80198],[139.52782,35.80181],[139.52588,35.80277],[139.52375,35.80277],[139.52283,35.80459],[139.51721,35.80659],[139.51618,35.80721],[139.51452,35.80659],[139.51369,35.80729],[139.51258,35.80739],[139.50982,35.8061],[139.50678,35.80606],[139.50595,35.80567],[139.50561,35.8052],[139.50543,35.80475],[139.50561,35.80385],[139.50526,35.8034],[139.50458,35.80298],[139.5032,35.80272],[139.50269,35.80226],[139.5031,35.80069],[139.50255,35.79979],[139.50134,35.79911],[139.50073,35.79596],[139.49982,35.79482],[139.49867,35.79256],[139.49688,35.79129],[139.49577,35.79152],[139.49384,35.79137],[139.49274,35.79064],[139.49135,35.79149],[139.4908,35.79159],[139.48941,35.79129],[139.48859,35.79068],[139.48716,35.7914],[139.4865,35.79298],[139.48548,35.7941],[139.48504,35.79523],[139.48423,35.79568],[139.48358,35.79658],[139.48116,35.79792],[139.48136,35.79944],[139.48043,35.8004],[139.4814,35.80175],[139.48157,35.80311],[139.48023,35.80389],[139.4783,35.80356],[139.47691,35.80444],[139.47442,35.80475],[139.47303,35.8055],[139.47292,35.80601],[139.47338,35.80714],[139.47329,35.80759],[139.4709,35.80893],[139.4698,35.81073],[139.46833,35.81208],[139.46638,35.8132],[139.46627,35.81388],[139.46683,35.81501],[139.46496,35.81635],[139.46412,35.81795],[139.46357,35.81806],[139.46163,35.81775],[139.4608,35.81829],[139.45886,35.81879],[139.4572,35.8185],[139.45637,35.81937],[139.45499,35.81944],[139.45415,35.82005],[139.4536,35.82015],[139.45277,35.81919],[139.45112,35.81873],[139.45001,35.8179],[139.44891,35.81803],[139.448,35.81788],[139.44773,35.81742],[139.4478,35.81675],[139.44698,35.81613],[139.44532,35.81627],[139.44486,35.81606],[139.44443,35.81539],[139.44435,35.81448],[139.4439,35.81381],[139.44372,35.8129],[139.44312,35.81241],[139.44091,35.81279],[139.4398,35.81373],[139.43842,35.81314],[139.43675,35.81346],[139.4351,35.81275],[139.43399,35.81283],[139.43151,35.812],[139.43034,35.81218],[139.43113,35.81354],[139.42876,35.81511],[139.42904,35.81646],[139.42863,35.81781],[139.42783,35.81849],[139.42787,35.81908],[139.42843,35.8193],[139.42898,35.81888],[139.42954,35.81877],[139.43036,35.81918],[139.43147,35.81906],[139.43313,35.81949],[139.43672,35.82109],[139.43754,35.82232],[139.43892,35.82251],[139.43944,35.82281],[139.43991,35.82551],[139.44081,35.82642],[139.44064,35.82844],[139.44172,35.8325],[139.44145,35.83295],[139.44012,35.83362],[139.43954,35.83655],[139.44003,35.83745],[139.44021,35.83903],[139.43984,35.84106],[139.43895,35.84128],[139.43772,35.84229],[139.43633,35.84233],[139.43384,35.84355],[139.43273,35.84324],[139.4319,35.84329],[139.43079,35.84426],[139.42907,35.84463],[139.42746,35.84554],[139.42553,35.84549],[139.42387,35.84471],[139.42304,35.84472],[139.42256,35.84506],[139.42252,35.84551],[139.42303,35.8463],[139.4248,35.84754],[139.42495,35.84867],[139.42766,35.85431],[139.42748,35.85544],[139.42914,35.8577],[139.42912,35.85928],[139.428,35.86017],[139.42857,35.86153],[139.42864,35.86265],[139.42915,35.86288],[139.42959,35.86229],[139.43036,35.86198],[139.43095,35.86131],[139.43181,35.8609],[139.4343,35.86151],[139.4354,35.86229],[139.4379,35.86237],[139.44039,35.86176],[139.44094,35.86195],[139.44149,35.86277],[139.44282,35.8636],[139.44333,35.86496],[139.44498,35.86699],[139.44864,35.8697],[139.44857,35.87083],[139.44884,35.87173],[139.44816,35.87241],[139.448,35.87421],[139.4478,35.87455],[139.44672,35.87511],[139.44658,35.87556],[139.44746,35.87849],[139.44834,35.87841],[139.44945,35.87784],[139.45111,35.87848],[139.45194,35.87824],[139.45277,35.8784],[139.45415,35.87922],[139.45526,35.87867],[139.45609,35.87874],[139.45821,35.87988],[139.45766,35.88258],[139.45801,35.88314],[139.45856,35.8828],[139.4594,35.88129],[139.46161,35.88106],[139.46217,35.88118],[139.46327,35.88214],[139.46604,35.88269],[139.46636,35.88328],[139.46598,35.88463],[139.46802,35.88599],[139.468,35.88847],[139.46922,35.89072],[139.4683,35.89162],[139.46902,35.89343],[139.46835,35.8941],[139.46716,35.89861],[139.4666,35.89928],[139.46541,35.89931],[139.46457,35.89964],[139.46319,35.89915],[139.46195,35.89994],[139.46125,35.90082],[139.45903,35.90078],[139.45709,35.90138],[139.45614,35.90082],[139.45543,35.90081],[139.45494,35.90127],[139.45487,35.90222],[139.4532,35.90273],[139.45239,35.90239],[139.45194,35.90126],[139.45044,35.90129],[139.45014,35.90261],[139.4496,35.90291],[139.44849,35.90302],[139.44721,35.90147],[139.44481,35.89989],[139.44395,35.89853],[139.4441,35.89786],[139.44353,35.89628],[139.44395,35.89538],[139.44384,35.8947],[139.44134,35.89452],[139.44068,35.89379],[139.44054,35.89334],[139.4408,35.89266],[139.44003,35.89198],[139.4398,35.89063],[139.43907,35.88928],[139.43981,35.8868],[139.43972,35.88553],[139.43723,35.88572],[139.43502,35.88479],[139.4339,35.88555],[139.43252,35.88519],[139.43169,35.88555],[139.4303,35.88557],[139.42919,35.88594],[139.42836,35.88597],[139.42781,35.88585],[139.42698,35.88529],[139.4256,35.88511],[139.42449,35.88452],[139.42414,35.88405],[139.42396,35.88314],[139.42312,35.88247],[139.42199,35.88201],[139.42119,35.8807],[139.42019,35.8802],[139.4193,35.87907],[139.41924,35.87862],[139.41978,35.87727],[139.41934,35.87637],[139.42018,35.87524],[139.42034,35.87457],[139.41953,35.87344],[139.41911,35.87163],[139.41842,35.87073],[139.41835,35.86983],[139.41793,35.86928],[139.41738,35.86897],[139.41599,35.86899],[139.41433,35.86857],[139.41294,35.86934],[139.41101,35.86956],[139.40935,35.86929],[139.40768,35.87036],[139.40693,35.86979],[139.40724,35.86889],[139.40686,35.868],[139.40409,35.86842],[139.4037,35.86798],[139.4031,35.86527],[139.40135,35.86427],[139.40079,35.86366],[139.39913,35.86349],[139.39864,35.863],[139.39832,35.86187],[139.39831,35.86007],[139.39899,35.85894],[139.39875,35.85692],[139.39806,35.85664],[139.39613,35.85642],[139.39502,35.85664],[139.39447,35.856],[139.39447,35.85542],[139.39392,35.85565],[139.39254,35.85533],[139.3884,35.85303],[139.38481,35.85181],[139.38394,35.8519],[139.38369,35.8528],[139.38231,35.85337],[139.38156,35.85235],[139.38179,35.85145],[139.3815,35.85122],[139.37983,35.85077],[139.37899,35.85031],[139.37818,35.84907],[139.37624,35.8489],[139.37557,35.84849],[139.3748,35.84714],[139.37501,35.84601],[139.37444,35.84533],[139.37479,35.84376],[139.37382,35.84285],[139.37185,35.84172],[139.37075,35.84154],[139.37035,35.84171],[139.37091,35.84262],[139.37087,35.84307],[139.36847,35.84486],[139.36602,35.84533],[139.36566,35.84507],[139.36555,35.84417],[139.3652,35.84404],[139.36485,35.8444],[139.36471,35.84552],[139.36297,35.84602],[139.35971,35.84775],[139.35853,35.8489],[139.35797,35.84905],[139.35687,35.84848],[139.35632,35.84859],[139.35575,35.85019],[139.35492,35.85019],[139.3542,35.84931],[139.35378,35.84931],[139.35297,35.85021],[139.35187,35.8508],[139.35048,35.85256],[139.34854,35.85297],[139.34577,35.85298],[139.34411,35.8539],[139.34272,35.85415],[139.34218,35.85467],[139.34216,35.85543],[139.34078,35.85647],[139.34076,35.85759],[139.33862,35.85894],[139.33714,35.86065],[139.33553,35.86095],[139.33552,35.8614],[139.33597,35.86208],[139.3358,35.86231],[139.33492,35.86253],[139.33245,35.86409],[139.33155,35.86589],[139.33019,35.86651],[139.32797,35.86658],[139.32659,35.86546],[139.32521,35.86592],[139.32244,35.86604],[139.32051,35.86484],[139.31913,35.8647],[139.31636,35.86354],[139.31526,35.86363],[139.31443,35.86333],[139.31332,35.86393],[139.31276,35.86399],[139.31111,35.86351],[139.31055,35.86326],[139.3098,35.86242],[139.30936,35.86129],[139.3078,35.86102],[139.30658,35.85948],[139.3056,35.85879],[139.30449,35.85875],[139.30382,35.85766],[139.30289,35.85698],[139.30303,35.85586],[139.30203,35.8545],[139.30196,35.85405],[139.30231,35.85353],[139.30398,35.85267],[139.30556,35.85136],[139.30613,35.85046],[139.30709,35.85001],[139.30742,35.84866],[139.30692,35.84776],[139.30767,35.84641],[139.3077,35.84258],[139.30826,35.84123],[139.30932,35.83969],[139.3107,35.84021],[139.31154,35.84011],[139.31236,35.8403],[139.31375,35.84011],[139.31438,35.84081],[139.31457,35.84194],[139.31567,35.84201],[139.31683,35.84127],[139.31742,35.84037],[139.31741,35.83947],[139.31819,35.83873],[139.31874,35.8386],[139.32012,35.83902],[139.32289,35.83886],[139.324,35.83794],[139.32622,35.83733],[139.32669,35.83748],[139.32613,35.83793],[139.32643,35.83883],[139.32814,35.84032],[139.32861,35.83952],[139.32845,35.83861],[139.32866,35.83771],[139.32988,35.83704],[139.32947,35.83546],[139.33039,35.83427],[139.33261,35.83284],[139.33357,35.83345],[139.33454,35.8337],[139.33635,35.83346],[139.33723,35.83414],[139.33759,35.83418],[139.33804,35.8337],[139.33818,35.83257],[139.33927,35.83083],[139.34121,35.82976],[139.34204,35.82979],[139.34342,35.83032],[139.34481,35.83002],[139.34495,35.82944],[139.34461,35.82832],[139.34513,35.82787],[139.34593,35.82788],[139.34794,35.82878],[139.3482,35.82946],[139.34737,35.83035],[139.3474,35.83081],[139.34839,35.83181],[139.34922,35.83206],[139.34946,35.83172],[139.34942,35.83081],[139.34978,35.83039],[139.35172,35.83024],[139.35232,35.82992],[139.3524,35.82902],[139.3521,35.82812],[139.35285,35.82659],[139.35452,35.82599],[139.35495,35.82678],[139.35554,35.82723],[139.35572,35.82791],[139.35671,35.82831],[139.3571,35.82814],[139.35746,35.82702],[139.35839,35.82612],[139.35977,35.82565],[139.36144,35.82551],[139.36255,35.82488],[139.3631,35.82494],[139.36475,35.82621],[139.3655,35.8275],[139.36582,35.82863],[139.36833,35.82887],[139.36962,35.82977],[139.36977,35.83112],[139.37051,35.83225],[139.37027,35.8336],[139.37052,35.83384],[139.37135,35.83365],[139.37175,35.83383],[139.37217,35.83527],[139.37245,35.83526],[139.37356,35.83371],[139.37412,35.83366],[139.37441,35.83384],[139.37539,35.83565],[139.37486,35.83677],[139.37548,35.83733],[139.37576,35.83734],[139.37603,35.83701],[139.37696,35.83498],[139.37907,35.83363],[139.37958,35.83273],[139.38124,35.83139],[139.38179,35.83026],[139.383,35.8292],[139.38521,35.82935],[139.38659,35.8299],[139.3877,35.82973],[139.39351,35.82987],[139.39572,35.83072],[139.3971,35.83152],[139.40097,35.83151],[139.40121,35.83101],[139.40121,35.82966],[139.40008,35.82673],[139.39993,35.82492],[139.39937,35.82357],[139.39824,35.82311],[139.3979,35.82244],[139.39904,35.82086],[139.39882,35.81925],[139.3991,35.81905],[139.40076,35.81895],[139.40135,35.81839],[139.40104,35.81789],[139.39994,35.81764],[139.39966,35.81738],[139.39946,35.81591],[139.39906,35.81523],[139.39907,35.81433],[139.39942,35.81343],[139.39941,35.81223],[139.40249,35.81096],[139.40215,35.80983],[139.4023,35.80893],[139.40188,35.8078],[139.40275,35.80646],[139.40215,35.80397],[139.4032,35.80218],[139.40362,35.8019],[139.40473,35.8017],[139.40507,35.80106],[139.40667,35.79964],[139.40806,35.7993],[139.40831,35.79814],[139.40917,35.79775],[139.40973,35.79776],[139.41055,35.79824],[139.41111,35.79819],[139.41172,35.79725],[139.41222,35.79706],[139.41443,35.79795],[139.41498,35.79798],[139.41609,35.79725],[139.41664,35.79742],[139.41802,35.79851],[139.41885,35.79791],[139.41976,35.79773],[139.42039,35.79705],[139.42107,35.79681],[139.42218,35.79696],[139.423,35.79741],[139.42356,35.79737],[139.42508,35.79414],[139.42524,35.79306],[139.42635,35.7925],[139.42691,35.79142],[139.42802,35.79076],[139.42912,35.79088],[139.4321,35.78921],[139.43164,35.78808],[139.43053,35.78668],[139.42787,35.78423],[139.42756,35.78311],[139.42723,35.78304],[139.4264,35.78344],[139.42584,35.78337],[139.42521,35.78197],[139.42336,35.78196],[139.42299,35.78309],[139.42225,35.7836],[139.41893,35.78243],[139.41809,35.78285],[139.41727,35.78295],[139.41534,35.78243],[139.41478,35.7832],[139.41423,35.78322],[139.41297,35.78283],[139.41202,35.782],[139.41077,35.78192],[139.41037,35.78051],[139.40954,35.78054],[139.40871,35.78094],[139.40816,35.78084],[139.40788,35.78056],[139.40832,35.77966],[139.40706,35.7791],[139.40595,35.77933],[139.4054,35.77899],[139.40485,35.77897],[139.40441,35.7792],[139.40401,35.78012],[139.40291,35.77967],[139.39903,35.78068],[139.39544,35.78083],[139.39461,35.78064],[139.39212,35.78065],[139.39073,35.78095],[139.38963,35.78151],[139.38853,35.78042],[139.3877,35.78017],[139.38714,35.78028],[139.38614,35.78116],[139.3852,35.78145],[139.38299,35.78088],[139.38133,35.78139],[139.37968,35.78062],[139.37718,35.78138],[139.37635,35.78142],[139.37359,35.78091],[139.37221,35.78033],[139.37186,35.77975],[139.37286,35.77683],[139.3723,35.77547],[139.37307,35.77455],[139.37363,35.77428],[139.37667,35.7738],[139.37722,35.77394],[139.37887,35.77595],[139.37916,35.77707],[139.38037,35.77798],[139.38107,35.77894],[139.38217,35.77951],[139.38279,35.77934],[139.38356,35.77809],[139.38744,35.77673],[139.38781,35.77621],[139.38775,35.7753],[139.38721,35.77395],[139.38608,35.77336],[139.38595,35.77259],[139.38547,35.77192],[139.38552,35.77079],[139.38471,35.77018],[139.38278,35.76995],[139.38257,35.76965],[139.38334,35.76876],[139.38445,35.76841],[139.38666,35.76865],[139.38832,35.76848],[139.38942,35.76795],[139.39026,35.76696],[139.39081,35.76668],[139.39247,35.76668],[139.39551,35.76745],[139.39644,35.76813],[139.39798,35.77026],[139.39964,35.77112],[139.40157,35.7716],[139.40295,35.77169],[139.40378,35.77205],[139.40602,35.77199],[139.40638,35.77177],[139.40649,35.77109],[139.40707,35.77064],[139.40691,35.77019],[139.40567,35.76906],[139.40616,35.76726],[139.40271,35.76569],[139.40217,35.76522],[139.4021,35.76477],[139.40244,35.76461],[139.40522,35.765],[139.40582,35.76478],[139.40601,35.7641],[139.4066,35.76388],[139.40714,35.7633],[139.40825,35.76375],[139.41018,35.7635],[139.41076,35.76322],[139.41057,35.76254],[139.4113,35.76232],[139.41172,35.76232],[139.4124,35.76293],[139.41295,35.76284],[139.41328,35.76255],[139.41337,35.76165],[139.41422,35.76098],[139.41431,35.7603],[139.41487,35.7594],[139.41372,35.75782],[139.4116,35.75807],[139.40939,35.75685],[139.40773,35.75688],[139.40663,35.75598],[139.40609,35.7542],[139.40498,35.75466],[139.40332,35.75429],[139.40292,35.75395],[139.40256,35.75327],[139.40328,35.75215],[139.40202,35.7517],[139.40189,35.75079],[139.4003,35.75027],[139.39954,35.74921],[139.40001,35.74786],[139.40095,35.74718],[139.40119,35.74606],[139.40233,35.74494],[139.40198,35.74426],[139.39974,35.74267],[139.39969,35.742],[139.4005,35.7411],[139.40008,35.7407],[139.39842,35.74052],[139.39759,35.74068],[139.39566,35.74016],[139.39372,35.74061],[139.39125,35.73779],[139.38959,35.73801],[139.3871,35.73793],[139.38679,35.73767],[139.38656,35.73639],[139.38601,35.73615],[139.38407,35.73732],[139.38324,35.73755],[139.382,35.73675],[139.38166,35.73562],[139.38131,35.73543],[139.3791,35.73519],[139.37857,35.73538],[139.37825,35.73629],[139.37771,35.73674],[139.37749,35.73763],[139.37715,35.73791],[139.37412,35.73731],[139.37246,35.7372],[139.37163,35.73673],[139.36915,35.73625],[139.36667,35.73533],[139.36473,35.73621],[139.36308,35.73487],[139.3606,35.73373],[139.35977,35.73286],[139.35839,35.73259],[139.35728,35.73192],[139.35564,35.73024],[139.35426,35.7302],[139.35315,35.73077],[139.3526,35.7308],[139.35178,35.72965],[139.35062,35.72964],[139.35035,35.72942],[139.35002,35.72784],[139.35016,35.72739],[139.35117,35.72672],[139.35078,35.72626],[139.34711,35.7247],[139.34655,35.72481],[139.346,35.72538],[139.34489,35.72544]],[[139.38675,35.80131],[139.38706,35.80167],[139.38718,35.80302],[139.38621,35.80482],[139.3859,35.80512],[139.38534,35.8052],[139.38498,35.80481],[139.38491,35.80414],[139.38573,35.80256],[139.38465,35.80188],[139.38461,35.80143],[139.3849,35.80098],[139.38537,35.80085],[139.38675,35.80131]],[[139.30221,35.86875],[139.3047,35.86958],[139.30497,35.87065],[139.30579,35.87133],[139.30829,35.87139],[139.30915,35.87098],[139.31001,35.87008],[139.31079,35.86979],[139.31134,35.86983],[139.31217,35.87031],[139.313,35.87031],[139.31327,35.87055],[139.31354,35.87195],[139.3151,35.87258],[139.31503,35.87303],[139.31436,35.87368],[139.31297,35.87393],[139.31251,35.87505],[139.31098,35.87707],[139.31081,35.87797],[139.31183,35.87912],[139.31491,35.88047],[139.31502,35.88115],[139.31461,35.88227],[139.31481,35.88272],[139.31651,35.8831],[139.31735,35.88454],[139.31869,35.88567],[139.31894,35.8868],[139.31787,35.88831],[139.31509,35.88954],[139.31464,35.88993],[139.31445,35.89061],[139.31495,35.89174],[139.31458,35.89218],[139.31341,35.89216],[139.31119,35.89302],[139.30964,35.89261],[139.30843,35.89111],[139.30649,35.89177],[139.30428,35.89148],[139.30097,35.88959],[139.29986,35.88981],[139.29875,35.88897],[139.29682,35.88812],[139.29694,35.88625],[139.29465,35.88556],[139.29439,35.88421],[139.29399,35.88353],[139.29325,35.88323],[139.29215,35.88331],[139.29104,35.88278],[139.28798,35.88549],[139.28544,35.88868],[139.28552,35.89544],[139.28504,35.89679],[139.28402,35.89767],[139.28153,35.89734],[139.28071,35.89615],[139.2803,35.89631],[139.27961,35.89744],[139.27903,35.89782],[139.27792,35.89817],[139.27709,35.89794],[139.27674,35.8972],[139.2772,35.89562],[139.27599,35.89291],[139.27548,35.89038],[139.27492,35.88975],[139.27254,35.88907],[139.2719,35.88788],[139.27156,35.88816],[139.27149,35.88974],[139.27252,35.892],[139.27208,35.89402],[139.27275,35.89538],[139.27272,35.89583],[139.27212,35.89636],[139.27101,35.89658],[139.26906,35.89803],[139.2667,35.89828],[139.26676,35.8994],[139.26572,35.90063],[139.26396,35.90119],[139.26441,35.903],[139.26348,35.90419],[139.26292,35.90432],[139.26154,35.90385],[139.26043,35.90414],[139.25782,35.90364],[139.25739,35.90323],[139.25689,35.90206],[139.25712,35.90116],[139.25685,35.9009],[139.25464,35.90119],[139.25297,35.90192],[139.25075,35.90189],[139.24957,35.90135],[139.24934,35.9009],[139.24994,35.89964],[139.24856,35.89898],[139.24793,35.89841],[139.2478,35.89796],[139.24949,35.89662],[139.24833,35.89481],[139.24834,35.89436],[139.24915,35.89353],[139.25026,35.89308],[139.25065,35.89167],[139.24944,35.88986],[139.24955,35.88851],[139.24836,35.88786],[139.24795,35.88737],[139.24795,35.88692],[139.24838,35.8864],[139.24921,35.88608],[139.25143,35.88582],[139.25298,35.88514],[139.25421,35.8842],[139.25559,35.88394],[139.2567,35.88464],[139.2614,35.88494],[139.26195,35.88523],[139.26293,35.88654],[139.26498,35.88778],[139.26553,35.88794],[139.26692,35.88771],[139.26955,35.88612],[139.27066,35.885],[139.27081,35.88433],[139.27058,35.8832],[139.2689,35.88161],[139.26869,35.88049],[139.26914,35.88004],[139.27113,35.87902],[139.27253,35.87704],[139.27309,35.87684],[139.27472,35.87691],[139.27558,35.87623],[139.27614,35.87607],[139.27669,35.87637],[139.27834,35.8781],[139.27862,35.87807],[139.27945,35.87712],[139.28111,35.87764],[139.28249,35.87768],[139.28388,35.87898],[139.28581,35.87901],[139.28721,35.87854],[139.28859,35.87755],[139.28942,35.87736],[139.29053,35.87743],[139.29192,35.87661],[139.2933,35.87646],[139.29371,35.87542],[139.2947,35.87482],[139.29526,35.87386],[139.29624,35.87318],[139.29534,35.87182],[139.29604,35.87115],[139.29721,35.87082],[139.29915,35.871],[139.30221,35.86875]],[[139.32144,35.90573],[139.32138,35.90618],[139.32107,35.90638],[139.32024,35.90595],[139.31999,35.9055],[139.32053,35.90473],[139.32108,35.90499],[139.32144,35.90573]],[[139.32213,35.87085],[139.32158,35.87102],[139.32131,35.87006],[139.32221,35.87013],[139.32238,35.87036],[139.32213,35.87085]],[[139.32242,35.8682],[139.3227,35.86843],[139.32234,35.86833],[139.32242,35.8682]],[[139.32683,35.87151],[139.32959,35.87287],[139.3307,35.87304],[139.33108,35.87333],[139.33147,35.87446],[139.33069,35.87531],[139.33013,35.87538],[139.32902,35.8749],[139.3282,35.87419],[139.32699,35.87376],[139.32685,35.87286],[139.32593,35.87218],[139.32573,35.87173],[139.32683,35.87151]],[[139.33922,35.88246],[139.3402,35.88373],[139.34171,35.8841],[139.34498,35.8842],[139.34776,35.88579],[139.34783,35.88737],[139.3486,35.88812],[139.34927,35.88963],[139.34943,35.89075],[139.34979,35.8912],[139.3508,35.8917],[139.35129,35.89279],[139.35115,35.89346],[139.35148,35.89437],[139.3511,35.89527],[139.35212,35.89595],[139.35298,35.89723],[139.35381,35.89755],[139.35436,35.89744],[139.35491,35.89663],[139.35594,35.89596],[139.35659,35.89496],[139.3577,35.89543],[139.35927,35.89485],[139.35983,35.89395],[139.35928,35.89214],[139.36077,35.8913],[139.36188,35.8913],[139.3641,35.89032],[139.3652,35.89052],[139.36659,35.89038],[139.36798,35.88918],[139.37075,35.88985],[139.37296,35.88942],[139.37434,35.89039],[139.37545,35.8907],[139.37628,35.89049],[139.37767,35.88958],[139.37878,35.88959],[139.38016,35.89074],[139.38181,35.8913],[139.3823,35.89178],[139.38153,35.89358],[139.38001,35.89425],[139.37909,35.89515],[139.3789,35.8956],[139.37927,35.89628],[139.37985,35.89666],[139.38068,35.89678],[139.38179,35.89611],[139.38265,35.89652],[139.38344,35.89746],[139.3851,35.8975],[139.38576,35.89788],[139.38563,35.89923],[139.38654,35.90036],[139.38583,35.90171],[139.38646,35.90243],[139.38756,35.90279],[139.38814,35.90442],[139.38793,35.90487],[139.38681,35.90577],[139.38677,35.90667],[139.38394,35.90644],[139.38381,35.90688],[139.38422,35.90756],[139.38349,35.91004],[139.38281,35.91087],[139.38059,35.91238],[139.37975,35.91255],[139.37787,35.9125],[139.37658,35.91384],[139.37504,35.91369],[139.37393,35.91393],[139.37282,35.91377],[139.37143,35.91433],[139.37005,35.91435],[139.36688,35.91538],[139.36647,35.91516],[139.36507,35.91326],[139.36396,35.91337],[139.36341,35.91313],[139.36221,35.91108],[139.36038,35.91043],[139.35818,35.90701],[139.3568,35.90629],[139.35568,35.90452],[139.35563,35.9034],[139.35602,35.90295],[139.35682,35.90274],[139.35765,35.9028],[139.35775,35.9025],[139.35601,35.90051],[139.35495,35.89979],[139.35482,35.89889],[139.35408,35.89851],[139.35369,35.89866],[139.35324,35.89956],[139.35232,35.90045],[139.35344,35.90226],[139.35198,35.90383],[139.35205,35.90473],[139.35127,35.90562],[139.34877,35.90626],[139.34793,35.90699],[139.34599,35.90714],[139.34461,35.90771],[139.3435,35.90769],[139.34267,35.90715],[139.34156,35.90794],[139.3374,35.90835],[139.33685,35.90825],[139.33628,35.9076],[139.33574,35.90747],[139.33352,35.90952],[139.33296,35.90962],[139.33168,35.90916],[139.33097,35.90848],[139.33048,35.90736],[139.329,35.90689],[139.3287,35.90599],[139.32773,35.90531],[139.32533,35.90192],[139.32551,35.90124],[139.3272,35.90086],[139.32749,35.90035],[139.32719,35.89967],[139.32445,35.89782],[139.32414,35.89583],[139.32493,35.89448],[139.32467,35.89381],[139.32379,35.8929],[139.32384,35.89267],[139.32615,35.89211],[139.32656,35.89179],[139.32624,35.89043],[139.32511,35.88885],[139.32504,35.8884],[139.32618,35.88729],[139.32868,35.8862],[139.33062,35.88506],[139.33422,35.88491],[139.33518,35.88439],[139.33645,35.88312],[139.33839,35.8823],[139.33922,35.88246]],[[139.34037,35.87661],[139.34009,35.87672],[139.33953,35.87652],[139.33936,35.87607],[139.33953,35.87584],[139.34022,35.87584],[139.34037,35.87661]],[[139.35137,35.884],[139.35143,35.884],[139.3514,35.88404],[139.35137,35.884]],[[139.35842,35.86262],[139.35762,35.86262],[139.35695,35.86217],[139.35695,35.86194],[139.35817,35.86216],[139.35842,35.86262]],[[139.36264,35.85644],[139.36228,35.85588],[139.36264,35.85544],[139.36305,35.85588],[139.36295,35.85633],[139.36264,35.85644]],[[139.37125,35.846],[139.37131,35.846],[139.37128,35.84604],[139.37125,35.846]],[[139.37375,35.84894],[139.37458,35.84873],[139.37482,35.84939],[139.37467,35.84984],[139.37347,35.84998],[139.37191,35.8487],[139.37209,35.84859],[139.37375,35.84894]],[[139.40116,35.89751],[139.40119,35.89726],[139.40144,35.89749],[139.40116,35.89751]],[[139.41092,35.87476],[139.41031,35.87408],[139.41043,35.87398],[139.41098,35.87449],[139.41092,35.87476]],[[139.41262,35.87634],[139.41264,35.87634],[139.41263,35.87637],[139.41262,35.87634]],[[139.4138,35.87747],[139.41373,35.87772],[139.41271,35.87657],[139.41291,35.87647],[139.4138,35.87747]],[[139.41455,35.87925],[139.41542,35.88154],[139.41537,35.88203],[139.41482,35.88154],[139.41427,35.88044],[139.41428,35.87932],[139.41455,35.87925]],[[139.41647,35.88404],[139.41611,35.88357],[139.41619,35.88321],[139.41676,35.88379],[139.41674,35.88404],[139.41647,35.88404]],[[139.41881,35.88673],[139.42107,35.89125],[139.42169,35.8922],[139.42306,35.89353],[139.42342,35.89418],[139.42334,35.89449],[139.42223,35.89362],[139.42106,35.89327],[139.41969,35.89147],[139.41784,35.88581],[139.41881,35.88673]],[[139.42471,35.8965],[139.42672,35.90005],[139.42663,35.90043],[139.4258,35.89982],[139.42423,35.89802],[139.4239,35.89734],[139.42416,35.8966],[139.42443,35.89639],[139.42471,35.8965]],[[139.42772,35.90163],[139.42774,35.90163],[139.42773,35.90164],[139.42772,35.90163]],[[139.45382,35.83183],[139.454,35.83187],[139.45382,35.83191],[139.45382,35.83183]],[[139.48035,35.84019],[139.48014,35.84051],[139.4784,35.84131],[139.47851,35.84276],[139.47831,35.84321],[139.47648,35.84478],[139.47511,35.84545],[139.47515,35.84613],[139.47666,35.84816],[139.47643,35.84885],[139.47588,35.84912],[139.47533,35.84903],[139.4745,35.84777],[139.47173,35.84799],[139.47062,35.84882],[139.47148,35.85017],[139.47091,35.85107],[139.47071,35.8522],[139.4695,35.85239],[139.46784,35.85179],[139.46754,35.85219],[139.46756,35.8536],[139.467,35.85369],[139.4659,35.85316],[139.46536,35.85218],[139.46561,35.85106],[139.46536,35.85035],[139.46563,35.85018],[139.46619,35.85029],[139.46757,35.85101],[139.46802,35.85084],[139.46804,35.84926],[139.46841,35.8488],[139.46971,35.84814],[139.46958,35.84724],[139.47033,35.84521],[139.47079,35.84476],[139.47208,35.84431],[139.47236,35.84341],[139.47222,35.84184],[139.47287,35.84038],[139.47398,35.84074],[139.47509,35.84046],[139.47619,35.8406],[139.4773,35.84004],[139.4798,35.83926],[139.48007,35.83938],[139.48035,35.84019]],[[139.49059,35.82814],[139.49008,35.82878],[139.48953,35.82902],[139.48897,35.82893],[139.48865,35.82859],[139.48895,35.82769],[139.48953,35.82738],[139.49028,35.82769],[139.49059,35.82814]],[[139.58652,35.78256],[139.58701,35.78309],[139.58743,35.78444],[139.58706,35.78473],[139.5854,35.78497],[139.58481,35.78444],[139.58428,35.78263],[139.58514,35.7823],[139.58652,35.78256]],[[139.39073,35.92201],[139.39088,35.92201],[139.39078,35.92205],[139.39073,35.92201]],[[139.39519,35.926],[139.39547,35.92617],[139.39547,35.92638],[139.39501,35.9263],[139.39519,35.926]],[[139.2075,35.89303],[139.20847,35.89506],[139.20847,35.89574],[139.20787,35.89605],[139.20677,35.89595],[139.20558,35.89482],[139.20546,35.89437],[139.20707,35.89286],[139.2075,35.89303]],[[139.21823,35.88222],[139.21855,35.88249],[139.21825,35.88294],[139.21698,35.88361],[139.21376,35.88619],[139.21237,35.88795],[139.21181,35.88791],[139.21151,35.88741],[139.21173,35.88696],[139.21272,35.88607],[139.21368,35.88472],[139.21517,35.88365],[139.21601,35.8821],[139.21684,35.88196],[139.21823,35.88222]],[[139.22214,35.89806],[139.22253,35.89906],[139.22418,35.8997],[139.22557,35.89973],[139.2264,35.8995],[139.22681,35.89966],[139.22644,35.90033],[139.22556,35.90078],[139.22417,35.90111],[139.22392,35.90167],[139.22527,35.90299],[139.22609,35.90419],[139.22763,35.90507],[139.22857,35.90511],[139.22958,35.90396],[139.23025,35.90355],[139.23135,35.90371],[139.23356,35.9044],[139.23383,35.90465],[139.23323,35.90645],[139.23355,35.90679],[139.2341,35.90691],[139.23548,35.90679],[139.2363,35.90647],[139.2369,35.90512],[139.23744,35.90474],[139.23855,35.9046],[139.23939,35.90491],[139.2397,35.90536],[139.23964,35.90617],[139.23878,35.90671],[139.24019,35.90768],[139.2405,35.90829],[139.24028,35.90874],[139.23894,35.90986],[139.23865,35.91076],[139.23874,35.91211],[139.24151,35.91578],[139.24348,35.91732],[139.24398,35.918],[139.2439,35.91845],[139.24339,35.91844],[139.24022,35.9164],[139.23994,35.91482],[139.23958,35.91458],[139.23857,35.91594],[139.23763,35.91664],[139.23652,35.9169],[139.23486,35.91594],[139.23431,35.91594],[139.23319,35.9168],[139.23208,35.91716],[139.23041,35.91883],[139.22764,35.91843],[139.22737,35.91814],[139.22739,35.91724],[139.22712,35.91679],[139.22572,35.91593],[139.22156,35.9172],[139.21879,35.91608],[139.21713,35.9165],[139.21629,35.91743],[139.21491,35.91751],[139.21435,35.91728],[139.21416,35.91672],[139.21447,35.9156],[139.21287,35.91469],[139.21256,35.91423],[139.21261,35.91378],[139.21341,35.91289],[139.21412,35.91129],[139.21662,35.91117],[139.21705,35.91088],[139.2172,35.90998],[139.21663,35.90903],[139.21498,35.90788],[139.21111,35.90676],[139.20835,35.90625],[139.20613,35.90664],[139.20419,35.90657],[139.2037,35.90608],[139.20359,35.9054],[139.20536,35.90383],[139.20643,35.9033],[139.20829,35.90452],[139.20919,35.90483],[139.21057,35.90484],[139.21279,35.90444],[139.21694,35.90512],[139.21805,35.9051],[139.21916,35.90481],[139.21972,35.90434],[139.2198,35.90345],[139.21945,35.9031],[139.21807,35.90261],[139.21776,35.90209],[139.21808,35.90155],[139.2196,35.90052],[139.2183,35.89894],[139.21826,35.89849],[139.21921,35.89782],[139.22088,35.89745],[139.22214,35.89806]],[[139.22788,35.88763],[139.22842,35.88795],[139.22835,35.88975],[139.22951,35.89078],[139.2298,35.89201],[139.23061,35.89249],[139.23223,35.8927],[139.23224,35.89293],[139.23095,35.8945],[139.23058,35.89611],[139.22781,35.8968],[139.22713,35.89651],[139.2263,35.8947],[139.22604,35.8938],[139.226,35.89177],[139.22504,35.88974],[139.22594,35.88748],[139.22649,35.88736],[139.22788,35.88763]],[[139.23533,35.89049],[139.23516,35.89024],[139.23561,35.88992],[139.23592,35.89024],[139.23533,35.89049]],[[139.24071,35.89545],[139.23971,35.89791],[139.2386,35.89822],[139.23791,35.89814],[139.23796,35.89634],[139.23834,35.89573],[139.24028,35.8953],[139.24071,35.89545]],[[139.24331,35.89433],[139.24337,35.89411],[139.24389,35.89369],[139.24389,35.89417],[139.24331,35.89433]],[[139.25107,35.88175],[139.25035,35.88178],[139.25013,35.88107],[139.25035,35.88094],[139.25091,35.88116],[139.25122,35.88153],[139.25107,35.88175]],[[139.26221,35.8746],[139.26192,35.87505],[139.26119,35.87543],[139.26064,35.87491],[139.26058,35.87414],[139.26093,35.87384],[139.26148,35.87376],[139.26221,35.8746]],[[139.25422,35.80966],[139.25169,35.81172],[139.2503,35.81214],[139.24975,35.81203],[139.25003,35.81135],[139.25226,35.80985],[139.25392,35.80924],[139.25422,35.80966]],[[139.31145,35.80159],[139.31107,35.80181],[139.31124,35.80146],[139.31145,35.80159]],[[139.33339,35.79712],[139.33449,35.79826],[139.33584,35.79854],[139.33717,35.79944],[139.33899,35.80125],[139.33954,35.80283],[139.34082,35.80349],[139.34156,35.80442],[139.34249,35.80645],[139.34273,35.80794],[139.34405,35.80871],[139.34435,35.80984],[139.34416,35.81029],[139.34354,35.81057],[139.34244,35.81053],[139.34193,35.81073],[139.34105,35.81152],[139.34052,35.81275],[139.34076,35.81305],[139.34187,35.8133],[139.34245,35.81411],[139.3426,35.81501],[139.34148,35.81568],[139.34238,35.81659],[139.34245,35.81727],[139.34128,35.81804],[139.33934,35.81875],[139.33796,35.81869],[139.33684,35.82012],[139.33616,35.81994],[139.33547,35.81855],[139.33492,35.81853],[139.33353,35.819],[139.33322,35.81926],[139.33316,35.82016],[139.33209,35.82083],[139.33185,35.82218],[139.33102,35.82284],[139.33038,35.82262],[139.32947,35.82127],[139.32854,35.8205],[139.32771,35.82012],[139.32716,35.82017],[139.3268,35.82058],[139.3265,35.82216],[139.32665,35.82351],[139.32631,35.82375],[139.3252,35.8237],[139.3224,35.82124],[139.32232,35.82079],[139.32293,35.81966],[139.32197,35.81876],[139.32164,35.81864],[139.3208,35.81889],[139.31943,35.81802],[139.31749,35.81773],[139.31667,35.81707],[139.31559,35.81693],[139.31557,35.8158],[139.31397,35.81467],[139.31399,35.81422],[139.31497,35.81354],[139.31448,35.8126],[139.31299,35.81128],[139.31331,35.81016],[139.3126,35.80925],[139.31358,35.80791],[139.31342,35.80554],[139.31426,35.80481],[139.31592,35.80437],[139.31639,35.80319],[139.31815,35.80169],[139.31898,35.80132],[139.32069,35.80118],[139.32091,35.80095],[139.32079,35.79982],[139.32176,35.79895],[139.32536,35.79913],[139.3273,35.79851],[139.33006,35.7986],[139.33117,35.79764],[139.33284,35.797],[139.33339,35.79712]],[[139.35217,35.8023],[139.35253,35.80311],[139.35244,35.80346],[139.35216,35.80353],[139.35017,35.80242],[139.3505,35.80198],[139.35106,35.80183],[139.35217,35.8023]],[[139.25428,35.91192],[139.25137,35.91375],[139.2501,35.91506],[139.24983,35.9151],[139.24758,35.91261],[139.24791,35.91233],[139.24985,35.912],[139.25152,35.91109],[139.25401,35.91099],[139.25436,35.91129],[139.25428,35.91192]],[[139.2605,35.91943],[139.26122,35.92146],[139.26058,35.92251],[139.2578,35.9231],[139.25697,35.92308],[139.25651,35.92279],[139.2567,35.92225],[139.25753,35.92208],[139.25812,35.92167],[139.25863,35.92032],[139.25949,35.91945],[139.26004,35.9193],[139.2605,35.91943]],[[139.28002,35.91493],[139.27919,35.91508],[139.2789,35.91456],[139.28003,35.91396],[139.28038,35.91434],[139.28002,35.91493]],[[139.29081,35.9174],[139.28942,35.91745],[139.28789,35.91708],[139.28859,35.91691],[139.29025,35.91706],[139.29109,35.9167],[139.29137,35.91709],[139.29081,35.9174]],[[139.29416,35.91012],[139.29524,35.9108],[139.29513,35.91125],[139.29417,35.91134],[139.29362,35.91117],[139.29244,35.90989],[139.2928,35.90943],[139.29335,35.90927],[139.29416,35.91012]],[[139.29851,35.90699],[139.29898,35.90811],[139.29973,35.90884],[139.30166,35.90951],[139.30332,35.90971],[139.30345,35.90994],[139.30138,35.91089],[139.29944,35.9106],[139.29917,35.90948],[139.29724,35.90807],[139.29672,35.9072],[139.29753,35.906],[139.29809,35.90569],[139.29846,35.90608],[139.29851,35.90699]],[[139.299,35.89291],[139.29845,35.89295],[139.29831,35.89256],[139.29857,35.89211],[139.29901,35.89194],[139.29937,35.89234],[139.299,35.89291]],[[139.32846,35.87676],[139.32874,35.87699],[139.32835,35.87692],[139.32846,35.87676]],[[139.21843,35.89188],[139.21704,35.89213],[139.21649,35.89183],[139.21638,35.89149],[139.21816,35.89077],[139.21855,35.89128],[139.21843,35.89188]],[[139.22902,35.92468],[139.22869,35.92609],[139.22841,35.92622],[139.22786,35.92604],[139.2275,35.92558],[139.22734,35.92422],[139.22787,35.92409],[139.22902,35.92468]],[[139.30107,35.9153],[139.29996,35.91517],[139.30003,35.91488],[139.30052,35.91461],[139.30135,35.91465],[139.30146,35.91511],[139.30107,35.9153]]],[[[139.40179,35.83374],[139.40182,35.83484],[139.40399,35.83664],[139.40454,35.83664],[139.40537,35.83625],[139.40716,35.83486],[139.4065,35.83275],[139.40595,35.83221],[139.4018,35.8322],[139.40139,35.83281],[139.40179,35.83374]]],[[[139.3694,35.83573],[139.36979,35.83518],[139.3697,35.83472],[139.36941,35.83455],[139.36898,35.83472],[139.36874,35.83517],[139.3694,35.83573]]],[[[139.3756,35.83925],[139.37602,35.83944],[139.37697,35.83903],[139.37741,35.83878],[139.37748,35.83836],[139.37603,35.83802],[139.37549,35.83858],[139.3756,35.83925]]],[[[139.41299,35.83353],[139.41119,35.83431],[139.41092,35.83436],[139.41009,35.83393],[139.40964,35.8342],[139.40977,35.83532],[139.41098,35.83736],[139.40961,35.8396],[139.41044,35.84028],[139.41061,35.84073],[139.40983,35.84253],[139.40862,35.84411],[139.40831,35.84523],[139.40836,35.8463],[139.40741,35.84726],[139.4074,35.84906],[139.4077,35.84974],[139.40889,35.85094],[139.41027,35.85103],[139.41138,35.85141],[139.41282,35.85088],[139.41427,35.84976],[139.41583,35.84712],[139.41674,35.84661],[139.4175,35.84573],[139.41916,35.84532],[139.41972,35.84497],[139.42024,35.84415],[139.41991,35.84325],[139.42,35.84257],[139.42147,35.84077],[139.42131,35.8401],[139.42085,35.83964],[139.41909,35.83941],[139.4187,35.83828],[139.41698,35.83811],[139.41699,35.83647],[139.4154,35.83489],[139.41608,35.83399],[139.41535,35.83304],[139.41424,35.83283],[139.41314,35.832],[139.41299,35.83353]]],[[[139.39917,35.85626],[139.39951,35.85602],[139.3995,35.85557],[139.3989,35.8553],[139.39856,35.85579],[139.39917,35.85626]]],[[[139.42569,35.86686],[139.42619,35.8667],[139.42634,35.86625],[139.42597,35.8659],[139.42531,35.8658],[139.4249,35.86625],[139.42569,35.86686]]],[[[139.29669,35.87859],[139.29698,35.87836],[139.29689,35.87801],[139.29594,35.87768],[139.29598,35.87836],[139.29669,35.87859]]],[[[139.29353,35.87857],[139.29331,35.8788],[139.29384,35.87893],[139.29384,35.87864],[139.29353,35.87857]]],[[[139.40998,35.90568],[139.41053,35.90616],[139.41164,35.9062],[139.41219,35.90646],[139.41258,35.90631],[139.41239,35.90541],[139.41165,35.90454],[139.4111,35.90456],[139.41031,35.90495],[139.40998,35.90568]]],[[[139.49588,35.47077],[139.49593,35.47392],[139.4963,35.47482],[139.49573,35.4764],[139.49465,35.47752],[139.49433,35.47872],[139.49157,35.48072],[139.48909,35.48088],[139.48743,35.48193],[139.48578,35.48184],[139.48053,35.48388],[139.47943,35.48338],[139.47861,35.4823],[139.47723,35.48268],[139.47646,35.48175],[139.47503,35.48163],[139.47366,35.48028],[139.47256,35.47992],[139.47119,35.47844],[139.47064,35.47824],[139.46926,35.47887],[139.46868,35.47993],[139.46742,35.48037],[139.4669,35.48105],[139.46458,35.48262],[139.46346,35.48307],[139.46208,35.48274],[139.46123,35.48328],[139.46207,35.48434],[139.46352,35.48487],[139.46362,35.48735],[139.46505,35.49006],[139.46501,35.49118],[139.46599,35.49254],[139.46707,35.49344],[139.46703,35.49389],[139.46634,35.49457],[139.46622,35.49547],[139.4656,35.49627],[139.46505,35.49639],[139.46367,35.49596],[139.4634,35.49613],[139.46368,35.49726],[139.46322,35.49794],[139.46336,35.49816],[139.46504,35.49784],[139.46587,35.49844],[139.46917,35.49906],[139.46944,35.49931],[139.46956,35.50021],[139.46999,35.50045],[139.4717,35.49977],[139.47275,35.49959],[139.47413,35.49887],[139.47613,35.5],[139.47661,35.50068],[139.47798,35.50129],[139.47962,35.50287],[139.48128,35.50289],[139.48265,35.50358],[139.48458,35.50314],[139.48568,35.50351],[139.48603,35.50409],[139.48542,35.50544],[139.48548,35.50589],[139.48567,35.5062],[139.48687,35.5068],[139.48767,35.5086],[139.48869,35.50928],[139.48924,35.50937],[139.49035,35.50856],[139.49118,35.50848],[139.49223,35.51019],[139.49401,35.51065],[139.49534,35.512],[139.4945,35.51425],[139.49571,35.51538],[139.49581,35.51584],[139.49555,35.51629],[139.495,35.51648],[139.4928,35.51596],[139.49225,35.51608],[139.49191,35.5165],[139.49217,35.51695],[139.49328,35.51741],[139.4927,35.51921],[139.49306,35.52017],[139.4936,35.52071],[139.49403,35.52056],[139.49419,35.51989],[139.495,35.51899],[139.49665,35.51813],[139.49716,35.51832],[139.49802,35.51917],[139.49968,35.51875],[139.5005,35.51878],[139.50132,35.52071],[139.50201,35.52081],[139.50247,35.52036],[139.50179,35.51923],[139.50247,35.51766],[139.50299,35.51736],[139.50658,35.51668],[139.50962,35.51429],[139.51072,35.51485],[139.5121,35.51491],[139.51429,35.51629],[139.51512,35.51616],[139.5165,35.51529],[139.51981,35.51513],[139.52119,35.51586],[139.52256,35.51603],[139.52339,35.51668],[139.52394,35.51676],[139.52486,35.51546],[139.52455,35.51479],[139.52459,35.51276],[139.52425,35.51186],[139.52434,35.5114],[139.52479,35.51098],[139.52589,35.51068],[139.52676,35.50848],[139.52839,35.50616],[139.52894,35.50597],[139.53004,35.50674],[139.53059,35.50677],[139.53087,35.50608],[139.52993,35.50556],[139.52986,35.50511],[139.53074,35.50466],[139.53107,35.50399],[139.53297,35.50241],[139.53502,35.5015],[139.53778,35.50136],[139.53861,35.50047],[139.53916,35.5006],[139.53933,35.50085],[139.53927,35.50153],[139.5397,35.50239],[139.5408,35.50296],[139.54135,35.50304],[139.54274,35.5021],[139.54411,35.5027],[139.54521,35.5028],[139.54686,35.504],[139.54741,35.5049],[139.54851,35.50501],[139.54937,35.50561],[139.55009,35.50651],[139.55236,35.50688],[139.55347,35.50643],[139.5538,35.50607],[139.55384,35.50246],[139.55431,35.50214],[139.55652,35.50158],[139.55733,35.49999],[139.55845,35.49906],[139.56066,35.49884],[139.56204,35.49845],[139.56314,35.49923],[139.56341,35.49921],[139.56424,35.4985],[139.56535,35.49799],[139.56672,35.49797],[139.56783,35.49767],[139.56893,35.49847],[139.57003,35.49875],[139.57168,35.49969],[139.57224,35.4998],[139.57305,35.5007],[139.57471,35.50093],[139.57553,35.50186],[139.57751,35.50206],[139.57795,35.50297],[139.5793,35.50365],[139.5805,35.50523],[139.58101,35.50658],[139.58061,35.5077],[139.58073,35.50816],[139.5813,35.50861],[139.58212,35.50874],[139.58303,35.50861],[139.58453,35.50704],[139.58452,35.50591],[139.58581,35.50366],[139.58766,35.50254],[139.58848,35.5013],[139.58959,35.50084],[139.59145,35.49939],[139.59235,35.49775],[139.59388,35.49737],[139.59315,35.49556],[139.59314,35.49443],[139.59264,35.4936],[139.58906,35.493],[139.58768,35.49389],[139.58713,35.49365],[139.58631,35.49276],[139.58548,35.49316],[139.58327,35.49354],[139.58274,35.49329],[139.58162,35.49183],[139.57997,35.49203],[139.57914,35.49189],[139.57811,35.49035],[139.57862,35.48945],[139.57869,35.48877],[139.57772,35.48832],[139.57728,35.48764],[139.57727,35.48674],[139.57668,35.48638],[139.57605,35.48651],[139.57579,35.48741],[139.57447,35.48892],[139.57337,35.48888],[139.57226,35.48949],[139.57006,35.48931],[139.56868,35.48897],[139.56675,35.48986],[139.56537,35.48938],[139.56399,35.49027],[139.56124,35.49133],[139.55913,35.49031],[139.55904,35.48825],[139.55794,35.48828],[139.55739,35.48727],[139.55629,35.48773],[139.55464,35.48739],[139.55392,35.48601],[139.55354,35.48572],[139.55271,35.48574],[139.55161,35.48629],[139.54941,35.48596],[139.5483,35.48666],[139.54527,35.48618],[139.54389,35.48631],[139.54225,35.48486],[139.54004,35.48429],[139.5401,35.48305],[139.53978,35.48255],[139.53812,35.48237],[139.53647,35.48146],[139.53537,35.48139],[139.5342,35.48078],[139.53334,35.47988],[139.53339,35.47898],[139.53391,35.47808],[139.53348,35.47717],[139.5338,35.47582],[139.53429,35.47535],[139.53539,35.4752],[139.53569,35.4747],[139.5354,35.47405],[139.5343,35.47358],[139.5343,35.47312],[139.53469,35.47199],[139.53629,35.46975],[139.49504,35.46964],[139.49514,35.47009],[139.49588,35.47077]],[[139.48988,35.48742],[139.48859,35.48922],[139.48818,35.49012],[139.48725,35.49463],[139.48655,35.49486],[139.48389,35.49462],[139.48367,35.49372],[139.48438,35.48747],[139.48548,35.48711],[139.48961,35.48699],[139.48988,35.48742]]],[[[139.43077,35.50617],[139.43221,35.50666],[139.43303,35.5067],[139.43368,35.50618],[139.43369,35.50528],[139.43304,35.50495],[139.43119,35.50482],[139.43074,35.50527],[139.43077,35.50617]]],[[[139.58392,35.51244],[139.58363,35.51177],[139.58322,35.51162],[139.58287,35.51177],[139.58294,35.51225],[139.58376,35.51265],[139.58392,35.51244]]],[[[139.58431,35.51322],[139.58073,35.51377],[139.58007,35.51424],[139.57909,35.51829],[139.57851,35.5189],[139.57603,35.51939],[139.57492,35.52005],[139.57391,35.52008],[139.57354,35.52099],[139.57133,35.52237],[139.56985,35.52301],[139.56912,35.52364],[139.56857,35.52365],[139.56664,35.52252],[139.56554,35.52223],[139.56169,35.52299],[139.5613,35.52411],[139.56138,35.52456],[139.5625,35.52442],[139.56333,35.52496],[139.56443,35.52485],[139.56526,35.5245],[139.56664,35.52474],[139.56857,35.52469],[139.5689,35.52503],[139.56993,35.52819],[139.57053,35.52887],[139.57241,35.52961],[139.57517,35.52961],[139.57627,35.53023],[139.57839,35.52888],[139.57927,35.52731],[139.58029,35.52686],[139.5803,35.52596],[139.58069,35.52551],[139.58428,35.52439],[139.58538,35.52382],[139.58649,35.52384],[139.58814,35.52325],[139.59007,35.52329],[139.5909,35.52269],[139.59173,35.52257],[139.59228,35.52272],[139.5931,35.52353],[139.59476,35.52347],[139.59558,35.52404],[139.59696,35.52441],[139.59751,35.5249],[139.59778,35.52475],[139.59814,35.52397],[139.59705,35.52261],[139.597,35.52216],[139.59752,35.5217],[139.59945,35.5209],[139.60082,35.51969],[139.60102,35.51924],[139.60038,35.51811],[139.59973,35.51793],[139.59918,35.51803],[139.59753,35.51915],[139.59642,35.51889],[139.59511,35.51945],[139.59513,35.52013],[139.59477,35.52042],[139.59284,35.51991],[139.59091,35.52022],[139.59014,35.51944],[139.59039,35.51854],[139.58988,35.51764],[139.59009,35.51718],[139.59125,35.51652],[139.59062,35.51516],[139.59082,35.51381],[139.59065,35.51351],[139.5901,35.51343],[139.58872,35.51425],[139.58707,35.51462],[139.58569,35.51424],[139.58504,35.51357],[139.58431,35.51322]]],[[[139.45835,35.52203],[139.45721,35.5218],[139.45528,35.52216],[139.45445,35.5227],[139.45363,35.52252],[139.45319,35.52269],[139.45355,35.52427],[139.45296,35.52517],[139.45416,35.5263],[139.4528,35.52788],[139.45315,35.52923],[139.45387,35.52954],[139.45543,35.52969],[139.45559,35.53081],[139.45717,35.53124],[139.45772,35.5317],[139.45827,35.53126],[139.45825,35.53015],[139.45878,35.52857],[139.46022,35.5282],[139.46105,35.52773],[139.46239,35.52543],[139.46409,35.52448],[139.46685,35.52377],[139.46823,35.5237],[139.46839,35.52342],[139.46796,35.52278],[139.46686,35.52295],[139.46521,35.5224],[139.46383,35.52271],[139.46217,35.52276],[139.4608,35.52167],[139.45942,35.52133],[139.45903,35.52136],[139.45835,35.52203]]],[[[139.53229,35.52675],[139.5304,35.52719],[139.53027,35.52742],[139.5307,35.52855],[139.52994,35.52945],[139.52998,35.53012],[139.52947,35.53102],[139.52955,35.53147],[139.53022,35.53206],[139.5316,35.53234],[139.53215,35.53274],[139.5325,35.53328],[139.53243,35.53419],[139.53269,35.53445],[139.53435,35.535],[139.53738,35.53468],[139.53759,35.5342],[139.53663,35.53262],[139.53666,35.53172],[139.53605,35.53059],[139.53519,35.52991],[139.53523,35.52901],[139.5341,35.5262],[139.53355,35.52585],[139.53229,35.52675]]],[[[139.46017,35.54548],[139.46062,35.5466],[139.45902,35.54821],[139.45902,35.54887],[139.46205,35.54984],[139.46315,35.54955],[139.46398,35.54969],[139.46618,35.551],[139.46756,35.55086],[139.46866,35.55122],[139.46949,35.5512],[139.47031,35.55189],[139.47086,35.55314],[139.47334,35.55191],[139.47472,35.55156],[139.47575,35.55048],[139.4767,35.55003],[139.47845,35.54756],[139.47828,35.54621],[139.47778,35.54572],[139.47723,35.54584],[139.4764,35.54672],[139.47529,35.54698],[139.47363,35.54844],[139.47225,35.54865],[139.47169,35.54844],[139.47044,35.54686],[139.46868,35.54673],[139.46538,35.54542],[139.46455,35.54548],[139.4629,35.54513],[139.46152,35.54449],[139.46097,35.54451],[139.46041,35.54501],[139.46017,35.54548]]],[[[139.49752,35.55798],[139.49703,35.55738],[139.49649,35.55798],[139.49675,35.5583],[139.49731,35.55843],[139.49752,35.55798]]],[[[139.47631,35.57076],[139.47637,35.57189],[139.47684,35.5723],[139.47739,35.57192],[139.47787,35.57077],[139.47939,35.57055],[139.48041,35.5701],[139.48049,35.56987],[139.47878,35.56932],[139.4774,35.56923],[139.47631,35.57076]]],[[[139.48181,35.57139],[139.48208,35.57112],[139.48181,35.57103],[139.48181,35.57139]]],[[[139.4738,35.57166],[139.47381,35.57166],[139.47381,35.57164],[139.4738,35.57166]]],[[[139.504,35.55169],[139.50091,35.55338],[139.50008,35.55516],[139.49952,35.55533],[139.49842,35.55508],[139.49772,35.5555],[139.49775,35.55618],[139.49915,35.55776],[139.49896,35.55821],[139.49824,35.55866],[139.49726,35.56046],[139.49724,35.56091],[139.49782,35.56159],[139.49782,35.56204],[139.49564,35.56383],[139.49423,35.56608],[139.49324,35.56676],[139.49268,35.56788],[139.49147,35.56848],[139.49064,35.56924],[139.49009,35.56924],[139.48954,35.56877],[139.48899,35.56869],[139.48836,35.56945],[139.48622,35.57007],[139.48457,35.57013],[139.48375,35.56939],[139.48337,35.56988],[139.48346,35.57101],[139.48429,35.57193],[139.48511,35.57176],[139.48567,35.57187],[139.48814,35.57331],[139.48924,35.57351],[139.49145,35.57462],[139.49245,35.57577],[139.49364,35.5765],[139.49419,35.57731],[139.49585,35.57717],[139.49695,35.57789],[139.49833,35.57676],[139.49888,35.57664],[139.50109,35.57781],[139.50247,35.5776],[139.50329,35.5777],[139.50439,35.57834],[139.50494,35.57954],[139.50632,35.58025],[139.50742,35.58028],[139.5089,35.581],[139.50913,35.58145],[139.50874,35.58235],[139.50989,35.58339],[139.51099,35.58381],[139.51137,35.58528],[139.51049,35.58641],[139.51112,35.58821],[139.51042,35.58904],[139.50904,35.5897],[139.50931,35.59099],[139.51151,35.59133],[139.51206,35.59269],[139.51434,35.59295],[139.51564,35.59378],[139.51641,35.59499],[139.51729,35.59527],[139.51784,35.596],[139.51915,35.59635],[139.52059,35.59755],[139.52197,35.59766],[139.52335,35.59818],[139.52401,35.59884],[139.52528,35.59928],[139.5261,35.60045],[139.52748,35.60155],[139.52802,35.60254],[139.52885,35.60293],[139.52995,35.60289],[139.53188,35.6033],[139.53354,35.60325],[139.53492,35.60362],[139.53796,35.60272],[139.53906,35.60215],[139.54182,35.60155],[139.54515,35.60385],[139.54543,35.60453],[139.54529,35.60543],[139.54567,35.606],[139.54622,35.60608],[139.54678,35.6057],[139.54761,35.60412],[139.54871,35.60403],[139.54912,35.60431],[139.54954,35.60522],[139.55111,35.60589],[139.55118,35.60702],[139.5497,35.60746],[139.55008,35.60805],[139.55091,35.60816],[139.55201,35.60775],[139.55311,35.60837],[139.55422,35.60804],[139.5556,35.60837],[139.5567,35.60812],[139.55781,35.60678],[139.55919,35.60671],[139.56195,35.60508],[139.56389,35.60514],[139.56499,35.60473],[139.56622,35.6048],[139.56666,35.60548],[139.56885,35.60677],[139.57105,35.60688],[139.57192,35.60639],[139.57308,35.60436],[139.57576,35.60367],[139.5769,35.60415],[139.57717,35.60572],[139.57768,35.60596],[139.57823,35.60589],[139.57906,35.60498],[139.58056,35.60438],[139.58103,35.60348],[139.5821,35.60282],[139.58238,35.60206],[139.58293,35.60197],[139.58542,35.60232],[139.5859,35.60101],[139.58791,35.59983],[139.58825,35.59921],[139.58803,35.59876],[139.58543,35.59863],[139.58433,35.59722],[139.58378,35.59695],[139.58129,35.59748],[139.57982,35.59717],[139.57909,35.59652],[139.57826,35.59657],[139.57743,35.59692],[139.57512,35.59693],[139.57466,35.59648],[139.57441,35.59535],[139.57303,35.59454],[139.57248,35.59367],[139.57165,35.59328],[139.5711,35.59252],[139.56972,35.59245],[139.56807,35.59195],[139.56669,35.59057],[139.56637,35.58993],[139.56532,35.58955],[139.56437,35.58857],[139.56367,35.58819],[139.56311,35.58827],[139.56229,35.58882],[139.56063,35.58845],[139.55925,35.58951],[139.55814,35.58953],[139.55677,35.58898],[139.55566,35.58972],[139.55483,35.58978],[139.55235,35.58876],[139.55015,35.58829],[139.5485,35.5871],[139.54712,35.58664],[139.54545,35.58515],[139.5453,35.58357],[139.54456,35.58266],[139.54413,35.58109],[139.54425,35.58019],[139.54301,35.57946],[139.54231,35.5786],[139.54248,35.57748],[139.54162,35.57612],[139.54156,35.57477],[139.54027,35.57418],[139.53972,35.57339],[139.53752,35.57267],[139.53709,35.57228],[139.53796,35.56935],[139.53852,35.56552],[139.53755,35.56417],[139.53662,35.56372],[139.53617,35.56314],[139.53479,35.56326],[139.53397,35.56292],[139.53177,35.56088],[139.52929,35.56047],[139.52936,35.55919],[139.52902,35.55886],[139.52797,35.55851],[139.52806,35.55671],[139.52765,35.55635],[139.52351,35.55585],[139.52269,35.55555],[139.5202,35.55577],[139.5191,35.55527],[139.518,35.55507],[139.51662,35.55569],[139.51497,35.55572],[139.51359,35.55617],[139.51304,35.55581],[139.5124,35.55487],[139.50977,35.55328],[139.50931,35.5526],[139.50836,35.55238],[139.50643,35.55237],[139.50506,35.55074],[139.504,35.55169]],[[139.53357,35.59567],[139.5344,35.59576],[139.53456,35.59616],[139.53274,35.5965],[139.53218,35.59616],[139.53199,35.59525],[139.53247,35.59517],[139.53357,35.59567]]],[[[139.50767,35.58759],[139.50846,35.58753],[139.50862,35.58731],[139.50822,35.58676],[139.50767,35.58655],[139.50709,35.58708],[139.50767,35.58759]]],[[[139.47988,35.59421],[139.48032,35.59581],[139.4806,35.59565],[139.48101,35.59444],[139.48086,35.59399],[139.48033,35.59379],[139.47988,35.59421]]],[[[139.57133,35.60829],[139.5716,35.60813],[139.57119,35.60819],[139.57133,35.60829]]],[[[139.49352,35.61183],[139.49235,35.61318],[139.491,35.61394],[139.4895,35.61407],[139.48907,35.61504],[139.48723,35.61609],[139.48718,35.61677],[139.48772,35.61834],[139.48725,35.61924],[139.48689,35.62353],[139.48654,35.62446],[139.48562,35.62487],[139.48521,35.62532],[139.48492,35.626],[139.48515,35.62641],[139.48681,35.62728],[139.48819,35.6264],[139.48957,35.62668],[139.49067,35.62609],[139.49183,35.62714],[139.49315,35.6278],[139.49426,35.62789],[139.49563,35.62896],[139.49729,35.62825],[139.4995,35.62688],[139.50066,35.62492],[139.50393,35.62432],[139.50448,35.62446],[139.505,35.62493],[139.50561,35.62583],[139.50639,35.62809],[139.50722,35.62875],[139.50781,35.62877],[139.50822,35.62764],[139.50889,35.6272],[139.50926,35.62719],[139.50999,35.62771],[139.51129,35.62742],[139.5117,35.6263],[139.51077,35.62539],[139.51006,35.62359],[139.51056,35.62311],[139.51186,35.62269],[139.5125,35.62192],[139.51281,35.62202],[139.51332,35.62305],[139.51387,35.62316],[139.51453,35.62293],[139.51468,35.6227],[139.51418,35.6209],[139.51223,35.6201],[139.51112,35.62013],[139.51002,35.61983],[139.50892,35.61864],[139.50782,35.61903],[139.50726,35.61898],[139.50539,35.61749],[139.50351,35.61681],[139.50203,35.61562],[139.50065,35.61553],[139.49983,35.61525],[139.49933,35.61477],[139.49926,35.61387],[139.49791,35.61243],[139.4968,35.61236],[139.49432,35.61152],[139.49352,35.61183]]],[[[139.43925,35.62315],[139.43935,35.62352],[139.43963,35.62343],[139.43963,35.62297],[139.43925,35.62315]]],[[[139.55771,35.63573],[139.55522,35.63607],[139.55274,35.63672],[139.55053,35.63672],[139.55023,35.63699],[139.55163,35.63791],[139.55246,35.63713],[139.55356,35.63731],[139.55522,35.63708],[139.55632,35.63732],[139.55715,35.63725],[139.55881,35.63785],[139.56019,35.63731],[139.56377,35.63881],[139.56433,35.63858],[139.5644,35.63792],[139.56378,35.63726],[139.56267,35.63701],[139.56086,35.63611],[139.56088,35.63521],[139.55964,35.63513],[139.55771,35.63573]]],[[[139.46076,35.62931],[139.45941,35.63088],[139.4594,35.63133],[139.4602,35.63246],[139.46035,35.63314],[139.45934,35.63403],[139.45876,35.63629],[139.45898,35.63719],[139.45884,35.63809],[139.45799,35.63944],[139.45633,35.64056],[139.45721,35.64146],[139.45859,35.64178],[139.45941,35.64256],[139.46162,35.64299],[139.46218,35.64328],[139.46267,35.64464],[139.46198,35.64666],[139.46132,35.64734],[139.46106,35.64801],[139.46132,35.64825],[139.46242,35.64836],[139.46358,35.64937],[139.46407,35.65022],[139.46512,35.65005],[139.46573,35.64949],[139.46683,35.64957],[139.46714,35.64938],[139.46688,35.64825],[139.46516,35.64667],[139.46512,35.64554],[139.46547,35.64535],[139.46712,35.64649],[139.47015,35.64809],[139.47097,35.64917],[139.47149,35.64939],[139.47148,35.64962],[139.46916,35.65051],[139.46919,35.65074],[139.47007,35.65119],[139.47235,35.65122],[139.47329,35.65075],[139.47401,35.64995],[139.47622,35.6497],[139.47684,35.64919],[139.47623,35.64788],[139.47457,35.64782],[139.4733,35.6467],[139.47347,35.64587],[139.47535,35.644],[139.47514,35.64376],[139.47376,35.64342],[139.47074,35.64173],[139.47017,35.6406],[139.47025,35.6397],[139.46995,35.63857],[139.4688,35.63699],[139.46882,35.63667],[139.46938,35.63636],[139.47186,35.63612],[139.4738,35.63536],[139.47711,35.63506],[139.48045,35.6359],[139.4809,35.63635],[139.47976,35.63905],[139.48011,35.64041],[139.48149,35.64248],[139.48287,35.64364],[139.48342,35.64375],[139.48504,35.64312],[139.48481,35.64269],[139.48367,35.64199],[139.48335,35.64109],[139.48356,35.64064],[139.48427,35.64012],[139.48429,35.63929],[139.48519,35.63794],[139.48443,35.63411],[139.48493,35.63298],[139.48467,35.63231],[139.48507,35.63118],[139.48541,35.6309],[139.48679,35.63096],[139.48757,35.63029],[139.48735,35.62986],[139.48624,35.62984],[139.486,35.62961],[139.48636,35.62871],[139.48597,35.6282],[139.48514,35.62841],[139.48404,35.62965],[139.48266,35.62966],[139.48155,35.63011],[139.47962,35.62987],[139.47823,35.63107],[139.47547,35.63136],[139.47409,35.63048],[139.47216,35.63079],[139.46884,35.6319],[139.46829,35.63179],[139.46747,35.63108],[139.46554,35.63052],[139.46436,35.62909],[139.46333,35.62841],[139.46086,35.62791],[139.46042,35.6284],[139.46076,35.62931]]],[[[139.468,35.65186],[139.46819,35.65164],[139.46765,35.65134],[139.46682,35.6514],[139.46666,35.65163],[139.4671,35.65196],[139.468,35.65186]]],[[[139.44289,35.65809],[139.44277,35.65788],[139.44222,35.65806],[139.442,35.65854],[139.44249,35.65869],[139.44289,35.65809]]],[[[139.48156,35.66137],[139.48095,35.66227],[139.48109,35.66317],[139.48195,35.66438],[139.48334,35.66498],[139.48364,35.66475],[139.48338,35.66363],[139.48419,35.6625],[139.48395,35.66092],[139.48362,35.66065],[139.48307,35.66067],[139.48156,35.66137]]],[[[139.4325,35.66302],[139.43214,35.66437],[139.43247,35.6655],[139.43279,35.6657],[139.43418,35.66426],[139.43475,35.66325],[139.43469,35.6628],[139.43419,35.6625],[139.43308,35.66257],[139.4325,35.66302]]],[[[139.43778,35.66224],[139.43609,35.66416],[139.43556,35.66573],[139.4322,35.66933],[139.43243,35.67023],[139.43192,35.67113],[139.43195,35.67158],[139.43359,35.67179],[139.43404,35.67204],[139.43424,35.67249],[139.43396,35.67361],[139.43441,35.6739],[139.43524,35.67384],[139.43635,35.67316],[139.43745,35.67287],[139.44049,35.67295],[139.44087,35.67206],[139.44,35.67093],[139.44039,35.67003],[139.44078,35.6698],[139.44216,35.67003],[139.44299,35.66984],[139.44412,35.66824],[139.44414,35.66711],[139.44273,35.66661],[139.44265,35.66508],[139.44154,35.66372],[139.44054,35.66308],[139.43943,35.66356],[139.43867,35.66349],[139.43833,35.66321],[139.43806,35.66234],[139.43778,35.66224]]],[[[139.55568,35.66268],[139.55292,35.66382],[139.55016,35.66309],[139.54957,35.66335],[139.5485,35.66463],[139.54739,35.66494],[139.54656,35.66488],[139.54491,35.66429],[139.54325,35.66533],[139.54159,35.66542],[139.54048,35.66685],[139.53772,35.66697],[139.53748,35.66715],[139.53771,35.66828],[139.53744,35.66939],[139.53716,35.66957],[139.53495,35.66998],[139.53412,35.66961],[139.53329,35.67019],[139.53209,35.66984],[139.53081,35.66852],[139.53137,35.66621],[139.53082,35.66604],[139.52983,35.66646],[139.52818,35.67051],[139.52749,35.67123],[139.52743,35.67231],[139.52685,35.67321],[139.52679,35.67411],[139.52626,35.67479],[139.52645,35.67636],[139.52664,35.67672],[139.52719,35.67675],[139.52779,35.67592],[139.52858,35.67363],[139.52941,35.67312],[139.52995,35.67322],[139.53024,35.67397],[139.53209,35.6757],[139.53243,35.6766],[139.53243,35.67755],[139.53354,35.67823],[139.53386,35.67999],[139.53377,35.68111],[139.53352,35.68149],[139.53214,35.68186],[139.53076,35.6815],[139.53021,35.6821],[139.52965,35.68333],[139.52744,35.68353],[139.52664,35.6847],[139.52662,35.68515],[139.52716,35.68533],[139.52826,35.68517],[139.53102,35.68635],[139.5324,35.6867],[139.53378,35.68662],[139.53654,35.68852],[139.53705,35.68946],[139.53791,35.69018],[139.54013,35.68901],[139.54234,35.68859],[139.54372,35.68882],[139.54455,35.68857],[139.54538,35.68787],[139.54593,35.6878],[139.54771,35.68858],[139.54934,35.68994],[139.54979,35.6907],[139.55089,35.691],[139.55227,35.69214],[139.5531,35.69237],[139.55531,35.69168],[139.55697,35.68986],[139.55835,35.6895],[139.55919,35.68867],[139.56029,35.68907],[139.56167,35.6887],[139.5636,35.68937],[139.56498,35.68953],[139.56774,35.69105],[139.56912,35.69208],[139.56967,35.69219],[139.5708,35.69157],[139.57149,35.69067],[139.57343,35.68999],[139.57398,35.68954],[139.57461,35.68707],[139.57414,35.68526],[139.57439,35.68481],[139.57633,35.68385],[139.57721,35.68302],[139.57882,35.682],[139.58103,35.68192],[139.58269,35.68153],[139.58462,35.6807],[139.58545,35.68074],[139.58655,35.6814],[139.58738,35.68071],[139.58849,35.68037],[139.58987,35.6793],[139.58936,35.67696],[139.58713,35.67466],[139.58602,35.67456],[139.58464,35.67534],[139.58326,35.67458],[139.58216,35.67466],[139.58105,35.67521],[139.57884,35.67525],[139.57802,35.67405],[139.57661,35.67333],[139.57645,35.67287],[139.57676,35.6722],[139.57608,35.67152],[139.57499,35.67129],[139.57361,35.67058],[139.57057,35.67049],[139.56864,35.66983],[139.56791,35.6688],[139.56726,35.66834],[139.56588,35.66786],[139.56506,35.66802],[139.56395,35.66714],[139.56285,35.66695],[139.562,35.66586],[139.56156,35.66473],[139.5612,35.6645],[139.55927,35.66428],[139.55762,35.66343],[139.55651,35.6633],[139.55568,35.66268]]],[[[139.49984,35.6793],[139.49978,35.6808],[139.49845,35.68176],[139.49707,35.68156],[139.49459,35.68043],[139.49412,35.68056],[139.4932,35.6815],[139.4921,35.68141],[139.49071,35.68162],[139.48961,35.68252],[139.4887,35.6828],[139.48794,35.68366],[139.48651,35.68414],[139.48572,35.68527],[139.48457,35.68571],[139.48367,35.68684],[139.48262,35.68728],[139.48264,35.68751],[139.48342,35.68819],[139.48527,35.68887],[139.48626,35.68966],[139.48764,35.69018],[139.48902,35.69005],[139.4937,35.69283],[139.49509,35.69284],[139.49761,35.69116],[139.49876,35.69071],[139.49922,35.69026],[139.49931,35.68914],[139.4998,35.68855],[139.50035,35.68847],[139.50284,35.68915],[139.50449,35.68897],[139.50615,35.6881],[139.50753,35.68831],[139.50892,35.68772],[139.5111,35.68984],[139.51305,35.69089],[139.51415,35.69077],[139.51609,35.69094],[139.51701,35.68851],[139.51665,35.6879],[139.51444,35.68809],[139.51334,35.6877],[139.51223,35.68775],[139.51085,35.68718],[139.50947,35.68724],[139.50644,35.68601],[139.50534,35.6851],[139.50497,35.68419],[139.50236,35.68216],[139.50224,35.68148],[139.50161,35.6808],[139.50204,35.68018],[139.50336,35.67968],[139.50331,35.67923],[139.5026,35.67906],[139.5015,35.67922],[139.50039,35.67871],[139.49984,35.6793]]],[[[139.52604,35.68729],[139.52621,35.68673],[139.52632,35.68649],[139.52603,35.6865],[139.52568,35.6874],[139.52604,35.68729]]],[[[139.53838,35.71389],[139.53838,35.7141],[139.5386,35.71403],[139.53838,35.71389]]],[[[139.42647,35.70446],[139.42774,35.70514],[139.42794,35.70559],[139.42668,35.70694],[139.42734,35.70726],[139.42899,35.70718],[139.43046,35.7083],[139.43056,35.70875],[139.43018,35.70943],[139.43147,35.71236],[139.43255,35.71331],[139.43361,35.71507],[139.43384,35.71643],[139.43375,35.71823],[139.43391,35.71851],[139.43572,35.71914],[139.4358,35.71959],[139.4354,35.72026],[139.43583,35.72109],[139.43776,35.7219],[139.43942,35.7222],[139.44217,35.724],[139.44383,35.7243],[139.44759,35.7194],[139.44904,35.7185],[139.45,35.71648],[139.45147,35.71558],[139.4514,35.71468],[139.45085,35.71378],[139.45142,35.71265],[139.45034,35.71085],[139.4497,35.71052],[139.44749,35.71055],[139.4461,35.71144],[139.44417,35.7119],[139.44361,35.71189],[139.44251,35.71125],[139.44057,35.71191],[139.44002,35.7119],[139.43902,35.71059],[139.43644,35.70892],[139.43589,35.70876],[139.43506,35.70897],[139.43465,35.70877],[139.43365,35.70741],[139.43313,35.70628],[139.43316,35.70538],[139.43271,35.70493],[139.43149,35.70447],[139.42983,35.70543],[139.42928,35.70549],[139.42873,35.70514],[139.42812,35.70424],[139.42708,35.70398],[139.42647,35.70446]]],[[[139.53143,35.71175],[139.52954,35.7135],[139.52815,35.71423],[139.52677,35.71536],[139.52539,35.71513],[139.52415,35.71421],[139.52318,35.71404],[139.52014,35.71454],[139.51987,35.71465],[139.51995,35.7151],[139.52013,35.71536],[139.52102,35.71556],[139.52179,35.7163],[139.52289,35.7165],[139.52442,35.71714],[139.52565,35.7181],[139.52786,35.71786],[139.52886,35.71671],[139.53036,35.71552],[139.53091,35.71541],[139.53179,35.71581],[139.53312,35.7159],[139.5345,35.71502],[139.53561,35.71501],[139.53616,35.71436],[139.53628,35.71402],[139.53589,35.71357],[139.53313,35.71219],[139.53286,35.71093],[139.53177,35.71108],[139.53143,35.71175]]],[[[139.51546,35.71083],[139.51379,35.7118],[139.51308,35.71261],[139.5113,35.71297],[139.51006,35.71418],[139.51071,35.71621],[139.51163,35.71689],[139.51107,35.71801],[139.51144,35.71846],[139.51211,35.71876],[139.51349,35.71867],[139.51363,35.71847],[139.51322,35.71707],[139.5135,35.71686],[139.51488,35.71671],[139.51516,35.71565],[139.51627,35.71543],[139.5171,35.71424],[139.51825,35.71352],[139.51683,35.71239],[139.51601,35.71083],[139.51546,35.71083]]],[[[139.54891,35.71112],[139.54795,35.71292],[139.54747,35.7145],[139.54619,35.71562],[139.54666,35.71662],[139.54693,35.71678],[139.54804,35.71672],[139.5497,35.71614],[139.55108,35.71667],[139.55246,35.7166],[139.55384,35.717],[139.55557,35.717],[139.55741,35.7179],[139.55751,35.71835],[139.55687,35.71892],[139.55685,35.71925],[139.55797,35.7202],[139.55935,35.72002],[139.56157,35.71927],[139.56295,35.71924],[139.56434,35.71808],[139.56572,35.7181],[139.56654,35.71848],[139.5682,35.71845],[139.56904,35.71698],[139.57098,35.71543],[139.57208,35.7155],[139.5754,35.71496],[139.57844,35.71503],[139.57872,35.71479],[139.57741,35.71411],[139.57568,35.71357],[139.57347,35.71215],[139.571,35.71275],[139.57043,35.71418],[139.56904,35.7146],[139.56794,35.71564],[139.56738,35.71577],[139.56628,35.71543],[139.56545,35.71568],[139.56379,35.71546],[139.56048,35.71423],[139.55302,35.71268],[139.54972,35.71079],[139.54891,35.71112]]],[[[139.49242,35.70827],[139.49004,35.71072],[139.4888,35.71232],[139.48873,35.71277],[139.48923,35.71322],[139.4914,35.71423],[139.49155,35.71458],[139.49108,35.71548],[139.49253,35.71661],[139.49265,35.71796],[139.49423,35.71864],[139.49562,35.7209],[139.49669,35.72135],[139.49717,35.7218],[139.49723,35.72271],[139.49635,35.72338],[139.49571,35.7245],[139.49596,35.72518],[139.49633,35.7254],[139.49827,35.72364],[139.49846,35.72248],[139.50179,35.71956],[139.50354,35.71913],[139.50469,35.71799],[139.50612,35.7171],[139.50639,35.71642],[139.50606,35.71552],[139.50708,35.71485],[139.5073,35.71394],[139.50715,35.71371],[139.50605,35.71366],[139.5044,35.71273],[139.50025,35.71244],[139.49888,35.71128],[139.49833,35.71036],[139.49612,35.71008],[139.49448,35.7094],[139.49281,35.70764],[139.49243,35.70759],[139.49228,35.70782],[139.49242,35.70827]]],[[[139.44424,35.72547],[139.4463,35.72696],[139.44728,35.72841],[139.44906,35.72884],[139.45043,35.73034],[139.45236,35.73085],[139.45292,35.73069],[139.45283,35.73001],[139.45044,35.7283],[139.44979,35.72707],[139.44815,35.72571],[139.44631,35.72482],[139.44493,35.72518],[139.4441,35.72517],[139.44424,35.72547]]],[[[139.45097,35.73257],[139.45098,35.73235],[139.45069,35.73248],[139.4507,35.73249],[139.45097,35.73257]]],[[[139.5037,35.73534],[139.50375,35.73551],[139.50387,35.73534],[139.5037,35.73534]]],[[[139.44591,35.74261],[139.44609,35.74261],[139.44595,35.74236],[139.44591,35.74261]]],[[[139.44754,35.74239],[139.44834,35.74352],[139.45009,35.74463],[139.45064,35.74462],[139.4513,35.74398],[139.4513,35.7433],[139.45049,35.74262],[139.45041,35.74172],[139.44983,35.74119],[139.44928,35.74106],[139.44817,35.74128],[139.44754,35.74239]]],[[[139.44157,35.74372],[139.44125,35.74346],[139.44081,35.74394],[139.44125,35.74408],[139.44157,35.74372]]],[[[139.43875,35.74512],[139.43945,35.74461],[139.43903,35.74427],[139.43841,35.74484],[139.43875,35.74512]]],[[[139.46196,35.74676],[139.46279,35.74672],[139.46295,35.74627],[139.46252,35.74602],[139.46197,35.7462],[139.46167,35.74649],[139.46196,35.74676]]],[[[139.52512,35.73292],[139.52395,35.73472],[139.52405,35.73562],[139.52309,35.73662],[139.52254,35.73675],[139.52143,35.73642],[139.52006,35.73495],[139.51978,35.73507],[139.51893,35.73696],[139.5174,35.73876],[139.517,35.7389],[139.51562,35.73839],[139.51507,35.7384],[139.51452,35.73876],[139.51404,35.73965],[139.5134,35.73996],[139.50982,35.73827],[139.50899,35.73762],[139.5054,35.7363],[139.50346,35.73819],[139.50314,35.7394],[139.50235,35.73992],[139.50184,35.74255],[139.50143,35.74322],[139.50012,35.74438],[139.49901,35.74487],[139.49817,35.74669],[139.49624,35.74691],[139.4948,35.74816],[139.49181,35.74868],[139.49098,35.74968],[139.48849,35.74986],[139.48766,35.7502],[139.48745,35.75062],[139.48774,35.7513],[139.48778,35.75242],[139.4882,35.75333],[139.48706,35.75422],[139.48703,35.75535],[139.4862,35.75602],[139.48635,35.7576],[139.48596,35.75783],[139.48486,35.75762],[139.48449,35.75805],[139.48419,35.7594],[139.48347,35.76002],[139.48268,35.7603],[139.48289,35.7612],[139.48195,35.76232],[139.48207,35.76373],[139.48068,35.76415],[139.47989,35.76524],[139.47902,35.76521],[139.47857,35.76547],[139.47853,35.76637],[139.47709,35.76772],[139.47623,35.76929],[139.47649,35.77019],[139.47628,35.77132],[139.47567,35.77171],[139.47457,35.7719],[139.47422,35.77221],[139.47406,35.77356],[139.47341,35.77446],[139.47372,35.77507],[139.47455,35.77536],[139.4751,35.77528],[139.47594,35.77424],[139.47815,35.77373],[139.47891,35.77268],[139.48151,35.77133],[139.48179,35.77088],[139.48152,35.77021],[139.48167,35.76976],[139.48358,35.76796],[139.48412,35.76706],[139.4842,35.76638],[139.48455,35.76615],[139.48648,35.76633],[139.4898,35.76608],[139.49118,35.76647],[139.49478,35.76606],[139.49626,35.76732],[139.49864,35.76837],[139.50058,35.76643],[139.50252,35.76611],[139.50295,35.76644],[139.50313,35.76756],[139.50361,35.76817],[139.50527,35.76786],[139.50559,35.76757],[139.50561,35.76667],[139.50625,35.766],[139.50647,35.76509],[139.50768,35.76375],[139.50818,35.76217],[139.50862,35.76178],[139.5122,35.76128],[139.51332,35.7605],[139.51449,35.76016],[139.51501,35.75926],[139.51554,35.75898],[139.51637,35.75913],[139.5172,35.75975],[139.51775,35.75962],[139.51803,35.75862],[139.5186,35.75792],[139.51783,35.75566],[139.51861,35.75454],[139.51855,35.75341],[139.51888,35.75303],[139.52082,35.75248],[139.52248,35.75276],[139.52303,35.75266],[139.52393,35.75185],[139.52429,35.75095],[139.52581,35.74944],[139.52636,35.74929],[139.52802,35.74962],[139.52885,35.74894],[139.53106,35.74791],[139.53127,35.74758],[139.53088,35.74646],[139.53218,35.74556],[139.53257,35.74421],[139.53384,35.7436],[139.53417,35.74286],[139.53523,35.74239],[139.53634,35.74143],[139.53948,35.74062],[139.54077,35.73927],[139.54022,35.73851],[139.53939,35.7383],[139.53828,35.73871],[139.5369,35.73877],[139.53607,35.73931],[139.53469,35.73971],[139.53414,35.73966],[139.5334,35.7388],[139.53252,35.73835],[139.5324,35.73699],[139.53198,35.73654],[139.53138,35.73633],[139.53028,35.73633],[139.52724,35.73542],[139.52681,35.73473],[139.5269,35.7336],[139.52642,35.73281],[139.52512,35.73292]]],[[[139.46193,35.77353],[139.46141,35.77443],[139.46114,35.776],[139.46044,35.77639],[139.45905,35.77667],[139.45907,35.77712],[139.46016,35.77792],[139.46127,35.77726],[139.4632,35.77747],[139.46398,35.77691],[139.46598,35.7761],[139.46764,35.77432],[139.46958,35.7743],[139.47096,35.77393],[139.47109,35.77356],[139.47076,35.7731],[139.47014,35.773],[139.46737,35.77342],[139.46516,35.77295],[139.46378,35.77332],[139.46212,35.7724],[139.46174,35.77263],[139.46193,35.77353]]],[[[139.47665,35.8007],[139.47692,35.80125],[139.47886,35.80144],[139.47941,35.8011],[139.47953,35.80062],[139.47909,35.79994],[139.47804,35.79962],[139.47721,35.79992],[139.47665,35.8007]]],[[[139.586,35.85891],[139.58462,35.85968],[139.58453,35.85992],[139.58529,35.8597],[139.58684,35.85853],[139.58724,35.85813],[139.58712,35.8579],[139.586,35.85891]]],[[[139.62592,35.79533],[139.62603,35.79623],[139.62436,35.79766],[139.62353,35.79794],[139.62188,35.79772],[139.6209,35.79803],[139.62067,35.7987],[139.61966,35.79924],[139.62,35.80028],[139.61938,35.80087],[139.61882,35.80096],[139.618,35.80051],[139.61716,35.80117],[139.6155,35.80149],[139.61329,35.80109],[139.61267,35.80116],[139.6127,35.80162],[139.61329,35.80207],[139.61362,35.80342],[139.61187,35.80499],[139.61214,35.80612],[139.61189,35.80653],[139.60912,35.80736],[139.60829,35.80814],[139.60663,35.80876],[139.60608,35.80929],[139.60386,35.81043],[139.60331,35.8105],[139.6022,35.81019],[139.60054,35.81083],[139.6005,35.81173],[139.60192,35.81338],[139.60299,35.81422],[139.60261,35.81557],[139.60275,35.81715],[139.60355,35.81985],[139.603,35.82077],[139.60143,35.82165],[139.59968,35.82185],[139.59875,35.82232],[139.59764,35.8239],[139.59745,35.82591],[139.59635,35.82547],[139.59358,35.82599],[139.59192,35.82599],[139.591,35.82636],[139.5898,35.82771],[139.58776,35.82767],[139.58686,35.82861],[139.58706,35.82951],[139.58632,35.83041],[139.58639,35.83153],[139.58581,35.83177],[139.58471,35.83138],[139.58415,35.83153],[139.58387,35.83221],[139.58408,35.83288],[139.58359,35.83329],[139.58247,35.83355],[139.58222,35.834],[139.58277,35.83446],[139.58193,35.83548],[139.58137,35.83517],[139.58042,35.8358],[139.57943,35.83594],[139.57777,35.83579],[139.57667,35.83528],[139.57647,35.83557],[139.57666,35.83714],[139.57472,35.83768],[139.57334,35.83902],[139.5714,35.83961],[139.56863,35.8396],[139.56752,35.84052],[139.56641,35.84024],[139.56622,35.84073],[139.56687,35.84298],[139.56668,35.84397],[139.56376,35.84523],[139.56177,35.84748],[139.56113,35.84855],[139.56011,35.8486],[139.55919,35.84929],[139.5567,35.84966],[139.55486,35.85084],[139.55457,35.85129],[139.55459,35.85242],[139.55225,35.85306],[139.55142,35.8535],[139.55098,35.85399],[139.55086,35.85467],[139.54987,35.85534],[139.54872,35.85759],[139.54726,35.85783],[139.54615,35.85731],[139.54476,35.85768],[139.54311,35.85735],[139.542,35.85793],[139.53895,35.8585],[139.53867,35.85977],[139.53787,35.86049],[139.53776,35.86139],[139.53723,35.86207],[139.53769,35.8632],[139.53745,35.86455],[139.5383,35.86568],[139.5382,35.86613],[139.53623,35.86815],[139.5342,35.86956],[139.53226,35.87026],[139.53115,35.87018],[139.52957,35.87106],[139.52895,35.87354],[139.52911,35.87467],[139.52753,35.8763],[139.52665,35.87804],[139.52331,35.88096],[139.5237,35.88209],[139.52306,35.88299],[139.52315,35.88367],[139.52282,35.88434],[139.52141,35.8849],[139.52085,35.88557],[139.5203,35.88577],[139.51725,35.8864],[139.51586,35.88604],[139.51503,35.88609],[139.51477,35.88657],[139.51467,35.88838],[139.51502,35.88853],[139.51586,35.88828],[139.5162,35.8886],[139.51474,35.88953],[139.51419,35.88954],[139.51364,35.88919],[139.51254,35.88731],[139.51226,35.88721],[139.51198,35.88747],[139.51261,35.8886],[139.51246,35.8895],[139.51282,35.89017],[139.51127,35.89107],[139.5112,35.8922],[139.51141,35.89253],[139.5139,35.89285],[139.51639,35.8918],[139.51778,35.8918],[139.51878,35.89086],[139.52028,35.89056],[139.52121,35.88929],[139.52194,35.88906],[139.52277,35.88921],[139.52319,35.88952],[139.52381,35.8911],[139.52359,35.8918],[139.52387,35.892],[139.52555,35.89133],[139.52637,35.8913],[139.52996,35.89375],[139.53189,35.89385],[139.53225,35.89428],[139.53244,35.89554],[139.53327,35.89558],[139.53383,35.89588],[139.53447,35.89699],[139.53465,35.89857],[139.53528,35.89947],[139.53578,35.90172],[139.53549,35.90262],[139.5361,35.9033],[139.53617,35.90375],[139.53519,35.90465],[139.53462,35.90565],[139.53323,35.90612],[139.53312,35.90848],[139.53267,35.90873],[139.53128,35.90863],[139.53083,35.90892],[139.53139,35.90983],[139.53127,35.91213],[139.52981,35.91253],[139.52905,35.91358],[139.52739,35.91417],[139.526,35.91432],[139.52489,35.91507],[139.52295,35.91547],[139.52212,35.91523],[139.52156,35.91531],[139.5207,35.91656],[139.51851,35.91732],[139.5163,35.91594],[139.51353,35.91513],[139.51187,35.91489],[139.51058,35.91338],[139.50883,35.91328],[139.50772,35.9136],[139.50689,35.91351],[139.50638,35.91291],[139.50722,35.91156],[139.50675,35.90999],[139.5047,35.90852],[139.50468,35.9075],[139.50388,35.9066],[139.50379,35.9057],[139.50249,35.90479],[139.50291,35.90096],[139.50213,35.89961],[139.50329,35.89848],[139.50308,35.89821],[139.50252,35.8982],[139.50197,35.89854],[139.50158,35.90006],[139.5008,35.90163],[139.50029,35.90182],[139.49863,35.90136],[139.49815,35.90163],[139.49804,35.90298],[139.49862,35.90422],[139.49999,35.90569],[139.50012,35.90614],[139.49823,35.90951],[139.49845,35.91109],[139.49748,35.91172],[139.49724,35.91221],[139.49735,35.91447],[139.4981,35.91537],[139.49805,35.91627],[139.49839,35.91717],[139.49764,35.9183],[139.4955,35.92024],[139.49546,35.92145],[139.49494,35.92222],[139.49328,35.92253],[139.49238,35.92324],[139.49106,35.92365],[139.48939,35.92497],[139.48772,35.92586],[139.48699,35.92706],[139.48439,35.92909],[139.48272,35.92908],[139.48235,35.92817],[139.48024,35.92771],[139.47885,35.92676],[139.47719,35.92698],[139.47636,35.92751],[139.47525,35.92746],[139.47221,35.92543],[139.47166,35.92563],[139.46776,35.92932],[139.46721,35.92943],[139.46582,35.92888],[139.46527,35.92891],[139.46416,35.92985],[139.46234,35.93059],[139.46127,35.93216],[139.46276,35.93264],[139.46581,35.93233],[139.46774,35.93285],[139.47024,35.93212],[139.47384,35.93282],[139.47523,35.93256],[139.47661,35.93278],[139.478,35.93259],[139.4791,35.93283],[139.48049,35.93257],[139.4816,35.93279],[139.48271,35.93258],[139.48714,35.93257],[139.49185,35.93212],[139.49379,35.93253],[139.49822,35.93239],[139.50044,35.93262],[139.50653,35.93263],[139.50848,35.9322],[139.51069,35.93265],[139.51651,35.93265],[139.51845,35.93244],[139.52066,35.93267],[139.52316,35.93245],[139.52704,35.93269],[139.53064,35.93269],[139.5323,35.93248],[139.53396,35.9327],[139.53646,35.93238],[139.53812,35.93268],[139.54283,35.93273],[139.54588,35.93204],[139.54782,35.9325],[139.54976,35.93225],[139.55336,35.93271],[139.55502,35.93253],[139.55668,35.93272],[139.55918,35.93243],[139.5625,35.93273],[139.56444,35.93255],[139.56777,35.93273],[139.56998,35.93248],[139.57059,35.93223],[139.57064,35.93155],[139.56971,35.93053],[139.56861,35.93012],[139.5678,35.92929],[139.56819,35.92749],[139.56796,35.92726],[139.56557,35.92761],[139.56501,35.92861],[139.56362,35.92899],[139.56239,35.92815],[139.56169,35.92706],[139.56119,35.92725],[139.56041,35.92815],[139.55808,35.92899],[139.55753,35.92872],[139.5567,35.92783],[139.55476,35.92814],[139.55388,35.92768],[139.55339,35.927],[139.5534,35.9261],[139.55297,35.92497],[139.55173,35.92395],[139.55145,35.92264],[139.55007,35.9222],[139.54969,35.92159],[139.5498,35.92114],[139.55035,35.9208],[139.55229,35.92117],[139.55281,35.92092],[139.55292,35.91912],[139.55149,35.91799],[139.55105,35.91708],[139.54987,35.91641],[139.54959,35.91595],[139.5501,35.91546],[139.55093,35.91579],[139.55143,35.91573],[139.55148,35.9155],[139.55057,35.91505],[139.55046,35.9146],[139.55177,35.91325],[139.55213,35.91235],[139.55196,35.91145],[139.5529,35.91055],[139.5524,35.90943],[139.55261,35.90902],[139.55317,35.90891],[139.55427,35.90916],[139.55592,35.90898],[139.55611,35.90786],[139.55733,35.90712],[139.55808,35.90606],[139.55899,35.90571],[139.56065,35.90569],[139.56232,35.90516],[139.56343,35.90547],[139.56481,35.90547],[139.56675,35.90418],[139.56952,35.90444],[139.57063,35.90381],[139.57257,35.90474],[139.57357,35.90497],[139.57423,35.9058],[139.57533,35.90593],[139.57567,35.90722],[139.57754,35.90807],[139.5779,35.90903],[139.57864,35.90994],[139.58003,35.91045],[139.58169,35.91028],[139.58307,35.9113],[139.5839,35.91151],[139.58457,35.9113],[139.58501,35.91047],[139.58612,35.91083],[139.58723,35.91078],[139.58804,35.91108],[139.58871,35.91334],[139.58986,35.91379],[139.59227,35.91672],[139.59254,35.91762],[139.59321,35.9183],[139.59276,35.91943],[139.59285,35.92033],[139.59351,35.92146],[139.59302,35.92258],[139.59328,35.9234],[139.59459,35.92484],[139.59443,35.92574],[139.59383,35.92654],[139.59299,35.92664],[139.5928,35.92686],[139.59319,35.92777],[139.59244,35.92911],[139.59188,35.92929],[139.59077,35.92897],[139.58994,35.92948],[139.58803,35.93001],[139.5867,35.93091],[139.58688,35.93231],[139.58799,35.9326],[139.59076,35.93234],[139.59215,35.9326],[139.59797,35.93261],[139.59963,35.93224],[139.60157,35.93263],[139.6121,35.93252],[139.61228,35.93231],[139.61182,35.93134],[139.60951,35.93005],[139.6074,35.92738],[139.6043,35.92441],[139.60429,35.92351],[139.60301,35.92283],[139.6029,35.92238],[139.60326,35.9215],[139.60446,35.92058],[139.60438,35.91939],[139.60382,35.91917],[139.60161,35.91929],[139.60103,35.91877],[139.60133,35.91825],[139.60274,35.91742],[139.60318,35.91607],[139.60841,35.91135],[139.60832,35.91067],[139.60755,35.90932],[139.60568,35.90683],[139.60643,35.90301],[139.60723,35.90211],[139.60679,35.9012],[139.60687,35.90075],[139.60831,35.89965],[139.60914,35.8985],[139.61109,35.89684],[139.61255,35.89671],[139.61469,35.89564],[139.6156,35.89468],[139.61557,35.89423],[139.6147,35.89345],[139.61419,35.89243],[139.61443,35.89108],[139.61313,35.88927],[139.61194,35.88657],[139.61195,35.8863],[139.6125,35.88589],[139.61189,35.88319],[139.61239,35.88138],[139.61032,35.87823],[139.61031,35.87779],[139.61087,35.87571],[139.61281,35.87477],[139.61318,35.8744],[139.61305,35.87372],[139.61337,35.87209],[139.61577,35.87148],[139.61655,35.87058],[139.61545,35.86787],[139.61785,35.86652],[139.61835,35.86585],[139.61675,35.86246],[139.61684,35.86201],[139.61749,35.86134],[139.6174,35.86021],[139.61935,35.85954],[139.62016,35.85886],[139.62237,35.85774],[139.62111,35.85549],[139.62005,35.85436],[139.61951,35.85407],[139.61868,35.85408],[139.6173,35.85369],[139.61665,35.85323],[139.61605,35.85007],[139.61553,35.84917],[139.6158,35.84736],[139.6151,35.8471],[139.61455,35.84617],[139.61412,35.84646],[139.61071,35.85096],[139.60789,35.85378],[139.60539,35.85527],[139.59818,35.85876],[139.5968,35.85926],[139.59597,35.85907],[139.59321,35.85735],[139.59229,35.85656],[139.59216,35.85611],[139.59505,35.85296],[139.59915,35.84936],[139.60387,35.84464],[139.60816,35.83879],[139.61087,35.83564],[139.61296,35.83384],[139.61314,35.83294],[139.61227,35.83181],[139.61182,35.83164],[139.61127,35.83177],[139.60905,35.83333],[139.60789,35.83518],[139.60631,35.83878],[139.6046,35.84183],[139.60099,35.84526],[139.59738,35.84946],[139.59228,35.85273],[139.59108,35.85408],[139.58822,35.85885],[139.58683,35.86026],[139.58434,35.86195],[139.58424,35.86353],[139.58516,35.86426],[139.58524,35.86466],[139.5846,35.86536],[139.58322,35.86508],[139.58266,35.86545],[139.58335,35.86758],[139.58175,35.86916],[139.58248,35.87186],[139.58175,35.87344],[139.57987,35.87404],[139.57903,35.87473],[139.57765,35.87473],[139.57702,35.875],[139.57674,35.87568],[139.57754,35.87681],[139.5769,35.87771],[139.57238,35.87838],[139.56838,35.88152],[139.56606,35.88422],[139.56451,35.88692],[139.56295,35.8912],[139.56264,35.89137],[139.56242,35.89097],[139.56291,35.88872],[139.56494,35.88422],[139.56408,35.88286],[139.56264,35.88241],[139.56275,35.88151],[139.56188,35.87993],[139.56297,35.87903],[139.56349,35.87813],[139.56657,35.877],[139.5674,35.87595],[139.56851,35.87588],[139.56962,35.87497],[139.57128,35.87506],[139.57186,35.87477],[139.57469,35.87094],[139.57553,35.86892],[139.57712,35.86663],[139.57764,35.86509],[139.57963,35.86274],[139.58162,35.86149],[139.58137,35.86082],[139.58149,35.86037],[139.58341,35.85879],[139.58463,35.85712],[139.58585,35.85655],[139.58724,35.8552],[139.58768,35.85503],[139.58878,35.85544],[139.58906,35.85524],[139.59045,35.85285],[139.59239,35.85129],[139.59544,35.84945],[139.59667,35.84846],[139.59956,35.84486],[139.60211,35.84243],[139.60378,35.84036],[139.60732,35.83383],[139.6085,35.83229],[139.60989,35.83132],[139.61155,35.83066],[139.6157,35.8301],[139.61709,35.82973],[139.61844,35.82889],[139.6202,35.82732],[139.62117,35.82597],[139.62185,35.82439],[139.62222,35.82169],[139.62196,35.82056],[139.62193,35.8165],[139.62078,35.812],[139.61992,35.81132],[139.62156,35.81051],[139.62461,35.80831],[139.62905,35.80567],[139.63126,35.80477],[139.6368,35.80349],[139.63956,35.80211],[139.64,35.80121],[139.63984,35.80076],[139.63902,35.80076],[139.63763,35.80166],[139.63597,35.80099],[139.63487,35.80084],[139.63441,35.79963],[139.63321,35.79848],[139.63204,35.79782],[139.63156,35.79698],[139.62975,35.79601],[139.62742,35.79411],[139.62686,35.79418],[139.62592,35.79533]],[[139.58844,35.87632],[139.59168,35.87639],[139.59228,35.87684],[139.59176,35.8771],[139.58955,35.87713],[139.58819,35.87661],[139.58844,35.87632]],[[139.59122,35.87308],[139.59103,35.87368],[139.59011,35.87398],[139.58956,35.87371],[139.5892,35.873],[139.58956,35.87275],[139.59039,35.87271],[139.59095,35.87279],[139.59122,35.87308]],[[139.59822,35.90186],[139.59761,35.90366],[139.59722,35.90376],[139.59664,35.90321],[139.59654,35.90231],[139.59747,35.90073],[139.59816,35.90096],[139.59822,35.90186]],[[139.60494,35.85748],[139.60456,35.85745],[139.60456,35.85703],[139.60528,35.85681],[139.60544,35.85704],[139.60494,35.85748]],[[139.51739,35.92044],[139.51886,35.92129],[139.51912,35.92174],[139.51904,35.92219],[139.51515,35.92721],[139.51487,35.92745],[139.51431,35.92744],[139.51352,35.9269],[139.51347,35.92645],[139.51527,35.92263],[139.51541,35.92037],[139.51601,35.92007],[139.51739,35.92044]],[[139.5436,35.87335],[139.5436,35.87385],[139.54305,35.87353],[139.5425,35.87238],[139.54292,35.87245],[139.5436,35.87335]],[[139.54858,35.86548],[139.54772,35.86615],[139.54859,35.86683],[139.54833,35.86724],[139.5475,35.86735],[139.54584,35.86705],[139.54567,35.86682],[139.54584,35.86637],[139.54737,35.86592],[139.54691,35.86525],[139.54719,35.8648],[139.54806,35.86493],[139.54858,35.86548]],[[139.54969,35.88666],[139.55102,35.88804],[139.55291,35.88847],[139.55299,35.8887],[139.55185,35.88891],[139.55047,35.8886],[139.54964,35.88809],[139.54924,35.88734],[139.54965,35.88577],[139.54969,35.88666]],[[139.55278,35.88306],[139.55132,35.88389],[139.55072,35.88373],[139.55086,35.88351],[139.55278,35.88306]],[[139.55437,35.88248],[139.55408,35.88239],[139.55464,35.88213],[139.5552,35.88216],[139.55437,35.88248]],[[139.5566,35.88758],[139.55545,35.88793],[139.55537,35.88758],[139.55601,35.88735],[139.5566,35.88758]],[[139.55835,35.87677],[139.55799,35.87632],[139.55799,35.87598],[139.55861,35.87654],[139.55863,35.87677],[139.55835,35.87677]],[[139.5588,35.88082],[139.55924,35.8806],[139.55963,35.88045],[139.55936,35.88085],[139.5588,35.88082]],[[139.55991,35.87991],[139.55992,35.87899],[139.56019,35.8789],[139.56036,35.87947],[139.56019,35.87987],[139.55991,35.87991]],[[139.56376,35.87227],[139.5624,35.87272],[139.56304,35.87227],[139.56376,35.87227]],[[139.57094,35.87116],[139.56852,35.87256],[139.5659,35.87205],[139.56608,35.87183],[139.56852,35.87164],[139.57046,35.87099],[139.57094,35.87116]],[[139.57739,35.84233],[139.57756,35.84233],[139.57748,35.84241],[139.57739,35.84233]],[[139.59357,35.82982],[139.59351,35.8293],[139.59412,35.82886],[139.59426,35.82952],[139.59384,35.82987],[139.59357,35.82982]],[[139.61856,35.81154],[139.61824,35.8118],[139.6163,35.81233],[139.61665,35.81402],[139.6163,35.81433],[139.61511,35.81469],[139.61455,35.81627],[139.6138,35.81714],[139.61325,35.8173],[139.61159,35.8169],[139.61134,35.81649],[139.61165,35.81468],[139.61104,35.81378],[139.61187,35.81322],[139.61298,35.81327],[139.61354,35.81273],[139.61492,35.81282],[139.61622,35.81154],[139.61741,35.81091],[139.61856,35.81154]],[[139.59859,35.90994],[139.59861,35.91223],[139.59803,35.91239],[139.59762,35.91155],[139.59765,35.90997],[139.598,35.90952],[139.59859,35.90994]],[[139.55405,35.89338],[139.55461,35.89306],[139.55475,35.89321],[139.55433,35.89345],[139.55405,35.89338]],[[139.55488,35.89295],[139.55488,35.89304],[139.55478,35.89298],[139.55488,35.89295]],[[139.55808,35.89119],[139.55627,35.89248],[139.55554,35.89253],[139.55747,35.89141],[139.55822,35.89021],[139.55851,35.89051],[139.55808,35.89119]]],[[[139.5796,35.86419],[139.5788,35.86599],[139.57906,35.86637],[139.58,35.86577],[139.58128,35.86412],[139.5815,35.86375],[139.58137,35.8633],[139.58073,35.86324],[139.5796,35.86419]]],[[[139.44151,35.87802],[139.4439,35.88003],[139.44445,35.87996],[139.44516,35.87916],[139.44474,35.87839],[139.44253,35.8772],[139.4417,35.87729],[139.44142,35.87757],[139.44151,35.87802]]],[[[139.51143,35.88583],[139.51199,35.88583],[139.51249,35.88544],[139.5126,35.88499],[139.51236,35.88476],[139.51199,35.88479],[139.51152,35.88521],[139.51143,35.88583]]],[[[139.45537,35.93124],[139.45539,35.93169],[139.45581,35.93214],[139.45722,35.93278],[139.45832,35.93279],[139.46014,35.93216],[139.46019,35.93193],[139.45889,35.9309],[139.45723,35.93078],[139.45584,35.93098],[139.45537,35.93124]]],[[[139.5883,35.47044],[139.58955,35.47077],[139.59023,35.47162],[139.59078,35.47169],[139.59117,35.47145],[139.5907,35.47054],[139.59078,35.46987],[139.58795,35.46986],[139.5883,35.47044]]],[[[139.64697,35.46997],[139.64641,35.47222],[139.64654,35.47267],[139.64762,35.47335],[139.64835,35.47443],[139.64945,35.47456],[139.65095,35.47403],[139.65524,35.47076],[139.65573,35.46998],[139.64697,35.46997]]],[[[139.6512,35.47741],[139.65137,35.47684],[139.65068,35.47673],[139.65064,35.47741],[139.65082,35.47758],[139.6512,35.47741]]],[[[139.66805,35.47],[139.66828,35.4736],[139.67238,35.47496],[139.67298,35.47564],[139.67258,35.47708],[139.67119,35.47789],[139.6699,35.47992],[139.66971,35.48059],[139.66993,35.48127],[139.67064,35.48177],[139.6745,35.4834],[139.67584,35.48375],[139.67618,35.48488],[139.67724,35.48624],[139.67715,35.48736],[139.6778,35.48757],[139.67816,35.48714],[139.67987,35.48241],[139.68205,35.47768],[139.68208,35.47565],[139.68168,35.47307],[139.68113,35.47273],[139.67975,35.47253],[139.67618,35.47143],[139.67503,35.47001],[139.66805,35.47]]],[[[139.66266,35.4776],[139.66128,35.4799],[139.66145,35.48035],[139.66293,35.48088],[139.66436,35.48081],[139.66515,35.48239],[139.66486,35.4829],[139.66285,35.48351],[139.66276,35.48374],[139.66403,35.48431],[139.66568,35.48458],[139.66669,35.48374],[139.66621,35.48239],[139.66789,35.47986],[139.66872,35.47777],[139.66735,35.47733],[139.66322,35.47731],[139.66266,35.4776]]],[[[139.68635,35.47956],[139.6847,35.47919],[139.68425,35.47948],[139.68245,35.48331],[139.68218,35.48489],[139.68662,35.48331],[139.68717,35.48358],[139.68855,35.48608],[139.68937,35.4863],[139.6898,35.48603],[139.69064,35.48467],[139.69245,35.4831],[139.69278,35.48242],[139.69268,35.48152],[139.69033,35.47949],[139.68938,35.47902],[139.68746,35.47897],[139.68635,35.47956]]],[[[139.66733,35.48367],[139.66616,35.48622],[139.66633,35.48667],[139.66678,35.4869],[139.6675,35.48667],[139.66728,35.48577],[139.66763,35.48532],[139.67091,35.48463],[139.67229,35.48478],[139.67297,35.48443],[139.67257,35.48393],[139.66899,35.48248],[139.66844,35.48252],[139.66733,35.48367]]],[[[139.66329,35.48667],[139.66404,35.48689],[139.66457,35.48577],[139.6643,35.48525],[139.66375,35.48515],[139.66345,35.48532],[139.66329,35.48667]]],[[[139.68221,35.48762],[139.68276,35.48758],[139.68282,35.48692],[139.68221,35.48645],[139.68166,35.48643],[139.68163,35.48692],[139.68221,35.48762]]],[[[139.66432,35.48734],[139.6665,35.48908],[139.6676,35.48946],[139.66804,35.48938],[139.66677,35.48791],[139.6643,35.48705],[139.66432,35.48734]]],[[[139.73344,35.50101],[139.73247,35.5086],[139.73247,35.51041],[139.73277,35.51176],[139.73324,35.51244],[139.737,35.51407],[139.73507,35.51387],[139.73287,35.51321],[139.73232,35.51331],[139.73196,35.51379],[139.73181,35.51514],[139.73089,35.51581],[139.73069,35.51694],[139.72983,35.51816],[139.72928,35.51834],[139.72876,35.51807],[139.72818,35.51606],[139.72708,35.51638],[139.72655,35.51671],[139.72702,35.51784],[139.72625,35.51939],[139.72515,35.51949],[139.72322,35.5191],[139.7227,35.51964],[139.72129,35.52008],[139.72046,35.52119],[139.71853,35.52157],[139.71838,35.52211],[139.71963,35.52225],[139.72156,35.52191],[139.72266,35.52221],[139.72349,35.52211],[139.72542,35.52246],[139.72707,35.52304],[139.72817,35.5229],[139.72983,35.5231],[139.7312,35.52369],[139.7319,35.52438],[139.73258,35.52463],[139.73424,35.52429],[139.73561,35.52434],[139.73644,35.52464],[139.73911,35.52326],[139.73975,35.52225],[139.74113,35.52193],[139.74151,35.52236],[139.74231,35.52484],[139.74305,35.52556],[139.74361,35.52558],[139.74581,35.52492],[139.74625,35.52439],[139.74574,35.52349],[139.74586,35.52304],[139.74637,35.52279],[139.74747,35.52274],[139.74857,35.52305],[139.74944,35.52371],[139.7516,35.52422],[139.75215,35.52414],[139.7527,35.52362],[139.75326,35.52373],[139.75684,35.52642],[139.75794,35.52653],[139.75877,35.52627],[139.75966,35.52507],[139.76039,35.5235],[139.75917,35.52192],[139.76022,35.51944],[139.7607,35.51905],[139.76208,35.51928],[139.76291,35.51901],[139.76533,35.51471],[139.76512,35.51397],[139.76296,35.51291],[139.76303,35.51133],[139.7563,35.50921],[139.75548,35.50949],[139.75408,35.51087],[139.75244,35.51088],[139.75134,35.51111],[139.74865,35.51831],[139.74909,35.51988],[139.75023,35.52111],[139.75133,35.52162],[139.75221,35.52259],[139.75226,35.52349],[139.75133,35.52348],[139.74912,35.52188],[139.74637,35.51935],[139.74527,35.519],[139.74313,35.51718],[139.73866,35.51501],[139.73812,35.51447],[139.7384,35.51379],[139.73921,35.51365],[139.74086,35.51425],[139.74196,35.51495],[139.74477,35.51582],[139.74503,35.5156],[139.74482,35.51537],[139.74204,35.51357],[139.74208,35.51312],[139.74252,35.51272],[139.74555,35.51474],[139.7461,35.51493],[139.74665,35.51478],[139.74896,35.50952],[139.74904,35.50817],[139.74849,35.50681],[139.74556,35.5054],[139.74253,35.50439],[139.73426,35.5008],[139.73371,35.50079],[139.73344,35.50101]],[[139.74355,35.52056],[139.74416,35.52016],[139.74432,35.52033],[139.74389,35.52072],[139.74355,35.52056]]],[[[139.67901,35.51621],[139.67857,35.51593],[139.67811,35.51643],[139.67884,35.51664],[139.67901,35.51621]]],[[[139.65252,35.5031],[139.65131,35.50407],[139.64993,35.50375],[139.6491,35.50381],[139.64815,35.50445],[139.64772,35.50539],[139.64602,35.50625],[139.6461,35.50715],[139.64657,35.50805],[139.64577,35.50895],[139.64558,35.50985],[139.64634,35.51166],[139.64634,35.51323],[139.64577,35.51445],[139.64439,35.51595],[139.64353,35.51638],[139.64361,35.51774],[139.64209,35.51863],[139.64132,35.52111],[139.6419,35.52179],[139.64379,35.52292],[139.64514,35.52517],[139.64516,35.52608],[139.64467,35.52698],[139.6439,35.52765],[139.64393,35.52833],[139.64574,35.52978],[139.64629,35.52991],[139.64712,35.52966],[139.64767,35.52984],[139.64913,35.53104],[139.65036,35.53284],[139.6505,35.5333],[139.65,35.53397],[139.64981,35.53532],[139.6501,35.536],[139.65179,35.53719],[139.65344,35.53784],[139.65509,35.53811],[139.65813,35.53742],[139.66144,35.53605],[139.66488,35.53422],[139.66852,35.53129],[139.66867,35.53062],[139.66836,35.52972],[139.66918,35.52791],[139.66887,35.52724],[139.66901,35.52679],[139.67276,35.52524],[139.67317,35.52454],[139.67084,35.52186],[139.67029,35.52156],[139.66946,35.52148],[139.66906,35.52115],[139.66867,35.52048],[139.66879,35.51958],[139.66717,35.5189],[139.66514,35.51664],[139.66313,35.51604],[139.66233,35.51551],[139.66222,35.51438],[139.66309,35.51303],[139.66287,35.51267],[139.66176,35.51253],[139.66094,35.5119],[139.66092,35.51123],[139.66166,35.51033],[139.66059,35.50965],[139.66032,35.5092],[139.66084,35.50762],[139.65902,35.50631],[139.65737,35.5056],[139.65682,35.50429],[139.65587,35.50378],[139.65517,35.50297],[139.65434,35.50269],[139.65352,35.50277],[139.65252,35.5031]],[[139.66064,35.5231],[139.65982,35.52294],[139.65935,35.52249],[139.66009,35.52206],[139.66036,35.5221],[139.66064,35.5231]],[[139.66118,35.52362],[139.66119,35.52332],[139.66171,35.5234],[139.66174,35.52366],[139.66118,35.52362]],[[139.65099,35.52111],[139.64989,35.52113],[139.64964,35.52067],[139.64989,35.52028],[139.65127,35.51994],[139.65129,35.52068],[139.65099,35.52111]]],[[[139.66778,35.53309],[139.6653,35.53521],[139.66309,35.5365],[139.65821,35.53849],[139.65481,35.5394],[139.65371,35.53883],[139.65261,35.53859],[139.65159,35.53938],[139.65131,35.54051],[139.6515,35.54112],[139.65315,35.54248],[139.65453,35.543],[139.65535,35.54397],[139.65727,35.54502],[139.65757,35.54547],[139.65731,35.5466],[139.65866,35.54738],[139.65976,35.54748],[139.6609,35.54638],[139.66156,35.54458],[139.66256,35.54368],[139.66293,35.54188],[139.66325,35.54143],[139.66418,35.54083],[139.66556,35.5408],[139.66653,35.54008],[139.66657,35.53918],[139.66591,35.53805],[139.66873,35.53355],[139.66867,35.53332],[139.66778,35.53309]]],[[[139.60436,35.53888],[139.602,35.5402],[139.60192,35.54042],[139.60226,35.54178],[139.60324,35.5429],[139.60357,35.54381],[139.60407,35.544],[139.60628,35.54353],[139.60766,35.54352],[139.60758,35.54224],[139.60803,35.54134],[139.60886,35.54044],[139.60882,35.53976],[139.60822,35.53954],[139.60601,35.53962],[139.60436,35.53888]]],[[[139.59165,35.54889],[139.59185,35.54874],[139.59165,35.54839],[139.5915,35.54852],[139.59165,35.54889]]],[[[139.6934,35.54461],[139.69227,35.54665],[139.69087,35.54732],[139.69047,35.54777],[139.69107,35.5489],[139.6905,35.5498],[139.69119,35.5507],[139.69174,35.55228],[139.69101,35.55408],[139.68917,35.55498],[139.68925,35.5568],[139.6898,35.55679],[139.6909,35.55611],[139.69311,35.55561],[139.69366,35.55528],[139.6937,35.55499],[139.69287,35.55386],[139.69371,35.55273],[139.69335,35.55161],[139.69394,35.55065],[139.69477,35.55056],[139.69615,35.55143],[139.69808,35.55162],[139.69863,35.55188],[139.69882,35.55251],[139.69863,35.55298],[139.6978,35.55375],[139.69644,35.55431],[139.69696,35.55522],[139.69752,35.55541],[139.69945,35.55471],[139.70048,35.55409],[139.70166,35.55178],[139.70255,35.55071],[139.70231,35.55026],[139.7015,35.54981],[139.69951,35.54711],[139.69805,35.54575],[139.69726,35.54452],[139.69671,35.5446],[139.69616,35.54525],[139.69561,35.54507],[139.69478,35.54436],[139.69396,35.54422],[139.6934,35.54461]]],[[[139.68731,35.55805],[139.68816,35.55768],[139.68842,35.5572],[139.68787,35.55695],[139.68731,35.55704],[139.68695,35.55768],[139.68731,35.55805]]],[[[139.61668,35.56208],[139.6156,35.56344],[139.61505,35.56364],[139.61394,35.56357],[139.61441,35.56501],[139.61303,35.56636],[139.61228,35.56636],[139.61118,35.56586],[139.61008,35.56597],[139.60897,35.56575],[139.60814,35.56522],[139.60704,35.56497],[139.60552,35.56522],[139.60563,35.56589],[139.60539,35.56634],[139.60345,35.56681],[139.60271,35.56747],[139.6029,35.56787],[139.60385,35.56837],[139.60414,35.56972],[139.604,35.5701],[139.60179,35.57074],[139.60096,35.57079],[139.59986,35.5713],[139.5982,35.57273],[139.59516,35.57269],[139.59295,35.57307],[139.59158,35.57282],[139.5902,35.57325],[139.58882,35.57232],[139.58772,35.5724],[139.58521,35.57171],[139.58623,35.57262],[139.58799,35.57347],[139.58828,35.5742],[139.58881,35.57469],[139.58936,35.57477],[139.5913,35.57439],[139.59377,35.57582],[139.59515,35.57553],[139.59645,35.57579],[139.59791,35.57667],[139.5989,35.57782],[139.60011,35.57832],[139.60204,35.58026],[139.60369,35.58044],[139.60466,35.58167],[139.60755,35.58154],[139.60865,35.58103],[139.61031,35.58156],[139.61251,35.58169],[139.61291,35.58191],[139.61349,35.58304],[139.61414,35.58349],[139.61471,35.58429],[139.61499,35.58432],[139.61551,35.58372],[139.61482,35.58259],[139.61482,35.58214],[139.61555,35.58166],[139.61638,35.58033],[139.61776,35.5802],[139.61886,35.57972],[139.61997,35.58015],[139.62052,35.58003],[139.6208,35.57881],[139.62186,35.57832],[139.62248,35.57742],[139.62494,35.57542],[139.62632,35.57462],[139.62874,35.57405],[139.6297,35.5727],[139.63074,35.57192],[139.63185,35.57179],[139.63323,35.57199],[139.63433,35.57045],[139.63512,35.57],[139.63544,35.56908],[139.63765,35.56863],[139.63833,35.5673],[139.63778,35.56618],[139.63814,35.56415],[139.63666,35.56257],[139.63408,35.5617],[139.63077,35.561],[139.62608,35.56204],[139.6236,35.56154],[139.62222,35.56195],[139.62084,35.562],[139.6196,35.56164],[139.61868,35.56096],[139.61754,35.56092],[139.61698,35.56118],[139.61668,35.56208]]],[[[139.61922,35.58237],[139.61952,35.58214],[139.61941,35.58169],[139.61886,35.58194],[139.61886,35.58225],[139.61922,35.58237]]],[[[139.65083,35.59352],[139.65084,35.59391],[139.65248,35.59441],[139.65283,35.59302],[139.65221,35.59277],[139.65083,35.59352]]],[[[139.65112,35.58829],[139.64891,35.59028],[139.64775,35.59053],[139.64719,35.59211],[139.64595,35.59368],[139.64421,35.59431],[139.643,35.59435],[139.642,35.59527],[139.64007,35.59586],[139.63896,35.59682],[139.63815,35.59682],[139.6362,35.59609],[139.63454,35.59688],[139.63389,35.59772],[139.63373,35.59997],[139.63426,35.60024],[139.63537,35.59916],[139.63675,35.59908],[139.6373,35.5993],[139.63785,35.60032],[139.6384,35.60042],[139.63978,35.59962],[139.64448,35.59608],[139.64586,35.59566],[139.64641,35.59514],[139.64862,35.59402],[139.65028,35.59223],[139.65308,35.59054],[139.65222,35.58844],[139.65112,35.58829]]],[[[139.66098,35.61857],[139.65794,35.61961],[139.65822,35.62034],[139.66153,35.62068],[139.66202,35.6203],[139.66185,35.61962],[139.66098,35.61857]]],[[[139.62013,35.6222],[139.61958,35.62215],[139.61936,35.62248],[139.61985,35.62264],[139.62013,35.6222]]],[[[139.6097,35.61525],[139.60769,35.61638],[139.60635,35.61686],[139.60579,35.61684],[139.6069,35.6163],[139.60856,35.61503],[139.60871,35.61457],[139.60801,35.6144],[139.60635,35.61536],[139.60414,35.61617],[139.60138,35.61651],[139.6016,35.61704],[139.60272,35.61772],[139.60249,35.61794],[139.59779,35.6174],[139.59558,35.61777],[139.59282,35.61921],[139.59116,35.61975],[139.58785,35.61991],[139.58763,35.62017],[139.58781,35.62084],[139.58751,35.62174],[139.58765,35.6222],[139.58866,35.62365],[139.58949,35.62431],[139.59225,35.62514],[139.59308,35.62559],[139.59445,35.62582],[139.59583,35.62697],[139.59776,35.62727],[139.59997,35.62648],[139.60156,35.62696],[139.60356,35.62702],[139.60438,35.62771],[139.60549,35.62814],[139.60619,35.62899],[139.60824,35.62882],[139.60962,35.62981],[139.61178,35.6299],[139.61273,35.63103],[139.61403,35.63172],[139.61486,35.63257],[139.61596,35.63243],[139.61762,35.63338],[139.61927,35.6338],[139.62065,35.63475],[139.62203,35.63488],[139.62242,35.63443],[139.62243,35.63353],[139.62132,35.6324],[139.62149,35.63147],[139.6179,35.62998],[139.61685,35.62811],[139.61678,35.62631],[139.61751,35.62541],[139.61755,35.62383],[139.61838,35.62293],[139.61847,35.62248],[139.61765,35.62192],[139.61544,35.62153],[139.61293,35.61999],[139.61281,35.61864],[139.61055,35.61638],[139.61135,35.61481],[139.61132,35.61442],[139.61077,35.61436],[139.6097,35.61525]]],[[[139.63356,35.63828],[139.63369,35.63828],[139.63361,35.63813],[139.63356,35.63828]]],[[[139.58574,35.64923],[139.5861,35.64972],[139.58693,35.65013],[139.58831,35.64971],[139.5884,35.64946],[139.58731,35.64788],[139.58666,35.64749],[139.58584,35.64788],[139.58574,35.64923]]],[[[139.60041,35.65399],[139.59906,35.65436],[139.59851,35.65373],[139.59741,35.65344],[139.59667,35.65376],[139.59633,35.65421],[139.59768,35.6552],[139.59933,35.65538],[139.60237,35.65467],[139.60293,35.65485],[139.60348,35.65541],[139.60414,35.65513],[139.60448,35.65468],[139.60376,35.65372],[139.60321,35.65342],[139.60183,35.65326],[139.60041,35.65399]]],[[[139.61093,35.65646],[139.6108,35.65694],[139.61203,35.65781],[139.61327,35.65717],[139.61389,35.6565],[139.61369,35.65615],[139.61314,35.65599],[139.61093,35.65646]]],[[[139.58893,35.71565],[139.58976,35.71527],[139.58977,35.71484],[139.58886,35.71504],[139.58865,35.71549],[139.58893,35.71565]]],[[[139.74167,35.777],[139.73967,35.77745],[139.7389,35.77867],[139.73838,35.78037],[139.7361,35.7842],[139.73695,35.78596],[139.73761,35.78556],[139.73921,35.78375],[139.74309,35.77722],[139.74293,35.77677],[139.7425,35.77664],[139.74167,35.777]]],[[[139.71222,35.79026],[139.7104,35.7906],[139.70874,35.79048],[139.70686,35.79094],[139.70569,35.79193],[139.70332,35.79273],[139.70302,35.79318],[139.70403,35.79329],[139.70696,35.79206],[139.71012,35.79129],[139.71206,35.79104],[139.71648,35.79103],[139.717,35.79072],[139.71648,35.79013],[139.71427,35.78954],[139.71372,35.78955],[139.71222,35.79026]]],[[[139.62684,35.7915],[139.62825,35.79211],[139.62852,35.79128],[139.62828,35.79083],[139.6277,35.79072],[139.62696,35.79105],[139.62684,35.7915]]],[[[139.62548,35.79282],[139.62506,35.79285],[139.62493,35.79309],[139.62548,35.79321],[139.62548,35.79282]]],[[[139.70868,35.79342],[139.71011,35.79437],[139.71218,35.79364],[139.7121,35.79342],[139.71122,35.79304],[139.70895,35.79319],[139.70868,35.79342]]],[[[139.6744,35.7963],[139.67358,35.79788],[139.67387,35.79835],[139.67775,35.79772],[139.6819,35.79841],[139.68245,35.79821],[139.68262,35.79789],[139.68203,35.79699],[139.68135,35.79649],[139.67637,35.79621],[139.67606,35.79586],[139.67609,35.79518],[139.67554,35.79486],[139.67385,35.79495],[139.67368,35.79518],[139.6744,35.7963]]],[[[139.657,35.79776],[139.65511,35.79898],[139.65522,35.79921],[139.65645,35.79951],[139.66253,35.79954],[139.66313,35.79922],[139.66253,35.79855],[139.66005,35.79778],[139.65839,35.7981],[139.657,35.79776]]],[[[139.68909,35.79853],[139.68863,35.79948],[139.68964,35.79981],[139.6919,35.79971],[139.6924,35.79939],[139.69281,35.79858],[139.69268,35.79821],[139.69213,35.79784],[139.69102,35.79759],[139.69019,35.79773],[139.68909,35.79853]]],[[[139.66606,35.79945],[139.66834,35.79953],[139.66917,35.79929],[139.66937,35.799],[139.66807,35.79814],[139.66696,35.79822],[139.66613,35.79869],[139.66589,35.79922],[139.66606,35.79945]]],[[[139.70514,35.79429],[139.70237,35.79625],[139.70181,35.79734],[139.70154,35.79751],[139.70071,35.79744],[139.69961,35.79859],[139.69794,35.79911],[139.69489,35.80055],[139.69212,35.80126],[139.69206,35.80219],[139.69126,35.80309],[139.69129,35.80342],[139.69267,35.80341],[139.69378,35.80369],[139.69446,35.80467],[139.69418,35.80534],[139.69433,35.80579],[139.69544,35.806],[139.69599,35.80587],[139.69848,35.80376],[139.70213,35.80175],[139.70234,35.8013],[139.70208,35.80092],[139.70093,35.80129],[139.70181,35.80064],[139.70236,35.80073],[139.70292,35.79994],[139.7041,35.79927],[139.70569,35.79618],[139.70821,35.79364],[139.7079,35.79345],[139.70707,35.79356],[139.70514,35.79429]],[[139.70181,35.79941],[139.70112,35.79882],[139.70153,35.79838],[139.70185,35.79904],[139.70181,35.79941]]],[[[139.67457,35.79969],[139.67027,35.80106],[139.66668,35.80135],[139.66557,35.80126],[139.66336,35.80152],[139.65727,35.8009],[139.65534,35.80091],[139.65423,35.80116],[139.6534,35.80081],[139.65251,35.80168],[139.65063,35.80166],[139.64915,35.80213],[139.64896,35.80258],[139.64921,35.80325],[139.65019,35.80438],[139.65012,35.80506],[139.64952,35.80542],[139.64786,35.8051],[139.64671,35.8046],[139.64656,35.80393],[139.64697,35.8028],[139.64694,35.80257],[139.64648,35.80247],[139.64427,35.80355],[139.64316,35.80318],[139.64196,35.80369],[139.64172,35.80302],[139.64095,35.80299],[139.63735,35.80465],[139.63541,35.80529],[139.63181,35.80567],[139.62987,35.80634],[139.6242,35.80975],[139.62264,35.81177],[139.62254,35.81358],[139.62363,35.81989],[139.62302,35.82417],[139.62216,35.82642],[139.62025,35.82867],[139.61875,35.82989],[139.61681,35.83072],[139.61348,35.83139],[139.61312,35.83181],[139.6133,35.83249],[139.61403,35.83276],[139.61597,35.83214],[139.61736,35.83216],[139.61788,35.83137],[139.61941,35.83047],[139.62152,35.82877],[139.62263,35.82742],[139.62377,35.82485],[139.62439,35.82214],[139.62446,35.81718],[139.62477,35.81493],[139.62542,35.81336],[139.62615,35.81246],[139.62737,35.81125],[139.62904,35.81012],[139.63402,35.80725],[139.63762,35.80542],[139.63928,35.80477],[139.64011,35.80466],[139.64122,35.80479],[139.64227,35.80572],[139.64097,35.80888],[139.63882,35.81135],[139.63594,35.81378],[139.63372,35.81682],[139.63408,35.81788],[139.63609,35.81968],[139.63513,35.82306],[139.63255,35.82599],[139.6312,35.82828],[139.62982,35.82945],[139.62779,35.83071],[139.62745,35.83139],[139.62787,35.83152],[139.62898,35.83132],[139.63147,35.83032],[139.63452,35.83112],[139.63491,35.8314],[139.63562,35.83298],[139.63581,35.8341],[139.637,35.83492],[139.6406,35.83397],[139.64198,35.83332],[139.64336,35.83388],[139.64419,35.83392],[139.64669,35.83301],[139.64693,35.83254],[139.64496,35.82939],[139.64599,35.82826],[139.64627,35.82714],[139.64688,35.82646],[139.64577,35.82488],[139.64591,35.82443],[139.64671,35.82376],[139.64666,35.8224],[139.64819,35.82173],[139.64976,35.82039],[139.65173,35.81948],[139.6525,35.81836],[139.65244,35.81723],[139.65522,35.81363],[139.65559,35.81226],[139.65614,35.81193],[139.65725,35.812],[139.6578,35.8117],[139.65864,35.80989],[139.65974,35.80923],[139.6631,35.8062],[139.6638,35.80508],[139.66487,35.80418],[139.66475,35.80395],[139.66418,35.80388],[139.65477,35.80465],[139.65399,35.80439],[139.65386,35.80394],[139.65478,35.80364],[139.65782,35.80339],[139.66086,35.80339],[139.67055,35.80264],[139.67165,35.80239],[139.67332,35.80149],[139.67553,35.80097],[139.67719,35.80011],[139.67743,35.79969],[139.67691,35.79941],[139.67457,35.79969]]],[[[139.61725,35.84354],[139.61843,35.84435],[139.61899,35.84401],[139.61898,35.84331],[139.61843,35.8428],[139.61788,35.84271],[139.61742,35.84309],[139.61725,35.84354]]],[[[139.61575,35.84489],[139.61566,35.84456],[139.61539,35.84461],[139.61511,35.84515],[139.61538,35.84527],[139.61575,35.84489]]],[[[139.61704,35.84762],[139.61752,35.84737],[139.61749,35.84714],[139.61676,35.84678],[139.61607,35.84737],[139.61704,35.84762]]],[[[139.74103,35.8486],[139.73983,35.85045],[139.7402,35.85091],[139.7413,35.85093],[139.7426,35.85023],[139.74158,35.84837],[139.74103,35.8486]]],[[[139.75937,35.76974],[139.75633,35.77153],[139.75135,35.77336],[139.74858,35.77488],[139.74554,35.77715],[139.74275,35.7815],[139.74277,35.78195],[139.74338,35.78263],[139.74249,35.7828],[139.74151,35.78353],[139.73976,35.78601],[139.7379,35.78781],[139.73584,35.78897],[139.73373,35.78983],[139.73362,35.79006],[139.73418,35.79058],[139.73474,35.79071],[139.73695,35.78986],[139.7375,35.79],[139.73888,35.79147],[139.74027,35.79171],[139.74149,35.79254],[139.74335,35.7948],[139.74558,35.7966],[139.74563,35.79818],[139.74681,35.79953],[139.74558,35.80111],[139.74549,35.80291],[139.74509,35.80404],[139.74578,35.80519],[139.74689,35.80543],[139.74766,35.80629],[139.7483,35.80765],[139.74848,35.80877],[139.749,35.80945],[139.749,35.81148],[139.74954,35.81283],[139.75053,35.81734],[139.75047,35.81846],[139.74985,35.81914],[139.75017,35.82094],[139.74994,35.82184],[139.75019,35.82231],[139.7514,35.82297],[139.75136,35.82477],[139.75193,35.82568],[139.75106,35.82906],[139.75165,35.83041],[139.75089,35.83176],[139.75063,35.83289],[139.75127,35.83379],[139.75081,35.83469],[139.751,35.83537],[139.75211,35.8376],[139.75319,35.8383],[139.7535,35.8392],[139.75358,35.84055],[139.75257,35.84213],[139.75294,35.84232],[139.75404,35.84229],[139.75455,35.84258],[139.75458,35.84303],[139.75406,35.84393],[139.75441,35.84596],[139.75487,35.84642],[139.7558,35.84573],[139.75764,35.84508],[139.75819,35.84515],[139.7593,35.84585],[139.76151,35.84572],[139.7619,35.84596],[139.76224,35.84709],[139.76502,35.84912],[139.76587,35.85318],[139.76669,35.8552],[139.76704,35.85551],[139.76798,35.85566],[139.76912,35.85859],[139.77032,35.86061],[139.76897,35.86219],[139.76861,35.86354],[139.76724,35.86444],[139.76731,35.86475],[139.76838,35.86512],[139.76854,35.8658],[139.76703,35.86669],[139.76509,35.8669],[139.76371,35.86796],[139.76232,35.86844],[139.76161,35.8694],[139.759,35.86997],[139.7584,35.8703],[139.75841,35.87097],[139.75997,35.87413],[139.75983,35.87446],[139.759,35.87496],[139.75816,35.87638],[139.75823,35.87909],[139.75794,35.87954],[139.75622,35.87999],[139.75554,35.88111],[139.75511,35.88139],[139.75428,35.88139],[139.75179,35.88051],[139.74874,35.88153],[139.74787,35.88223],[139.74727,35.88358],[139.74666,35.88426],[139.74322,35.88629],[139.74277,35.88741],[139.74269,35.88854],[139.74244,35.88876],[139.74154,35.88878],[139.74043,35.88834],[139.7396,35.88832],[139.73934,35.88854],[139.73893,35.89011],[139.73915,35.89147],[139.74043,35.89186],[139.74134,35.89304],[139.74123,35.89462],[139.74211,35.8962],[139.74196,35.89823],[139.74249,35.90026],[139.74208,35.90092],[139.74001,35.90183],[139.74,35.90228],[139.74049,35.90296],[139.7403,35.90363],[139.73958,35.90384],[139.7382,35.90334],[139.73653,35.90377],[139.73515,35.90357],[139.73432,35.90441],[139.73238,35.90464],[139.72989,35.9045],[139.72905,35.90502],[139.72628,35.90558],[139.72573,35.90547],[139.7249,35.90471],[139.72296,35.90526],[139.72075,35.90502],[139.72041,35.90474],[139.72112,35.90339],[139.72103,35.90267],[139.72075,35.9025],[139.72019,35.90257],[139.71909,35.90354],[139.7177,35.9031],[139.71632,35.90351],[139.71576,35.9034],[139.71494,35.90226],[139.71411,35.90158],[139.7141,35.90065],[139.71288,35.89933],[139.713,35.8987],[139.71411,35.89833],[139.71494,35.89742],[139.71577,35.89722],[139.71726,35.89573],[139.71751,35.89528],[139.71735,35.89392],[139.71773,35.89302],[139.71716,35.89274],[139.71578,35.8932],[139.71397,35.89279],[139.71343,35.89189],[139.7133,35.89077],[139.71244,35.88964],[139.71279,35.88851],[139.71276,35.88761],[139.71496,35.8865],[139.71689,35.88657],[139.71939,35.88607],[139.72165,35.88401],[139.72201,35.88334],[139.72188,35.88266],[139.72244,35.8822],[139.7241,35.88209],[139.72549,35.88146],[139.72994,35.88132],[139.72976,35.87884],[139.72905,35.87771],[139.72929,35.87658],[139.72836,35.87568],[139.72835,35.87411],[139.7278,35.87298],[139.72834,35.87163],[139.73381,35.86829],[139.73436,35.86821],[139.73522,35.86622],[139.73527,35.86555],[139.73602,35.86487],[139.73714,35.86319],[139.73769,35.86299],[139.73978,35.8633],[139.73963,35.86299],[139.7388,35.86307],[139.73797,35.86269],[139.73769,35.86184],[139.73687,35.86104],[139.73769,35.85976],[139.73853,35.85932],[139.73936,35.85935],[139.73963,35.85907],[139.73883,35.85676],[139.73916,35.85564],[139.73853,35.85532],[139.73715,35.85604],[139.73659,35.85598],[139.73615,35.85563],[139.73576,35.8547],[139.73521,35.85453],[139.73484,35.85496],[139.73465,35.85598],[139.73438,35.85618],[139.73372,35.85608],[139.733,35.8545],[139.73134,35.85425],[139.73051,35.8533],[139.72912,35.85249],[139.72802,35.85253],[139.72774,35.85236],[139.72745,35.84999],[139.72691,35.84989],[139.72553,35.85024],[139.72497,35.85001],[139.72366,35.84864],[139.72334,35.84684],[139.72217,35.84593],[139.72224,35.84413],[139.72305,35.84278],[139.72241,35.84188],[139.72224,35.84075],[139.7234,35.83917],[139.72364,35.83827],[139.72305,35.83787],[139.7209,35.83737],[139.72138,35.83579],[139.72028,35.83376],[139.72059,35.83241],[139.71977,35.83151],[139.71974,35.83061],[139.71885,35.82993],[139.71871,35.82948],[139.71919,35.82904],[139.72085,35.82884],[139.72113,35.82863],[139.72141,35.82752],[139.7228,35.82655],[139.72418,35.82454],[139.72518,35.82385],[139.72532,35.8234],[139.72504,35.82318],[139.72418,35.82338],[139.72335,35.82304],[139.72339,35.82205],[139.72391,35.8218],[139.72501,35.82209],[139.72557,35.822],[139.7261,35.8216],[139.72594,35.82115],[139.72474,35.81999],[139.72336,35.82015],[139.72114,35.81886],[139.72059,35.81891],[139.71968,35.81979],[139.71957,35.82024],[139.71994,35.82092],[139.71975,35.82137],[139.71671,35.82323],[139.71505,35.82398],[139.71283,35.8256],[139.71062,35.8277],[139.71006,35.82785],[139.70923,35.82774],[139.70757,35.82873],[139.70612,35.83037],[139.7061,35.83082],[139.70664,35.83172],[139.7059,35.8327],[139.7018,35.83532],[139.70037,35.83589],[139.69916,35.83712],[139.69858,35.83825],[139.69372,35.83998],[139.69233,35.84137],[139.69067,35.84142],[139.68984,35.84086],[139.68873,35.84205],[139.6879,35.84217],[139.68569,35.84085],[139.68348,35.84029],[139.68231,35.84026],[139.68199,35.84071],[139.68209,35.84111],[139.68329,35.84206],[139.68369,35.84319],[139.68485,35.84442],[139.68533,35.84612],[139.68514,35.84702],[139.68595,35.8477],[139.68609,35.84815],[139.68484,35.84908],[139.68318,35.84949],[139.68271,35.85017],[139.68264,35.85085],[139.6837,35.85288],[139.68178,35.85693],[139.68123,35.85737],[139.67957,35.85757],[139.67818,35.85802],[139.67708,35.85864],[139.67624,35.85944],[139.6743,35.85986],[139.67348,35.85945],[139.6732,35.85952],[139.67297,35.85985],[139.67318,35.86075],[139.67301,35.86233],[139.67249,35.8639],[139.67263,35.86482],[139.67188,35.86525],[139.67125,35.86599],[139.66875,35.8666],[139.66791,35.86705],[139.66772,35.86728],[139.66791,35.86818],[139.66704,35.86885],[139.66666,35.8702],[139.6657,35.87064],[139.66432,35.87039],[139.66382,35.87065],[139.66315,35.87155],[139.66126,35.87603],[139.6604,35.87696],[139.66034,35.87853],[139.6593,35.87898],[139.65847,35.88056],[139.65646,35.88213],[139.65589,35.88394],[139.65432,35.88506],[139.65429,35.88596],[139.65514,35.88731],[139.65542,35.88845],[139.65378,35.88957],[139.6532,35.89043],[139.65154,35.89029],[139.65071,35.89066],[139.65034,35.89114],[139.65012,35.89226],[139.64878,35.89316],[139.64911,35.89429],[139.64898,35.89519],[139.64995,35.8979],[139.64986,35.89879],[139.6484,35.89902],[139.64772,35.90015],[139.64647,35.90105],[139.64597,35.902],[139.6432,35.90293],[139.64147,35.90442],[139.6413,35.90487],[139.64175,35.90802],[139.64097,35.90973],[139.64,35.91027],[139.63968,35.91072],[139.6398,35.91185],[139.64068,35.91248],[139.64092,35.91298],[139.64013,35.91411],[139.64023,35.91456],[139.64151,35.9155],[139.64327,35.91636],[139.64362,35.91727],[139.6451,35.91894],[139.64593,35.91893],[139.64732,35.91816],[139.6487,35.91851],[139.64953,35.91793],[139.65203,35.91715],[139.65314,35.91762],[139.65563,35.91719],[139.65701,35.9179],[139.65951,35.91794],[139.66034,35.91839],[139.66282,35.92279],[139.66476,35.92385],[139.66638,35.92541],[139.66629,35.92586],[139.66547,35.92654],[139.66609,35.92721],[139.66613,35.92812],[139.6667,35.92902],[139.66654,35.93105],[139.66411,35.93239],[139.66529,35.93269],[139.66723,35.93273],[139.66945,35.93251],[139.67554,35.93273],[139.68025,35.93253],[139.68247,35.93272],[139.68441,35.93237],[139.68552,35.93252],[139.68718,35.93231],[139.68995,35.93272],[139.69439,35.93246],[139.69573,35.93176],[139.69587,35.93063],[139.69664,35.92928],[139.69664,35.92838],[139.69589,35.92703],[139.69634,35.92553],[139.69661,35.92538],[139.69696,35.92568],[139.69691,35.92658],[139.69855,35.92722],[139.69936,35.92793],[139.69889,35.92928],[139.6991,35.9296],[139.69965,35.92978],[139.70243,35.92935],[139.70409,35.92881],[139.7052,35.9291],[139.70658,35.9286],[139.70769,35.92871],[139.71046,35.92845],[139.71233,35.92907],[139.71288,35.9302],[139.71351,35.93049],[139.71434,35.93028],[139.71517,35.92923],[139.71572,35.92898],[139.71683,35.92915],[139.71849,35.93015],[139.71932,35.92999],[139.72126,35.93016],[139.72237,35.92926],[139.72459,35.93005],[139.7257,35.9308],[139.72625,35.93087],[139.72708,35.93062],[139.72874,35.93076],[139.73068,35.93202],[139.73317,35.93257],[139.73456,35.93255],[139.73622,35.93207],[139.73816,35.93258],[139.7401,35.93238],[139.74176,35.93259],[139.74758,35.93259],[139.75091,35.93195],[139.75506,35.93148],[139.75922,35.93259],[139.76116,35.93239],[139.76559,35.9326],[139.76711,35.93227],[139.76504,35.93093],[139.76379,35.92911],[139.7616,35.92776],[139.76147,35.92731],[139.76213,35.92663],[139.7621,35.92596],[139.76114,35.92438],[139.76036,35.9237],[139.76034,35.92325],[139.76089,35.92242],[139.76255,35.9215],[139.76294,35.92168],[139.76306,35.92258],[139.76331,35.9228],[139.76421,35.92287],[139.76475,35.92258],[139.76482,35.92213],[139.76449,35.92178],[139.7632,35.92145],[139.76308,35.92123],[139.76394,35.92008],[139.76505,35.91951],[139.76487,35.91852],[139.7651,35.91807],[139.76588,35.9171],[139.76671,35.917],[139.76716,35.91672],[139.7677,35.91537],[139.76838,35.91516],[139.76921,35.91524],[139.76981,35.91492],[139.77032,35.9124],[139.77226,35.91206],[139.77257,35.91154],[139.77089,35.90974],[139.77024,35.90861],[139.76606,35.90545],[139.76601,35.905],[139.76652,35.90388],[139.76519,35.9023],[139.76649,35.90072],[139.76551,35.89779],[139.76466,35.89689],[139.76424,35.89554],[139.76479,35.89514],[139.7666,35.89464],[139.76756,35.89398],[139.76867,35.89377],[139.76934,35.89306],[139.77061,35.89265],[139.77114,35.88991],[139.77191,35.88923],[139.77259,35.88766],[139.7725,35.88585],[139.77366,35.88462],[139.77556,35.88112],[139.77552,35.88067],[139.77432,35.87932],[139.77421,35.87887],[139.7745,35.87832],[139.77588,35.87781],[139.77696,35.87684],[139.77723,35.87549],[139.7757,35.87414],[139.77462,35.87369],[139.77471,35.87233],[139.77512,35.87166],[139.7753,35.87031],[139.77639,35.8685],[139.7785,35.86805],[139.77903,35.86738],[139.77866,35.86628],[139.77752,35.8658],[139.7775,35.8649],[139.77705,35.86422],[139.77708,35.86377],[139.77894,35.86158],[139.78073,35.86084],[139.78115,35.86039],[139.78121,35.85882],[139.78076,35.85746],[139.77852,35.85521],[139.77922,35.85366],[139.78093,35.85251],[139.78088,35.85206],[139.7796,35.85003],[139.78116,35.84882],[139.78255,35.84831],[139.78393,35.84741],[139.78535,35.84733],[139.78679,35.8453],[139.7867,35.84443],[139.78577,35.8435],[139.78489,35.84192],[139.78503,35.84147],[139.78559,35.84097],[139.78705,35.84012],[139.7867,35.83968],[139.78579,35.83921],[139.78562,35.83854],[139.78781,35.83731],[139.78864,35.83584],[139.79004,35.83448],[139.78983,35.83381],[139.78851,35.83246],[139.78807,35.83155],[139.78615,35.82998],[139.78735,35.82795],[139.78683,35.82637],[139.78771,35.82457],[139.78892,35.82442],[139.79006,35.82389],[139.79087,35.82344],[139.79108,35.82299],[139.79086,35.82187],[139.78942,35.82074],[139.78731,35.81736],[139.78616,35.81692],[139.7857,35.81623],[139.7861,35.81555],[139.78792,35.81465],[139.78961,35.8124],[139.78923,35.8097],[139.78963,35.80857],[139.78866,35.80679],[139.787,35.80627],[139.78536,35.80722],[139.78338,35.80879],[139.78346,35.80992],[139.784,35.81105],[139.7838,35.81195],[139.78414,35.81353],[139.78496,35.816],[139.78395,35.81705],[139.78317,35.81848],[139.78369,35.81983],[139.78345,35.82141],[139.78274,35.82209],[139.78117,35.82276],[139.78007,35.8249],[139.77647,35.82653],[139.77481,35.82658],[139.77315,35.82749],[139.77205,35.82641],[139.76872,35.82797],[139.76734,35.82766],[139.76651,35.82688],[139.76485,35.82737],[139.7643,35.82686],[139.76403,35.82591],[139.76249,35.82411],[139.7607,35.82328],[139.7596,35.82205],[139.75766,35.82075],[139.75656,35.81948],[139.75474,35.81824],[139.75471,35.81757],[139.75613,35.81509],[139.7556,35.81419],[139.75574,35.81329],[139.75523,35.81261],[139.7549,35.81148],[139.7561,35.81013],[139.75537,35.809],[139.75541,35.80788],[139.75512,35.8072],[139.75531,35.8063],[139.75508,35.80562],[139.75529,35.80472],[139.75447,35.80405],[139.75454,35.80247],[139.75429,35.80134],[139.75464,35.80092],[139.75602,35.80058],[139.75634,35.80022],[139.75602,35.79991],[139.75436,35.79971],[139.75385,35.79819],[139.75373,35.79683],[139.75398,35.79526],[139.75483,35.79413],[139.75461,35.79255],[139.75482,35.79098],[139.75514,35.78985],[139.75584,35.78872],[139.75523,35.78624],[139.75564,35.78512],[139.75465,35.78437],[139.75414,35.78354],[139.75414,35.78286],[139.7547,35.78174],[139.75421,35.78084],[139.75511,35.77948],[139.75496,35.77836],[139.75561,35.77723],[139.7551,35.77588],[139.75602,35.7743],[139.75538,35.77363],[139.75537,35.77317],[139.75937,35.771],[139.75994,35.77002],[139.75937,35.76974]],[[139.64345,35.91443],[139.644,35.91424],[139.64422,35.91434],[139.64345,35.91475],[139.64345,35.91443]],[[139.67998,35.92318],[139.67944,35.92463],[139.67888,35.92474],[139.67846,35.92453],[139.67836,35.92408],[139.67917,35.92298],[139.67972,35.92294],[139.67998,35.92318]],[[139.68199,35.91597],[139.68191,35.91619],[139.68195,35.91595],[139.68199,35.91597]],[[139.70532,35.85123],[139.70592,35.852],[139.70643,35.85226],[139.70753,35.85175],[139.70892,35.85153],[139.71224,35.85372],[139.71334,35.85406],[139.7139,35.85479],[139.71473,35.85519],[139.71502,35.85562],[139.71472,35.85605],[139.71373,35.85652],[139.71371,35.85697],[139.71417,35.85732],[139.71555,35.85757],[139.71641,35.8581],[139.71694,35.85886],[139.7186,35.85946],[139.71921,35.86013],[139.71942,35.86197],[139.72085,35.86261],[139.72078,35.86351],[139.71859,35.86484],[139.71794,35.86576],[139.71785,35.86734],[139.71822,35.86824],[139.71808,35.86914],[139.71723,35.87026],[139.71905,35.8732],[139.7194,35.87455],[139.71857,35.87595],[139.71691,35.87716],[139.7158,35.87706],[139.71386,35.87585],[139.7122,35.87541],[139.71182,35.87432],[139.71248,35.87323],[139.71257,35.87229],[139.71166,35.87139],[139.71159,35.86981],[139.71083,35.86904],[139.70969,35.87071],[139.70906,35.87274],[139.70907,35.87364],[139.70999,35.87521],[139.70971,35.87572],[139.70722,35.87618],[139.70639,35.87608],[139.70528,35.87702],[139.70334,35.87711],[139.70251,35.87705],[139.7003,35.87587],[139.69559,35.87614],[139.69421,35.87475],[139.69344,35.87272],[139.69255,35.87199],[139.69219,35.86934],[139.69004,35.86776],[139.6903,35.86618],[139.68931,35.8646],[139.68931,35.8637],[139.68967,35.86302],[139.68891,35.86212],[139.68893,35.86077],[139.68846,35.85942],[139.6887,35.85867],[139.68981,35.85814],[139.69036,35.85714],[139.69192,35.85649],[139.69241,35.85446],[139.69194,35.85356],[139.69197,35.85311],[139.69259,35.85308],[139.69369,35.85425],[139.69507,35.85454],[139.69591,35.85426],[139.69679,35.85357],[139.69757,35.85225],[139.69978,35.85218],[139.70069,35.85109],[139.70255,35.85133],[139.70394,35.85057],[139.70532,35.85123]],[[139.72237,35.92814],[139.72237,35.92854],[139.72221,35.92841],[139.72237,35.92814]],[[139.75622,35.88317],[139.75566,35.88344],[139.75516,35.88314],[139.75498,35.88269],[139.75539,35.88242],[139.75575,35.88246],[139.75622,35.88317]],[[139.76564,35.87494],[139.76619,35.87459],[139.76634,35.87481],[139.76592,35.87512],[139.76564,35.87494]],[[139.74415,35.78279],[139.74589,35.78376],[139.74667,35.78466],[139.74663,35.78517],[139.7447,35.78416],[139.74351,35.78286],[139.74415,35.78279]],[[139.69665,35.90479],[139.69715,35.90472],[139.69693,35.90533],[139.69653,35.90517],[139.69665,35.90479]]],[[[139.74379,35.85132],[139.74332,35.85136],[139.74324,35.8517],[139.74352,35.85168],[139.74379,35.85132]]],[[[139.71636,35.87619],[139.71667,35.87545],[139.71636,35.87536],[139.71591,35.87612],[139.71636,35.87619]]],[[[139.61764,35.9325],[139.61902,35.93261],[139.62064,35.93232],[139.62007,35.93187],[139.6193,35.93181],[139.61745,35.93232],[139.61764,35.9325]]],[[[139.66308,35.93238],[139.66225,35.93221],[139.66201,35.93239],[139.66252,35.93265],[139.663,35.93262],[139.66308,35.93238]]],[[[139.76155,35.49624],[139.76017,35.49778],[139.75907,35.4967],[139.75824,35.49666],[139.75624,35.49735],[139.75586,35.49803],[139.75657,35.49983],[139.75714,35.50013],[139.75874,35.50028],[139.75917,35.50164],[139.75824,35.50273],[139.7572,35.50344],[139.75721,35.50389],[139.75851,35.50444],[139.75897,35.50434],[139.75961,35.50375],[139.75989,35.50385],[139.76026,35.50524],[139.76154,35.50574],[139.76199,35.50547],[139.76072,35.50389],[139.76055,35.50254],[139.76124,35.50164],[139.76136,35.50096],[139.76155,35.50081],[139.76292,35.50089],[139.76403,35.50167],[139.76458,35.5016],[139.76485,35.50119],[139.76458,35.50084],[139.76217,35.49961],[139.7622,35.49939],[139.76342,35.49848],[139.76361,35.49803],[139.76265,35.49644],[139.7621,35.49617],[139.76155,35.49624]]],[[[139.76953,35.51509],[139.76663,35.52035],[139.76671,35.5208],[139.76819,35.52215],[139.76863,35.52305],[139.76787,35.52359],[139.76594,35.52236],[139.76539,35.52247],[139.76116,35.53003],[139.76141,35.53071],[139.76455,35.53332],[139.76514,35.53409],[139.76718,35.53567],[139.76786,35.53592],[139.77172,35.53391],[139.78716,35.52473],[139.78791,35.52396],[139.789,35.52193],[139.78868,35.51945],[139.7889,35.51788],[139.78854,35.51716],[139.78772,35.51655],[139.78379,35.51652],[139.78347,35.51697],[139.78363,35.5181],[139.78327,35.519],[139.78343,35.51968],[139.7833,35.51996],[139.78275,35.52007],[139.78165,35.51985],[139.78112,35.51945],[139.78118,35.51585],[139.78094,35.51539],[139.78055,35.51522],[139.7789,35.51512],[139.77807,35.51563],[139.77697,35.5151],[139.77587,35.51506],[139.77394,35.51548],[139.77173,35.51465],[139.77008,35.51476],[139.76953,35.51509]]],[[[139.75754,35.53206],[139.75876,35.53267],[139.75914,35.53364],[139.76096,35.53514],[139.76239,35.53567],[139.76243,35.53702],[139.76141,35.53814],[139.76115,35.53882],[139.76151,35.53956],[139.76206,35.53978],[139.76261,35.5397],[139.7643,35.53837],[139.76573,35.53792],[139.76642,35.5368],[139.76615,35.53612],[139.76448,35.53454],[139.76317,35.5339],[139.76219,35.53251],[139.76055,35.53116],[139.75849,35.53063],[139.75711,35.53063],[139.75691,35.53116],[139.75754,35.53206]]],[[[139.79488,35.53226],[139.78989,35.53365],[139.78954,35.5341],[139.78991,35.53482],[139.79046,35.53514],[139.79184,35.53468],[139.79432,35.53468],[139.79543,35.53495],[139.7968,35.53584],[139.79818,35.53634],[139.79956,35.53885],[139.80177,35.53832],[139.80307,35.53726],[139.80337,35.53636],[139.80263,35.53568],[139.7957,35.53249],[139.79488,35.53226]]],[[[139.75848,35.53662],[139.75833,35.53611],[139.75793,35.53613],[139.75793,35.53667],[139.75821,35.5368],[139.75848,35.53662]]],[[[139.78329,35.53812],[139.78408,35.53748],[139.78385,35.53698],[139.78329,35.53707],[139.78297,35.53748],[139.78284,35.53793],[139.78329,35.53812]]],[[[139.77446,35.55838],[139.77436,35.56024],[139.77528,35.56167],[139.77666,35.56242],[139.77804,35.56279],[139.77887,35.56274],[139.78007,35.56227],[139.7801,35.56204],[139.77804,35.56175],[139.77704,35.56114],[139.77581,35.55911],[139.77584,35.55725],[139.77501,35.55767],[139.77446,35.55838]]],[[[139.75074,35.56131],[139.74905,35.56405],[139.74905,35.56473],[139.74935,35.56493],[139.75206,35.56428],[139.7527,35.5636],[139.75333,35.56225],[139.75269,35.56112],[139.75184,35.56076],[139.75129,35.56086],[139.75074,35.56131]]],[[[139.76577,35.56271],[139.77086,35.5686],[139.77169,35.56904],[139.77252,35.569],[139.7726,35.56857],[139.77229,35.56812],[139.7685,35.56361],[139.76728,35.56261],[139.7659,35.56237],[139.76577,35.56271]]],[[[139.76507,35.56518],[139.76204,35.56676],[139.76257,35.56789],[139.76259,35.56902],[139.76378,35.5706],[139.76489,35.57127],[139.76593,35.5724],[139.76572,35.57285],[139.76419,35.5742],[139.76424,35.57476],[139.76507,35.57499],[139.77196,35.57499],[139.77344,35.57466],[139.77359,35.57421],[139.77312,35.57353],[139.77166,35.57218],[139.7659,35.56531],[139.76507,35.56518]]],[[[139.76782,35.57725],[139.76672,35.57752],[139.76675,35.57849],[139.7681,35.57901],[139.77013,35.58097],[139.76979,35.58142],[139.76865,35.58206],[139.76727,35.58161],[139.76726,35.58232],[139.76644,35.58263],[139.76528,35.58209],[139.76495,35.58074],[139.765,35.57939],[139.76424,35.57837],[139.76258,35.57736],[139.76108,35.57736],[139.76092,35.57758],[139.76145,35.57826],[139.76144,35.57871],[139.75996,35.58073],[139.76037,35.58104],[139.7616,35.58119],[139.76258,35.58202],[139.76368,35.58244],[139.76423,35.58346],[139.76506,35.58335],[139.76533,35.58353],[139.76548,35.58434],[139.76478,35.58517],[139.76382,35.58569],[139.76312,35.58644],[139.76257,35.58657],[139.76119,35.58617],[139.75968,35.58727],[139.75917,35.58795],[139.75908,35.58952],[139.75871,35.59044],[139.7576,35.59141],[139.75567,35.59247],[139.75535,35.5929],[139.75563,35.59403],[139.75594,35.59428],[139.75677,35.59411],[139.75788,35.59307],[139.75843,35.59298],[139.75981,35.59398],[139.76036,35.59393],[139.76119,35.5933],[139.76174,35.59321],[139.76229,35.59415],[139.76339,35.59439],[139.76366,35.59471],[139.76357,35.59516],[139.76209,35.59583],[139.76146,35.59665],[139.75981,35.5958],[139.7576,35.59682],[139.75649,35.59644],[139.75594,35.59647],[139.75562,35.59673],[139.75533,35.59831],[139.7556,35.60169],[139.75731,35.60327],[139.75761,35.60575],[139.75787,35.60599],[139.75842,35.60583],[139.75972,35.60417],[139.76035,35.60392],[139.76092,35.60417],[139.76178,35.60552],[139.76169,35.6062],[139.76031,35.60688],[139.76044,35.60823],[139.75877,35.61183],[139.75907,35.61273],[139.76117,35.6146],[139.76172,35.61453],[139.76212,35.61409],[139.76349,35.61003],[139.76378,35.60845],[139.76477,35.60688],[139.76473,35.60643],[139.76384,35.60553],[139.7658,35.59989],[139.76777,35.59719],[139.76836,35.5967],[139.76891,35.59663],[139.77112,35.59737],[139.77202,35.59719],[139.77289,35.59607],[139.77329,35.59494],[139.77658,35.59043],[139.77636,35.5899],[139.77337,35.58728],[139.77351,35.5866],[139.77444,35.58589],[139.77554,35.58544],[139.77719,35.58554],[139.7783,35.58624],[139.77913,35.58622],[139.78078,35.58494],[139.7831,35.58368],[139.78701,35.5803],[139.78692,35.57985],[139.78603,35.57911],[139.78501,35.57759],[139.78437,35.57727],[139.78217,35.57703],[139.77086,35.57702],[139.76782,35.57725]]],[[[139.78629,35.60236],[139.78215,35.60763],[139.78234,35.60824],[139.78408,35.60953],[139.78452,35.60914],[139.78411,35.60801],[139.78435,35.6076],[139.78932,35.60692],[139.79007,35.60644],[139.78964,35.60554],[139.78712,35.60229],[139.78656,35.60218],[139.78629,35.60236]]],[[[139.79085,35.60847],[139.7915,35.61027],[139.7918,35.61033],[139.7924,35.60959],[139.79208,35.60887],[139.79098,35.60781],[139.79085,35.60847]]],[[[139.75575,35.61228],[139.75646,35.61431],[139.75593,35.61474],[139.75489,35.61498],[139.7551,35.61575],[139.75565,35.61598],[139.75757,35.61611],[139.75868,35.61673],[139.75923,35.61663],[139.76002,35.61589],[139.75987,35.61499],[139.75648,35.61207],[139.75593,35.61196],[139.75575,35.61228]]],[[[139.79428,35.61411],[139.79148,35.61748],[139.79122,35.61816],[139.79318,35.61813],[139.79483,35.61768],[139.79539,35.61782],[139.79564,35.61838],[139.79489,35.61974],[139.79539,35.62011],[139.79631,35.61951],[139.79763,35.61793],[139.79762,35.61748],[139.79687,35.61681],[139.79484,35.61403],[139.79428,35.61411]]],[[[139.8354,35.61284],[139.83093,35.61816],[139.83103,35.61862],[139.83266,35.61974],[139.83209,35.62077],[139.83126,35.62095],[139.82878,35.61989],[139.82768,35.61993],[139.82736,35.62019],[139.82597,35.63033],[139.82712,35.63086],[139.83623,35.6317],[139.83761,35.63116],[139.83844,35.63114],[139.83954,35.63182],[139.8399,35.63146],[139.83995,35.62921],[139.8385,35.61433],[139.83789,35.61377],[139.83595,35.61278],[139.8354,35.61284]],[[139.83402,35.62375],[139.83431,35.62402],[139.83402,35.62416],[139.83394,35.62402],[139.83402,35.62375]]],[[[139.75895,35.63063],[139.75615,35.63324],[139.75618,35.6336],[139.75867,35.63356],[139.75922,35.6333],[139.75922,35.63085],[139.75895,35.63063]]],[[[139.825,35.63371],[139.83327,35.63461],[139.83385,35.63574],[139.83399,35.63822],[139.8354,35.63865],[139.83882,35.64092],[139.83925,35.6416],[139.83982,35.64449],[139.84037,35.64489],[139.84093,35.64481],[139.84105,35.64295],[139.8405,35.63597],[139.84021,35.63439],[139.83989,35.63394],[139.83513,35.63318],[139.82574,35.63244],[139.82482,35.63304],[139.82474,35.63349],[139.825,35.63371]]],[[[139.83108,35.63822],[139.83115,35.64002],[139.83209,35.64032],[139.83264,35.64025],[139.83283,35.64002],[139.83276,35.63867],[139.83244,35.63822],[139.83108,35.63822]]],[[[139.77246,35.64649],[139.7708,35.64812],[139.77108,35.64875],[139.77273,35.64829],[139.77467,35.64824],[139.77508,35.6479],[139.77424,35.64699],[139.77301,35.64633],[139.77246,35.64649]]],[[[139.85363,35.64915],[139.85369,35.64836],[139.85295,35.64836],[139.85283,35.64858],[139.85335,35.64916],[139.85363,35.64915]]],[[[139.87766,35.64452],[139.87619,35.6452],[139.8759,35.64565],[139.87675,35.64678],[139.87665,35.64723],[139.87574,35.64858],[139.87433,35.64993],[139.87434,35.65038],[139.87599,35.65145],[139.87847,35.6522],[139.88041,35.65367],[139.88262,35.65474],[139.8851,35.65632],[139.88566,35.65641],[139.88607,35.65533],[139.88569,35.65331],[139.88358,35.64925],[139.8832,35.64722],[139.88265,35.6461],[139.88123,35.64493],[139.87847,35.64374],[139.87806,35.64385],[139.87766,35.64452]]],[[[139.86508,35.65061],[139.86577,35.6516],[139.86688,35.65156],[139.86771,35.65188],[139.86826,35.65165],[139.86884,35.65083],[139.86826,35.65028],[139.86605,35.6494],[139.8655,35.64948],[139.86497,35.64993],[139.86508,35.65061]]],[[[139.85252,35.65124],[139.85026,35.65219],[139.85019,35.65444],[139.85059,35.65505],[139.85231,35.65512],[139.85259,35.65489],[139.85265,35.65422],[139.8539,35.65363],[139.85486,35.65287],[139.85483,35.65174],[139.85442,35.65106],[139.85252,35.65124]]],[[[139.83924,35.65061],[139.83778,35.65174],[139.83963,35.65399],[139.83963,35.65535],[139.83927,35.65578],[139.83844,35.65596],[139.83761,35.65537],[139.83706,35.65524],[139.83375,35.65523],[139.83274,35.65535],[139.83247,35.6558],[139.8343,35.6576],[139.83687,35.6576],[139.83834,35.6585],[139.83899,35.65924],[139.8401,35.65964],[139.84093,35.66051],[139.84203,35.6602],[139.84286,35.66025],[139.84323,35.65985],[139.84296,35.65602],[139.84251,35.65377],[139.84196,35.65287],[139.84185,35.65106],[139.84151,35.64994],[139.84093,35.64974],[139.83924,35.65061]]],[[[139.84833,35.6612],[139.84893,35.66206],[139.84921,35.6619],[139.84932,35.66098],[139.84893,35.66046],[139.84834,35.66075],[139.84833,35.6612]]],[[[139.81552,35.66298],[139.81595,35.66301],[139.81621,35.66278],[139.81615,35.66188],[139.8158,35.66162],[139.81525,35.6618],[139.815,35.66233],[139.81552,35.66298]]],[[[139.84865,35.66436],[139.84894,35.66455],[139.8493,35.66413],[139.84921,35.66282],[139.84893,35.66267],[139.8486,35.66346],[139.84865,35.66436]]],[[[139.8489,35.66796],[139.84921,35.66816],[139.84957,35.66774],[139.84957,35.66639],[139.84921,35.66595],[139.84885,35.66639],[139.8489,35.66796]]],[[[139.84373,35.6745],[139.84303,35.67608],[139.84333,35.67653],[139.84397,35.67671],[139.84461,35.67653],[139.8448,35.67608],[139.84424,35.67425],[139.84397,35.67421],[139.84373,35.6745]]],[[[139.84949,35.67571],[139.85057,35.67878],[139.85137,35.68013],[139.85553,35.68622],[139.85612,35.6865],[139.85646,35.68622],[139.85643,35.68577],[139.85162,35.67878],[139.85082,35.67698],[139.85007,35.67427],[139.84977,35.674],[139.84949,35.674],[139.84935,35.67427],[139.84949,35.67571]]],[[[139.85903,35.69703],[139.85838,35.70154],[139.857,35.70514],[139.85582,35.70717],[139.85613,35.70775],[139.85681,35.70762],[139.85758,35.7065],[139.85954,35.70176],[139.86012,35.69861],[139.86012,35.69613],[139.86003,35.69545],[139.85944,35.69511],[139.85899,35.69545],[139.85903,35.69703]]],[[[139.86165,35.69614],[139.86059,35.70267],[139.86134,35.70402],[139.8622,35.70459],[139.86386,35.70462],[139.86552,35.70517],[139.86635,35.70576],[139.86801,35.70575],[139.86865,35.70604],[139.87039,35.70762],[139.8709,35.70942],[139.87319,35.71213],[139.87373,35.71348],[139.87361,35.7146],[139.87464,35.71508],[139.875,35.71551],[139.87477,35.71821],[139.87497,35.71911],[139.87324,35.72272],[139.87354,35.72279],[139.87658,35.72122],[139.87824,35.72123],[139.87863,35.72046],[139.87972,35.71956],[139.88107,35.7164],[139.88217,35.7128],[139.88387,35.70514],[139.8847,35.70063],[139.88458,35.70018],[139.88375,35.69954],[139.88209,35.70008],[139.88099,35.6999],[139.87957,35.69883],[139.87902,35.69793],[139.87546,35.69658],[139.87215,35.69621],[139.86994,35.69694],[139.86861,35.69703],[139.86773,35.69743],[139.86303,35.69524],[139.86248,35.69535],[139.86165,35.69614]]],[[[139.84452,35.72033],[139.84503,35.71979],[139.84452,35.71928],[139.84384,35.71979],[139.84397,35.72012],[139.84452,35.72033]]],[[[139.84596,35.72655],[139.84621,35.7261],[139.84563,35.72569],[139.8451,35.72633],[139.84535,35.72659],[139.84596,35.72655]]],[[[139.86415,35.7287],[139.86304,35.73012],[139.86056,35.73011],[139.86024,35.73061],[139.86221,35.73271],[139.86415,35.73385],[139.86498,35.73399],[139.86719,35.73271],[139.86753,35.73218],[139.86758,35.73151],[139.86589,35.72858],[139.86415,35.7287]]],[[[139.8649,35.73579],[139.8665,35.73804],[139.86719,35.73813],[139.86746,35.73714],[139.86728,35.73669],[139.86638,35.73579],[139.86526,35.73513],[139.86498,35.73525],[139.8649,35.73579]]],[[[139.78726,35.75674],[139.78758,35.75734],[139.78923,35.75764],[139.79007,35.75808],[139.79145,35.75802],[139.79366,35.75829],[139.79387,35.7581],[139.79152,35.75629],[139.78952,35.75531],[139.78764,35.75539],[139.78726,35.75674]]],[[[139.79366,35.7609],[139.79384,35.76057],[139.79353,35.76035],[139.79283,35.76017],[139.79263,35.76035],[139.79311,35.76107],[139.79366,35.7609]]],[[[139.78288,35.75951],[139.78481,35.76003],[139.7862,35.7609],[139.78694,35.7617],[139.78685,35.76283],[139.78758,35.76333],[139.78813,35.76306],[139.78841,35.76227],[139.78922,35.7617],[139.78951,35.76099],[139.79076,35.76057],[139.79128,35.76012],[139.79112,35.7599],[139.78924,35.75942],[139.78371,35.75867],[139.78316,35.75871],[139.78278,35.75899],[139.78288,35.75951]]],[[[139.75158,35.76258],[139.75284,35.76348],[139.75291,35.76393],[139.75246,35.76465],[139.75144,35.76551],[139.75152,35.76596],[139.75274,35.76737],[139.75384,35.76755],[139.75467,35.76736],[139.75539,35.76687],[139.75593,35.76596],[139.75592,35.76461],[139.7544,35.76312],[139.75274,35.76224],[139.75219,35.76216],[139.75158,35.76258]]],[[[139.7508,35.75672],[139.74983,35.75785],[139.74997,35.75875],[139.75179,35.76078],[139.7564,35.76371],[139.75633,35.7663],[139.75578,35.76736],[139.75414,35.76822],[139.75301,35.76829],[139.75135,35.76795],[139.7508,35.76815],[139.7494,35.76934],[139.74858,35.77088],[139.74748,35.77165],[139.7472,35.77325],[139.74692,35.77344],[139.74554,35.77342],[139.74511,35.77362],[139.74497,35.77407],[139.74526,35.77503],[139.74823,35.77317],[139.75605,35.7696],[139.75716,35.76892],[139.75818,35.76777],[139.75886,35.76597],[139.75903,35.76461],[139.75882,35.76438],[139.75799,35.76434],[139.75736,35.76394],[139.7554,35.76078],[139.75358,35.75943],[139.75244,35.75785],[139.75313,35.75627],[139.75247,35.75625],[139.7508,35.75672]]],[[[139.84839,35.77433],[139.84887,35.77568],[139.84979,35.77554],[139.85039,35.775],[139.85046,35.77433],[139.84979,35.77386],[139.84896,35.77386],[139.84839,35.77433]]],[[[139.87043,35.78131],[139.86998,35.78208],[139.86915,35.78266],[139.86942,35.78318],[139.87108,35.78317],[139.8728,35.78131],[139.87289,35.78086],[139.87274,35.78058],[139.87219,35.78048],[139.87043,35.78131]]],[[[139.85525,35.775],[139.84974,35.78064],[139.84781,35.78356],[139.84615,35.78717],[139.84526,35.7901],[139.84488,35.79258],[139.84526,35.79438],[139.84647,35.79543],[139.84785,35.79545],[139.84942,35.79438],[139.8509,35.79295],[139.85471,35.79055],[139.85587,35.79026],[139.85682,35.79055],[139.85826,35.7919],[139.85851,35.79235],[139.85836,35.79267],[139.85615,35.79153],[139.85449,35.79161],[139.85325,35.79235],[139.85238,35.79325],[139.85131,35.7937],[139.84896,35.79557],[139.84785,35.79576],[139.84779,35.79641],[139.84868,35.79699],[139.85034,35.79718],[139.85311,35.79661],[139.85408,35.79686],[139.85566,35.79776],[139.8572,35.80091],[139.8568,35.80137],[139.85526,35.80204],[139.85615,35.80363],[139.85698,35.80438],[139.86252,35.808],[139.86708,35.8106],[139.86807,35.81173],[139.86916,35.81423],[139.86971,35.81428],[139.87082,35.81348],[139.87271,35.8133],[139.87359,35.81227],[139.87552,35.81169],[139.87607,35.81167],[139.87746,35.81218],[139.87912,35.81128],[139.87995,35.81129],[139.88078,35.81103],[139.88318,35.81285],[139.8841,35.8132],[139.88714,35.81601],[139.88825,35.81648],[139.88936,35.81604],[139.89001,35.81533],[139.89001,35.8133],[139.8894,35.81014],[139.88815,35.80766],[139.88809,35.80609],[139.88876,35.80428],[139.89021,35.8018],[139.8903,35.80023],[139.88956,35.79797],[139.88817,35.7964],[139.8876,35.7946],[139.89269,35.78197],[139.89277,35.7804],[139.8921,35.77904],[139.88933,35.77743],[139.8849,35.77548],[139.88459,35.77567],[139.88433,35.77679],[139.88347,35.77747],[139.88297,35.77857],[139.88021,35.77927],[139.87907,35.77995],[139.87827,35.78076],[139.87716,35.7809],[139.87606,35.78148],[139.87495,35.78158],[139.87316,35.78266],[139.87239,35.78356],[139.87178,35.78491],[139.87153,35.78739],[139.87235,35.78919],[139.87496,35.79139],[139.87649,35.79235],[139.87672,35.79302],[139.87579,35.79309],[139.87551,35.79306],[139.87478,35.7919],[139.87224,35.79032],[139.8709,35.78897],[139.87017,35.78671],[139.87038,35.78491],[139.87,35.78424],[139.86859,35.78337],[139.86767,35.78243],[139.86583,35.78177],[139.86472,35.78069],[139.86361,35.78103],[139.86196,35.78111],[139.86068,35.78018],[139.85875,35.77973],[139.85753,35.77725],[139.85559,35.77496],[139.85525,35.775]],[[139.85919,35.79413],[139.85892,35.7944],[139.85846,35.79393],[139.85837,35.79348],[139.85864,35.79303],[139.85919,35.79338],[139.85919,35.79413]],[[139.86694,35.79584],[139.86998,35.79679],[139.87113,35.79685],[139.87135,35.79708],[139.87081,35.79731],[139.86998,35.79696],[139.8686,35.79685],[139.86722,35.79641],[139.86659,35.79595],[139.86694,35.79584]],[[139.87783,35.79415],[139.87746,35.79482],[139.87644,35.79528],[139.87472,35.79685],[139.87358,35.79729],[139.87284,35.79708],[139.8733,35.79608],[139.87441,35.79609],[139.87604,35.79528],[139.87671,35.79437],[139.87689,35.79315],[139.87783,35.79415]]],[[[139.79475,35.80375],[139.79447,35.80369],[139.79419,35.80408],[139.79475,35.80407],[139.79475,35.80375]]],[[[139.84785,35.77824],[139.84702,35.77978],[139.84567,35.78064],[139.84468,35.78244],[139.84171,35.78447],[139.84108,35.78582],[139.83983,35.78707],[139.83375,35.79072],[139.8332,35.79087],[139.83209,35.79061],[139.83181,35.79076],[139.8318,35.79123],[139.83258,35.79213],[139.83275,35.79371],[139.83126,35.79454],[139.8296,35.79495],[139.82822,35.79566],[139.82638,35.79866],[139.82517,35.79914],[139.82185,35.79894],[139.82149,35.79844],[139.82158,35.79723],[139.81964,35.79889],[139.81881,35.79848],[139.81771,35.79831],[139.81605,35.79647],[139.81364,35.79506],[139.813,35.79392],[139.80996,35.79199],[139.80735,35.7901],[139.80648,35.7892],[139.80524,35.78762],[139.80487,35.78672],[139.80502,35.78604],[139.80609,35.78545],[139.80623,35.78514],[139.80561,35.78446],[139.80565,35.78356],[139.8054,35.78311],[139.80443,35.78323],[139.80305,35.78418],[139.8015,35.78446],[139.80152,35.78491],[139.80305,35.78577],[139.80438,35.78784],[139.80571,35.7892],[139.80575,35.79032],[139.80705,35.7919],[139.80728,35.79393],[139.8078,35.79483],[139.8076,35.79551],[139.80664,35.79644],[139.80585,35.79821],[139.80571,35.79911],[139.80476,35.80001],[139.80354,35.80204],[139.80443,35.80292],[139.80553,35.80293],[139.80598,35.80317],[139.80739,35.80474],[139.80819,35.8061],[139.80885,35.8066],[139.81051,35.80567],[139.81107,35.80571],[139.81189,35.80623],[139.81505,35.80903],[139.81694,35.81151],[139.81725,35.81218],[139.81723,35.81353],[139.81687,35.81396],[139.81604,35.81424],[139.81574,35.81466],[139.81604,35.81605],[139.81688,35.81691],[139.81739,35.81804],[139.81588,35.81962],[139.81534,35.82075],[139.81545,35.82165],[139.81761,35.8239],[139.8196,35.82435],[139.81985,35.82458],[139.82001,35.8266],[139.82078,35.82886],[139.82019,35.82947],[139.81853,35.82982],[139.81687,35.83088],[139.81493,35.83068],[139.8135,35.83179],[139.81364,35.83269],[139.81521,35.83306],[139.81573,35.83381],[139.81518,35.83472],[139.81491,35.83584],[139.81438,35.83626],[139.81327,35.83622],[139.81293,35.83652],[139.8128,35.83719],[139.81313,35.83922],[139.81292,35.8408],[139.81438,35.84208],[139.81476,35.84305],[139.81578,35.84395],[139.81641,35.84598],[139.81619,35.84643],[139.81525,35.84711],[139.81533,35.84779],[139.81502,35.84824],[139.81346,35.84914],[139.81296,35.84981],[139.81072,35.85094],[139.81074,35.85184],[139.81219,35.85432],[139.81238,35.85522],[139.81188,35.85577],[139.81082,35.85635],[139.81077,35.85777],[139.80874,35.85883],[139.8081,35.8604],[139.8062,35.86175],[139.80608,35.86266],[139.80715,35.86333],[139.80824,35.86536],[139.80772,35.86626],[139.80808,35.86739],[139.80721,35.86897],[139.80728,35.86987],[139.80565,35.87167],[139.8057,35.87212],[139.80634,35.87289],[139.80689,35.8728],[139.80792,35.87212],[139.80839,35.87099],[139.80966,35.86979],[139.81135,35.86874],[139.81252,35.86739],[139.81354,35.86663],[139.81515,35.86581],[139.81658,35.86562],[139.81908,35.86426],[139.82046,35.86446],[139.82268,35.86333],[139.82517,35.86416],[139.82627,35.86529],[139.82683,35.86553],[139.82738,35.86552],[139.82821,35.86473],[139.82904,35.86483],[139.83072,35.86649],[139.83123,35.86762],[139.83264,35.86836],[139.83403,35.86809],[139.83569,35.86724],[139.83679,35.86714],[139.83712,35.86649],[139.83801,35.86581],[139.83808,35.86334],[139.83869,35.86086],[139.83994,35.8577],[139.8404,35.85365],[139.84027,35.85252],[139.84085,35.84936],[139.84298,35.84373],[139.843,35.84215],[139.84246,35.8408],[139.84297,35.8399],[139.84353,35.83765],[139.84362,35.83539],[139.84436,35.83336],[139.84427,35.83179],[139.84825,35.8266],[139.85063,35.82499],[139.85616,35.82274],[139.85837,35.82288],[139.86031,35.82267],[139.86225,35.82288],[139.86446,35.82257],[139.8664,35.82153],[139.86791,35.81984],[139.86843,35.81849],[139.86843,35.81691],[139.86782,35.81421],[139.86696,35.8124],[139.86639,35.8117],[139.86497,35.81083],[139.86316,35.80925],[139.86086,35.80826],[139.85975,35.80824],[139.8593,35.80903],[139.85987,35.81308],[139.85848,35.81443],[139.85834,35.81714],[139.85782,35.81743],[139.85671,35.8175],[139.8545,35.8181],[139.85339,35.81808],[139.85229,35.81916],[139.8498,35.82081],[139.84919,35.82075],[139.84814,35.82019],[139.84537,35.8197],[139.84426,35.81991],[139.84288,35.81974],[139.83984,35.821],[139.83845,35.82053],[139.83762,35.82004],[139.83652,35.81891],[139.83533,35.81849],[139.83394,35.81669],[139.83239,35.81376],[139.83029,35.81241],[139.83034,35.81151],[139.83068,35.81083],[139.82999,35.80813],[139.82948,35.80723],[139.8296,35.80686],[139.83036,35.80632],[139.82997,35.80565],[139.83058,35.80475],[139.83006,35.80362],[139.8301,35.80294],[139.83152,35.80204],[139.83075,35.80092],[139.83072,35.80002],[139.83095,35.79956],[139.83181,35.799],[139.83264,35.79888],[139.83303,35.79799],[139.83402,35.79738],[139.83541,35.79738],[139.83596,35.79617],[139.83845,35.79558],[139.84011,35.79465],[139.84371,35.79674],[139.84509,35.79696],[139.84547,35.79663],[139.84541,35.79596],[139.84386,35.79461],[139.84358,35.79168],[139.84478,35.78695],[139.84668,35.78311],[139.84809,35.78086],[139.84989,35.77861],[139.84994,35.77816],[139.84951,35.77793],[139.8484,35.77803],[139.84785,35.77824]]],[[[139.88687,35.82393],[139.88626,35.82682],[139.88707,35.8302],[139.88743,35.83037],[139.88808,35.82907],[139.88811,35.82592],[139.88715,35.82384],[139.88687,35.82393]]],[[[139.80865,35.84238],[139.80995,35.84219],[139.81022,35.84162],[139.80995,35.84142],[139.80829,35.8413],[139.80804,35.84193],[139.80865,35.84238]]],[[[139.85644,35.82417],[139.85395,35.8248],[139.85035,35.82651],[139.84837,35.82818],[139.84711,35.82976],[139.84644,35.83111],[139.845,35.8372],[139.84495,35.84103],[139.84464,35.84305],[139.84402,35.84508],[139.84223,35.84914],[139.84135,35.85365],[139.84132,35.85793],[139.83981,35.86198],[139.83988,35.86243],[139.84205,35.86336],[139.84288,35.8634],[139.84441,35.86266],[139.84731,35.85953],[139.84787,35.85988],[139.84925,35.85923],[139.85036,35.85962],[139.85137,35.85905],[139.85257,35.85876],[139.85314,35.85793],[139.85398,35.85725],[139.85293,35.85522],[139.85296,35.85477],[139.85395,35.85366],[139.85644,35.85241],[139.85759,35.85094],[139.8588,35.85049],[139.86004,35.84956],[139.86115,35.84976],[139.86309,35.84948],[139.8653,35.84807],[139.86696,35.84774],[139.86834,35.84786],[139.86945,35.8474],[139.87071,35.84508],[139.87075,35.84373],[139.87181,35.84237],[139.8713,35.84125],[139.87166,35.84043],[139.87284,35.83944],[139.87264,35.83764],[139.87234,35.83719],[139.87105,35.83629],[139.86997,35.83426],[139.87157,35.83268],[139.8717,35.83223],[139.87147,35.83178],[139.87055,35.83131],[139.86806,35.83093],[139.86585,35.83101],[139.86521,35.82976],[139.86563,35.8284],[139.86529,35.82809],[139.86355,35.82795],[139.86372,35.82615],[139.86352,35.8248],[139.8625,35.82412],[139.8592,35.82378],[139.85644,35.82417]],[[139.86834,35.84528],[139.86867,35.8453],[139.86857,35.84553],[139.86821,35.84553],[139.86834,35.84528]]],[[[139.89722,35.61851],[139.89639,35.61898],[139.896,35.6195],[139.89523,35.62198],[139.89557,35.62243],[139.89667,35.62172],[139.89916,35.62068],[139.90026,35.6206],[139.9014,35.6222],[139.90074,35.6231],[139.90082,35.624],[139.9033,35.6257],[139.90634,35.62355],[139.90654,35.6231],[139.90569,35.6222],[139.90523,35.62116],[139.89971,35.61788],[139.89805,35.61719],[139.89722,35.61851]]],[[[139.90965,35.62481],[139.90538,35.62806],[139.90487,35.62873],[139.90496,35.62964],[139.90672,35.63144],[139.9059,35.63234],[139.90551,35.63251],[139.90496,35.63241],[139.90232,35.63031],[139.90165,35.63006],[139.90099,35.63031],[139.90027,35.63135],[139.89916,35.63141],[139.89661,35.63325],[139.89664,35.6337],[139.89783,35.63392],[139.89835,35.63437],[139.89839,35.63617],[139.89812,35.63685],[139.8983,35.63775],[139.89745,35.63843],[139.89725,35.63888],[139.89737,35.64203],[139.89681,35.64339],[139.8971,35.64429],[139.89697,35.64464],[139.89559,35.6452],[139.89421,35.64513],[139.89365,35.6447],[139.8931,35.64467],[139.89262,35.64497],[139.89227,35.64617],[139.89172,35.64649],[139.88951,35.64614],[139.88841,35.64681],[139.8862,35.64644],[139.88537,35.64651],[139.8851,35.64673],[139.88507,35.64722],[139.88759,35.65271],[139.88869,35.65303],[139.88952,35.6525],[139.89007,35.6524],[139.89725,35.65386],[139.89771,35.65375],[139.89776,35.65262],[139.89858,35.65082],[139.89858,35.64992],[139.8989,35.6496],[139.8998,35.64947],[139.89995,35.64924],[139.89883,35.64812],[139.89903,35.64722],[139.89851,35.64474],[139.89875,35.64384],[139.89855,35.64293],[139.89897,35.64226],[139.89913,35.64136],[139.89945,35.6411],[139.90055,35.641],[139.90079,35.64068],[139.8995,35.63933],[139.89972,35.63888],[139.90083,35.63908],[139.90166,35.63882],[139.90497,35.63896],[139.90607,35.63861],[139.90773,35.63866],[139.90966,35.63956],[139.91021,35.63872],[139.91187,35.63859],[139.91297,35.6391],[139.91491,35.63876],[139.91711,35.63899],[139.91932,35.63841],[139.91941,35.63932],[139.91864,35.64067],[139.91877,35.64107],[139.92098,35.64133],[139.92319,35.6409],[139.92485,35.64125],[139.92567,35.6412],[139.92627,35.64156],[139.92605,35.64269],[139.92636,35.64404],[139.9263,35.6454],[139.92685,35.6463],[139.92599,35.64742],[139.92626,35.64832],[139.92582,35.6499],[139.92596,35.65013],[139.92651,35.64996],[139.93589,35.6439],[139.9392,35.64132],[139.93934,35.64065],[139.93883,35.6402],[139.92677,35.63364],[139.92594,35.63349],[139.92429,35.63425],[139.92366,35.63323],[139.92401,35.63292],[139.92484,35.63298],[139.92475,35.63255],[139.91075,35.62487],[139.9102,35.6247],[139.90965,35.62481]]],[[[139.92486,35.65087],[139.92541,35.65035],[139.92513,35.65031],[139.92449,35.65058],[139.92486,35.65087]]],[[[139.90761,35.66096],[139.90868,35.66163],[139.9083,35.66253],[139.90858,35.66285],[139.90894,35.66276],[139.90941,35.66188],[139.91079,35.66188],[139.91117,35.66141],[139.91095,35.66073],[139.90996,35.66076],[139.90913,35.6602],[139.90798,35.66051],[139.90761,35.66096]]],[[[139.9133,35.66523],[139.91346,35.66569],[139.9141,35.66601],[139.91556,35.66501],[139.91548,35.66476],[139.91493,35.66453],[139.91383,35.66477],[139.9133,35.66523]]],[[[139.98585,35.66426],[139.98468,35.6708],[139.98501,35.67148],[139.99199,35.67234],[139.99401,35.67169],[139.99475,35.67077],[139.99558,35.6705],[139.99613,35.67083],[139.99641,35.67201],[139.99751,35.67234],[139.99785,35.67281],[139.99768,35.67326],[139.99669,35.67394],[139.99688,35.67439],[139.99752,35.67468],[139.9989,35.67477],[140.0,35.67445],[139.99998,35.66544],[139.98673,35.66393],[139.98585,35.66426]]],[[[139.91281,35.66771],[139.91289,35.66884],[139.91328,35.66928],[139.91494,35.66903],[139.9156,35.66929],[139.91626,35.67042],[139.91624,35.67177],[139.9166,35.67201],[139.91742,35.67188],[139.91815,35.67109],[139.91908,35.67064],[139.91908,35.66974],[139.92018,35.67001],[139.92055,35.66974],[139.92034,35.66906],[139.9188,35.66789],[139.91794,35.66839],[139.91742,35.66989],[139.91696,35.66996],[139.91628,35.66861],[139.91625,35.66749],[139.91576,35.66709],[139.91466,35.66694],[139.913,35.66747],[139.91281,35.66771]]],[[[139.93813,35.66743],[139.9352,35.6695],[139.93532,35.66995],[139.94034,35.67059],[139.94559,35.67198],[139.9463,35.67174],[139.94738,35.66994],[139.94697,35.6694],[139.94062,35.66761],[139.93813,35.66743]]],[[[139.97873,35.66997],[139.97266,35.67091],[139.971,35.67044],[139.96603,35.67135],[139.96078,35.67165],[139.95896,35.67196],[139.95871,35.67241],[139.95885,35.67353],[139.9608,35.67601],[139.96047,35.67849],[139.96068,35.67894],[139.96135,35.67936],[139.963,35.67915],[139.96411,35.67947],[139.96742,35.67908],[139.97129,35.68054],[139.97737,35.67944],[139.97769,35.67915],[139.97801,35.67779],[139.97791,35.67613],[139.97681,35.67614],[139.97211,35.67692],[139.97156,35.6768],[139.97142,35.67645],[139.97152,35.67532],[139.97211,35.67438],[139.97791,35.67337],[139.97873,35.67293],[139.97937,35.67058],[139.97928,35.67013],[139.97873,35.66997]]],[[[139.93483,35.67414],[139.93446,35.67468],[139.93441,35.67581],[139.93446,35.67694],[139.93496,35.67784],[139.93483,35.67816],[139.93428,35.67834],[139.93262,35.67831],[139.93179,35.67793],[139.93069,35.67692],[139.92903,35.6764],[139.92852,35.67672],[139.92843,35.67762],[139.92761,35.67852],[139.92762,35.67897],[139.92793,35.67973],[139.92876,35.68012],[139.93124,35.67985],[139.93235,35.68012],[139.93301,35.68099],[139.93228,35.68235],[139.93318,35.68352],[139.93401,35.68397],[139.93539,35.68318],[139.93622,35.68316],[139.9373,35.68347],[139.93768,35.68392],[139.93763,35.68527],[139.93733,35.68592],[139.9365,35.68595],[139.93816,35.68605],[139.93871,35.68578],[139.93926,35.68505],[139.94035,35.68166],[139.94221,35.67896],[139.94238,35.67783],[139.94063,35.67615],[139.93676,35.67347],[139.93593,35.67335],[139.93483,35.67414]]],[[[139.95886,35.68084],[139.95942,35.6809],[139.96037,35.68029],[139.9605,35.67984],[139.96027,35.67962],[139.95938,35.67962],[139.95886,35.68084]]],[[[139.95277,35.6723],[139.9469,35.68076],[139.94684,35.68188],[139.94559,35.68234],[139.941,35.68865],[139.93982,35.69045],[139.93986,35.6909],[139.94025,35.69113],[139.94286,35.69112],[139.94551,35.69045],[139.9456,35.68819],[139.94499,35.68549],[139.94561,35.68497],[139.94699,35.68517],[139.94762,35.68459],[139.94767,35.68414],[139.94722,35.68324],[139.94728,35.68256],[139.94754,35.68235],[139.94865,35.68244],[139.95058,35.68337],[139.95212,35.68481],[139.95362,35.68568],[139.95417,35.68561],[139.95451,35.68526],[139.95579,35.68187],[139.95555,35.68144],[139.95468,35.68097],[139.95471,35.68075],[139.95583,35.68105],[139.95653,35.68075],[139.95792,35.67737],[139.9536,35.67229],[139.95305,35.67213],[139.95277,35.6723]]],[[[139.98206,35.68176],[139.97544,35.68344],[139.97489,35.68318],[139.97432,35.68231],[139.97378,35.68201],[139.96908,35.68246],[139.96854,35.68276],[139.96798,35.68365],[139.96743,35.68343],[139.96715,35.68368],[139.96742,35.68592],[139.96799,35.68659],[139.96826,35.68669],[139.96882,35.68641],[139.96925,35.68682],[139.96992,35.68701],[139.97047,35.68698],[139.97185,35.68599],[139.97572,35.68749],[139.97627,35.6874],[139.97655,35.6871],[139.9771,35.68772],[139.9779,35.68951],[139.97849,35.68994],[139.97904,35.68992],[139.97928,35.68951],[139.97887,35.68861],[139.98069,35.68539],[139.98179,35.68505],[139.98318,35.6857],[139.98401,35.68576],[139.98435,35.68567],[139.98463,35.68522],[139.98349,35.68252],[139.98289,35.6818],[139.98206,35.68176]],[[139.96798,35.68434],[139.96796,35.68412],[139.96798,35.68395],[139.96802,35.68411],[139.96798,35.68434]],[[139.97551,35.68411],[139.97544,35.68442],[139.97544,35.68397],[139.97551,35.68411]]],[[[139.94893,35.68985],[139.94762,35.6918],[139.94866,35.69269],[139.95115,35.69225],[139.95201,35.69179],[139.95231,35.69134],[139.94949,35.68974],[139.94893,35.68985]]],[[[139.97236,35.69245],[139.97225,35.69448],[139.9727,35.69479],[139.9736,35.69312],[139.97351,35.69267],[139.97297,35.69223],[139.97236,35.69245]]],[[[139.91192,35.69052],[139.91182,35.6925],[139.91273,35.69521],[139.91401,35.69611],[139.91441,35.69749],[139.91607,35.69874],[139.91635,35.70022],[139.91718,35.7004],[139.91777,35.69971],[139.91785,35.69791],[139.91694,35.69588],[139.915,35.69318],[139.91275,35.69069],[139.91164,35.68975],[139.91092,35.6898],[139.91109,35.69024],[139.91192,35.69052]]],[[[139.91994,35.70137],[139.92045,35.70083],[139.91994,35.70023],[139.91952,35.70038],[139.91923,35.70106],[139.91939,35.70139],[139.91994,35.70137]]],[[[139.91801,35.7039],[139.91801,35.70484],[139.9198,35.70376],[139.92,35.70309],[139.91884,35.70224],[139.91855,35.70241],[139.91801,35.7039]]],[[[139.92259,35.70421],[139.91843,35.70715],[139.91701,35.70895],[139.91428,35.71143],[139.90946,35.71426],[139.90802,35.71572],[139.90808,35.71614],[139.91056,35.71631],[139.9125,35.71561],[139.91388,35.71536],[139.91443,35.71428],[139.91513,35.71368],[139.91534,35.71278],[139.91652,35.7121],[139.91739,35.71008],[139.91912,35.70918],[139.92161,35.70823],[139.92437,35.70932],[139.92462,35.70917],[139.9252,35.7074],[139.92629,35.70601],[139.9263,35.70577],[139.92489,35.70466],[139.92555,35.70376],[139.92519,35.70349],[139.92409,35.70348],[139.92259,35.70421]]],[[[139.88571,35.69973],[139.88495,35.70469],[139.88357,35.71077],[139.8824,35.71505],[139.88094,35.71888],[139.88091,35.71956],[139.88128,35.71997],[139.8826,35.72001],[139.88376,35.72044],[139.8868,35.7203],[139.88906,35.72068],[139.89153,35.72226],[139.89374,35.72429],[139.89675,35.72392],[139.89924,35.72155],[139.90074,35.72068],[139.902,35.71949],[139.90172,35.71929],[139.89896,35.71914],[139.89841,35.71839],[139.89703,35.71781],[139.89647,35.7167],[139.89384,35.71595],[139.8932,35.71482],[139.89078,35.71234],[139.88955,35.71144],[139.88935,35.71099],[139.8897,35.70964],[139.8892,35.70897],[139.88814,35.70829],[139.88723,35.70468],[139.88821,35.70266],[139.88645,35.70063],[139.88624,35.69954],[139.88571,35.69973]]],[[[139.91802,35.71307],[139.91774,35.71288],[139.91756,35.713],[139.91774,35.71319],[139.91802,35.71307]]],[[[139.99972,35.70616],[139.99892,35.70909],[139.99786,35.70951],[139.99667,35.71112],[139.99566,35.71135],[139.99455,35.71193],[139.99373,35.71324],[139.99393,35.71383],[139.9948,35.71428],[139.99539,35.71507],[139.99611,35.7154],[139.99604,35.71721],[139.99553,35.71833],[139.99564,35.72036],[139.99724,35.72194],[139.99678,35.72284],[139.99645,35.72487],[139.99708,35.72644],[139.99595,35.72802],[139.99498,35.7287],[139.99468,35.72938],[139.99465,35.7305],[139.9937,35.73141],[139.99625,35.73246],[139.99776,35.73501],[139.99847,35.73545],[139.99903,35.7362],[140.00013,35.73646],[140.00007,35.7058],[139.99972,35.70616]]],[[[139.89567,35.74793],[139.89567,35.74801],[139.89571,35.74795],[139.89567,35.74793]]],[[[139.8952,35.74817],[139.89539,35.7482],[139.89553,35.74817],[139.89539,35.74804],[139.8952,35.74817]]],[[[139.94982,35.72798],[139.94871,35.72952],[139.94733,35.72987],[139.94457,35.73156],[139.94319,35.73145],[139.94264,35.73239],[139.94015,35.73233],[139.9396,35.73249],[139.93684,35.73437],[139.93546,35.73598],[139.93435,35.73626],[139.9338,35.73674],[139.93242,35.73671],[139.93104,35.73631],[139.92965,35.73644],[139.92909,35.73688],[139.92827,35.73825],[139.92634,35.73914],[139.92358,35.73982],[139.92018,35.74252],[139.91971,35.74248],[139.91943,35.74133],[139.91882,35.7423],[139.91833,35.7426],[139.91667,35.74235],[139.91556,35.74325],[139.91335,35.74358],[139.9117,35.74426],[139.91145,35.74456],[139.91154,35.74591],[139.91104,35.74681],[139.91181,35.74839],[139.91253,35.7491],[139.91281,35.75031],[139.91336,35.75076],[139.91447,35.75084],[139.9164,35.75192],[139.91696,35.75182],[139.91778,35.75125],[139.91889,35.75107],[139.92055,35.75206],[139.92077,35.75176],[139.92079,35.74635],[139.9211,35.74614],[139.92274,35.74635],[139.92391,35.74793],[139.92335,35.7486],[139.92193,35.74871],[139.92154,35.74906],[139.92185,35.74973],[139.92304,35.74993],[139.9233,35.75018],[139.92248,35.75199],[139.92254,35.75446],[139.92387,35.75455],[139.9247,35.75522],[139.92608,35.75407],[139.92746,35.75426],[139.92912,35.75372],[139.93106,35.75453],[139.93161,35.75429],[139.93189,35.75372],[139.93244,35.7535],[139.93327,35.75378],[139.93352,35.75491],[139.9341,35.75518],[139.93576,35.75445],[139.93631,35.75378],[139.93658,35.75277],[139.93769,35.75167],[139.93824,35.75168],[139.93921,35.75242],[139.93982,35.7522],[139.93883,35.7513],[139.93836,35.75017],[139.93834,35.74859],[139.93953,35.74746],[139.93877,35.74656],[139.93876,35.74611],[139.93906,35.74584],[139.94017,35.74562],[139.94183,35.74603],[139.94321,35.74516],[139.94459,35.74506],[139.94597,35.74463],[139.9465,35.7443],[139.94672,35.7434],[139.94707,35.74299],[139.94873,35.74297],[139.94919,35.74272],[139.94961,35.74205],[139.95011,35.74185],[139.95122,35.74203],[139.95426,35.7418],[139.95675,35.74264],[139.9589,35.74294],[139.95973,35.74406],[139.9609,35.74417],[139.96158,35.74474],[139.96181,35.74541],[139.9615,35.74632],[139.96224,35.74677],[139.96258,35.74789],[139.96355,35.74879],[139.96336,35.75015],[139.9644,35.75082],[139.96441,35.75172],[139.96568,35.75307],[139.9657,35.75375],[139.96526,35.75442],[139.96499,35.756],[139.96614,35.75668],[139.96627,35.75713],[139.96623,35.75803],[139.9659,35.75848],[139.96396,35.75864],[139.96352,35.75893],[139.96427,35.76006],[139.96341,35.76119],[139.9612,35.76157],[139.96037,35.76074],[139.95982,35.76055],[139.95901,35.76097],[139.95895,35.76187],[139.95954,35.76219],[139.9612,35.76209],[139.96148,35.76227],[139.96167,35.76412],[139.96342,35.76432],[139.965,35.76502],[139.96618,35.76526],[139.967,35.76501],[139.96717,35.76411],[139.96784,35.76345],[139.96985,35.76343],[139.97032,35.76298],[139.97046,35.76231],[139.97088,35.76209],[139.97199,35.76246],[139.97312,35.7623],[139.97336,35.7632],[139.97307,35.76411],[139.97337,35.76451],[139.97392,35.76436],[139.9753,35.76277],[139.97639,35.7632],[139.97736,35.7641],[139.97752,35.7647],[139.97669,35.76556],[139.97503,35.76662],[139.9745,35.77064],[139.97477,35.77143],[139.97634,35.77289],[139.97695,35.77447],[139.97754,35.77463],[139.97803,35.77424],[139.97804,35.77356],[139.97836,35.77314],[139.98113,35.77271],[139.98312,35.77175],[139.98279,35.7713],[139.98195,35.77122],[139.98168,35.77091],[139.98238,35.76973],[139.9821,35.76838],[139.98108,35.76725],[139.98087,35.76657],[139.98139,35.76612],[139.98278,35.76663],[139.98333,35.76657],[139.98524,35.76477],[139.98498,35.76394],[139.98249,35.76282],[139.9819,35.76139],[139.98249,35.76076],[139.98394,35.76026],[139.98432,35.75913],[139.98388,35.75801],[139.98414,35.75777],[139.98524,35.75756],[139.9862,35.75688],[139.98612,35.7544],[139.98668,35.75372],[139.98634,35.75351],[139.98579,35.75365],[139.98386,35.7533],[139.98205,35.75148],[139.98201,35.75125],[139.98275,35.75058],[139.98276,35.7499],[139.98088,35.74832],[139.98079,35.74742],[139.97984,35.74607],[139.98,35.74562],[139.98135,35.74482],[139.98155,35.74427],[139.9808,35.74381],[139.97942,35.74414],[139.97886,35.7441],[139.97847,35.74382],[139.97851,35.74337],[139.97919,35.74269],[139.97877,35.74134],[139.97963,35.74021],[139.97993,35.73818],[139.97941,35.73804],[139.9772,35.73845],[139.97581,35.73906],[139.97498,35.73867],[139.97443,35.73869],[139.97355,35.74044],[139.97167,35.74109],[139.97098,35.7418],[139.97029,35.74204],[139.96919,35.74193],[139.96836,35.74221],[139.96753,35.74222],[139.96559,35.74173],[139.96449,35.74201],[139.96227,35.74112],[139.96034,35.74159],[139.95896,35.74128],[139.95853,35.74091],[139.95891,35.74001],[139.95853,35.73911],[139.95702,35.73939],[139.95592,35.73993],[139.95524,35.73911],[139.95508,35.73821],[139.9538,35.73754],[139.95414,35.73551],[139.95275,35.73371],[139.95284,35.73258],[139.95216,35.73145],[139.95248,35.73055],[139.9514,35.72965],[139.95183,35.72785],[139.95147,35.72756],[139.95092,35.7275],[139.94982,35.72798]],[[139.95176,35.73393],[139.95187,35.73506],[139.95092,35.73529],[139.95067,35.73506],[139.95086,35.73438],[139.95019,35.73371],[139.9503,35.73326],[139.95065,35.73298],[139.95121,35.73296],[139.95176,35.73393]],[[139.94931,35.73439],[139.949,35.7346],[139.94887,35.73439],[139.949,35.73432],[139.94931,35.73439]]],[[[139.99079,35.75349],[139.99102,35.75462],[139.99188,35.75543],[139.99354,35.75586],[139.99437,35.75563],[139.99465,35.75416],[139.99414,35.75349],[139.9927,35.75275],[139.99079,35.75349]]],[[[139.96979,35.76501],[139.96978,35.76525],[139.97027,35.76524],[139.96979,35.76501]]],[[[139.88406,35.75854],[139.88327,35.76215],[139.88224,35.76418],[139.88269,35.76446],[139.88407,35.76414],[139.88462,35.76434],[139.88493,35.76485],[139.88468,35.76575],[139.88511,35.7671],[139.88739,35.76779],[139.88783,35.76823],[139.88707,35.76958],[139.88601,35.77001],[139.88561,35.77071],[139.8849,35.77117],[139.88458,35.77184],[139.88407,35.7721],[139.88312,35.77206],[139.88288,35.77229],[139.88302,35.77251],[139.88656,35.77458],[139.8885,35.77541],[139.89209,35.77309],[139.8932,35.77316],[139.8943,35.77281],[139.89513,35.77288],[139.89707,35.77147],[139.89817,35.77218],[139.899,35.77146],[139.89983,35.77137],[139.90094,35.77217],[139.9026,35.77224],[139.90315,35.77297],[139.90394,35.77295],[139.90407,35.7725],[139.90372,35.77205],[139.90094,35.77023],[139.90038,35.77019],[139.89734,35.77111],[139.89624,35.77011],[139.89477,35.77003],[139.89459,35.7698],[139.89481,35.7689],[139.89347,35.76851],[139.89292,35.76755],[139.88949,35.76485],[139.88955,35.7644],[139.89018,35.76372],[139.89013,35.76327],[139.88693,35.76079],[139.88686,35.76034],[139.88711,35.76002],[139.88766,35.75961],[139.88849,35.75945],[139.88853,35.75922],[139.88683,35.75897],[139.88628,35.75799],[139.88545,35.7572],[139.88489,35.7575],[139.88406,35.75854]]],[[[139.95439,35.76773],[139.95402,35.7678],[139.95402,35.76808],[139.95459,35.76796],[139.95439,35.76773]]],[[[139.91338,35.77326],[139.91265,35.77362],[139.91007,35.77401],[139.90985,35.7743],[139.91057,35.7761],[139.91173,35.77637],[139.91208,35.77723],[139.91256,35.77759],[139.91339,35.77765],[139.91477,35.7771],[139.91631,35.77768],[139.91671,35.77844],[139.91864,35.77833],[139.92003,35.7789],[139.92116,35.77903],[139.92196,35.77964],[139.92233,35.77948],[139.92279,35.77837],[139.9239,35.77798],[139.92445,35.77796],[139.92556,35.77864],[139.92694,35.77877],[139.92734,35.77857],[139.92683,35.77745],[139.92773,35.77632],[139.92776,35.77587],[139.92749,35.77566],[139.92555,35.77575],[139.92445,35.77619],[139.92251,35.7748],[139.92085,35.77453],[139.92002,35.77352],[139.91698,35.77335],[139.9156,35.77287],[139.91338,35.77326]]],[[[139.9438,35.77968],[139.94409,35.77953],[139.94408,35.77884],[139.94353,35.77814],[139.94325,35.77815],[139.9438,35.77968]]],[[[139.95184,35.78756],[139.95264,35.78801],[139.95355,35.78982],[139.95516,35.79035],[139.95582,35.79004],[139.9561,35.78891],[139.95652,35.78846],[139.95765,35.78816],[139.95799,35.78778],[139.95765,35.78725],[139.95571,35.78684],[139.9546,35.78625],[139.95322,35.78604],[139.95267,35.78607],[139.95208,35.78644],[139.95158,35.78711],[139.95184,35.78756]]],[[[139.88945,35.79347],[139.88965,35.7955],[139.89077,35.79707],[139.89169,35.8],[139.8916,35.8018],[139.89032,35.80428],[139.8898,35.80609],[139.88979,35.80879],[139.89104,35.81082],[139.89223,35.81577],[139.89212,35.81687],[139.89185,35.8171],[139.89129,35.81604],[139.89095,35.81668],[139.89102,35.81893],[139.89157,35.8188],[139.89184,35.81915],[139.89117,35.82006],[139.89082,35.82118],[139.89116,35.82254],[139.89075,35.82281],[139.88936,35.82286],[139.88899,35.82344],[139.88896,35.82479],[139.88949,35.82704],[139.88944,35.83087],[139.88957,35.83132],[139.88992,35.83152],[139.89047,35.83128],[139.891,35.8302],[139.89186,35.82979],[139.89269,35.82969],[139.89432,35.82817],[139.89573,35.82733],[139.89684,35.82694],[139.89794,35.82722],[139.89933,35.82681],[139.90033,35.82591],[139.90144,35.82546],[139.90209,35.82459],[139.90264,35.82453],[139.90375,35.82508],[139.9043,35.82464],[139.90513,35.82439],[139.90759,35.82117],[139.90707,35.82031],[139.90452,35.81915],[139.90264,35.81701],[139.90019,35.81532],[139.90034,35.81464],[139.90141,35.81397],[139.90166,35.81284],[139.90284,35.81126],[139.90303,35.81059],[139.90291,35.81032],[139.90208,35.81015],[139.90138,35.80946],[139.89903,35.80823],[139.89688,35.80631],[139.89702,35.80518],[139.89592,35.80428],[139.89578,35.80383],[139.89678,35.8027],[139.8961,35.8018],[139.89614,35.80068],[139.8969,35.79977],[139.89698,35.79932],[139.89598,35.79907],[139.89432,35.79742],[139.89322,35.79734],[139.89157,35.7964],[139.89173,35.79549],[139.891,35.79369],[139.89045,35.79323],[139.88989,35.79315],[139.88945,35.79347]],[[139.89462,35.82313],[139.89324,35.82329],[139.89238,35.82299],[139.89351,35.8225],[139.89437,35.82276],[139.89462,35.82313]]],[[[139.98509,35.80127],[139.9845,35.80129],[139.98312,35.80075],[139.98072,35.8006],[139.98005,35.80195],[139.97842,35.80249],[139.97787,35.80357],[139.97731,35.80383],[139.97531,35.80399],[139.97453,35.80557],[139.9728,35.80624],[139.97209,35.80715],[139.97059,35.80782],[139.96985,35.80864],[139.96792,35.8098],[139.96681,35.80946],[139.96571,35.81017],[139.96515,35.81026],[139.96294,35.80912],[139.96188,35.80941],[139.961,35.81029],[139.96045,35.81028],[139.95962,35.80975],[139.95934,35.80982],[139.95869,35.81099],[139.95905,35.81212],[139.95769,35.81289],[139.95714,35.81437],[139.95603,35.81471],[139.95437,35.81573],[139.95354,35.81584],[139.9516,35.81531],[139.94994,35.81552],[139.94884,35.81489],[139.94718,35.81522],[139.94607,35.81422],[139.94524,35.8141],[139.94441,35.81362],[139.94303,35.81469],[139.94247,35.81486],[139.94137,35.81428],[139.93998,35.81402],[139.93888,35.81296],[139.93804,35.81087],[139.93749,35.81073],[139.93611,35.81097],[139.93536,35.80989],[139.93536,35.80944],[139.93649,35.80763],[139.93693,35.80742],[139.93859,35.80742],[139.93907,35.80695],[139.93859,35.80634],[139.93638,35.80626],[139.93554,35.80538],[139.93549,35.8047],[139.93683,35.80358],[139.93679,35.80313],[139.93361,35.80228],[139.93195,35.80216],[139.93028,35.80113],[139.92752,35.80127],[139.92704,35.80178],[139.92778,35.80268],[139.92815,35.80403],[139.92903,35.80539],[139.93056,35.80629],[139.9311,35.80809],[139.93337,35.81056],[139.93305,35.81147],[139.93367,35.81282],[139.93334,35.81394],[139.93085,35.8162],[139.93082,35.8171],[139.93196,35.81709],[139.93335,35.81766],[139.93473,35.81757],[139.93523,35.81777],[139.9357,35.8198],[139.93714,35.8207],[139.93833,35.82231],[139.94166,35.82406],[139.94228,35.82498],[139.9436,35.82556],[139.94446,35.82633],[139.94479,35.827],[139.94449,35.82791],[139.94525,35.82858],[139.94658,35.83083],[139.947,35.83218],[139.94693,35.83338],[139.94859,35.83415],[139.9497,35.83436],[139.95053,35.83398],[139.95123,35.83286],[139.95301,35.83243],[139.95384,35.83163],[139.95495,35.83112],[139.95578,35.83024],[139.95799,35.83037],[139.95846,35.82969],[139.95985,35.82879],[139.9598,35.82834],[139.95912,35.82744],[139.95956,35.82676],[139.96103,35.82669],[139.96175,35.82586],[139.96213,35.82572],[139.96352,35.82582],[139.96437,35.82428],[139.96385,35.82293],[139.96398,35.82248],[139.96489,35.82169],[139.966,35.82165],[139.96647,35.82135],[139.96615,35.8191],[139.96655,35.81881],[139.96877,35.81842],[139.96907,35.81752],[139.96886,35.81661],[139.96904,35.81633],[139.96987,35.81623],[139.97125,35.81648],[139.97288,35.81526],[139.97346,35.81425],[139.97622,35.81399],[139.97678,35.81293],[139.97894,35.81255],[139.98009,35.81174],[139.98148,35.81215],[139.98286,35.81113],[139.98452,35.81169],[139.98507,35.81147],[139.98533,35.81006],[139.98498,35.80916],[139.98467,35.80623],[139.98487,35.80578],[139.98632,35.80465],[139.98632,35.8033],[139.98667,35.8024],[139.98616,35.8001],[139.98548,35.80014],[139.98509,35.80127]]],[[[140.0003,35.81855],[140.0003,35.81815],[140.0003,35.81761],[139.99962,35.81793],[139.99989,35.81838],[140.0003,35.81855]]],[[[139.99633,35.82109],[139.99671,35.82148],[139.99727,35.8215],[139.99699,35.8199],[139.99626,35.82019],[139.99633,35.82109]]],[[[139.96656,35.82578],[139.96666,35.82608],[139.96683,35.82586],[139.96656,35.82578]]],[[[139.96553,35.82676],[139.9649,35.82623],[139.96435,35.82615],[139.96419,35.82631],[139.96518,35.82689],[139.96553,35.82676]]],[[[139.99776,35.82244],[139.99838,35.82307],[139.99845,35.82379],[139.99893,35.82446],[139.99798,35.82537],[139.99781,35.82717],[139.99673,35.82799],[139.99607,35.8292],[139.99656,35.83055],[139.99648,35.831],[139.99397,35.83205],[139.99341,35.83266],[139.99148,35.83392],[139.98954,35.8341],[139.98901,35.83439],[139.98959,35.83507],[139.98957,35.83574],[139.98872,35.83689],[139.98742,35.83755],[139.9875,35.83845],[139.98725,35.8389],[139.98568,35.83935],[139.98438,35.84003],[139.98291,35.84006],[139.98208,35.83981],[139.98188,35.84003],[139.98234,35.84139],[139.98188,35.84319],[139.98044,35.84387],[139.98158,35.84499],[139.98154,35.84552],[139.9796,35.84661],[139.9785,35.8471],[139.97743,35.84725],[139.97684,35.8477],[139.97545,35.8476],[139.97324,35.84783],[139.97276,35.84883],[139.97297,35.84954],[139.97352,35.84995],[139.97407,35.85],[139.9749,35.84931],[139.97566,35.84928],[139.97673,35.85041],[139.97795,35.85104],[139.98017,35.85182],[139.9821,35.85164],[139.98349,35.85281],[139.98388,35.85378],[139.98498,35.85468],[139.98443,35.85558],[139.98479,35.8567],[139.98682,35.85732],[139.9871,35.85828],[139.98804,35.85986],[139.98808,35.86031],[139.98677,35.86143],[139.9864,35.86234],[139.98655,35.86301],[139.98739,35.86383],[139.98794,35.864],[139.98932,35.86382],[139.99016,35.86405],[139.99154,35.86536],[139.9926,35.86571],[139.99293,35.8669],[139.99487,35.86728],[139.99874,35.86668],[139.99967,35.86705],[140.00041,35.86806],[140.00031,35.82141],[139.9992,35.82113],[139.99865,35.82123],[139.9977,35.82176],[139.99776,35.82244]],[[139.99621,35.8452],[139.99676,35.84496],[139.99693,35.8452],[139.99621,35.84553],[139.99621,35.8452]]],[[[139.93891,35.84264],[139.93698,35.84419],[139.93449,35.84435],[139.932,35.84518],[139.93089,35.84577],[139.92951,35.846],[139.9284,35.84592],[139.92729,35.84515],[139.92676,35.8455],[139.92654,35.84595],[139.92674,35.84615],[139.92757,35.84625],[139.92815,35.84685],[139.92828,35.84797],[139.92905,35.85],[139.92887,35.85113],[139.92986,35.85203],[139.92952,35.8527],[139.92869,35.85324],[139.92869,35.85356],[139.92924,35.8538],[139.93035,35.8533],[139.93056,35.85338],[139.93118,35.85504],[139.93284,35.85412],[139.93339,35.85421],[139.93423,35.85483],[139.93589,35.8544],[139.93727,35.85485],[139.93921,35.85467],[139.94087,35.85399],[139.94225,35.85495],[139.94347,35.8554],[139.94388,35.85585],[139.94392,35.85656],[139.94564,35.85585],[139.94608,35.85494],[139.9442,35.85314],[139.94391,35.85206],[139.94237,35.85157],[139.942,35.84977],[139.94095,35.84909],[139.94101,35.84819],[139.94053,35.84729],[139.94064,35.84639],[139.94003,35.84578],[139.93985,35.84459],[139.9403,35.84418],[139.94141,35.84398],[139.94194,35.84323],[139.94168,35.84298],[139.93947,35.8425],[139.93891,35.84264]]],[[[139.89336,35.85453],[139.89437,35.8549],[139.89454,35.85453],[139.89423,35.85386],[139.89381,35.85364],[139.8932,35.85408],[139.89336,35.85453]]],[[[139.9298,35.85628],[139.93026,35.85563],[139.9298,35.85539],[139.92923,35.85586],[139.9298,35.85628]]],[[[139.92724,35.85834],[139.92786,35.85875],[139.92842,35.85864],[139.92895,35.85744],[139.92882,35.85721],[139.92814,35.85714],[139.92747,35.85744],[139.92705,35.85789],[139.92724,35.85834]]],[[[139.95123,35.85697],[139.95254,35.85899],[139.95221,35.86012],[139.95271,35.86057],[139.95292,35.8617],[139.95333,35.86189],[139.95484,35.8608],[139.95511,35.86034],[139.95506,35.85967],[139.95401,35.85832],[139.95455,35.85719],[139.95416,35.85689],[139.95194,35.85642],[139.95123,35.85697]]],[[[139.89382,35.8579],[139.89077,35.85831],[139.88966,35.85868],[139.88779,35.85837],[139.88579,35.85751],[139.88523,35.8576],[139.88475,35.85859],[139.88396,35.85927],[139.88378,35.86175],[139.88324,35.86242],[139.88303,35.86378],[139.88235,35.86468],[139.88192,35.86491],[139.88026,35.8648],[139.87777,35.86625],[139.87666,35.86648],[139.87542,35.86716],[139.87514,35.86761],[139.87516,35.86874],[139.87297,35.86964],[139.87115,35.87324],[139.87057,35.8736],[139.86974,35.87371],[139.8698,35.87482],[139.86951,35.87527],[139.86808,35.87516],[139.86753,35.87571],[139.86461,35.87708],[139.86033,35.87999],[139.85922,35.8803],[139.85701,35.88251],[139.85557,35.88316],[139.85313,35.8848],[139.85147,35.88503],[139.85101,35.88632],[139.84923,35.88767],[139.84593,35.88956],[139.84316,35.89071],[139.84178,35.89034],[139.84065,35.89105],[139.84015,35.89195],[139.84018,35.89308],[139.83929,35.89629],[139.83926,35.89421],[139.83869,35.89376],[139.83981,35.89218],[139.83971,35.89105],[139.83747,35.887],[139.83707,35.88686],[139.83513,35.8876],[139.83498,35.88745],[139.83536,35.88677],[139.83451,35.88542],[139.83541,35.88487],[139.83582,35.88407],[139.83572,35.88362],[139.83541,35.88344],[139.83403,35.88312],[139.83347,35.88323],[139.83082,35.88497],[139.83015,35.88601],[139.82911,35.88654],[139.82821,35.88753],[139.826,35.88878],[139.82544,35.88881],[139.82486,35.88857],[139.8235,35.88737],[139.82184,35.88729],[139.81907,35.88496],[139.81658,35.8857],[139.81575,35.88693],[139.81437,35.88685],[139.81353,35.88657],[139.81302,35.88609],[139.81256,35.88497],[139.80994,35.88364],[139.80856,35.88339],[139.80834,35.88226],[139.80748,35.88091],[139.80821,35.87978],[139.8072,35.87911],[139.80689,35.87837],[139.80578,35.87798],[139.80464,35.8782],[139.80441,35.87911],[139.80522,35.88023],[139.80519,35.88091],[139.80412,35.88133],[139.80357,35.88193],[139.80212,35.88226],[139.80135,35.88323],[139.80047,35.88384],[139.80105,35.88519],[139.80213,35.88609],[139.80199,35.88789],[139.80246,35.88924],[139.80247,35.88947],[139.80163,35.8897],[139.8012,35.89015],[139.80121,35.8915],[139.80165,35.8924],[139.80088,35.89353],[139.80121,35.8951],[139.79775,35.89673],[139.79636,35.897],[139.79442,35.89787],[139.79401,35.89826],[139.79387,35.89934],[139.79323,35.90006],[139.79302,35.90209],[139.79414,35.90299],[139.79525,35.90347],[139.79591,35.90479],[139.79636,35.9069],[139.795,35.90817],[139.79449,35.90907],[139.79248,35.90996],[139.7921,35.91155],[139.78991,35.91223],[139.78943,35.91318],[139.78846,35.91358],[139.7884,35.91538],[139.7895,35.9156],[139.79054,35.91643],[139.79158,35.91854],[139.79359,35.92147],[139.79297,35.92259],[139.79179,35.92372],[139.79146,35.92687],[139.79048,35.93003],[139.79055,35.9307],[139.78985,35.93183],[139.78926,35.93228],[139.78937,35.9325],[139.79274,35.93261],[139.79413,35.9323],[139.79607,35.93239],[139.79745,35.93221],[139.79967,35.93262],[139.80133,35.93241],[139.80383,35.93261],[139.80521,35.93236],[139.8066,35.93261],[139.81546,35.93253],[139.81608,35.93206],[139.81629,35.93052],[139.81851,35.9304],[139.81895,35.92913],[139.81978,35.92801],[139.82128,35.92727],[139.82219,35.92598],[139.82194,35.92485],[139.82315,35.92372],[139.82265,35.9226],[139.8228,35.92147],[139.82229,35.92034],[139.82349,35.91854],[139.82313,35.91674],[139.82378,35.91616],[139.82516,35.91587],[139.82682,35.91516],[139.82793,35.91557],[139.82876,35.91557],[139.82932,35.91601],[139.83011,35.91719],[139.83042,35.91819],[139.83098,35.91874],[139.83236,35.91873],[139.8343,35.91951],[139.83541,35.92024],[139.83597,35.92014],[139.83654,35.9208],[139.83707,35.92089],[139.83901,35.91977],[139.84012,35.91961],[139.84151,35.91885],[139.84234,35.9187],[139.84372,35.91737],[139.84566,35.91709],[139.84649,35.91787],[139.84705,35.91803],[139.84976,35.91719],[139.85016,35.91674],[139.85014,35.91584],[139.85037,35.91565],[139.85425,35.91496],[139.85641,35.91426],[139.85729,35.91344],[139.85863,35.91291],[139.85896,35.91194],[139.86089,35.91208],[139.8615,35.91313],[139.86138,35.91358],[139.86085,35.91381],[139.86051,35.91426],[139.86092,35.91606],[139.86062,35.91696],[139.8619,35.91899],[139.8636,35.92012],[139.86455,35.92147],[139.86365,35.92417],[139.86395,35.92437],[139.8645,35.92424],[139.86588,35.92296],[139.86672,35.92278],[139.86694,35.92304],[139.86558,35.92597],[139.86555,35.92778],[139.86525,35.92823],[139.86419,35.9289],[139.86386,35.92981],[139.86439,35.93116],[139.8661,35.93183],[139.867,35.93252],[139.86977,35.93241],[139.87171,35.93261],[139.87365,35.93208],[139.87586,35.93262],[139.89498,35.93261],[139.8972,35.93239],[139.89886,35.9326],[139.90302,35.9326],[139.90551,35.93197],[139.908,35.93256],[139.9105,35.93197],[139.91354,35.9326],[139.91936,35.93237],[139.92213,35.93259],[139.9249,35.93232],[139.92629,35.93258],[139.93044,35.93258],[139.9346,35.93217],[139.93654,35.93257],[139.94208,35.93257],[139.94347,35.93239],[139.94679,35.93255],[139.94739,35.93223],[139.94753,35.93021],[139.94817,35.92969],[139.95316,35.92899],[139.95704,35.92887],[139.96036,35.92765],[139.96313,35.92618],[139.96451,35.92668],[139.96535,35.92673],[139.97171,35.925],[139.97359,35.92364],[139.97765,35.92138],[139.98278,35.91744],[139.98582,35.91475],[139.99274,35.91051],[139.99487,35.90965],[139.99634,35.90934],[139.99828,35.90909],[140.00049,35.9093],[140.00044,35.88326],[139.99962,35.88463],[139.99906,35.88506],[139.99795,35.88504],[139.99657,35.88548],[139.99546,35.88477],[139.9949,35.88481],[139.99324,35.88574],[139.9924,35.88666],[139.99159,35.88709],[139.98799,35.88725],[139.9866,35.88547],[139.98629,35.88555],[139.9862,35.88622],[139.98471,35.8869],[139.98356,35.88793],[139.98245,35.88775],[139.98162,35.88806],[139.98106,35.88801],[139.98051,35.88741],[139.97885,35.88673],[139.9779,35.88578],[139.9769,35.8837],[139.97609,35.88285],[139.97551,35.88111],[139.97424,35.8806],[139.97428,35.87835],[139.97523,35.87764],[139.97634,35.87769],[139.97655,35.87745],[139.97651,35.877],[139.97578,35.87607],[139.97412,35.8754],[139.97329,35.8747],[139.96996,35.87423],[139.9672,35.87561],[139.96563,35.87408],[139.96394,35.87318],[139.96371,35.87228],[139.96276,35.87217],[139.96206,35.87183],[139.96165,35.87084],[139.95999,35.8697],[139.95861,35.86967],[139.9575,35.86888],[139.95639,35.86889],[139.95556,35.86865],[139.9553,35.86823],[139.95536,35.86733],[139.95581,35.8644],[139.9553,35.86372],[139.95472,35.86355],[139.95361,35.86408],[139.95346,35.8644],[139.95436,35.8662],[139.95328,35.86778],[139.95428,35.86891],[139.9536,35.87139],[139.95358,35.87229],[139.95224,35.87292],[139.95201,35.87387],[139.95142,35.87424],[139.95086,35.87435],[139.94975,35.87401],[139.9484,35.87455],[139.94774,35.87612],[139.94793,35.87703],[139.94754,35.87744],[139.94616,35.87717],[139.94422,35.87815],[139.94173,35.87849],[139.94062,35.87905],[139.93952,35.87919],[139.93758,35.88051],[139.93755,35.88177],[139.93731,35.88213],[139.93537,35.88268],[139.93426,35.88241],[139.93371,35.88259],[139.93271,35.8838],[139.93234,35.8847],[139.93335,35.88695],[139.93316,35.88739],[139.93233,35.88811],[139.93178,35.88811],[139.93122,35.8878],[139.93094,35.88793],[139.93064,35.88876],[139.92994,35.88944],[139.92973,35.89034],[139.92861,35.89146],[139.92927,35.89237],[139.92874,35.89323],[139.92735,35.89395],[139.92519,35.89462],[139.92542,35.89642],[139.92714,35.89913],[139.92632,35.90093],[139.92628,35.90206],[139.92466,35.90296],[139.92334,35.90476],[139.92127,35.90547],[139.91811,35.9086],[139.91947,35.91108],[139.9195,35.91175],[139.91915,35.91243],[139.91934,35.91301],[139.92045,35.91363],[139.92239,35.91381],[139.92279,35.91468],[139.9222,35.91648],[139.92156,35.91694],[139.92027,35.91738],[139.91975,35.91829],[139.91869,35.91874],[139.91796,35.92088],[139.9163,35.92134],[139.9155,35.9228],[139.91409,35.92431],[139.91243,35.92429],[139.91021,35.92526],[139.90965,35.92595],[139.90955,35.92686],[139.90869,35.92776],[139.90853,35.92843],[139.908,35.92884],[139.90606,35.92819],[139.90536,35.92731],[139.9044,35.92678],[139.90384,35.9266],[139.90273,35.92679],[139.90187,35.92596],[139.90079,35.92551],[139.90024,35.92546],[139.8983,35.92611],[139.89691,35.92516],[139.89525,35.92517],[139.89387,35.92465],[139.89355,35.92439],[139.89349,35.92394],[139.89399,35.92168],[139.89303,35.91899],[139.89184,35.91808],[139.89138,35.91718],[139.89045,35.91673],[139.88888,35.9138],[139.89026,35.9127],[139.89205,35.91199],[139.89149,35.91042],[139.89164,35.90977],[139.89468,35.90719],[139.89645,35.90703],[139.8973,35.90501],[139.8972,35.90388],[139.89744,35.90275],[139.89612,35.90163],[139.89597,35.89982],[139.89495,35.89962],[139.89482,35.89892],[139.89407,35.89802],[139.89398,35.89757],[139.89433,35.89689],[139.89417,35.89577],[139.89714,35.89396],[139.89721,35.89351],[139.89634,35.89239],[139.8965,35.89194],[139.89849,35.89036],[139.89993,35.88967],[139.90076,35.88871],[139.90215,35.88838],[139.90279,35.88765],[139.90329,35.8863],[139.90325,35.88568],[139.90177,35.88495],[139.90109,35.88382],[139.90159,35.88291],[139.90249,35.88202],[139.90263,35.88112],[139.90324,35.88044],[139.90341,35.87976],[139.90447,35.87886],[139.90467,35.87774],[139.90609,35.87683],[139.90712,35.87683],[139.9075,35.87593],[139.90841,35.8748],[139.90965,35.8739],[139.90991,35.87142],[139.90976,35.87007],[139.91016,35.86979],[139.91348,35.86924],[139.91375,35.86894],[139.9132,35.86826],[139.91209,35.86847],[139.9116,35.86827],[139.90987,35.86647],[139.90932,35.86636],[139.90794,35.8666],[139.9074,35.86737],[139.9073,35.86872],[139.90518,35.86984],[139.90452,35.86985],[139.90407,35.86913],[139.90351,35.87006],[139.90324,35.87009],[139.90268,35.8696],[139.90158,35.86998],[139.89936,35.86917],[139.89868,35.8694],[139.8972,35.87323],[139.89463,35.87774],[139.89373,35.88157],[139.8936,35.88473],[139.89053,35.89194],[139.88807,35.89577],[139.88392,35.90141],[139.88107,35.90434],[139.8789,35.90839],[139.87614,35.912],[139.87378,35.91425],[139.87336,35.91438],[139.87299,35.91403],[139.87322,35.91335],[139.87505,35.912],[139.8756,35.9111],[139.87561,35.91065],[139.87502,35.91029],[139.87472,35.90975],[139.87488,35.90907],[139.8753,35.90883],[139.87723,35.90855],[139.87867,35.90659],[139.87943,35.90479],[139.87934,35.90411],[139.87965,35.90344],[139.87952,35.90186],[139.8791,35.90096],[139.88083,35.89878],[139.88203,35.89803],[139.88282,35.89713],[139.88354,35.89577],[139.88692,35.89108],[139.88886,35.89],[139.88969,35.88996],[139.88996,35.88973],[139.89227,35.88518],[139.89217,35.88435],[139.8919,35.88414],[139.89097,35.88405],[139.89041,35.8827],[139.89062,35.87955],[139.8924,35.87504],[139.89336,35.87391],[139.89438,35.87166],[139.89492,35.87121],[139.89656,35.87053],[139.89742,35.86842],[139.8977,35.86892],[139.89798,35.8689],[139.89821,35.8685],[139.89806,35.86782],[139.89749,35.86782],[139.89754,35.8667],[139.89652,35.86512],[139.89775,35.86354],[139.89708,35.86152],[139.89714,35.861],[139.89848,35.86219],[139.89904,35.86399],[139.89963,35.86402],[139.89974,35.86354],[139.89936,35.86241],[139.89769,35.85991],[139.89714,35.8595],[139.89686,35.85996],[139.89658,35.85992],[139.8952,35.85683],[139.89487,35.85678],[139.89382,35.8579]],[[139.92518,35.91287],[139.92467,35.91287],[139.9247,35.91265],[139.92604,35.91197],[139.92599,35.91231],[139.92518,35.91287]],[[139.93538,35.89507],[139.93455,35.89533],[139.93428,35.89484],[139.93483,35.89393],[139.93538,35.89367],[139.93562,35.89416],[139.93538,35.89507]],[[139.94719,35.88063],[139.94642,35.88108],[139.94614,35.88063],[139.94672,35.88011],[139.94699,35.88019],[139.94719,35.88063]],[[139.95281,35.88187],[139.95358,35.8831],[139.95503,35.88354],[139.95576,35.88333],[139.95578,35.88243],[139.95613,35.88191],[139.95669,35.88168],[139.95752,35.88172],[139.96023,35.8831],[139.9604,35.884],[139.96084,35.88444],[139.96195,35.88425],[139.96389,35.88483],[139.96426,35.8858],[139.96531,35.88692],[139.96577,35.8885],[139.96681,35.88917],[139.96662,35.89008],[139.967,35.8912],[139.96657,35.89255],[139.96594,35.89346],[139.9662,35.89436],[139.9658,35.89526],[139.96612,35.89639],[139.96538,35.89706],[139.9658,35.89796],[139.96558,35.89844],[139.96438,35.89932],[139.96497,35.89977],[139.96521,35.90044],[139.96586,35.90115],[139.96759,35.90179],[139.97011,35.90359],[139.9714,35.90518],[139.97223,35.90541],[139.97235,35.90652],[139.97362,35.90764],[139.97396,35.90855],[139.97362,35.90967],[139.97246,35.91058],[139.97265,35.91148],[139.97249,35.91215],[139.9711,35.91283],[139.97151,35.91373],[139.9715,35.91441],[139.97055,35.91531],[139.97069,35.91666],[139.97032,35.91725],[139.96949,35.91745],[139.96782,35.91708],[139.96727,35.91723],[139.96636,35.91779],[139.96587,35.91937],[139.96533,35.91966],[139.96423,35.91973],[139.96345,35.92095],[139.96201,35.92094],[139.96063,35.92144],[139.95896,35.92106],[139.9587,35.92141],[139.95869,35.92238],[139.95731,35.92318],[139.95592,35.92261],[139.95453,35.92298],[139.95343,35.92284],[139.95232,35.92224],[139.95066,35.92216],[139.94863,35.92142],[139.94817,35.92074],[139.94849,35.91961],[139.94816,35.91902],[139.94677,35.91782],[139.94539,35.91773],[139.94453,35.91624],[139.94316,35.91489],[139.94246,35.91286],[139.94346,35.91196],[139.94377,35.91083],[139.94369,35.90993],[139.94467,35.90925],[139.94506,35.90812],[139.94464,35.90565],[139.94571,35.90474],[139.94582,35.90429],[139.94474,35.90362],[139.94453,35.90251],[139.94315,35.90306],[139.94223,35.90272],[139.94148,35.90107],[139.94018,35.90002],[139.93975,35.89912],[139.94022,35.89821],[139.93993,35.89686],[139.93923,35.89619],[139.93815,35.89569],[139.93673,35.89461],[139.93788,35.89416],[139.93663,35.89304],[139.93713,35.89168],[139.93616,35.89033],[139.93636,35.88988],[139.93729,35.88943],[139.93767,35.88898],[139.93778,35.88763],[139.94069,35.8856],[139.94118,35.88375],[139.94174,35.88345],[139.94272,35.88334],[139.94395,35.88206],[139.94506,35.88254],[139.94617,35.88244],[139.94838,35.88294],[139.94878,35.88356],[139.94845,35.88469],[139.94866,35.88501],[139.94922,35.88517],[139.94978,35.88491],[139.95,35.88266],[139.9509,35.88153],[139.9517,35.88136],[139.95281,35.88187]],[[139.80214,35.91651],[139.80162,35.91745],[139.80085,35.91741],[139.80054,35.91696],[139.80068,35.91628],[139.80134,35.91595],[139.80189,35.91605],[139.80214,35.91651]],[[139.80548,35.91809],[139.80552,35.91809],[139.80549,35.9181],[139.80548,35.91809]],[[139.80567,35.91786],[139.8059,35.91786],[139.80577,35.91796],[139.80567,35.91786]],[[139.80591,35.91764],[139.80619,35.91764],[139.80605,35.91775],[139.80591,35.91764]],[[139.8062,35.91741],[139.80643,35.91741],[139.80632,35.91752],[139.8062,35.91741]],[[139.80772,35.89121],[139.80796,35.89127],[139.80747,35.89127],[139.80772,35.89121]],[[139.80995,35.89195],[139.80966,35.89196],[139.80959,35.89195],[139.80966,35.8919],[139.80995,35.89195]],[[139.81883,35.89466],[139.81852,35.89468],[139.81843,35.89466],[139.81852,35.89462],[139.81883,35.89466]],[[139.82422,35.8924],[139.82446,35.8924],[139.82433,35.89248],[139.82422,35.8924]],[[139.82447,35.89218],[139.82474,35.89218],[139.82461,35.89229],[139.82447,35.89218]],[[139.82479,35.89195],[139.82497,35.89195],[139.82489,35.89203],[139.82479,35.89195]],[[139.83486,35.88765],[139.8349,35.88767],[139.83486,35.88768],[139.83486,35.88765]],[[139.83605,35.9075],[139.83611,35.90728],[139.8368,35.90671],[139.83653,35.9075],[139.83605,35.9075]],[[139.8393,35.89691],[139.83902,35.89849],[139.83873,35.89926],[139.83845,35.89871],[139.83901,35.89656],[139.8393,35.89691]],[[139.85479,35.89071],[139.85462,35.89037],[139.85479,35.89015],[139.85556,35.89037],[139.85535,35.89073],[139.85479,35.89071]]],[[[139.94231,35.89811],[139.94248,35.89754],[139.94203,35.8974],[139.9416,35.89776],[139.94156,35.89821],[139.94231,35.89811]]]]}},{"type":"Feature","properties":{"tier":"deep"},"geometry":{"type":"MultiPolygon","coordinates":[[[[138.98214,35.46711],[138.98428,35.46803],[138.98505,35.4687],[138.98656,35.47165],[138.98874,35.47347],[138.9894,35.47378],[138.9927,35.47424],[138.99546,35.4737],[138.99848,35.4751],[139.00427,35.47443],[139.00592,35.47476],[139.00785,35.47459],[139.01004,35.47557],[139.01222,35.47793],[139.01441,35.47965],[139.01524,35.47974],[139.01745,35.47899],[139.01965,35.47913],[139.02103,35.47894],[139.0224,35.47934],[139.02404,35.48097],[139.02652,35.48082],[139.02735,35.48102],[139.02771,35.48229],[139.02783,35.48432],[139.02902,35.48659],[139.03068,35.48862],[139.03359,35.49022],[139.03744,35.49136],[139.03825,35.49285],[139.03913,35.49386],[139.03979,35.49544],[139.04371,35.49908],[139.04406,35.49998],[139.0444,35.50291],[139.04512,35.50427],[139.04519,35.5054],[139.04592,35.50765],[139.04596,35.50923],[139.04635,35.50981],[139.048,35.51022],[139.0491,35.51011],[139.05158,35.51046],[139.05213,35.51019],[139.05325,35.50893],[139.05463,35.50891],[139.05656,35.50841],[139.05794,35.50843],[139.06043,35.5076],[139.0618,35.50782],[139.06482,35.50915],[139.06702,35.50957],[139.06894,35.51088],[139.07473,35.50999],[139.07803,35.51121],[139.07962,35.51238],[139.0805,35.51269],[139.0855,35.51219],[139.08601,35.51256],[139.0871,35.51427],[139.08857,35.51536],[139.09041,35.51763],[139.09118,35.51928],[139.09447,35.52185],[139.09611,35.52267],[139.09804,35.52327],[139.10072,35.52512],[139.10407,35.52693],[139.10626,35.53012],[139.10706,35.53215],[139.1076,35.53235],[139.10954,35.53191],[139.11009,35.53204],[139.11033,35.53239],[139.11037,35.53442],[139.11222,35.53511],[139.11221,35.53646],[139.11306,35.53714],[139.1141,35.5385],[139.11389,35.53901],[139.11218,35.54007],[139.11247,35.54097],[139.11181,35.54502],[139.11225,35.54615],[139.1133,35.54773],[139.11237,35.54953],[139.11237,35.54998],[139.11323,35.55134],[139.11436,35.55225],[139.11541,35.55385],[139.11788,35.55542],[139.12173,35.55641],[139.12337,35.55761],[139.12482,35.55997],[139.12849,35.56292],[139.12911,35.56383],[139.12974,35.56608],[139.12963,35.56698],[139.1287,35.56833],[139.12878,35.57013],[139.12702,35.57193],[139.12726,35.57328],[139.12803,35.57509],[139.12799,35.57621],[139.12725,35.57756],[139.12772,35.57914],[139.12763,35.58094],[139.12647,35.58162],[139.12481,35.58181],[139.12432,35.58205],[139.12437,35.58273],[139.12535,35.58323],[139.12554,35.58364],[139.12424,35.58432],[139.12286,35.5841],[139.12236,35.58429],[139.12218,35.58587],[139.12154,35.58699],[139.12199,35.58863],[139.12336,35.59028],[139.12441,35.59242],[139.12527,35.59306],[139.12692,35.59304],[139.12912,35.59403],[139.12945,35.59312],[139.13051,35.59269],[139.13161,35.59288],[139.13381,35.5937],[139.1374,35.59318],[139.14043,35.59425],[139.14097,35.59552],[139.14318,35.59491],[139.14358,35.59433],[139.14353,35.59343],[139.14152,35.59162],[139.14296,35.58937],[139.1437,35.5887],[139.14354,35.5878],[139.14394,35.58577],[139.1434,35.58419],[139.14466,35.58379],[139.14494,35.58322],[139.14574,35.58263],[139.14592,35.58105],[139.14634,35.58062],[139.14752,35.58038],[139.14776,35.57903],[139.15022,35.57794],[139.15105,35.57792],[139.1524,35.57883],[139.1522,35.58041],[139.15323,35.58113],[139.15461,35.58149],[139.15549,35.58268],[139.15502,35.58448],[139.15362,35.58515],[139.15387,35.58628],[139.15384,35.58988],[139.15345,35.59146],[139.15369,35.59187],[139.15538,35.5926],[139.15643,35.59375],[139.15836,35.59426],[139.16056,35.59544],[139.16166,35.59562],[139.1623,35.59534],[139.1628,35.59467],[139.16337,35.59309],[139.164,35.58994],[139.16391,35.58949],[139.1631,35.58858],[139.16263,35.587],[139.16312,35.58656],[139.1644,35.58634],[139.16478,35.58556],[139.16533,35.5852],[139.16616,35.58519],[139.16759,35.58568],[139.16918,35.58677],[139.16981,35.58817],[139.17137,35.58913],[139.17262,35.58954],[139.17269,35.58999],[139.17184,35.59066],[139.17166,35.59111],[139.17239,35.59247],[139.17237,35.59314],[139.17189,35.59334],[139.17079,35.5932],[139.16969,35.59247],[139.16914,35.59241],[139.16827,35.59334],[139.16848,35.5965],[139.16834,35.60033],[139.16681,35.60325],[139.16636,35.60505],[139.16654,35.6055],[139.16847,35.60572],[139.1704,35.60664],[139.17675,35.60587],[139.18089,35.60612],[139.18474,35.60794],[139.18557,35.60717],[139.18777,35.60775],[139.18904,35.6072],[139.18951,35.6063],[139.19289,35.60249],[139.19294,35.60204],[139.19224,35.60177],[139.19113,35.60212],[139.19001,35.60422],[139.18862,35.60511],[139.18641,35.60571],[139.18421,35.60518],[139.18284,35.60421],[139.18053,35.6031],[139.18011,35.60242],[139.18002,35.60084],[139.18037,35.60017],[139.18159,35.5995],[139.18139,35.59815],[139.18316,35.59758],[139.18401,35.59636],[139.18345,35.59596],[139.18152,35.59659],[139.18069,35.59658],[139.1798,35.59589],[139.17961,35.59498],[139.18071,35.59363],[139.18127,35.59352],[139.18209,35.59374],[139.18375,35.59318],[139.18541,35.59301],[139.18845,35.59183],[139.18955,35.59222],[139.19057,35.59301],[139.19108,35.59414],[139.19111,35.5955],[139.19146,35.59585],[139.19173,35.59572],[139.19245,35.5937],[139.1913,35.59212],[139.1912,35.59144],[139.19218,35.59054],[139.19261,35.5895],[139.19427,35.58855],[139.1951,35.58874],[139.19603,35.59011],[139.19812,35.59061],[139.20003,35.58968],[139.20071,35.58789],[139.20145,35.58737],[139.20503,35.58827],[139.20586,35.58821],[139.20752,35.58762],[139.20835,35.58762],[139.20917,35.58791],[139.21082,35.5894],[139.21173,35.58975],[139.21218,35.59042],[139.21329,35.59075],[139.21443,35.59179],[139.21451,35.59269],[139.21414,35.59359],[139.21427,35.59472],[139.21572,35.59715],[139.21848,35.59809],[139.22012,35.59987],[139.2215,35.60013],[139.22248,35.60062],[139.22257,35.60107],[139.22193,35.60219],[139.22197,35.60287],[139.22323,35.60378],[139.22422,35.60523],[139.22504,35.60562],[139.22698,35.60524],[139.22864,35.60437],[139.22912,35.60381],[139.22983,35.60201],[139.22984,35.59975],[139.22896,35.59855],[139.22785,35.59837],[139.22726,35.59794],[139.22675,35.59703],[139.22697,35.59636],[139.22759,35.59631],[139.2287,35.59669],[139.2298,35.59678],[139.23063,35.59627],[139.23093,35.5966],[139.23108,35.59796],[139.23144,35.59848],[139.23227,35.59889],[139.2342,35.59932],[139.23475,35.59978],[139.23538,35.60113],[139.23693,35.60168],[139.23804,35.60167],[139.23861,35.60137],[139.23955,35.59822],[139.23973,35.59665],[139.2406,35.59575],[139.24167,35.5952],[139.24278,35.5951],[139.24385,35.59599],[139.24312,35.59779],[139.24316,35.59847],[139.2435,35.59892],[139.24661,35.59892],[139.24938,35.59747],[139.25232,35.59536],[139.25299,35.59423],[139.25241,35.59333],[139.25361,35.59288],[139.25441,35.59018],[139.25551,35.58959],[139.25855,35.58908],[139.25912,35.58615],[139.26134,35.58456],[139.26189,35.58446],[139.26465,35.58479],[139.26547,35.58507],[139.26629,35.58611],[139.26795,35.58634],[139.26868,35.5871],[139.26925,35.58868],[139.26986,35.58913],[139.27041,35.58922],[139.27151,35.58881],[139.27208,35.5866],[139.27261,35.58599],[139.27319,35.58573],[139.27374,35.5857],[139.27436,35.586],[139.27566,35.58735],[139.27787,35.58685],[139.27864,35.58714],[139.27952,35.58792],[139.28007,35.58784],[139.28104,35.58715],[139.28202,35.58578],[139.28312,35.58569],[139.28395,35.58613],[139.28416,35.58649],[139.28386,35.58739],[139.28241,35.58896],[139.28216,35.59121],[139.28184,35.59121],[139.28116,35.59072],[139.27923,35.59026],[139.27674,35.59039],[139.27537,35.58998],[139.27482,35.59016],[139.27479,35.59073],[139.27574,35.59209],[139.27603,35.59321],[139.27564,35.59502],[139.27478,35.59571],[139.27257,35.59598],[139.2698,35.59521],[139.26883,35.59363],[139.26735,35.59189],[139.26662,35.59137],[139.26693,35.58979],[139.2667,35.58911],[139.26627,35.58883],[139.26517,35.58866],[139.26213,35.5894],[139.26192,35.59112],[139.26058,35.59247],[139.25824,35.59381],[139.2552,35.59477],[139.25104,35.59769],[139.24938,35.5985],[139.24793,35.59984],[139.24633,35.60013],[139.24274,35.59998],[139.24213,35.59936],[139.24157,35.59801],[139.2411,35.59769],[139.24055,35.59816],[139.24021,35.59913],[139.24,35.60161],[139.23914,35.6025],[139.2372,35.60257],[139.23472,35.60216],[139.23225,35.60113],[139.23131,35.60134],[139.2307,35.60201],[139.23051,35.60314],[139.23004,35.60403],[139.22731,35.60605],[139.22779,35.60673],[139.22806,35.60775],[139.22968,35.61012],[139.22967,35.61057],[139.22898,35.61124],[139.22831,35.61149],[139.22666,35.61056],[139.22583,35.61053],[139.22335,35.61279],[139.22322,35.61437],[139.22398,35.61572],[139.22353,35.61707],[139.22449,35.61798],[139.22466,35.61866],[139.22427,35.61933],[139.22328,35.6197],[139.22123,35.61909],[139.21899,35.62156],[139.21933,35.62246],[139.21982,35.62291],[139.22187,35.62315],[139.22415,35.62429],[139.22439,35.62496],[139.22326,35.62586],[139.22378,35.62693],[139.22433,35.62705],[139.22647,35.62588],[139.22647,35.62475],[139.22714,35.62363],[139.22684,35.62325],[139.22574,35.62308],[139.22521,35.62271],[139.22506,35.62181],[139.22463,35.62113],[139.22462,35.61978],[139.22494,35.61954],[139.22631,35.61966],[139.22687,35.61944],[139.22737,35.61867],[139.22735,35.61799],[139.22771,35.6177],[139.23075,35.61753],[139.23158,35.61801],[139.23259,35.61824],[139.23309,35.61915],[139.23303,35.62005],[139.23348,35.62039],[139.23404,35.62028],[139.23442,35.61961],[139.23487,35.61937],[139.23625,35.61949],[139.23708,35.61925],[139.2379,35.61974],[139.23845,35.6206],[139.239,35.6208],[139.23964,35.62053],[139.24193,35.61829],[139.24316,35.61777],[139.24509,35.61806],[139.24729,35.61907],[139.24978,35.6191],[139.25033,35.61893],[139.25063,35.61833],[139.24979,35.6172],[139.24972,35.61675],[139.25035,35.61599],[139.25229,35.61527],[139.2529,35.61474],[139.25307,35.61406],[139.25247,35.61293],[139.25276,35.61226],[139.25369,35.61151],[139.25508,35.61096],[139.25588,35.60912],[139.25648,35.60846],[139.25868,35.60853],[139.25909,35.60823],[139.25814,35.60665],[139.25665,35.60574],[139.25568,35.60484],[139.25532,35.60371],[139.25544,35.60326],[139.25596,35.60289],[139.25735,35.60261],[139.25846,35.60089],[139.26261,35.59936],[139.26345,35.59807],[139.26428,35.59745],[139.26511,35.59742],[139.26649,35.59782],[139.26787,35.59699],[139.26982,35.59814],[139.27038,35.59905],[139.26928,35.60039],[139.26943,35.60107],[139.27032,35.60228],[139.2717,35.60198],[139.27252,35.60237],[139.27307,35.60357],[139.27258,35.60424],[139.27388,35.6052],[139.27527,35.60382],[139.27748,35.60369],[139.27859,35.60321],[139.27969,35.60326],[139.28024,35.60301],[139.28117,35.60225],[139.28111,35.60113],[139.28316,35.60001],[139.28324,35.59911],[139.2839,35.59798],[139.28415,35.59661],[139.28471,35.59629],[139.28553,35.59645],[139.28743,35.59394],[139.28757,35.59237],[139.28704,35.59124],[139.28751,35.58981],[139.28834,35.58929],[139.28944,35.58787],[139.29001,35.58757],[139.29062,35.58765],[139.29138,35.5888],[139.29248,35.58911],[139.29397,35.58901],[139.29444,35.58812],[139.29485,35.58789],[139.29442,35.58705],[139.29187,35.58585],[139.29169,35.5854],[139.29185,35.58517],[139.29555,35.58376],[139.29941,35.58413],[139.30025,35.58156],[139.30069,35.58228],[139.30163,35.58224],[139.30218,35.58277],[139.30344,35.5823],[139.30356,35.58195],[139.30283,35.58184],[139.3028,35.58162],[139.30386,35.58072],[139.30339,35.57914],[139.30392,35.57802],[139.30442,35.57769],[139.30587,35.57735],[139.30663,35.57645],[139.30694,35.57555],[139.30802,35.57504],[139.30913,35.574],[139.30999,35.57354],[139.30965,35.57331],[139.30847,35.5733],[139.30843,35.57308],[139.30969,35.57226],[139.31135,35.57195],[139.31357,35.56977],[139.31584,35.5668],[139.31636,35.56433],[139.31857,35.56378],[139.31913,35.56345],[139.32083,35.56141],[139.32143,35.56029],[139.32135,35.56004],[139.32108,35.56007],[139.31933,35.56073],[139.31831,35.56149],[139.31829,35.56118],[139.31903,35.56005],[139.32054,35.55824],[139.32137,35.55767],[139.32137,35.55871],[139.32191,35.55896],[139.32247,35.55865],[139.32417,35.5558],[139.324,35.55489],[139.32304,35.55511],[139.32419,35.55309],[139.3243,35.55174],[139.32394,35.54971],[139.32306,35.54723],[139.32301,35.54633],[139.32255,35.54601],[139.32089,35.54583],[139.32002,35.54406],[139.32027,35.54361],[139.32146,35.5432],[139.3224,35.54249],[139.32334,35.54047],[139.32292,35.53709],[139.32215,35.53596],[139.32072,35.53527],[139.32064,35.53482],[139.32262,35.53471],[139.32401,35.53332],[139.32594,35.5323],[139.32952,35.53312],[139.33035,35.53239],[139.33201,35.53179],[139.3331,35.53316],[139.33449,35.53237],[139.33531,35.53259],[139.33577,35.53331],[139.33668,35.53382],[139.33751,35.53331],[139.33745,35.53196],[139.33693,35.53129],[139.33688,35.52971],[139.33742,35.52881],[139.33749,35.52768],[139.338,35.52678],[139.33822,35.52566],[139.33804,35.52521],[139.33701,35.52487],[139.33672,35.52452],[139.33701,35.5234],[139.33675,35.52227],[139.33705,35.52092],[139.33683,35.51957],[139.33622,35.51914],[139.33512,35.51907],[139.33476,35.51866],[139.33445,35.51708],[139.33473,35.51393],[139.33427,35.51235],[139.33428,35.51144],[139.33545,35.51055],[139.33551,35.5092],[139.33739,35.50853],[139.33906,35.50763],[139.33936,35.50718],[139.33905,35.50628],[139.33917,35.50583],[139.341,35.50494],[139.34154,35.50404],[139.34238,35.50365],[139.34292,35.50292],[139.34349,35.50259],[139.34404,35.50245],[139.34458,35.5027],[139.34623,35.50495],[139.34678,35.50503],[139.34755,35.50474],[139.34768,35.50429],[139.34729,35.50293],[139.34649,35.50113],[139.34685,35.49978],[139.34759,35.49888],[139.3465,35.49775],[139.34639,35.49685],[139.34654,35.4964],[139.34787,35.49505],[139.34877,35.49325],[139.34851,35.49286],[139.34603,35.4926],[139.34466,35.49121],[139.34317,35.48737],[139.34351,35.48647],[139.34335,35.48624],[139.34249,35.48602],[139.34167,35.48511],[139.34272,35.48376],[139.34199,35.48218],[139.34204,35.48173],[139.3433,35.48061],[139.34473,35.48063],[139.34674,35.47859],[139.34722,35.4776],[139.35026,35.47604],[139.3511,35.47458],[139.35275,35.47417],[139.35386,35.47345],[139.35469,35.47329],[139.35516,35.47254],[139.35596,35.4721],[139.35717,35.47201],[139.358,35.47142],[139.35883,35.47123],[139.36118,35.47279],[139.36185,35.47354],[139.36267,35.47375],[139.36321,35.4728],[139.36338,35.47077],[139.36339,35.4692],[138.98214,35.46711]],[[139.12724,35.54827],[139.1273,35.54936],[139.12758,35.54959],[139.12822,35.5494],[139.12813,35.54964],[139.1273,35.54984],[139.12654,35.54939],[139.12648,35.54849],[139.12621,35.5483],[139.12483,35.54862],[139.12431,35.54825],[139.12649,35.54761],[139.12724,35.54827]],[[139.13227,35.54929],[139.13281,35.55009],[139.13156,35.54942],[139.13172,35.54921],[139.13227,35.54929]],[[139.20528,35.52077],[139.20528,35.52075],[139.20537,35.52076],[139.20528,35.52077]],[[139.20645,35.52121],[139.20542,35.52098],[139.20556,35.52079],[139.20645,35.52121]],[[139.23219,35.49852],[139.23305,35.50039],[139.23259,35.50129],[139.23285,35.50264],[139.23115,35.50399],[139.23109,35.50444],[139.23159,35.50476],[139.23242,35.5047],[139.23296,35.5049],[139.23265,35.50557],[139.23282,35.5058],[139.23424,35.50626],[139.23512,35.50897],[139.23399,35.51031],[139.2338,35.51099],[139.23446,35.51212],[139.23572,35.51325],[139.23576,35.51528],[139.23619,35.51581],[139.23659,35.51573],[139.2373,35.51507],[139.23841,35.5147],[139.23895,35.51526],[139.23923,35.51516],[139.23997,35.51395],[139.24365,35.51171],[139.24422,35.51101],[139.24505,35.51061],[139.24533,35.51007],[139.24837,35.50924],[139.25003,35.5076],[139.25335,35.50595],[139.25418,35.5051],[139.25474,35.505],[139.25488,35.50523],[139.2539,35.50693],[139.25279,35.50727],[139.25196,35.50813],[139.25089,35.50859],[139.25085,35.50942],[139.25139,35.50996],[139.25002,35.50967],[139.24748,35.51105],[139.24671,35.51218],[139.24559,35.51256],[139.24383,35.51442],[139.24364,35.51542],[139.24226,35.5159],[139.24139,35.51666],[139.24083,35.51778],[139.24076,35.51868],[139.24113,35.51932],[139.24246,35.52027],[139.23974,35.52065],[139.23863,35.52124],[139.23679,35.52407],[139.2353,35.52473],[139.23474,35.52574],[139.23335,35.52685],[139.23112,35.52787],[139.23152,35.52833],[139.23224,35.52858],[139.23445,35.52761],[139.235,35.52761],[139.23555,35.52789],[139.23471,35.52879],[139.23438,35.52969],[139.2346,35.5315],[139.23493,35.53217],[139.23579,35.53257],[139.23662,35.53211],[139.23883,35.53193],[139.2402,35.53339],[139.24091,35.53356],[139.2415,35.53514],[139.24219,35.53604],[139.24237,35.53796],[139.24347,35.5382],[139.24429,35.5389],[139.2454,35.53888],[139.24649,35.54018],[139.24821,35.54103],[139.2492,35.54306],[139.24839,35.54445],[139.24784,35.54452],[139.24674,35.54419],[139.2448,35.54449],[139.24245,35.54438],[139.24236,35.54415],[139.24323,35.54303],[139.24339,35.54236],[139.24207,35.54098],[139.24015,35.5405],[139.23915,35.54053],[139.2388,35.54031],[139.23906,35.53941],[139.23842,35.53828],[139.2389,35.53715],[139.23742,35.53649],[139.23577,35.53532],[139.23467,35.53517],[139.2333,35.53429],[139.23247,35.53431],[139.23137,35.53351],[139.22999,35.53398],[139.22862,35.53361],[139.22613,35.53461],[139.22522,35.53528],[139.22502,35.53599],[139.2239,35.53724],[139.22335,35.5371],[139.22308,35.53639],[139.22253,35.53662],[139.2217,35.53742],[139.22071,35.53729],[139.22044,35.53706],[139.22029,35.53593],[139.2184,35.53542],[139.21726,35.53434],[139.21704,35.53345],[139.21538,35.5336],[139.21499,35.53343],[139.21465,35.53275],[139.21519,35.53162],[139.21481,35.53005],[139.21431,35.52969],[139.21183,35.52938],[139.21156,35.52868],[139.20997,35.52687],[139.21021,35.52573],[139.21181,35.52417],[139.2116,35.52393],[139.2107,35.52371],[139.20995,35.52297],[139.2088,35.5228],[139.20838,35.52235],[139.20833,35.52212],[139.20858,35.52203],[139.20996,35.52251],[139.2105,35.52296],[139.21106,35.52297],[139.21144,35.52259],[139.21168,35.52147],[139.2119,35.52123],[139.21217,35.52134],[139.21234,35.5226],[139.21298,35.52351],[139.2131,35.5244],[139.21295,35.52485],[139.21186,35.52565],[139.21177,35.5262],[139.21322,35.52772],[139.21378,35.52771],[139.21543,35.52705],[139.21598,35.52763],[139.21681,35.52797],[139.21763,35.52872],[139.21818,35.52886],[139.21984,35.5272],[139.2204,35.52714],[139.2214,35.5276],[139.22189,35.52873],[139.219,35.53187],[139.21916,35.53255],[139.22008,35.533],[139.22118,35.53302],[139.22251,35.53234],[139.22418,35.52942],[139.22446,35.52829],[139.22536,35.52721],[139.22668,35.52627],[139.22765,35.52493],[139.22772,35.52425],[139.22725,35.52357],[139.22843,35.52178],[139.22871,35.52167],[139.22926,35.52209],[139.22961,35.52313],[139.23021,35.52381],[139.23012,35.52426],[139.23034,35.52455],[139.23144,35.52478],[139.23283,35.52405],[139.23301,35.5236],[139.23216,35.5227],[139.23247,35.5218],[139.23252,35.51954],[139.23284,35.51887],[139.23239,35.51774],[139.23318,35.51662],[139.23334,35.51549],[139.23282,35.51278],[139.23218,35.51165],[139.23192,35.50985],[139.23263,35.50895],[139.23256,35.50805],[139.22984,35.50533],[139.22942,35.50398],[139.23022,35.50343],[139.2316,35.50318],[139.23206,35.50287],[139.23155,35.50174],[139.23258,35.49994],[139.23214,35.49904],[139.23219,35.49852]],[[139.26384,35.54325],[139.26342,35.5429],[139.26357,35.54257],[139.26405,35.54291],[139.26384,35.54325]],[[139.28619,35.58402],[139.2865,35.58447],[139.28482,35.58447],[139.28395,35.58526],[139.2834,35.5852],[139.28361,35.58446],[139.28451,35.58382],[139.28534,35.58374],[139.28619,35.58402]],[[139.2895,35.58607],[139.28974,35.5864],[139.28901,35.58629],[139.28823,35.58561],[139.28836,35.5855],[139.2895,35.58607]],[[139.29039,35.58675],[139.29359,35.58732],[139.29394,35.58789],[139.29304,35.58791],[139.29124,35.58743],[139.29039,35.58675]],[[139.30093,35.57891],[139.30054,35.58014],[139.30026,35.57999],[139.30018,35.57935],[139.30055,35.57867],[139.30093,35.57891]],[[139.30138,35.57781],[139.30111,35.57775],[139.301,35.57733],[139.30166,35.57687],[139.30188,35.57733],[139.30138,35.57781]],[[139.31483,35.50206],[139.31483,35.50231],[139.31456,35.50222],[139.31456,35.50207],[139.31483,35.50206]],[[139.32092,35.49768],[139.32107,35.49787],[139.32065,35.49806],[139.32051,35.49787],[139.32092,35.49768]],[[139.32854,35.49474],[139.32838,35.49444],[139.32894,35.49434],[139.32893,35.49472],[139.32854,35.49474]],[[139.33743,35.50228],[139.33771,35.50183],[139.33797,35.502],[139.33743,35.50228]],[[139.221,35.59314],[139.22064,35.59452],[139.22115,35.5952],[139.22236,35.5954],[139.22429,35.59498],[139.2247,35.59454],[139.22485,35.59364],[139.22513,35.59335],[139.22596,35.59365],[139.22415,35.59544],[139.22263,35.59592],[139.22167,35.59588],[139.22021,35.5952],[139.21995,35.59452],[139.22014,35.59362],[139.221,35.59314]],[[139.22386,35.57985],[139.22496,35.58148],[139.22439,35.58197],[139.22387,35.5817],[139.2233,35.58087],[139.22333,35.57989],[139.22386,35.57985]],[[139.252,35.54067],[139.252,35.54052],[139.25208,35.5406],[139.252,35.54067]],[[139.25505,35.53884],[139.25394,35.53886],[139.25348,35.5388],[139.25422,35.53836],[139.25511,35.53858],[139.25505,35.53884]]],[[[139.13157,35.59791],[139.13185,35.59764],[139.13157,35.5974],[139.13075,35.59727],[139.13025,35.59741],[139.13047,35.59788],[139.13157,35.59791]]],[[[139.14478,35.60164],[139.14505,35.60133],[139.14492,35.6011],[139.14423,35.60088],[139.14414,35.60132],[139.14478,35.60164]]],[[[139.15609,35.60194],[139.15774,35.60309],[139.15801,35.60315],[139.15804,35.60253],[139.15695,35.60117],[139.1561,35.60068],[139.15555,35.60065],[139.1555,35.60116],[139.15609,35.60194]]],[[[139.14711,35.6197],[139.14379,35.62039],[139.13932,35.62315],[139.1389,35.6236],[139.139,35.62405],[139.14266,35.62386],[139.14817,35.62185],[139.14983,35.61916],[139.14932,35.61894],[139.14711,35.6197]]],[[[139.15535,35.62434],[139.15279,35.62728],[139.15259,35.62909],[139.15178,35.63066],[139.15207,35.63111],[139.15501,35.63198],[139.15584,35.63142],[139.15653,35.63023],[139.1559,35.6244],[139.15535,35.62434]]],[[[139.17742,35.62505],[139.17437,35.62675],[139.17216,35.62702],[139.17135,35.62851],[139.17273,35.62987],[139.17351,35.6315],[139.17599,35.63147],[139.17764,35.63175],[139.178,35.63148],[139.17868,35.62968],[139.17828,35.62675],[139.17783,35.62539],[139.17742,35.62505]]],[[[139.19698,35.62989],[139.19505,35.62986],[139.19282,35.6321],[139.19199,35.63248],[139.19006,35.63288],[139.18981,35.63312],[139.19005,35.63338],[139.19253,35.63366],[139.19558,35.63223],[139.19942,35.63205],[139.19938,35.62957],[139.19919,35.62939],[139.19698,35.62989]]],[[[139.13513,35.63304],[139.13493,35.63507],[139.13428,35.63642],[139.13454,35.63668],[139.13648,35.63583],[139.13767,35.63441],[139.13758,35.63396],[139.13596,35.63255],[139.13559,35.63259],[139.13513,35.63304]]],[[[139.18314,35.63475],[139.18138,35.63758],[139.18161,35.63849],[139.182,35.63887],[139.18279,35.63872],[139.18329,35.63804],[139.18367,35.63791],[139.18504,35.63845],[139.18599,35.63806],[139.18515,35.63557],[139.18314,35.63475]]],[[[139.19741,35.74924],[139.1976,35.74989],[139.19851,35.75002],[139.19907,35.74971],[139.19976,35.74877],[139.19935,35.74847],[139.19852,35.74852],[139.19741,35.74924]]],[[[139.20034,35.77108],[139.20001,35.77081],[139.1991,35.77085],[139.19973,35.77126],[139.20034,35.77108]]],[[[139.16709,35.77296],[139.1657,35.7754],[139.16596,35.77566],[139.16679,35.7758],[139.16711,35.77564],[139.16819,35.77384],[139.16823,35.77316],[139.16792,35.7729],[139.16709,35.77296]]],[[[139.01931,35.77878],[139.01937,35.779],[139.01951,35.77878],[139.01931,35.77878]]],[[[139.19883,35.77964],[139.19772,35.77995],[139.19773,35.78031],[139.19827,35.78074],[139.19882,35.78077],[139.19968,35.78032],[139.20022,35.77942],[139.19994,35.7791],[139.19966,35.77911],[139.19883,35.77964]]],[[[139.22167,35.63509],[139.22095,35.63541],[139.21902,35.63536],[139.2168,35.63699],[139.21597,35.63671],[139.21515,35.63592],[139.21377,35.63606],[139.21211,35.63682],[139.21099,35.63783],[139.2097,35.63841],[139.20948,35.63886],[139.21014,35.64072],[139.21151,35.64211],[139.21215,35.64338],[139.21214,35.64496],[139.2118,35.64563],[139.21065,35.64632],[139.20817,35.64637],[139.20707,35.64594],[139.20542,35.64486],[139.20487,35.64488],[139.20487,35.6465],[139.20321,35.64919],[139.20179,35.65009],[139.20041,35.65038],[139.19958,35.65032],[139.19848,35.64987],[139.19725,35.64871],[139.19708,35.64758],[139.19807,35.64556],[139.19772,35.6442],[139.19742,35.64405],[139.196,35.64487],[139.19511,35.64577],[139.19495,35.64622],[139.19531,35.64735],[139.19517,35.64847],[139.19267,35.65054],[139.19185,35.65048],[139.19075,35.64988],[139.18991,35.65087],[139.18853,35.65122],[139.18687,35.6512],[139.18637,35.6509],[139.18624,35.64978],[139.18551,35.64869],[139.18358,35.64814],[139.18028,35.64862],[139.17888,35.64947],[139.17722,35.64923],[139.17584,35.64953],[139.17529,35.64935],[139.17412,35.64813],[139.17432,35.64588],[139.17561,35.64341],[139.17551,35.64206],[139.17586,35.64093],[139.17571,35.64048],[139.17509,35.63998],[139.17497,35.63913],[139.17538,35.63831],[139.17656,35.63801],[139.17669,35.63778],[139.1754,35.63654],[139.17457,35.63613],[139.17236,35.63646],[139.17308,35.63776],[139.17227,35.63866],[139.17237,35.63979],[139.17178,35.6405],[139.17039,35.64052],[139.16792,35.63947],[139.1667,35.63976],[139.16646,35.64021],[139.16701,35.64269],[139.16595,35.64343],[139.16485,35.64337],[139.16414,35.6429],[139.16354,35.64041],[139.16258,35.63928],[139.16103,35.63852],[139.15937,35.63826],[139.15799,35.6383],[139.15689,35.63993],[139.15892,35.64174],[139.15918,35.64332],[139.15879,35.64399],[139.15794,35.64429],[139.15711,35.64429],[139.15491,35.64385],[139.15353,35.64321],[139.1516,35.64325],[139.15138,35.6435],[139.15134,35.64463],[139.15077,35.64575],[139.151,35.64665],[139.15074,35.64728],[139.14935,35.64781],[139.14715,35.64723],[139.14577,35.64722],[139.14548,35.64775],[139.14574,35.64888],[139.14527,35.64978],[139.14492,35.64998],[139.1429,35.64864],[139.13956,35.64524],[139.13798,35.64433],[139.13717,35.64252],[139.13643,35.64184],[139.13284,35.64177],[139.13191,35.64249],[139.13117,35.64356],[139.13037,35.64315],[139.12925,35.64193],[139.12842,35.64201],[139.12784,35.64269],[139.12731,35.64293],[139.12682,35.64268],[139.12677,35.642],[139.12621,35.64193],[139.12593,35.64223],[139.12614,35.64336],[139.1254,35.64403],[139.12507,35.64493],[139.12412,35.64605],[139.12183,35.64761],[139.12145,35.64919],[139.11975,35.65098],[139.11888,35.65255],[139.11755,35.65366],[139.11722,35.65457],[139.11827,35.65593],[139.11946,35.65654],[139.11986,35.65706],[139.12006,35.65774],[139.11966,35.65887],[139.12007,35.66045],[139.12364,35.66272],[139.12429,35.66362],[139.12491,35.66522],[139.12671,35.66679],[139.12737,35.6671],[139.1293,35.66733],[139.12995,35.66771],[139.13044,35.66839],[139.13075,35.6693],[139.13056,35.67065],[139.13106,35.67178],[139.131,35.67223],[139.1291,35.67492],[139.12757,35.67637],[139.12507,35.67753],[139.12314,35.67781],[139.12233,35.67871],[139.11952,35.68047],[139.11879,35.68162],[139.11658,35.68363],[139.11341,35.68452],[139.11285,35.68486],[139.11136,35.68631],[139.11045,35.68765],[139.10812,35.68977],[139.10714,35.69034],[139.1059,35.69085],[139.10451,35.69098],[139.09898,35.69236],[139.09732,35.69226],[139.09567,35.69121],[139.09318,35.69139],[139.09209,35.69074],[139.09153,35.69077],[139.08821,35.69164],[139.08599,35.69291],[139.08461,35.69315],[139.08359,35.69425],[139.08209,35.69537],[139.08044,35.69566],[139.0785,35.69567],[139.07602,35.695],[139.07464,35.6955],[139.07271,35.69544],[139.07199,35.69575],[139.07078,35.69732],[139.0702,35.69765],[139.06743,35.69831],[139.06578,35.69791],[139.06522,35.69798],[139.06355,35.70003],[139.06271,35.70069],[139.0616,35.70125],[139.05911,35.70195],[139.05578,35.70325],[139.05236,35.70487],[139.05077,35.70713],[139.04827,35.70815],[139.04743,35.70913],[139.0466,35.70942],[139.04356,35.70954],[139.04106,35.71071],[139.03885,35.71131],[139.03745,35.71275],[139.03472,35.71489],[139.03224,35.71623],[139.03023,35.71636],[139.02885,35.71685],[139.02484,35.71978],[139.02224,35.72247],[139.02189,35.72517],[139.02076,35.72742],[139.01845,35.72988],[139.01775,35.73123],[139.01498,35.73346],[139.01383,35.73503],[139.01147,35.74042],[139.0081,35.74547],[139.00608,35.7476],[139.00527,35.74894],[139.00498,35.75029],[139.0039,35.75061],[139.0017,35.75019],[138.99865,35.75122],[138.9967,35.75239],[138.99542,35.75383],[138.99257,35.75561],[138.99259,35.75764],[138.99109,35.75943],[138.9894,35.76331],[138.98734,35.76504],[138.98642,35.76639],[138.98455,35.76773],[138.98382,35.76952],[138.98392,35.77088],[138.98369,35.77223],[138.98522,35.77427],[138.98574,35.7781],[138.98618,35.77923],[138.98646,35.77934],[138.98871,35.77572],[138.98979,35.77475],[138.99094,35.77418],[138.99315,35.77407],[138.99618,35.77518],[138.99701,35.77503],[138.99861,35.77413],[138.99759,35.77283],[138.99724,35.77142],[138.99877,35.7685],[138.99873,35.76783],[138.99792,35.76733],[138.99599,35.76744],[138.99433,35.76708],[138.99315,35.76508],[138.99326,35.76415],[138.99336,35.76486],[138.99517,35.76664],[138.99572,35.7668],[138.99766,35.76657],[138.99931,35.76713],[138.99991,35.76761],[138.99999,35.76896],[138.99862,35.77143],[138.99898,35.77246],[138.99953,35.77274],[139.00257,35.77251],[139.0045,35.77335],[139.00533,35.77308],[139.00555,35.77396],[139.00697,35.77488],[139.00765,35.77668],[139.00805,35.77692],[139.00971,35.77683],[139.01111,35.77602],[139.01305,35.77545],[139.01554,35.77552],[139.01776,35.77414],[139.01852,35.77292],[139.02193,35.77183],[139.02194,35.77141],[139.02122,35.77091],[139.02102,35.77046],[139.02134,35.76888],[139.02169,35.76853],[139.0223,35.76889],[139.02203,35.77001],[139.02223,35.77024],[139.02305,35.77024],[139.02444,35.7696],[139.02469,35.76981],[139.02442,35.77116],[139.0247,35.77148],[139.02563,35.77184],[139.02604,35.77387],[139.02681,35.77455],[139.02622,35.77545],[139.02637,35.7768],[139.02575,35.77838],[139.02628,35.77899],[139.02738,35.77951],[139.02801,35.77929],[139.02875,35.77727],[139.0299,35.77643],[139.03128,35.77691],[139.03258,35.77707],[139.03348,35.77847],[139.03403,35.77879],[139.03514,35.77797],[139.03709,35.77723],[139.03902,35.77731],[139.04011,35.77925],[139.04149,35.77909],[139.0426,35.77922],[139.04399,35.77842],[139.04564,35.77863],[139.04629,35.77806],[139.04656,35.77626],[139.04646,35.77491],[139.04734,35.77473],[139.04985,35.77314],[139.05005,35.77358],[139.0484,35.77537],[139.04796,35.77627],[139.04795,35.77695],[139.0485,35.77808],[139.04791,35.7801],[139.04894,35.78146],[139.04921,35.78161],[139.04976,35.78146],[139.05094,35.77989],[139.05157,35.7781],[139.05257,35.77696],[139.05222,35.77878],[139.05286,35.77991],[139.05204,35.78148],[139.05272,35.78238],[139.05168,35.78304],[139.0513,35.78373],[139.05144,35.78553],[139.05126,35.78621],[139.04987,35.78732],[139.04998,35.78803],[139.05063,35.78891],[139.0509,35.79071],[139.05075,35.79138],[139.05003,35.79183],[139.04855,35.79219],[139.04552,35.79128],[139.04417,35.79044],[139.04409,35.78954],[139.04559,35.7882],[139.04566,35.78775],[139.04347,35.78615],[139.04419,35.78548],[139.04477,35.78436],[139.04607,35.78347],[139.04592,35.78279],[139.04561,35.78257],[139.04505,35.78264],[139.04227,35.78392],[139.03978,35.78411],[139.0373,35.78369],[139.03593,35.78243],[139.0351,35.78225],[139.03461,35.78249],[139.03398,35.78429],[139.0337,35.78439],[139.03337,35.78406],[139.03299,35.78225],[139.03262,35.78173],[139.03206,35.78181],[139.03122,35.78278],[139.03095,35.78267],[139.03133,35.78044],[139.03098,35.77988],[139.02988,35.78066],[139.02966,35.78178],[139.02874,35.78226],[139.02571,35.78137],[139.02378,35.78052],[139.02323,35.7805],[139.02239,35.78111],[139.02184,35.78111],[139.01964,35.77973],[139.01797,35.78055],[139.01604,35.77994],[139.01481,35.78146],[139.01522,35.78236],[139.01555,35.78462],[139.01516,35.78546],[139.0146,35.78558],[139.01445,35.78528],[139.01484,35.78281],[139.01369,35.78212],[139.01347,35.78167],[139.01399,35.78055],[139.01391,35.7792],[139.0146,35.77875],[139.0155,35.77865],[139.01633,35.77869],[139.01771,35.77923],[139.01798,35.779],[139.018,35.77787],[139.01883,35.77734],[139.02022,35.77744],[139.02131,35.77856],[139.02186,35.77851],[139.02226,35.77813],[139.02232,35.77677],[139.02162,35.77497],[139.02135,35.77482],[139.02052,35.7751],[139.01773,35.77699],[139.0133,35.77789],[139.00858,35.7792],[139.005,35.77824],[139.00482,35.77711],[139.00314,35.77597],[139.00256,35.77484],[139.002,35.77458],[139.00048,35.77527],[138.99848,35.77729],[138.9981,35.77744],[138.99561,35.77697],[138.99341,35.77565],[138.99258,35.77559],[138.9912,35.77593],[138.99073,35.77633],[138.99018,35.77746],[138.98835,35.77924],[138.98766,35.78037],[138.98637,35.78148],[138.98597,35.78261],[138.98476,35.78373],[138.98491,35.78508],[138.98474,35.78556],[138.9814,35.78719],[138.97974,35.78714],[138.97692,35.78908],[138.97602,35.79133],[138.97613,35.79178],[138.97695,35.79246],[138.9769,35.79291],[138.97553,35.79448],[138.97468,35.79506],[138.97355,35.79762],[138.97205,35.79873],[138.97155,35.79963],[138.97116,35.80143],[138.97137,35.80323],[138.97034,35.80503],[138.97104,35.80819],[138.97091,35.80954],[138.97202,35.81071],[138.97213,35.81225],[138.97201,35.81383],[138.97171,35.8145],[138.97003,35.81575],[138.96967,35.81629],[138.96959,35.81922],[138.9701,35.8208],[138.96968,35.82305],[138.97045,35.82734],[138.97026,35.82891],[138.96962,35.83094],[138.96931,35.83115],[138.96876,35.83109],[138.96683,35.83024],[138.96379,35.8293],[138.96241,35.82953],[138.96129,35.83067],[138.95934,35.83147],[138.95832,35.83288],[138.9532,35.83658],[138.95219,35.8378],[138.95001,35.83958],[138.9475,35.84294],[138.94798,35.84498],[138.94773,35.84723],[138.94845,35.84858],[138.94848,35.84949],[138.94714,35.85218],[138.94581,35.85405],[138.94498,35.85444],[138.94387,35.85454],[138.94222,35.85357],[138.93753,35.85233],[138.93533,35.85117],[138.93256,35.85124],[138.93201,35.85101],[138.93091,35.84997],[138.92677,35.84901],[138.92315,35.85053],[138.92149,35.85057],[138.9201,35.85115],[138.91733,35.85148],[138.91511,35.85247],[138.91317,35.85247],[138.91178,35.85288],[138.91037,35.85235],[138.90904,35.85075],[138.90656,35.84965],[138.90519,35.84868],[138.90436,35.84843],[138.90321,35.84847],[138.90133,35.84733],[138.89995,35.84702],[138.89898,35.92978],[139.19334,35.93171],[139.19366,35.92946],[139.19452,35.92631],[139.19566,35.92496],[139.19518,35.92467],[139.19352,35.92435],[139.19239,35.92292],[139.19204,35.92111],[139.19312,35.91706],[139.1914,35.91305],[139.19112,35.91293],[139.19056,35.91313],[139.18968,35.91411],[139.18916,35.91479],[139.1886,35.91658],[139.18817,35.91703],[139.18748,35.91748],[139.18582,35.91779],[139.18501,35.91747],[139.18417,35.91619],[139.18306,35.91593],[139.18251,35.91557],[139.18177,35.91452],[139.18133,35.91317],[139.17894,35.91258],[139.17756,35.91185],[139.17534,35.91248],[139.1745,35.91252],[139.17387,35.91222],[139.1736,35.91155],[139.17425,35.91028],[139.17536,35.90998],[139.17675,35.90905],[139.17869,35.90821],[139.18051,35.90663],[139.18007,35.90302],[139.18033,35.89897],[139.1809,35.89807],[139.18211,35.8974],[139.18509,35.89741],[139.18551,35.89787],[139.1857,35.8987],[139.18597,35.89881],[139.18819,35.89868],[139.18985,35.89903],[139.19096,35.89855],[139.19234,35.89853],[139.19344,35.89969],[139.19427,35.89994],[139.19483,35.9004],[139.19504,35.90107],[139.19445,35.9022],[139.1948,35.90257],[139.19702,35.90211],[139.19924,35.9023],[139.20007,35.90203],[139.20067,35.90155],[139.2015,35.90021],[139.20148,35.89907],[139.2012,35.8988],[139.20037,35.89859],[139.19843,35.89877],[139.19733,35.89844],[139.19709,35.89725],[139.19622,35.89567],[139.19716,35.89365],[139.19682,35.89337],[139.19438,35.89296],[139.19402,35.8925],[139.19479,35.89116],[139.19621,35.89004],[139.19415,35.88665],[139.19439,35.8853],[139.1955,35.88429],[139.19662,35.88371],[139.198,35.88354],[139.1994,35.88231],[139.20051,35.8821],[139.20175,35.88286],[139.20299,35.8832],[139.20317,35.88354],[139.20305,35.88467],[139.20407,35.88598],[139.20463,35.88604],[139.20652,35.88559],[139.20717,35.88491],[139.20909,35.88087],[139.21133,35.87875],[139.21522,35.87749],[139.21688,35.87722],[139.22048,35.87701],[139.22324,35.87776],[139.22534,35.87532],[139.22681,35.8742],[139.22826,35.87356],[139.22936,35.87393],[139.23075,35.87367],[139.23158,35.87387],[139.2323,35.87535],[139.23322,35.87613],[139.23433,35.87656],[139.23542,35.87818],[139.23903,35.87708],[139.24301,35.87766],[139.24389,35.87676],[139.24339,35.87518],[139.24348,35.87473],[139.24487,35.8733],[139.24681,35.87283],[139.24903,35.87285],[139.25042,35.87319],[139.25411,35.87028],[139.2543,35.86983],[139.25404,35.86956],[139.25237,35.87012],[139.25071,35.87002],[139.24879,35.86822],[139.24955,35.86732],[139.24972,35.86642],[139.24999,35.8662],[139.25074,35.86608],[139.2524,35.86643],[139.25276,35.86576],[139.25269,35.86454],[139.25463,35.86361],[139.25547,35.86225],[139.25741,35.86187],[139.25852,35.86194],[139.26183,35.86375],[139.26293,35.86465],[139.26488,35.86325],[139.26509,35.86289],[139.26484,35.86176],[139.26632,35.86042],[139.26778,35.85795],[139.26769,35.85743],[139.26659,35.85659],[139.26653,35.85569],[139.26882,35.85413],[139.26965,35.85424],[139.27043,35.85503],[139.27046,35.85593],[139.27156,35.85807],[139.27211,35.85803],[139.27267,35.85728],[139.27323,35.85704],[139.27599,35.85802],[139.27765,35.85736],[139.28014,35.85748],[139.28129,35.85824],[139.28077,35.85981],[139.28095,35.86026],[139.28234,35.86031],[139.28344,35.86079],[139.28677,35.86017],[139.28818,35.85939],[139.28851,35.85895],[139.28843,35.85849],[139.28706,35.85739],[139.28595,35.856],[139.28532,35.856],[139.28485,35.85705],[139.28374,35.85773],[139.28329,35.85757],[139.28292,35.85692],[139.28243,35.85666],[139.2796,35.85618],[139.27924,35.85552],[139.28024,35.85418],[139.28017,35.85342],[139.27824,35.85253],[139.27603,35.85256],[139.27557,35.85213],[139.27537,35.85145],[139.2764,35.84988],[139.27598,35.84897],[139.27592,35.84807],[139.27652,35.8465],[139.27718,35.84605],[139.27801,35.84598],[139.28022,35.84701],[139.28049,35.84691],[139.28102,35.84562],[139.28219,35.84404],[139.28254,35.84314],[139.28243,35.84269],[139.28191,35.8424],[139.27997,35.84266],[139.27918,35.84223],[139.27914,35.84178],[139.27961,35.84088],[139.27886,35.8402],[139.27961,35.83862],[139.27945,35.83844],[139.27806,35.83885],[139.27751,35.8387],[139.27694,35.83749],[139.27701,35.83704],[139.27891,35.8361],[139.27963,35.83502],[139.28058,35.83418],[139.28335,35.83463],[139.28501,35.83427],[139.28667,35.83443],[139.28718,35.83415],[139.28681,35.83212],[139.28515,35.83009],[139.28635,35.82671],[139.28479,35.8265],[139.28341,35.82595],[139.28147,35.82586],[139.28036,35.82533],[139.27898,35.82506],[139.27538,35.8268],[139.27454,35.82756],[139.27411,35.82846],[139.27315,35.82884],[139.27177,35.82853],[139.27149,35.82823],[139.27159,35.82777],[139.27238,35.82687],[139.2723,35.82642],[139.27178,35.82614],[139.26957,35.82611],[139.26735,35.82693],[139.26525,35.82684],[139.26474,35.82639],[139.26435,35.82458],[139.2637,35.82345],[139.26485,35.82143],[139.26473,35.8212],[139.26352,35.82137],[139.26102,35.82264],[139.25908,35.82306],[139.25825,35.823],[139.25521,35.82183],[139.25357,35.81988],[139.25191,35.81949],[139.2512,35.81844],[139.2514,35.81731],[139.2511,35.81699],[139.25054,35.81738],[139.24943,35.81768],[139.24938,35.81933],[139.24996,35.82073],[139.25246,35.82272],[139.25274,35.82318],[139.25245,35.82362],[139.25124,35.82429],[139.2502,35.82611],[139.24826,35.8268],[139.24534,35.82584],[139.245,35.82539],[139.24533,35.82404],[139.24524,35.82336],[139.24332,35.82156],[139.23834,35.82167],[139.23418,35.8228],[139.23253,35.82375],[139.23171,35.82532],[139.23083,35.82603],[139.22806,35.82666],[139.22557,35.82758],[139.22335,35.82796],[139.22029,35.82948],[139.21863,35.82998],[139.21768,35.83066],[139.21624,35.83223],[139.21418,35.83332],[139.2133,35.83447],[139.21419,35.83583],[139.21479,35.83763],[139.21488,35.83876],[139.21552,35.83966],[139.21523,35.84021],[139.21357,35.84015],[139.21218,35.84082],[139.21166,35.84055],[139.2114,35.83942],[139.21109,35.83916],[139.20887,35.83903],[139.20777,35.83874],[139.20555,35.83877],[139.20389,35.8389],[139.20112,35.83959],[139.19945,35.84041],[139.19862,35.84046],[139.19724,35.83996],[139.19689,35.83957],[139.19723,35.83799],[139.19705,35.83709],[139.19755,35.83666],[139.19865,35.83661],[139.20006,35.83575],[139.19839,35.8351],[139.19793,35.83416],[139.19737,35.83371],[139.19646,35.83369],[139.19575,35.83438],[139.19396,35.83513],[139.19175,35.83534],[139.18989,35.8348],[139.18651,35.83253],[139.18458,35.83219],[139.18391,35.83229],[139.18351,35.83274],[139.18373,35.83319],[139.18466,35.83387],[139.18495,35.83455],[139.18481,35.835],[139.18361,35.83634],[139.18205,35.83687],[139.18011,35.83696],[139.17822,35.83834],[139.17733,35.8386],[139.17568,35.83773],[139.17429,35.83782],[139.1731,35.83719],[139.17283,35.83673],[139.17283,35.83583],[139.17362,35.83426],[139.17347,35.83403],[139.17184,35.83363],[139.16878,35.83506],[139.16684,35.83526],[139.16629,35.83551],[139.1652,35.83759],[139.1635,35.83893],[139.16271,35.84051],[139.16097,35.84279],[139.16041,35.84323],[139.15847,35.84401],[139.15698,35.84521],[139.15688,35.84656],[139.15624,35.84768],[139.15566,35.84806],[139.15344,35.84874],[139.15281,35.84856],[139.15179,35.8475],[139.15014,35.84699],[139.1496,35.84513],[139.14932,35.84501],[139.14766,35.84568],[139.146,35.84562],[139.14462,35.84487],[139.14413,35.84378],[139.14686,35.84139],[139.14742,35.84127],[139.14852,35.84153],[139.14945,35.84111],[139.15031,35.83954],[139.15206,35.83819],[139.15319,35.8355],[139.15716,35.8344],[139.1581,35.83372],[139.15924,35.83102],[139.15824,35.82967],[139.15792,35.82876],[139.15875,35.82629],[139.1564,35.82657],[139.15419,35.82629],[139.15163,35.83053],[139.15147,35.83188],[139.15113,35.83256],[139.15025,35.8334],[139.14849,35.83434],[139.14663,35.83646],[139.14493,35.83748],[139.14357,35.83881],[139.14049,35.83993],[139.13967,35.8411],[139.13885,35.84172],[139.13662,35.84223],[139.13524,35.84213],[139.13412,35.84251],[139.13106,35.84496],[139.12997,35.84618],[139.12911,35.84647],[139.12856,35.84639],[139.12745,35.84573],[139.12635,35.84566],[139.12581,35.84525],[139.12571,35.84458],[139.12635,35.84323],[139.12613,35.84233],[139.1263,35.84188],[139.1275,35.84095],[139.13139,35.83909],[139.13223,35.83831],[139.13296,35.83696],[139.13441,35.83584],[139.1364,35.83515],[139.13918,35.83459],[139.14029,35.83351],[139.14196,35.83247],[139.14353,35.83048],[139.14478,35.82959],[139.1462,35.82689],[139.14452,35.82486],[139.14424,35.82462],[139.14369,35.8246],[139.14281,35.8253],[139.14156,35.82709],[139.14006,35.82824],[139.13396,35.82964],[139.13202,35.8296],[139.13064,35.8292],[139.12816,35.82907],[139.12705,35.82846],[139.12596,35.82706],[139.12566,35.82723],[139.12549,35.8288],[139.12486,35.83015],[139.12287,35.83205],[139.1212,35.83299],[139.12064,35.83531],[139.11868,35.83685],[139.11785,35.838],[139.11791,35.84025],[139.11729,35.84137],[139.11629,35.84227],[139.11652,35.8443],[139.11612,35.84542],[139.11515,35.84632],[139.11361,35.84599],[139.11318,35.84608],[139.11345,35.84698],[139.11332,35.84765],[139.11276,35.84818],[139.11221,35.84836],[139.11111,35.84802],[139.10862,35.84786],[139.1061,35.84559],[139.1056,35.84423],[139.10431,35.84265],[139.10366,35.84129],[139.10377,35.83971],[139.10328,35.83588],[139.10214,35.8343],[139.10155,35.83418],[139.09739,35.8352],[139.09572,35.83526],[139.09268,35.83494],[139.09186,35.83455],[139.09076,35.83359],[139.09011,35.83197],[139.09116,35.82972],[139.0912,35.82702],[139.09073,35.82566],[139.09061,35.82363],[139.09008,35.8225],[139.08921,35.82151],[139.08826,35.82182],[139.0862,35.82383],[139.08393,35.82457],[139.07942,35.82852],[139.07939,35.82897],[139.07996,35.82988],[139.08137,35.83165],[139.08306,35.83305],[139.08394,35.83463],[139.08388,35.83554],[139.08245,35.83643],[139.08159,35.83757],[139.0802,35.83789],[139.07914,35.83889],[139.07825,35.83914],[139.0766,35.8381],[139.07542,35.83774],[139.07358,35.83635],[139.07219,35.83618],[139.07132,35.83568],[139.06991,35.83545],[139.06935,35.83477],[139.06958,35.83297],[139.06942,35.83206],[139.06966,35.83162],[139.07114,35.83054],[139.07159,35.8296],[139.07143,35.82923],[139.0706,35.8289],[139.07003,35.82824],[139.07038,35.82689],[139.06982,35.82598],[139.06983,35.82553],[139.07087,35.82464],[139.07287,35.82378],[139.07379,35.82285],[139.07381,35.8224],[139.07261,35.82208],[139.07011,35.82241],[139.06873,35.82195],[139.06787,35.82124],[139.06733,35.82011],[139.06734,35.81921],[139.06818,35.81786],[139.06961,35.81673],[139.06685,35.81612],[139.06353,35.81677],[139.0627,35.81665],[139.06215,35.81635],[139.0604,35.81421],[139.05935,35.81375],[139.05882,35.81284],[139.05884,35.81194],[139.05999,35.81056],[139.06052,35.8088],[139.06401,35.80612],[139.0644,35.80499],[139.0642,35.80453],[139.06282,35.80401],[139.06005,35.80416],[139.05926,35.80383],[139.0585,35.80157],[139.05889,35.80023],[139.06121,35.79896],[139.06287,35.79859],[139.06868,35.79917],[139.07062,35.79849],[139.07129,35.79783],[139.07142,35.79738],[139.07091,35.79715],[139.06952,35.79744],[139.06509,35.79763],[139.06233,35.79701],[139.05985,35.79685],[139.05925,35.7964],[139.05838,35.79504],[139.05687,35.79458],[139.05697,35.79278],[139.05673,35.79187],[139.05754,35.79188],[139.05988,35.79349],[139.06126,35.79337],[139.06154,35.793],[139.0609,35.79235],[139.0604,35.79122],[139.06092,35.7901],[139.06158,35.78965],[139.06269,35.78936],[139.06489,35.78984],[139.06543,35.78787],[139.06631,35.78605],[139.0677,35.78539],[139.06964,35.7851],[139.07047,35.7852],[139.07129,35.78588],[139.07156,35.78746],[139.07217,35.78837],[139.07208,35.79023],[139.07235,35.79043],[139.07512,35.79091],[139.07587,35.78974],[139.07707,35.78868],[139.07727,35.78682],[139.07765,35.78612],[139.07821,35.78588],[139.07931,35.78647],[139.08069,35.78625],[139.08264,35.78467],[139.08505,35.78417],[139.08534,35.78372],[139.08467,35.78281],[139.08497,35.78236],[139.08903,35.78202],[139.09004,35.78285],[139.09066,35.7846],[139.09345,35.78233],[139.09484,35.78184],[139.09594,35.78209],[139.09843,35.7822],[139.09899,35.78245],[139.09928,35.7829],[139.09816,35.7856],[139.09595,35.78964],[139.09607,35.79145],[139.09668,35.79199],[139.09723,35.79205],[139.09864,35.79056],[139.09919,35.78943],[139.1004,35.78854],[139.10121,35.78742],[139.10209,35.7854],[139.10219,35.78382],[139.10354,35.78135],[139.10342,35.78067],[139.1026,35.77994],[139.09901,35.77945],[139.09762,35.77946],[139.09653,35.77883],[139.09568,35.77657],[139.0957,35.7759],[139.09615,35.77545],[139.09822,35.77485],[139.0988,35.77389],[139.09934,35.77352],[139.10017,35.77352],[139.10209,35.77427],[139.10403,35.77437],[139.1065,35.77593],[139.10802,35.77507],[139.10957,35.77364],[139.11151,35.77269],[139.11289,35.77281],[139.11435,35.77353],[139.11462,35.77421],[139.11416,35.77533],[139.11422,35.77668],[139.11368,35.77716],[139.11174,35.77799],[139.10997,35.77914],[139.10904,35.78026],[139.10882,35.78116],[139.10976,35.78259],[139.11283,35.78434],[139.11347,35.78547],[139.11422,35.78795],[139.11551,35.789],[139.11607,35.78892],[139.11691,35.78718],[139.1179,35.78617],[139.12025,35.7848],[139.12219,35.78414],[139.12475,35.78418],[139.12557,35.78531],[139.12715,35.78623],[139.12853,35.78647],[139.12969,35.78714],[139.13045,35.78826],[139.13349,35.78559],[139.13648,35.78403],[139.1371,35.7829],[139.13826,35.78178],[139.13812,35.78156],[139.1355,35.78045],[139.13448,35.77951],[139.134,35.77815],[139.13444,35.77365],[139.13193,35.77003],[139.13061,35.76709],[139.13009,35.76683],[139.12898,35.76691],[139.12843,35.76657],[139.12841,35.76595],[139.12936,35.76461],[139.12945,35.76325],[139.1283,35.76235],[139.1282,35.76189],[139.12903,35.76124],[139.13262,35.76147],[139.13703,35.76381],[139.13788,35.76488],[139.13873,35.76872],[139.13924,35.76917],[139.14057,35.7694],[139.14334,35.76851],[139.14446,35.76753],[139.14529,35.76714],[139.14889,35.76668],[139.15082,35.76683],[139.15249,35.76571],[139.15526,35.76501],[139.15998,35.76318],[139.16164,35.76284],[139.16212,35.76299],[139.16237,35.76389],[139.16323,35.7648],[139.16304,35.76547],[139.1623,35.76637],[139.16123,35.76682],[139.16077,35.76771],[139.15827,35.76902],[139.15727,35.76972],[139.15716,35.77004],[139.16021,35.76884],[139.16132,35.76774],[139.1677,35.76571],[139.16825,35.76574],[139.16963,35.76636],[139.17129,35.76562],[139.17212,35.76574],[139.17374,35.76688],[139.17395,35.76846],[139.17431,35.76893],[139.17514,35.76851],[139.17622,35.76667],[139.17682,35.76616],[139.17737,35.76603],[139.1793,35.76661],[139.1802,35.76579],[139.18152,35.7658],[139.18262,35.7664],[139.18318,35.76716],[139.18318,35.76761],[139.18218,35.76963],[139.18235,35.76986],[139.18326,35.77009],[139.18344,35.77054],[139.18203,35.77193],[139.17954,35.77194],[139.1787,35.77258],[139.17732,35.7725],[139.17677,35.77299],[139.17704,35.77325],[139.17814,35.77336],[139.17887,35.77457],[139.17999,35.77526],[139.18282,35.77631],[139.18569,35.77867],[139.18599,35.77934],[139.18512,35.78024],[139.18417,35.78063],[139.18306,35.78056],[139.18196,35.78004],[139.17919,35.78051],[139.17808,35.78132],[139.17785,35.78223],[139.17944,35.7833],[139.18193,35.78391],[139.18353,35.78406],[139.18482,35.78339],[139.18525,35.78295],[139.18672,35.7798],[139.18832,35.77932],[139.19013,35.77914],[139.18927,35.77846],[139.18905,35.77778],[139.19004,35.77554],[139.19057,35.77524],[139.19222,35.7751],[139.19584,35.77378],[139.19619,35.77309],[139.1953,35.77178],[139.1953,35.77124],[139.19835,35.7704],[139.19682,35.76836],[139.19479,35.76677],[139.19483,35.76452],[139.19536,35.76423],[139.19757,35.76391],[139.19841,35.76357],[139.20143,35.76546],[139.20309,35.76561],[139.20669,35.76416],[139.20712,35.76368],[139.20704,35.76278],[139.20803,35.76166],[139.20619,35.76052],[139.20605,35.75985],[139.20627,35.75917],[139.20729,35.75819],[139.20896,35.75753],[139.20969,35.75649],[139.21063,35.75573],[139.21269,35.75515],[139.21278,35.75492],[139.2101,35.75321],[139.209,35.75155],[139.20706,35.75292],[139.20457,35.75326],[139.20262,35.7549],[139.19985,35.75561],[139.19856,35.75733],[139.19706,35.75846],[139.1943,35.75829],[139.19292,35.75785],[139.1927,35.75752],[139.19284,35.75572],[139.19382,35.75392],[139.19401,35.75257],[139.19379,35.75245],[139.19268,35.75287],[139.19103,35.75299],[139.18993,35.75181],[139.18883,35.75125],[139.18871,35.75029],[139.18936,35.74894],[139.19107,35.74756],[139.19192,35.74648],[139.19271,35.74468],[139.19438,35.74198],[139.19421,35.74041],[139.19298,35.73972],[139.19142,35.73814],[139.19119,35.73633],[139.19042,35.73498],[139.18869,35.73437],[139.18649,35.73245],[139.18539,35.73226],[139.18316,35.73382],[139.18206,35.73361],[139.18145,35.73313],[139.18149,35.73223],[139.18243,35.7311],[139.18269,35.7302],[139.18245,35.72975],[139.18147,35.72907],[139.18111,35.72794],[139.18014,35.72726],[139.17973,35.72613],[139.18073,35.72524],[139.18053,35.72456],[139.18076,35.72405],[139.18131,35.72372],[139.18242,35.72381],[139.1827,35.72358],[139.18235,35.72074],[139.18352,35.72029],[139.18429,35.71962],[139.18432,35.71849],[139.18467,35.71797],[139.18606,35.71751],[139.18771,35.71793],[139.19158,35.718],[139.19517,35.71905],[139.19738,35.7188],[139.19959,35.7191],[139.20054,35.71858],[139.2002,35.71655],[139.19936,35.71429],[139.1994,35.71272],[139.19682,35.70684],[139.19717,35.70527],[139.19805,35.7043],[139.1986,35.7042],[139.19998,35.70459],[139.20164,35.70418],[139.20311,35.70507],[139.20349,35.70665],[139.20441,35.70779],[139.20603,35.71162],[139.20617,35.71365],[139.20735,35.71614],[139.20872,35.71742],[139.20927,35.71755],[139.21204,35.71642],[139.21242,35.71594],[139.21168,35.71436],[139.21175,35.7121],[139.20884,35.70894],[139.20836,35.70803],[139.20848,35.70736],[139.20953,35.70669],[139.21019,35.70535],[139.2113,35.70505],[139.21185,35.70512],[139.21405,35.70658],[139.21544,35.70619],[139.21627,35.70619],[139.22288,35.70769],[139.22399,35.70769],[139.22468,35.70744],[139.22649,35.70582],[139.22926,35.70532],[139.23142,35.70454],[139.23314,35.70322],[139.23374,35.7023],[139.23371,35.70185],[139.23274,35.70117],[139.23301,35.69982],[139.23372,35.6995],[139.23538,35.69945],[139.23676,35.69888],[139.23732,35.69897],[139.23766,35.69939],[139.23745,35.70142],[139.23867,35.70238],[139.23848,35.70435],[139.23893,35.70462],[139.24023,35.70278],[139.24199,35.70184],[139.24282,35.70159],[139.24669,35.70138],[139.24901,35.70057],[139.24911,35.70035],[139.24818,35.69922],[139.24801,35.69854],[139.24972,35.69494],[139.24921,35.69404],[139.2492,35.69336],[139.2501,35.69179],[139.25063,35.69149],[139.25174,35.69136],[139.25284,35.69185],[139.25321,35.69316],[139.25457,35.69452],[139.25467,35.69677],[139.25578,35.69768],[139.25666,35.698],[139.25776,35.69817],[139.25878,35.69769],[139.25922,35.69724],[139.25963,35.69589],[139.25999,35.69564],[139.26192,35.69588],[139.26413,35.69658],[139.26607,35.6953],[139.26801,35.69496],[139.26972,35.69549],[139.27077,35.69549],[139.27307,35.69663],[139.27353,35.69709],[139.27319,35.69821],[139.27334,35.69956],[139.27296,35.70001],[139.27227,35.70023],[139.27174,35.70158],[139.27347,35.70453],[139.27457,35.70526],[139.27595,35.70487],[139.27651,35.7033],[139.27918,35.70207],[139.2804,35.70078],[139.28095,35.70088],[139.28164,35.7014],[139.28342,35.70327],[139.28425,35.70337],[139.28664,35.70255],[139.28712,35.7012],[139.28786,35.70052],[139.28817,35.69963],[139.2887,35.69926],[139.2923,35.69815],[139.29422,35.69886],[139.29671,35.69859],[139.2981,35.69776],[139.29921,35.69637],[139.30032,35.69566],[139.30051,35.69518],[139.29971,35.6945],[139.29923,35.69361],[139.2973,35.69321],[139.29573,35.69155],[139.29345,35.69013],[139.29286,35.68929],[139.29208,35.68915],[139.29097,35.68949],[139.29015,35.68925],[139.28957,35.68837],[139.2874,35.68705],[139.2863,35.68553],[139.28492,35.68572],[139.28382,35.68557],[139.28078,35.68569],[139.27692,35.68409],[139.27554,35.68421],[139.27377,35.68402],[139.27325,35.68244],[139.2733,35.67996],[139.27309,35.67956],[139.27033,35.67896],[139.26812,35.67888],[139.2662,35.67778],[139.2634,35.67811],[139.26206,35.67716],[139.26095,35.67772],[139.25902,35.67769],[139.25708,35.67837],[139.25556,35.67762],[139.25406,35.67446],[139.25268,35.6731],[139.25269,35.67265],[139.25327,35.67175],[139.25309,35.66995],[139.25263,35.66882],[139.25288,35.66837],[139.25543,35.66658],[139.25553,35.6632],[139.25526,35.66284],[139.25387,35.66339],[139.25283,35.66274],[139.25264,35.66183],[139.25198,35.66115],[139.25212,35.66003],[139.25133,35.6589],[139.25129,35.65642],[139.25099,35.65574],[139.2487,35.65306],[139.24732,35.65254],[139.24539,35.65236],[139.24374,35.65165],[139.24291,35.65154],[139.24181,35.65176],[139.23987,35.65304],[139.23849,35.65256],[139.23653,35.65139],[139.23574,35.65048],[139.2363,35.64982],[139.23768,35.64972],[139.23816,35.64937],[139.23828,35.64892],[139.23769,35.64845],[139.23576,35.64829],[139.23355,35.64837],[139.23189,35.64877],[139.23051,35.64873],[139.22941,35.64845],[139.2283,35.64868],[139.22728,35.64819],[139.22663,35.64706],[139.22473,35.64646],[139.22383,35.64547],[139.22456,35.64389],[139.22452,35.64299],[139.22421,35.64244],[139.22256,35.64166],[139.22206,35.64118],[139.22188,35.6405],[139.22095,35.63914],[139.22148,35.63804],[139.2237,35.63744],[139.22481,35.63659],[139.22619,35.63661],[139.22839,35.63725],[139.22977,35.63706],[139.23419,35.63708],[139.23474,35.63696],[139.23489,35.63651],[139.2342,35.63583],[139.2331,35.63553],[139.23199,35.63492],[139.23034,35.63453],[139.22813,35.63467],[139.22593,35.63433],[139.22427,35.63445],[139.22262,35.63413],[139.22167,35.63509]],[[139.17319,35.87111],[139.17484,35.8724],[139.1765,35.87248],[139.17725,35.87349],[139.17704,35.87394],[139.17426,35.87512],[139.17343,35.87504],[139.17233,35.87452],[139.17177,35.87456],[139.16927,35.87576],[139.16872,35.87569],[139.16734,35.87493],[139.16512,35.87533],[139.16364,35.87499],[139.16357,35.87476],[139.16707,35.87409],[139.16928,35.87419],[139.17123,35.87281],[139.17289,35.87294],[139.17326,35.87256],[139.17295,35.87143],[139.17319,35.87111]],[[138.99381,35.76378],[138.99397,35.76329],[138.99437,35.76318],[138.99448,35.76351],[138.99381,35.76378]]],[[[139.19162,35.78179],[139.19145,35.78208],[139.19175,35.78366],[139.19133,35.78413],[139.19041,35.78455],[139.19034,35.78478],[139.19077,35.78505],[139.1916,35.785],[139.1928,35.78434],[139.19386,35.78254],[139.19391,35.78209],[139.19356,35.7816],[139.19245,35.78189],[139.19162,35.78179]]],[[[139.16451,35.78354],[139.16479,35.78348],[139.16449,35.78351],[139.16451,35.78354]]],[[[139.10608,35.78768],[139.10592,35.79038],[139.10525,35.79245],[139.10746,35.79195],[139.10908,35.79198],[139.10913,35.79153],[139.10746,35.78926],[139.10722,35.78795],[139.10667,35.78754],[139.10608,35.78768]]],[[[139.08826,35.78734],[139.0851,35.78814],[139.08308,35.78956],[139.08249,35.79204],[139.08271,35.79249],[139.08588,35.79328],[139.08865,35.79208],[139.08749,35.78959],[139.08826,35.78734]]],[[[139.14373,35.78756],[139.14262,35.78882],[139.14178,35.78929],[139.1404,35.7897],[139.13901,35.78975],[139.13762,35.79035],[139.13512,35.79182],[139.13462,35.79235],[139.13496,35.79371],[139.13492,35.79483],[139.13388,35.79685],[139.13378,35.79775],[139.13487,35.80001],[139.13468,35.80159],[139.1367,35.80408],[139.1366,35.80678],[139.13912,35.80902],[139.13971,35.80883],[139.14033,35.80681],[139.13986,35.80523],[139.14007,35.8041],[139.1439,35.80007],[139.14425,35.79827],[139.14532,35.79669],[139.14515,35.79624],[139.14339,35.79476],[139.14303,35.79398],[139.143,35.79308],[139.14311,35.7924],[139.14419,35.7906],[139.14565,35.78881],[139.14575,35.78813],[139.14539,35.78767],[139.14456,35.78745],[139.14373,35.78756]]],[[[139.20435,35.79769],[139.20325,35.79972],[139.20334,35.80062],[139.20364,35.80083],[139.20475,35.80037],[139.20642,35.79888],[139.20681,35.79816],[139.2064,35.7977],[139.20477,35.79746],[139.20435,35.79769]]],[[[139.12534,35.8038],[139.12444,35.80536],[139.12464,35.80581],[139.12808,35.80661],[139.12874,35.80651],[139.12873,35.80516],[139.12755,35.80335],[139.127,35.80313],[139.12534,35.8038]]],[[[139.19666,35.80852],[139.19604,35.80914],[139.19638,35.8097],[139.19693,35.8095],[139.19826,35.80825],[139.19809,35.80803],[139.19777,35.80804],[139.19666,35.80852]]],[[[139.10813,35.8098],[139.10868,35.80983],[139.10953,35.8091],[139.10898,35.80831],[139.10839,35.80842],[139.10805,35.80932],[139.10813,35.8098]]],[[[139.15046,35.80893],[139.14818,35.81001],[139.1499,35.81075],[139.15061,35.81047],[139.15093,35.8098],[139.15081,35.80912],[139.15046,35.80893]]],[[[139.17033,35.81533],[139.17088,35.81549],[139.17119,35.81532],[139.17061,35.81436],[139.17006,35.81408],[139.16984,35.81486],[139.17033,35.81533]]],[[[139.10931,35.81541],[139.11043,35.81745],[139.11083,35.81763],[139.11249,35.81724],[139.11338,35.81656],[139.11325,35.81634],[139.11167,35.81591],[139.11057,35.81519],[139.10947,35.81499],[139.10931,35.81541]]],[[[139.10116,35.81609],[139.09866,35.81749],[139.09791,35.81895],[139.10029,35.81993],[139.10125,35.82055],[139.10179,35.82122],[139.10221,35.82261],[139.10275,35.82302],[139.10404,35.82101],[139.10363,35.81831],[139.10171,35.81609],[139.10116,35.81609]]],[[[139.1349,35.81755],[139.12972,35.82094],[139.12904,35.82332],[139.1307,35.8229],[139.13236,35.82288],[139.13457,35.82358],[139.1354,35.82354],[139.13625,35.82323],[139.13801,35.82144],[139.13838,35.82009],[139.13799,35.81874],[139.13766,35.81838],[139.1349,35.81755]]],[[[139.17056,35.82033],[139.16918,35.8206],[139.16697,35.82014],[139.16657,35.82025],[139.1676,35.82273],[139.16802,35.82611],[139.16995,35.82793],[139.17133,35.82754],[139.17195,35.82704],[139.17238,35.82479],[139.17182,35.82343],[139.17183,35.82231],[139.17289,35.82051],[139.17223,35.81951],[139.17056,35.82033]]],[[[139.10946,35.82488],[139.10878,35.82622],[139.10788,35.82937],[139.10786,35.8296],[139.10823,35.82973],[139.10933,35.82969],[139.11017,35.8294],[139.11116,35.82804],[139.11065,35.82669],[139.11063,35.82578],[139.11146,35.82399],[139.11105,35.8239],[139.11021,35.82418],[139.10946,35.82488]]],[[[139.11223,35.84564],[139.11232,35.8454],[139.11196,35.84516],[139.11141,35.84536],[139.11168,35.84564],[139.11223,35.84564]]],[[[139.20645,35.92637],[139.20631,35.92592],[139.20598,35.92587],[139.20597,35.92678],[139.20645,35.92637]]],[[[139.20511,35.93005],[139.20364,35.93176],[139.20674,35.93178],[139.20568,35.92874],[139.2054,35.92889],[139.20511,35.93005]]],[[[139.20901,35.60892],[139.2107,35.60889],[139.21116,35.60845],[139.21103,35.60799],[139.2104,35.60767],[139.20957,35.60771],[139.20884,35.60843],[139.20901,35.60892]]],[[[139.25748,35.62296],[139.25814,35.62288],[139.25748,35.62213],[139.25693,35.62199],[139.25628,35.62219],[139.25637,35.62269],[139.25748,35.62296]]],[[[139.25913,35.62317],[139.2594,35.62339],[139.25948,35.62333],[139.25913,35.62317]]],[[[139.24115,35.6294],[139.24197,35.62948],[139.24286,35.62911],[139.24308,35.62877],[139.24198,35.62836],[139.24115,35.62848],[139.24066,35.62888],[139.24115,35.6294]]],[[[139.2083,35.62905],[139.21023,35.62969],[139.21188,35.63061],[139.21381,35.63069],[139.21546,35.63111],[139.21602,35.63098],[139.21635,35.63056],[139.21625,35.6301],[139.21493,35.6292],[139.21107,35.6283],[139.20887,35.62747],[139.20856,35.62759],[139.20818,35.62826],[139.2083,35.62905]]],[[[139.24644,35.7098],[139.24772,35.71213],[139.24909,35.71289],[139.25102,35.71439],[139.25157,35.71437],[139.25148,35.71298],[139.25205,35.71163],[139.25194,35.71118],[139.24911,35.71052],[139.24691,35.70948],[139.24644,35.7098]]],[[[139.23828,35.71359],[139.2376,35.71449],[139.23773,35.71494],[139.23968,35.71574],[139.24124,35.71766],[139.24187,35.71774],[139.2426,35.71744],[139.24271,35.71654],[139.24143,35.71496],[139.24061,35.71315],[139.2397,35.71291],[139.23828,35.71359]]],[[[139.25265,35.71771],[139.25288,35.71727],[139.25266,35.71676],[139.25238,35.71688],[139.25238,35.71747],[139.25265,35.71771]]],[[[139.24402,35.76361],[139.24485,35.76414],[139.24525,35.7641],[139.24519,35.76365],[139.24403,35.7625],[139.24372,35.76274],[139.24402,35.76361]]],[[[139.21523,35.76395],[139.21521,35.7644],[139.21554,35.76471],[139.21738,35.76531],[139.21762,35.76689],[139.21883,35.76847],[139.2191,35.76852],[139.22133,35.76601],[139.22134,35.76479],[139.22079,35.76464],[139.2194,35.76534],[139.21857,35.76532],[139.218,35.76487],[139.21781,35.76374],[139.21666,35.76289],[139.21583,35.76318],[139.21523,35.76395]]],[[[139.23148,35.76246],[139.23057,35.7638],[139.23128,35.76583],[139.23111,35.76651],[139.23045,35.76698],[139.22796,35.76741],[139.22688,35.76852],[139.22712,35.76912],[139.22849,35.7698],[139.22905,35.76984],[139.23056,35.76944],[139.23128,35.76854],[139.23221,35.76787],[139.2329,35.76607],[139.23265,35.76449],[139.23322,35.76359],[139.23438,35.7627],[139.23366,35.76202],[139.23298,35.76175],[139.23215,35.76198],[139.23148,35.76246]]],[[[139.21112,35.76551],[139.2111,35.76693],[139.20926,35.76707],[139.20875,35.76842],[139.20901,35.77],[139.20996,35.77099],[139.21079,35.77123],[139.21173,35.77092],[139.21152,35.77024],[139.21172,35.76957],[139.21303,35.768],[139.21367,35.76574],[139.21327,35.76529],[139.21194,35.76502],[139.21112,35.76551]]],[[[139.24577,35.77447],[139.24588,35.77453],[139.24588,35.77433],[139.24577,35.77447]]],[[[139.25198,35.81002],[139.24993,35.81144],[139.24968,35.81189],[139.24986,35.81212],[139.25177,35.81168],[139.25239,35.81101],[139.25409,35.80989],[139.2542,35.80944],[139.25364,35.80924],[139.25198,35.81002]]],[[[139.21378,35.8128],[139.21453,35.81239],[139.21407,35.81187],[139.21351,35.81191],[139.21326,35.81216],[139.21336,35.81261],[139.21378,35.8128]]],[[[139.22503,35.81222],[139.22401,35.81337],[139.22293,35.81401],[139.2229,35.81433],[139.22401,35.81437],[139.22511,35.81411],[139.22706,35.81321],[139.22789,35.8135],[139.22898,35.81449],[139.22954,35.81428],[139.22974,35.8136],[139.22947,35.81292],[139.2279,35.81156],[139.22652,35.81148],[139.22503,35.81222]]],[[[139.2179,35.81659],[139.21585,35.81848],[139.21493,35.81983],[139.21356,35.82118],[139.21367,35.82185],[139.21478,35.82389],[139.21618,35.82442],[139.21729,35.82441],[139.21774,35.8239],[139.21619,35.82287],[139.21562,35.82209],[139.21552,35.82051],[139.21581,35.81984],[139.21678,35.81927],[139.2173,35.81849],[139.21789,35.81811],[139.21898,35.81805],[139.22093,35.81895],[139.22178,35.81784],[139.22151,35.81575],[139.21929,35.81577],[139.2179,35.81659]]],[[[139.25118,35.8816],[139.25063,35.88101],[139.25013,35.88107],[139.25035,35.88178],[139.2509,35.88185],[139.25118,35.8816]]],[[[139.21589,35.88225],[139.21489,35.88393],[139.2135,35.8849],[139.21272,35.88607],[139.21173,35.88696],[139.21151,35.88741],[139.21181,35.88791],[139.21237,35.88795],[139.21363,35.8863],[139.21698,35.88361],[139.21825,35.88294],[139.21855,35.88249],[139.21823,35.88222],[139.21629,35.88197],[139.21589,35.88225]]],[[[139.23592,35.89024],[139.23561,35.88992],[139.23516,35.89024],[139.23561,35.89049],[139.23592,35.89024]]],[[[139.21649,35.8914],[139.21638,35.89172],[139.21704,35.89213],[139.21815,35.89203],[139.21853,35.89173],[139.21849,35.89106],[139.21816,35.89077],[139.21649,35.8914]]],[[[139.22594,35.88749],[139.22507,35.88996],[139.22594,35.89154],[139.22607,35.89402],[139.22713,35.89651],[139.22781,35.8968],[139.2303,35.89629],[139.23074,35.89585],[139.23095,35.8945],[139.23223,35.8927],[139.23061,35.89249],[139.2298,35.89201],[139.22951,35.89078],[139.22835,35.88975],[139.22843,35.88805],[139.2282,35.88772],[139.22622,35.88735],[139.22594,35.88749]]],[[[139.24393,35.89411],[139.24389,35.89369],[139.24331,35.89433],[139.24361,35.89436],[139.24393,35.89411]]],[[[139.20582,35.89392],[139.20546,35.89459],[139.20649,35.8958],[139.2076,35.89606],[139.20843,35.89579],[139.20853,35.89528],[139.2082,35.89416],[139.20734,35.89289],[139.20679,35.89302],[139.20582,35.89392]]],[[[139.23796,35.89634],[139.23791,35.89814],[139.2386,35.89822],[139.23943,35.89802],[139.23998,35.89765],[139.24071,35.89545],[139.24028,35.8953],[139.23889,35.89549],[139.23834,35.89573],[139.23796,35.89634]]],[[[139.20643,35.9033],[139.20359,35.9054],[139.2037,35.90608],[139.20419,35.90657],[139.20613,35.90664],[139.20835,35.90625],[139.21111,35.90676],[139.21553,35.90813],[139.21746,35.9099],[139.21801,35.90975],[139.21913,35.9084],[139.21901,35.90548],[139.2186,35.90506],[139.21666,35.9051],[139.21279,35.90444],[139.21057,35.90484],[139.20919,35.90483],[139.20829,35.90452],[139.20643,35.9033]]],[[[139.25152,35.91109],[139.24957,35.9121],[139.24763,35.91248],[139.24983,35.9151],[139.2501,35.91506],[139.25137,35.91375],[139.254,35.91221],[139.25437,35.91174],[139.25436,35.91129],[139.25401,35.91099],[139.25152,35.91109]]],[[[139.22658,35.91431],[139.22657,35.91385],[139.22629,35.91367],[139.226,35.91385],[139.22601,35.91451],[139.22629,35.91459],[139.22658,35.91431]]],[[[139.24006,35.91618],[139.24339,35.91844],[139.24399,35.91836],[139.24398,35.918],[139.24344,35.91728],[139.24179,35.91606],[139.24014,35.91422],[139.24006,35.91618]]],[[[139.25865,35.92029],[139.25809,35.92171],[139.2566,35.92234],[139.25651,35.92279],[139.25678,35.92302],[139.2578,35.9231],[139.2603,35.92264],[139.26092,35.92214],[139.26123,35.92124],[139.2606,35.9195],[139.25977,35.91932],[139.25865,35.92029]]],[[[139.22759,35.92576],[139.22814,35.92617],[139.22869,35.92609],[139.22907,35.92491],[139.22876,35.92446],[139.2276,35.92405],[139.22732,35.92445],[139.22759,35.92576]]],[[[139.22896,35.92757],[139.22838,35.93189],[139.23638,35.93193],[139.23558,35.93091],[139.23364,35.93082],[139.23265,35.93033],[139.23195,35.92875],[139.23265,35.92786],[139.23249,35.92763],[139.22951,35.92712],[139.22896,35.92757]]],[[[139.21288,35.92866],[139.21263,35.93046],[139.21181,35.93181],[139.21533,35.93182],[139.21445,35.92979],[139.21482,35.92777],[139.21455,35.92755],[139.21399,35.92774],[139.21288,35.92866]]],[[[139.22012,35.93185],[139.22034,35.93185],[139.22359,35.93187],[139.2227,35.93073],[139.22201,35.93053],[139.22118,35.93062],[139.22012,35.93185]]],[[[139.24528,35.93089],[139.24205,35.93196],[139.24632,35.93198],[139.24528,35.93089]]],[[[139.39894,35.54317],[139.39617,35.54506],[139.39396,35.54525],[139.39389,35.5457],[139.39616,35.54705],[139.39754,35.5469],[139.40003,35.54507],[139.40118,35.54325],[139.40087,35.54305],[139.39894,35.54317]]],[[[139.3822,35.57854],[139.38053,35.58016],[139.37805,35.5808],[139.37665,35.58169],[139.37689,35.58237],[139.37826,35.58418],[139.3794,35.58557],[139.37995,35.58589],[139.38161,35.58562],[139.38216,35.58534],[139.38305,35.58397],[139.38408,35.58307],[139.38483,35.58173],[139.38691,35.58038],[139.38667,35.57993],[139.38468,35.57928],[139.3833,35.57819],[139.3822,35.57854]]],[[[139.26708,35.60399],[139.26782,35.60475],[139.26837,35.60469],[139.2685,35.60377],[139.2681,35.60312],[139.26755,35.60304],[139.26705,35.60331],[139.26708,35.60399]]],[[[139.26116,35.64763],[139.26171,35.64795],[139.26227,35.64788],[139.26239,35.64701],[139.26216,35.64656],[139.26145,35.64655],[139.26078,35.647],[139.26116,35.64763]]],[[[139.27364,35.67937],[139.27447,35.6791],[139.27466,35.67884],[139.27448,35.67836],[139.27393,35.67805],[139.27339,35.67861],[139.27364,35.67937]]],[[[139.30612,35.6943],[139.30614,35.69453],[139.30613,35.6943],[139.30612,35.6943]]],[[[139.31109,35.69252],[139.31035,35.695],[139.31223,35.69568],[139.31259,35.69613],[139.31266,35.69726],[139.3133,35.69738],[139.31368,35.69681],[139.31335,35.69569],[139.3128,35.69501],[139.31274,35.69433],[139.31399,35.69276],[139.3136,35.69248],[139.31167,35.69218],[139.31109,35.69252]]],[[[139.29724,35.7008],[139.29769,35.70148],[139.29836,35.70193],[139.29945,35.70204],[139.30022,35.70171],[139.30018,35.70126],[139.29836,35.69982],[139.29745,35.70012],[139.29724,35.7008]]],[[[139.30992,35.70719],[139.30797,35.70849],[139.30728,35.70963],[139.30765,35.71144],[139.30823,35.71204],[139.30878,35.71196],[139.30945,35.71144],[139.31086,35.70987],[139.31113,35.7092],[139.31085,35.70784],[139.31047,35.70727],[139.30992,35.70719]]],[[[139.38683,35.73773],[139.38738,35.73799],[139.39014,35.73794],[139.39125,35.73748],[139.39158,35.73679],[139.39098,35.73646],[139.38739,35.73623],[139.38679,35.73654],[139.38683,35.73773]]],[[[139.34938,35.73865],[139.3487,35.74158],[139.34773,35.7436],[139.34706,35.74811],[139.34659,35.74923],[139.34649,35.75081],[139.34571,35.75261],[139.34583,35.75351],[139.34665,35.75466],[139.34693,35.75473],[139.34785,35.75239],[139.34888,35.75141],[139.35054,35.75095],[139.35303,35.75113],[139.35366,35.75061],[139.35338,35.74993],[139.35193,35.7497],[139.35083,35.7491],[139.34998,35.74789],[139.34993,35.74519],[139.35116,35.74317],[139.35075,35.74159],[139.35096,35.73888],[139.35034,35.73834],[139.34979,35.73822],[139.34938,35.73865]]],[[[139.2695,35.74732],[139.2688,35.75047],[139.269,35.75092],[139.27176,35.75082],[139.27342,35.75103],[139.27428,35.75072],[139.27439,35.75027],[139.27383,35.74824],[139.27344,35.74775],[139.26985,35.74701],[139.2695,35.74732]]],[[[139.26114,35.75697],[139.25954,35.75809],[139.25909,35.75898],[139.25954,35.75944],[139.26009,35.75945],[139.26147,35.75892],[139.26535,35.75862],[139.26568,35.75834],[139.26536,35.75627],[139.26288,35.75622],[139.26114,35.75697]]],[[[139.26756,35.75888],[139.26732,35.75902],[139.26739,35.75925],[139.26783,35.75942],[139.26786,35.75903],[139.26756,35.75888]]],[[[139.26421,35.76268],[139.26466,35.76239],[139.26449,35.76216],[139.26339,35.76186],[139.26288,35.76216],[139.26311,35.76263],[139.26421,35.76268]]],[[[139.40212,35.7726],[139.40267,35.7722],[139.4024,35.77182],[139.40129,35.77162],[139.40085,35.77175],[139.40146,35.77242],[139.40212,35.7726]]],[[[139.39054,35.76677],[139.38915,35.76813],[139.38776,35.76862],[139.38417,35.76848],[139.38306,35.76896],[139.38257,35.76965],[139.38278,35.76995],[139.38471,35.77018],[139.38552,35.77079],[139.38547,35.77192],[139.38595,35.77259],[139.38608,35.77336],[139.38721,35.77395],[139.38775,35.7753],[139.38781,35.77621],[139.38744,35.77673],[139.38356,35.77809],[139.38279,35.77934],[139.38217,35.77951],[139.38107,35.77894],[139.38037,35.77798],[139.37916,35.77707],[139.37887,35.77595],[139.37722,35.77394],[139.37667,35.7738],[139.37363,35.77428],[139.37307,35.77455],[139.3723,35.77547],[139.37286,35.77683],[139.37191,35.77953],[139.37204,35.7802],[139.37359,35.78091],[139.37635,35.78142],[139.37718,35.78138],[139.37968,35.78062],[139.38133,35.78139],[139.38299,35.78088],[139.3852,35.78145],[139.38631,35.78107],[139.38714,35.78028],[139.38825,35.78014],[139.38963,35.78151],[139.39084,35.78072],[139.39046,35.7804],[139.38853,35.77995],[139.38843,35.77959],[139.38881,35.7791],[139.39351,35.77915],[139.39462,35.77853],[139.39518,35.77773],[139.39628,35.77837],[139.39739,35.77851],[139.3985,35.77777],[139.39932,35.77802],[139.39988,35.77792],[139.40194,35.77671],[139.40186,35.77603],[139.40025,35.77467],[139.39934,35.77444],[139.39861,35.77377],[139.39741,35.77331],[139.39738,35.77264],[139.39659,35.77187],[139.39494,35.77083],[139.39328,35.77086],[139.39235,35.77036],[139.39233,35.77014],[139.39316,35.76969],[139.39357,35.76879],[139.3944,35.76903],[139.3955,35.76889],[139.39633,35.76983],[139.39743,35.77046],[139.39769,35.77038],[139.39661,35.76836],[139.39588,35.76767],[139.39275,35.76674],[139.39164,35.76664],[139.39054,35.76677]]],[[[139.35023,35.80252],[139.35216,35.80353],[139.35252,35.80334],[139.35217,35.8023],[139.35134,35.80186],[139.35079,35.80186],[139.35023,35.8022],[139.35023,35.80252]]],[[[139.36295,35.85633],[139.36305,35.85588],[139.36264,35.85544],[139.36232,35.85565],[139.36231,35.8561],[139.36264,35.85644],[139.36295,35.85633]]],[[[139.26084,35.87527],[139.26147,35.87534],[139.26215,35.87482],[139.26213,35.87437],[139.26148,35.87376],[139.26093,35.87384],[139.26058,35.87414],[139.26084,35.87527]]],[[[139.34043,35.87652],[139.34022,35.87584],[139.33953,35.87584],[139.33936,35.87607],[139.33954,35.8765],[139.34009,35.87669],[139.34043,35.87652]]],[[[139.27878,35.87828],[139.27999,35.88013],[139.28109,35.8808],[139.2822,35.8804],[139.28343,35.87898],[139.28277,35.8778],[139.28111,35.87764],[139.27973,35.87716],[139.27918,35.87723],[139.27878,35.87828]]],[[[139.299,35.89291],[139.29937,35.89234],[139.29901,35.89194],[139.29857,35.89211],[139.29831,35.89256],[139.29845,35.89295],[139.299,35.89291]]],[[[139.27211,35.89627],[139.27279,35.8956],[139.27213,35.89472],[139.27181,35.89492],[139.27173,35.8956],[139.27184,35.89615],[139.27211,35.89627]]],[[[139.32049,35.90618],[139.32107,35.90638],[139.32145,35.90596],[139.32081,35.90471],[139.32053,35.90473],[139.31999,35.9055],[139.32049,35.90618]]],[[[139.29675,35.90698],[139.29724,35.90807],[139.29917,35.90948],[139.29944,35.9106],[139.30138,35.91089],[139.30345,35.90994],[139.30332,35.90971],[139.30166,35.90951],[139.29945,35.90866],[139.2986,35.90744],[139.29846,35.90608],[139.29809,35.90569],[139.29768,35.90586],[139.29675,35.90698]]],[[[139.29249,35.91011],[139.2939,35.9113],[139.295,35.9113],[139.29532,35.91103],[139.29335,35.90927],[139.29252,35.90971],[139.29249,35.91011]]],[[[139.27891,35.91483],[139.27919,35.91508],[139.27986,35.91501],[139.28035,35.91456],[139.2803,35.91408],[139.28003,35.91396],[139.27919,35.91426],[139.27891,35.91483]]],[[[139.29996,35.91517],[139.30135,35.9152],[139.30155,35.91489],[139.30137,35.91466],[139.30024,35.91472],[139.29996,35.91517]]],[[[139.29488,35.91373],[139.2953,35.91576],[139.29491,35.91711],[139.29358,35.91801],[139.29335,35.91891],[139.29094,35.91935],[139.2894,35.92051],[139.28746,35.92019],[139.28275,35.92059],[139.28108,35.92163],[139.27997,35.92195],[139.27886,35.9226],[139.27803,35.92276],[139.27747,35.92265],[139.27637,35.92183],[139.27499,35.92145],[139.27333,35.92063],[139.27029,35.92105],[139.26917,35.92186],[139.26723,35.92231],[139.26628,35.92306],[139.26562,35.92419],[139.26472,35.92435],[139.26361,35.92492],[139.2625,35.92469],[139.26168,35.92366],[139.26084,35.92367],[139.25722,35.92649],[139.25523,35.92729],[139.25514,35.92909],[139.25538,35.93067],[139.25471,35.93202],[139.31286,35.93229],[139.31285,35.93138],[139.31373,35.92959],[139.31262,35.92858],[139.31134,35.928],[139.3113,35.9271],[139.31077,35.92642],[139.31028,35.92439],[139.31071,35.92389],[139.3132,35.92377],[139.31348,35.92355],[139.31351,35.92305],[139.31266,35.92165],[139.31211,35.92129],[139.31128,35.92146],[139.31099,35.9226],[139.31016,35.9236],[139.30904,35.92435],[139.30849,35.92431],[139.30794,35.92382],[139.30683,35.92391],[139.30573,35.92302],[139.30598,35.92212],[139.30583,35.92166],[139.30519,35.92096],[139.30408,35.92039],[139.30326,35.91963],[139.30301,35.91872],[139.30345,35.91782],[139.30272,35.91663],[139.30079,35.91622],[139.29968,35.91543],[139.29857,35.91584],[139.29802,35.91576],[139.29759,35.91532],[139.29779,35.91397],[139.29665,35.9139],[139.29554,35.91329],[139.29499,35.91346],[139.29488,35.91373]]],[[[139.37415,35.93254],[139.37438,35.93254],[139.37747,35.93255],[139.37604,35.93178],[139.37415,35.93254]]],[[[139.38602,35.93192],[139.38407,35.93257],[139.3916,35.9326],[139.39072,35.93222],[139.38906,35.93253],[139.38768,35.93211],[139.38602,35.93192]]],[[[139.34635,35.93243],[139.34722,35.93243],[139.34909,35.93244],[139.34778,35.93178],[139.34635,35.93243]]],[[[139.36935,35.93252],[139.37022,35.93252],[139.37294,35.93253],[139.37078,35.93191],[139.36935,35.93252]]],[[[139.39596,35.93262],[139.39709,35.93262],[139.40148,35.93264],[139.39987,35.93219],[139.39682,35.93232],[139.39596,35.93262]]],[[[139.64611,35.47109],[139.6467,35.47106],[139.64697,35.46997],[139.64512,35.46996],[139.64611,35.47109]]],[[[139.68661,35.47002],[139.69215,35.47184],[139.69283,35.47138],[139.69375,35.47003],[139.68661,35.47002]]],[[[139.70877,35.47005],[139.70601,35.47433],[139.70332,35.47545],[139.70062,35.47838],[139.70066,35.47905],[139.70206,35.48035],[139.71307,35.48554],[139.71665,35.4869],[139.71802,35.48791],[139.72436,35.49029],[139.73372,35.49446],[139.73455,35.49462],[139.73549,35.49418],[139.73717,35.49193],[139.73871,35.48923],[139.73824,35.48878],[139.73566,35.48755],[139.73541,35.48697],[139.73668,35.4854],[139.73732,35.48397],[139.73874,35.48269],[139.74094,35.47931],[139.74154,35.47751],[139.74125,35.47684],[139.72627,35.47006],[139.70877,35.47005]]],[[[139.65989,35.48507],[139.66154,35.48573],[139.66264,35.48661],[139.66302,35.48644],[139.66326,35.48531],[139.66265,35.48481],[139.66017,35.48415],[139.65962,35.48456],[139.65989,35.48507]]],[[[139.69557,35.48558],[139.69504,35.48761],[139.69525,35.48806],[139.69626,35.48858],[139.69901,35.48844],[139.70066,35.48905],[139.70177,35.48915],[139.70241,35.48874],[139.703,35.48784],[139.70313,35.48739],[139.70287,35.48694],[139.69681,35.48432],[139.69614,35.48446],[139.69557,35.48558]]],[[[139.70306,35.4892],[139.70314,35.48965],[139.70397,35.4884],[139.70397,35.488],[139.70306,35.4892]]],[[[139.48961,35.48699],[139.4852,35.48715],[139.48427,35.48763],[139.48366,35.49394],[139.48372,35.49439],[139.48407,35.4947],[139.48682,35.49486],[139.4874,35.4944],[139.48818,35.49012],[139.48988,35.48742],[139.48961,35.48699]]],[[[139.72077,35.49596],[139.72132,35.49599],[139.72175,35.49575],[139.72196,35.4953],[139.7216,35.49482],[139.72105,35.49469],[139.72072,35.49485],[139.72042,35.49552],[139.72077,35.49596]]],[[[139.74204,35.51357],[139.74527,35.51551],[139.74582,35.51561],[139.74621,35.51537],[139.7459,35.51492],[139.74252,35.51272],[139.74208,35.51312],[139.74204,35.51357]]],[[[139.50375,35.62447],[139.5038,35.6247],[139.50446,35.6247],[139.50421,35.62446],[139.50375,35.62447]]],[[[139.47739,35.63509],[139.47352,35.63543],[139.47159,35.63618],[139.46965,35.63629],[139.46876,35.63677],[139.46995,35.63857],[139.47025,35.6397],[139.47017,35.6406],[139.47074,35.64173],[139.47431,35.64362],[139.47873,35.64345],[139.48149,35.64432],[139.48259,35.64423],[139.48285,35.64379],[139.48146,35.64244],[139.47976,35.6395],[139.4801,35.63793],[139.48086,35.63658],[139.48081,35.63613],[139.47739,35.63509]]],[[[139.46546,35.64708],[139.46688,35.64825],[139.46766,35.65002],[139.46931,35.64991],[139.47053,35.64939],[139.47064,35.64872],[139.4704,35.64826],[139.46547,35.64535],[139.46519,35.6454],[139.46506,35.64599],[139.46546,35.64708]]],[[[139.47056,35.74002],[139.47029,35.73979],[139.47011,35.73998],[139.47029,35.7401],[139.47056,35.74002]]],[[[139.42651,35.76184],[139.42623,35.76168],[139.42592,35.76192],[139.42623,35.76205],[139.42651,35.76184]]],[[[139.40298,35.76567],[139.40409,35.76598],[139.40575,35.76598],[139.40662,35.76568],[139.4072,35.76501],[139.40686,35.76472],[139.40492,35.76505],[139.40244,35.76462],[139.40217,35.76499],[139.40298,35.76567]]],[[[139.40776,35.7729],[139.40739,35.77425],[139.40764,35.77461],[139.40819,35.77476],[139.40984,35.77426],[139.41053,35.77291],[139.40995,35.77178],[139.40821,35.77162],[139.40765,35.7719],[139.40776,35.7729]]],[[[139.40627,35.77199],[139.40311,35.77221],[139.40288,35.77266],[139.40302,35.77333],[139.405,35.77447],[139.4057,35.77444],[139.40659,35.77312],[139.40683,35.77222],[139.40627,35.77199]]],[[[139.59322,35.78107],[139.59398,35.78258],[139.59647,35.78349],[139.5973,35.78357],[139.59905,35.78289],[139.59889,35.78244],[139.59731,35.78153],[139.59592,35.78111],[139.59454,35.78019],[139.59334,35.7804],[139.59322,35.78107]]],[[[139.58423,35.78286],[139.58494,35.78466],[139.5854,35.78497],[139.58706,35.78473],[139.58743,35.78444],[139.58689,35.78286],[139.58624,35.78246],[139.58451,35.78241],[139.58423,35.78286]]],[[[139.4887,35.82867],[139.48925,35.82902],[139.4898,35.82894],[139.49048,35.82837],[139.49055,35.82792],[139.48981,35.82743],[139.48926,35.82745],[139.48868,35.82814],[139.4887,35.82867]]],[[[139.40977,35.84089],[139.40874,35.84298],[139.40893,35.84334],[139.40949,35.84296],[139.41005,35.84208],[139.41056,35.84073],[139.41033,35.84039],[139.40977,35.84089]]],[[[139.4798,35.83926],[139.47619,35.8406],[139.47509,35.84046],[139.47398,35.84074],[139.47287,35.84038],[139.47222,35.84184],[139.47236,35.84341],[139.47208,35.84431],[139.47079,35.84476],[139.47033,35.84521],[139.46958,35.84724],[139.46971,35.84814],[139.46841,35.8488],[139.46804,35.84926],[139.46802,35.85084],[139.46757,35.85101],[139.46619,35.85029],[139.46563,35.85018],[139.46536,35.85035],[139.46561,35.85106],[139.46541,35.85241],[139.46617,35.85334],[139.467,35.85369],[139.46756,35.8536],[139.46754,35.85219],[139.46784,35.85179],[139.4695,35.85239],[139.47071,35.8522],[139.47091,35.85107],[139.47148,35.85017],[139.47062,35.84882],[139.47146,35.84811],[139.47229,35.84784],[139.47422,35.84772],[139.47473,35.84793],[139.47533,35.84903],[139.47588,35.84912],[139.47645,35.84883],[139.47666,35.84816],[139.47515,35.84613],[139.47511,35.84545],[139.47648,35.84478],[139.47831,35.84321],[139.4785,35.84118],[139.48034,35.84028],[139.48021,35.83961],[139.4798,35.83926]]],[[[139.58629,35.85615],[139.58463,35.85712],[139.58341,35.85879],[139.58238,35.85947],[139.5815,35.86059],[139.58177,35.86104],[139.5824,35.86116],[139.58396,35.8606],[139.58444,35.8597],[139.58742,35.85745],[139.58845,35.85587],[139.58838,35.85542],[139.58795,35.85509],[139.5874,35.85509],[139.58629,35.85615]]],[[[139.58168,35.86285],[139.5814,35.86397],[139.58001,35.86577],[139.57848,35.86712],[139.57771,35.87005],[139.57577,35.87388],[139.57256,35.8777],[139.5725,35.87815],[139.57404,35.87826],[139.5769,35.87771],[139.57754,35.87681],[139.57674,35.87568],[139.57702,35.875],[139.57765,35.87473],[139.57903,35.87473],[139.57987,35.87404],[139.58175,35.87344],[139.58248,35.87186],[139.58175,35.86916],[139.58335,35.86758],[139.58266,35.86545],[139.58322,35.86508],[139.5846,35.86536],[139.58528,35.86443],[139.58436,35.86375],[139.58409,35.86218],[139.58378,35.86201],[139.58168,35.86285]]],[[[139.57573,35.86859],[139.57441,35.87139],[139.57184,35.87479],[139.571,35.87508],[139.56962,35.87497],[139.56851,35.87588],[139.5674,35.87595],[139.56657,35.877],[139.56349,35.87813],[139.56297,35.87903],[139.56199,35.8797],[139.56195,35.88038],[139.56275,35.88151],[139.56264,35.88241],[139.56406,35.88285],[139.56488,35.88367],[139.56553,35.88354],[139.56699,35.88174],[139.57224,35.8768],[139.57524,35.8732],[139.57666,35.8696],[139.57684,35.86757],[139.57657,35.86748],[139.57573,35.86859]]],[[[139.85837,35.91313],[139.85729,35.91344],[139.85646,35.91424],[139.8548,35.91482],[139.85037,35.91565],[139.85014,35.91584],[139.85016,35.91674],[139.84982,35.91717],[139.84705,35.91803],[139.84649,35.91787],[139.84566,35.91709],[139.84372,35.91737],[139.84234,35.9187],[139.84151,35.91885],[139.84012,35.91961],[139.83901,35.91977],[139.83652,35.92109],[139.83416,35.91944],[139.83236,35.91873],[139.83126,35.91881],[139.8307,35.91862],[139.83011,35.91719],[139.82887,35.91561],[139.82793,35.91557],[139.82682,35.91516],[139.82516,35.91587],[139.82378,35.91616],[139.82313,35.91674],[139.82349,35.91854],[139.82229,35.92034],[139.8228,35.92147],[139.82265,35.9226],[139.82315,35.92372],[139.82194,35.92485],[139.82211,35.92613],[139.82128,35.92727],[139.81978,35.92801],[139.81895,35.92913],[139.81851,35.9304],[139.81629,35.93052],[139.81602,35.93216],[139.81491,35.93261],[139.81075,35.93246],[139.8066,35.93261],[139.80521,35.93236],[139.80383,35.93261],[139.80133,35.93241],[139.79939,35.93261],[139.79745,35.93221],[139.79607,35.93239],[139.79413,35.9323],[139.79247,35.93262],[139.76448,35.9326],[139.76116,35.93239],[139.75922,35.93259],[139.75506,35.93148],[139.75091,35.93195],[139.74758,35.93259],[139.74176,35.93259],[139.7401,35.93238],[139.73816,35.93258],[139.73622,35.93207],[139.73456,35.93255],[139.73317,35.93257],[139.73068,35.93202],[139.72874,35.93076],[139.72708,35.93062],[139.72625,35.93087],[139.7257,35.9308],[139.72459,35.93005],[139.72237,35.92926],[139.72126,35.93016],[139.71932,35.92999],[139.71849,35.93015],[139.71683,35.92915],[139.71572,35.92898],[139.71517,35.92923],[139.71434,35.93028],[139.71351,35.93049],[139.71288,35.9302],[139.71233,35.92907],[139.71046,35.92845],[139.70769,35.92871],[139.70658,35.9286],[139.7052,35.9291],[139.70409,35.92881],[139.70243,35.92935],[139.69938,35.92974],[139.69889,35.92928],[139.69936,35.92793],[139.69855,35.92722],[139.69691,35.92658],[139.69696,35.92568],[139.69661,35.92538],[139.69634,35.92553],[139.69589,35.92703],[139.69664,35.92838],[139.6967,35.92906],[139.69587,35.93063],[139.69573,35.93176],[139.69411,35.93251],[139.68995,35.93272],[139.68746,35.93231],[139.68552,35.93252],[139.68441,35.93237],[139.68247,35.93272],[139.68025,35.93253],[139.67554,35.93273],[139.66945,35.93251],[139.66723,35.93273],[139.65754,35.9325],[139.65504,35.93271],[139.65255,35.9325],[139.65005,35.93271],[139.64618,35.93248],[139.64424,35.93269],[139.64257,35.93249],[139.64119,35.93269],[139.63953,35.93251],[139.63759,35.93269],[139.63066,35.93246],[139.62872,35.93267],[139.62706,35.93234],[139.6254,35.93266],[139.62318,35.93246],[139.62152,35.93265],[139.62013,35.93245],[139.61681,35.93265],[139.61376,35.93232],[139.61182,35.93264],[139.60822,35.93248],[139.60185,35.93263],[139.59963,35.93224],[139.59769,35.93262],[139.59215,35.9326],[139.59076,35.93234],[139.58799,35.9326],[139.58633,35.93233],[139.58494,35.93258],[139.57857,35.93269],[139.57054,35.9324],[139.56777,35.93273],[139.56444,35.93255],[139.5625,35.93273],[139.55918,35.93243],[139.55668,35.93272],[139.55502,35.93253],[139.55336,35.93271],[139.54976,35.93225],[139.54782,35.9325],[139.54588,35.93204],[139.54283,35.93273],[139.53812,35.93268],[139.53646,35.93238],[139.53396,35.9327],[139.5323,35.93248],[139.53064,35.93269],[139.52704,35.93269],[139.52316,35.93245],[139.52066,35.93267],[139.51845,35.93244],[139.51651,35.93265],[139.51069,35.93265],[139.50848,35.9322],[139.50653,35.93263],[139.50016,35.93262],[139.49822,35.93239],[139.49379,35.93253],[139.49185,35.93212],[139.48714,35.93257],[139.48271,35.93258],[139.4816,35.93279],[139.48049,35.93257],[139.4791,35.93283],[139.478,35.93259],[139.47661,35.93278],[139.47523,35.93256],[139.47384,35.93282],[139.47024,35.93212],[139.46774,35.93285],[139.46581,35.93233],[139.46276,35.93264],[139.46054,35.93218],[139.4581,35.93283],[139.95576,35.93335],[139.95883,35.93132],[139.96444,35.92703],[139.96416,35.92658],[139.96313,35.92618],[139.96036,35.92765],[139.95704,35.92887],[139.95316,35.92899],[139.94817,35.92969],[139.94754,35.93021],[139.94739,35.93223],[139.94651,35.93257],[139.94374,35.93239],[139.94208,35.93257],[139.93654,35.93257],[139.9346,35.93217],[139.93044,35.93258],[139.92629,35.93258],[139.9249,35.93232],[139.92213,35.93259],[139.91936,35.93237],[139.91354,35.9326],[139.9105,35.93197],[139.908,35.93256],[139.90551,35.93197],[139.90302,35.9326],[139.89886,35.9326],[139.8972,35.93239],[139.89498,35.93261],[139.87586,35.93262],[139.87365,35.93208],[139.87171,35.93261],[139.86977,35.93241],[139.86727,35.93259],[139.8661,35.93183],[139.86439,35.93116],[139.86386,35.92981],[139.86419,35.9289],[139.86525,35.92823],[139.86555,35.92778],[139.86558,35.92597],[139.86694,35.92304],[139.86672,35.92278],[139.86588,35.92296],[139.8645,35.92424],[139.86395,35.92437],[139.86367,35.92419],[139.86365,35.92372],[139.86455,35.92192],[139.86455,35.92147],[139.8636,35.92012],[139.8619,35.91899],[139.86062,35.91696],[139.86092,35.91606],[139.86051,35.91426],[139.86085,35.91381],[139.86138,35.91358],[139.8615,35.91313],[139.86089,35.91208],[139.85896,35.91194],[139.85837,35.91313]],[[139.83017,35.91944],[139.82959,35.92018],[139.82904,35.92016],[139.82877,35.91989],[139.82891,35.91899],[139.82925,35.91877],[139.83006,35.91899],[139.83017,35.91944]]],[[[139.72231,35.92818],[139.72237,35.92854],[139.72253,35.92818],[139.72231,35.92818]]],[[[139.45339,35.93281],[139.45417,35.93282],[139.45745,35.93283],[139.45556,35.93216],[139.45339,35.93281]]],[[[139.4049,35.93265],[139.40541,35.93265],[139.4084,35.93266],[139.40679,35.93216],[139.4049,35.93265]]],[[[139.43095,35.93274],[139.43145,35.93274],[139.43417,35.93275],[139.43256,35.93225],[139.43095,35.93274]]],[[[139.44646,35.93279],[139.4478,35.9328],[139.45245,35.93281],[139.4514,35.93251],[139.45001,35.93247],[139.4478,35.93247],[139.44646,35.93279]]],[[[139.42402,35.93272],[139.42535,35.93272],[139.42669,35.93273],[139.42536,35.93241],[139.42402,35.93272]]],[[[139.44148,35.93277],[139.44309,35.93278],[139.44414,35.93278],[139.44281,35.93247],[139.44148,35.93277]]],[[[139.40424,35.93265],[139.40319,35.93246],[139.40242,35.93264],[139.40424,35.93265]]],[[[139.42303,35.93271],[139.42231,35.93262],[139.42159,35.93271],[139.42303,35.93271]]],[[[139.98959,35.47001],[139.99352,35.47219],[139.99407,35.47195],[139.99591,35.47],[139.98959,35.47001]]],[[[139.97006,35.47003],[139.97507,35.4721],[139.97661,35.47205],[139.97742,35.47295],[139.98168,35.47451],[139.98242,35.47408],[139.98491,35.47002],[139.97006,35.47003]]],[[[139.99959,35.47287],[139.99824,35.47428],[139.99832,35.47473],[139.99959,35.47539],[139.99959,35.47287]]],[[[139.83375,35.49153],[139.83409,35.49197],[139.83485,35.49218],[139.83565,35.49174],[139.83576,35.49129],[139.8354,35.4907],[139.83457,35.49055],[139.83394,35.49084],[139.83375,35.49153]]],[[[139.7453,35.48533],[139.74144,35.48818],[139.74007,35.4887],[139.7366,35.49396],[139.73675,35.49464],[139.74281,35.49737],[139.74391,35.49762],[139.74639,35.49896],[139.75658,35.50354],[139.7582,35.50276],[139.75917,35.50164],[139.75874,35.50028],[139.75714,35.50013],[139.75657,35.49983],[139.75591,35.49825],[139.75594,35.49758],[139.75797,35.49674],[139.75879,35.49662],[139.75935,35.49689],[139.7599,35.49772],[139.76017,35.49778],[139.76127,35.49639],[139.76183,35.49617],[139.76238,35.49625],[139.76361,35.49803],[139.76342,35.49848],[139.7622,35.49939],[139.76217,35.49961],[139.76458,35.50084],[139.76485,35.50119],[139.76458,35.5016],[139.76403,35.50167],[139.76292,35.50089],[139.76155,35.50081],[139.76124,35.50164],[139.76058,35.50231],[139.76088,35.50412],[139.76196,35.50524],[139.76292,35.50577],[139.77064,35.50625],[139.77698,35.50505],[139.77787,35.50458],[139.7778,35.50429],[139.77664,35.50367],[139.77633,35.50322],[139.7784,35.49984],[139.77827,35.49939],[139.77792,35.49917],[139.76183,35.49205],[139.76128,35.49208],[139.76083,35.4924],[139.75915,35.49488],[139.75852,35.49508],[139.75797,35.49493],[139.75647,35.49397],[139.7581,35.49104],[139.7577,35.49042],[139.75302,35.48808],[139.75136,35.48759],[139.74613,35.48526],[139.7453,35.48533]]],[[[139.75189,35.50956],[139.75153,35.5102],[139.75162,35.51069],[139.75189,35.51087],[139.75382,35.51097],[139.75542,35.5093],[139.75492,35.5089],[139.75382,35.50869],[139.75189,35.50956]]],[[[139.76291,35.5128],[139.76322,35.51313],[139.76512,35.51389],[139.76572,35.51381],[139.76581,35.51336],[139.76543,35.51246],[139.76457,35.51155],[139.76347,35.51146],[139.76306,35.51201],[139.76291,35.5128]]],[[[139.77008,35.51452],[139.7709,35.51478],[139.77173,35.51456],[139.77195,35.51426],[139.77146,35.51372],[139.77091,35.5135],[139.77008,35.51403],[139.77008,35.51452]]],[[[139.78855,35.50899],[139.78055,35.51302],[139.77973,35.51279],[139.7767,35.51006],[139.77615,35.50984],[139.77526,35.51021],[139.77311,35.5117],[139.77263,35.51246],[139.77416,35.51426],[139.77457,35.51517],[139.77697,35.5151],[139.77807,35.51563],[139.77917,35.51507],[139.78094,35.51539],[139.78118,35.51585],[139.78124,35.51742],[139.78106,35.51923],[139.7813,35.51968],[139.78193,35.51993],[139.78303,35.52007],[139.78336,35.5199],[139.78327,35.519],[139.78363,35.5181],[139.78347,35.51697],[139.78358,35.51669],[139.78413,35.51643],[139.78717,35.51642],[139.78811,35.51675],[139.7889,35.51788],[139.78873,35.5199],[139.78937,35.52044],[139.79075,35.51988],[139.79543,35.51903],[139.79582,35.51856],[139.79564,35.5181],[139.78878,35.50999],[139.789,35.50909],[139.78855,35.50899]]],[[[139.76022,35.51944],[139.75917,35.52192],[139.76006,35.52282],[139.7607,35.5229],[139.76228,35.52034],[139.76245,35.51967],[139.76208,35.51934],[139.7607,35.51905],[139.76022,35.51944]]],[[[139.78798,35.53424],[139.7866,35.53555],[139.78522,35.53525],[139.78467,35.53538],[139.78394,35.53613],[139.784,35.5368],[139.78908,35.53736],[139.79024,35.53591],[139.79024,35.53523],[139.78909,35.53406],[139.78798,35.53424]]],[[[139.81069,35.52847],[139.80752,35.53095],[139.80771,35.53163],[139.81956,35.54222],[139.82272,35.54363],[139.82355,35.54345],[139.82561,35.54177],[139.82564,35.54132],[139.82531,35.54087],[139.81169,35.52882],[139.81069,35.52847]]],[[[139.80342,35.5368],[139.80204,35.53819],[139.79964,35.53906],[139.79625,35.54379],[139.79601,35.54515],[139.79514,35.54672],[139.79628,35.5483],[139.79628,35.54965],[139.79526,35.55101],[139.79349,35.55168],[139.79274,35.55236],[139.79174,35.55393],[139.79193,35.55551],[139.79141,35.55664],[139.79018,35.55759],[139.78797,35.55806],[139.78549,35.5605],[139.78411,35.561],[139.78245,35.56096],[139.78052,35.5622],[139.77831,35.56281],[139.77694,35.56252],[139.7755,35.56181],[139.77497,35.56136],[139.77436,35.56024],[139.77436,35.55866],[139.77469,35.55798],[139.77733,35.55573],[139.7786,35.55421],[139.7794,35.55122],[139.78028,35.54965],[139.78079,35.54784],[139.78136,35.54714],[139.78276,35.54627],[139.78406,35.54447],[139.78338,35.54266],[139.77998,35.54159],[139.77943,35.54185],[139.77778,35.54365],[139.77667,35.5441],[139.77474,35.54426],[139.77332,35.54581],[139.77268,35.54717],[139.77394,35.54874],[139.77401,35.55055],[139.77347,35.55145],[139.77225,35.55228],[139.77143,35.55245],[139.76977,35.55237],[139.76481,35.55019],[139.76288,35.55041],[139.7604,35.54972],[139.75985,35.54996],[139.75837,35.55144],[139.75817,35.55211],[139.75875,35.55347],[139.76099,35.55505],[139.76153,35.55595],[139.76159,35.55685],[139.76123,35.55775],[139.76039,35.55853],[139.75819,35.55955],[139.75828,35.56158],[139.75747,35.56316],[139.7575,35.56361],[139.75818,35.56413],[139.75873,35.56423],[139.76011,35.56364],[139.76115,35.56293],[139.76287,35.56104],[139.7637,35.56074],[139.76534,35.56203],[139.76701,35.56248],[139.76783,35.56297],[139.77334,35.56916],[139.7841,35.57046],[139.78548,35.57031],[139.78875,35.56565],[139.79144,35.5625],[139.79384,35.55867],[139.80006,35.54988],[139.80428,35.5456],[139.80696,35.54177],[139.80885,35.53952],[139.80901,35.53884],[139.80866,35.53837],[139.80425,35.5366],[139.80342,35.5368]]],[[[139.81879,35.58301],[139.81995,35.58297],[139.82051,35.5832],[139.82106,35.58365],[139.82133,35.58426],[139.82233,35.58391],[139.82202,35.58346],[139.81968,35.58208],[139.81913,35.58223],[139.81879,35.58301]]],[[[139.82067,35.58549],[139.8206,35.58504],[139.81992,35.58504],[139.82023,35.58592],[139.82067,35.58549]]],[[[139.81747,35.58421],[139.81361,35.58886],[139.81278,35.5888],[139.80837,35.58635],[139.80588,35.58554],[139.79699,35.59067],[139.79387,35.59269],[139.7945,35.59337],[139.8034,35.59816],[139.80423,35.59791],[139.80537,35.59653],[139.80588,35.59642],[139.80671,35.59673],[139.80712,35.59743],[139.80598,35.59901],[139.80615,35.59968],[139.8194,35.60693],[139.82023,35.60713],[139.82098,35.60645],[139.82775,35.59586],[139.82818,35.59495],[139.8282,35.59405],[139.82906,35.59368],[139.82968,35.59293],[139.83131,35.58977],[139.83044,35.58932],[139.83011,35.58887],[139.83078,35.58842],[139.83057,35.58819],[139.82961,35.58784],[139.82878,35.58841],[139.82823,35.58833],[139.82785,35.58797],[139.82846,35.58752],[139.82845,35.58707],[139.82464,35.58496],[139.82422,35.58504],[139.82426,35.58549],[139.82602,35.58622],[139.82635,35.58684],[139.82603,35.58729],[139.82547,35.58732],[139.8252,35.58712],[139.82409,35.58578],[139.82271,35.58654],[139.82233,35.58752],[139.82188,35.58794],[139.82106,35.58789],[139.82004,35.58729],[139.8198,35.58639],[139.81857,35.58651],[139.81761,35.58594],[139.81757,35.58549],[139.81792,35.58504],[139.81907,35.58459],[139.81857,35.58343],[139.81747,35.58421]],[[139.82632,35.59045],[139.82622,35.59022],[139.82702,35.59022],[139.82685,35.59052],[139.82632,35.59045]],[[139.8274,35.58774],[139.82713,35.58792],[139.82701,35.58774],[139.82713,35.58765],[139.8274,35.58774]],[[139.8114,35.59712],[139.81324,35.59833],[139.81316,35.59878],[139.8125,35.5994],[139.81195,35.59937],[139.8101,35.59833],[139.81023,35.59766],[139.81085,35.59705],[139.8114,35.59712]],[[139.81444,35.58984],[139.81444,35.58958],[139.81469,35.58977],[139.81444,35.58984]]],[[[139.76798,35.59696],[139.76556,35.60034],[139.7639,35.6053],[139.76394,35.60579],[139.76476,35.60625],[139.76549,35.60598],[139.77148,35.59787],[139.77112,35.59741],[139.76863,35.59662],[139.76798,35.59696]]],[[[139.79046,35.5954],[139.7915,35.59765],[139.79374,35.60062],[139.79491,35.60148],[139.79612,35.60374],[139.79828,35.60667],[139.79953,35.6071],[139.81001,35.61286],[139.81057,35.61302],[139.81139,35.61279],[139.81855,35.60892],[139.81832,35.60847],[139.81747,35.60798],[139.79209,35.59425],[139.79126,35.59428],[139.79046,35.5954]]],[[[139.75923,35.61975],[139.75942,35.61949],[139.75923,35.61917],[139.75896,35.61906],[139.75843,35.61927],[139.75868,35.61971],[139.75923,35.61975]]],[[[139.86301,35.63552],[139.86313,35.63529],[139.86301,35.63524],[139.86294,35.63529],[139.86301,35.63552]]],[[[139.86577,35.63569],[139.86577,35.63613],[139.8666,35.63598],[139.86723,35.63551],[139.86742,35.63501],[139.86715,35.63478],[139.86687,35.63484],[139.86577,35.63569]]],[[[139.85004,35.63957],[139.85086,35.63964],[139.85167,35.63912],[139.85171,35.63867],[139.85003,35.63852],[139.84972,35.6389],[139.85004,35.63957]]],[[[139.98749,35.6548],[139.98661,35.65953],[139.98688,35.65998],[139.98744,35.66021],[139.99418,35.66096],[139.99693,35.65927],[139.99997,35.6594],[139.99996,35.65579],[139.98809,35.65451],[139.98749,35.6548]]],[[[139.93354,35.67018],[139.94477,35.67289],[139.94533,35.67287],[139.94589,35.67242],[139.94532,35.67195],[139.94034,35.67059],[139.93454,35.6699],[139.93362,35.66995],[139.93354,35.67018]]],[[[139.95555,35.68128],[139.95538,35.68097],[139.95471,35.68075],[139.95468,35.68097],[139.95516,35.6812],[139.95555,35.68128]]],[[[139.95797,35.68277],[139.95859,35.6829],[139.95912,35.68255],[139.95914,35.6813],[139.95886,35.68126],[139.95831,35.68165],[139.95797,35.68277]]],[[[139.75066,35.68101],[139.7484,35.68218],[139.74783,35.68303],[139.7481,35.68484],[139.74868,35.68537],[139.75088,35.68584],[139.75181,35.68439],[139.75289,35.68371],[139.75307,35.68304],[139.75172,35.68165],[139.75066,35.68101]]],[[[139.9627,35.72491],[139.9628,35.72515],[139.96313,35.72513],[139.96308,35.72487],[139.9627,35.72491]]],[[[139.89438,35.87169],[139.89444,35.87369],[139.8941,35.87408],[139.893,35.87431],[139.89255,35.87481],[139.89243,35.87594],[139.89194,35.87684],[139.8921,35.87752],[139.89136,35.87819],[139.89089,35.87932],[139.89053,35.88225],[139.89114,35.88338],[139.8919,35.88383],[139.89228,35.88338],[139.89225,35.88157],[139.89351,35.87707],[139.89471,35.87459],[139.89579,35.87301],[139.89634,35.87121],[139.89604,35.87099],[139.89549,35.87103],[139.89438,35.87169]]],[[[139.88913,35.89052],[139.88692,35.89109],[139.88605,35.89217],[139.8853,35.89397],[139.88356,35.89577],[139.88284,35.89713],[139.88203,35.89803],[139.88083,35.89878],[139.8791,35.90096],[139.87972,35.90304],[139.88028,35.90305],[139.88224,35.90163],[139.88808,35.89352],[139.88946,35.89081],[139.88913,35.89052]]],[[[139.87481,35.90997],[139.8753,35.91041],[139.87585,35.91027],[139.87679,35.90907],[139.8764,35.90886],[139.87502,35.90894],[139.87474,35.9093],[139.87481,35.90997]]],[[[139.98002,35.91949],[139.97753,35.92148],[139.97361,35.92364],[139.97297,35.92432],[139.97338,35.92443],[139.97421,35.92424],[139.97725,35.92282],[139.979,35.92161],[139.98039,35.92025],[139.9814,35.91868],[139.98002,35.91949]]]]}}]}